0.0,0.0,0.0,-0.06369554996490479,-0.028002649545669556,-0.007510413468594379,-0.11633187532424927,-0.09195876121520996,-0.012991808407718963,-0.13214898109436035,-0.1706308126449585,-0.02438943931531412,-0.10303038358688354,-0.22643828392028809,-0.032350639865512676,-0.0864020586013794,-0.1713571548461914,0.023192197962885075,-0.11599105596542358,-0.22226881980895996,-0.007892649673635788,-0.10680818557739258,-0.164444237947464,-0.023188195244188137,-0.08769702911376953,-0.1393999457359314,-0.027365909010882206,-0.054795920848846436,-0.1849331259727478,0.01425597252625721,-0.08491486310958862,-0.24744319915771484,-0.017402018473262615,-0.07372546195983887,-0.16949743032455444,-0.020698490605468578,-0.05273103713989258,-0.14619755744934082,-0.01086968002539379,-0.01886153221130371,-0.19051122665405273,-0.0013082537863056132,-0.048743367195129395,-0.25209692120552063,-0.033282424376125164,-0.04202085733413696,-0.1691327691078186,-0.019825966150278873,-0.024296700954437256,-0.1405310034751892,0.0016548045149420432,0.02407515048980713,-0.18803825974464417,-0.018133183062786884,-0.007618606090545654,-0.23828887939453125,-0.03114784607362253,-0.010740935802459717,-0.1839839220046997,-0.01677402207326395,0.0014784932136535645,-0.15853244066238403,0.00027697880238974903,fist
0.0,0.0,0.0,-0.06328439712524414,-0.030957013368606567,-0.008363595801313295,-0.11483055353164673,-0.09309276938438416,-0.014291729415674581,-0.1301940679550171,-0.17062383890151978,-0.026330190348346605,-0.09997355937957764,-0.2256389856338501,-0.035054511028249635,-0.0850224494934082,-0.17086416482925415,0.023790932622830496,-0.11412692070007324,-0.22477558255195618,-0.007287272355426921,-0.10542553663253784,-0.16747647523880005,-0.022609498920758142,-0.0864453911781311,-0.14259073138237,-0.026787492084224596,-0.053098976612091064,-0.18482008576393127,0.015040507902483569,-0.08228302001953125,-0.24770119786262512,-0.017336264821608438,-0.07177150249481201,-0.17214345932006836,-0.021422386738379373,-0.05151665210723877,-0.14796125888824463,-0.012023300501425638,-0.016955912113189697,-0.19123589992523193,-0.0005447996532552679,-0.04684746265411377,-0.2525823712348938,-0.033897000002582445,-0.040386855602264404,-0.17175862193107605,-0.02201266643675126,-0.022845745086669922,-0.14116805791854858,-0.0010613788486466547,0.02609175443649292,-0.1895451843738556,-0.017422859194596185,-0.005958616733551025,-0.24046280980110168,-0.03178204094143666,-0.00865703821182251,-0.18691015243530273,-0.018470578464587106,0.0036659836769104004,-0.15847283601760864,-0.0018299694507390996,fist
0.0,0.0,0.0,-0.06301957368850708,-0.029382675886154175,-0.006977959717573867,-0.11555033922195435,-0.09157145023345947,-0.012886309246482597,-0.1326557993888855,-0.1687035858631134,-0.02514730598306869,-0.10342550277709961,-0.22515979409217834,-0.03423260170495723,-0.08617258071899414,-0.17029306292533875,0.024248875496027722,-0.11570721864700317,-0.2229500412940979,-0.007634189161422,-0.10676169395446777,-0.16817471385002136,-0.023444798025252567,-0.08743631839752197,-0.14283600449562073,-0.02750314045226787,-0.054327428340911865,-0.18372094631195068,0.015004535955426945,-0.08473432064056396,-0.24739840626716614,-0.017604617583515392,-0.07340550422668457,-0.17106270790100098,-0.02157706971740936,-0.05245918035507202,-0.14595955610275269,-0.011739343586327777,-0.018066346645355225,-0.19000044465065002,-0.0009035930339678089,-0.048815786838531494,-0.2508034110069275,-0.0340892897871754,-0.04170060157775879,-0.16873928904533386,-0.021806590440633045,-0.02389436960220337,-0.13835984468460083,-0.00046864929720413784,0.025076210498809814,-0.18827438354492188,-0.017918408098580585,-0.006817221641540527,-0.2399863600730896,-0.03158242646134113,-0.009539544582366943,-0.18620428442955017,-0.01762617397582744,0.0027728676795959473,-0.15862539410591125,-0.0005363611340953867,fist
0.0,0.0,0.0,-0.063454270362854,-0.030437469482421875,-0.009415988735213432,-0.11655241250991821,-0.09765025973320007,-0.013829915709152374,-0.13199782371520996,-0.17419615387916565,-0.024147148168935928,-0.10148698091506958,-0.22685185074806213,-0.030316484085574302,-0.08841025829315186,-0.1766301691532135,0.024980335571513024,-0.11457306146621704,-0.23052817583084106,-0.006518211606248769,-0.1058911681175232,-0.17153209447860718,-0.02116141181375042,-0.08950960636138916,-0.14913827180862427,-0.024670042953744087,-0.05637484788894653,-0.188515305519104,0.0165502718469952,-0.08308452367782593,-0.2500995993614197,-0.016519407666578445,-0.07283157110214233,-0.1727932095527649,-0.019621451310172233,-0.053943753242492676,-0.15298089385032654,-0.008978555835142288,-0.019244134426116943,-0.19343388080596924,0.0007853576850038735,-0.047139644622802734,-0.25321659445762634,-0.03280731189931885,-0.04126548767089844,-0.1719568967819214,-0.019589085988059196,-0.024627685546875,-0.1467728614807129,0.00253624010895237,0.024756550788879395,-0.19025617837905884,-0.016600695363536033,-0.004252791404724121,-0.23962241411209106,-0.030056598521127853,-0.00793367624282837,-0.18668532371520996,-0.01582505080784813,0.0034932494163513184,-0.16272664070129395,0.001496479805268791,fist
0.0,0.0,0.0,-0.060504794120788574,-0.02781045436859131,-0.010631751688890745,-0.11431989073753357,-0.09537079930305481,-0.016184393736295988,-0.1342967450618744,-0.16996175050735474,-0.027378825890593816,-0.10331809520721436,-0.2187117636203766,-0.03462979984539061,-0.08568418025970459,-0.17754054069519043,0.022760757756657313,-0.11322510242462158,-0.22767233848571777,-0.008105972270243456,-0.10391157865524292,-0.1707352101802826,-0.02191011277096777,-0.08673471212387085,-0.15039226412773132,-0.025269054296188642,-0.05389237403869629,-0.1901434361934662,0.014756647450155924,-0.08312016725540161,-0.24829170107841492,-0.01822966937976389,-0.071311354637146,-0.1713971495628357,-0.020471595647507,-0.051370322704315186,-0.1535850167274475,-0.00936117717134266,-0.01695835590362549,-0.1944585144519806,-0.0005197326077563957,-0.04717022180557251,-0.25086358189582825,-0.034287527623348524,-0.03896653652191162,-0.16999107599258423,-0.020495959046058942,-0.021548748016357422,-0.14817386865615845,0.0017700917546221717,0.026500701904296875,-0.190641850233078,-0.01743246098118334,-0.0032439231872558594,-0.23799645900726318,-0.03104104516165762,-0.005327701568603516,-0.18514075875282288,-0.016742842691712667,0.006661713123321533,-0.16350612044334412,0.00036385657080018063,fist
0.0,0.0,0.0,-0.06100726127624512,-0.027223527431488037,-0.009677598374594254,-0.11540114879608154,-0.0922701358795166,-0.015817963639904065,-0.13366150856018066,-0.16928881406784058,-0.027493064413476986,-0.10198760032653809,-0.22111451625823975,-0.03540549160044293,-0.08875101804733276,-0.17734524607658386,0.021116523881744342,-0.11751699447631836,-0.22576943039894104,-0.010988986241329712,-0.10638010501861572,-0.16878366470336914,-0.02572666586439709,-0.08814764022827148,-0.14830803871154785,-0.02936470241348843,-0.05553346872329712,-0.19039377570152283,0.012822446291636425,-0.08410882949829102,-0.24743390083312988,-0.02034874365728001,-0.07129776477813721,-0.16968637704849243,-0.022337784181047482,-0.052044451236724854,-0.15054747462272644,-0.011091549071181817,-0.017915010452270508,-0.19510793685913086,-0.002513477700460953,-0.047582805156707764,-0.25003862380981445,-0.03682981536786656,-0.039115726947784424,-0.1676107943058014,-0.022981600026298565,-0.02241361141204834,-0.1432865560054779,-0.00044623544619071254,0.025672852993011475,-0.19131353497505188,-0.019251459399868054,-0.0056934356689453125,-0.23944592475891113,-0.03377471224467854,-0.007469654083251953,-0.1844710409641266,-0.019320846656967205,0.004586994647979736,-0.1602713167667389,-0.0016994961823115773,fist
0.0,0.0,0.0,-0.06186193227767944,-0.022104382514953613,-0.01028686617536323,-0.1174701452255249,-0.08735528588294983,-0.016174328001568483,-0.134548157453537,-0.16403207182884216,-0.02696578991634624,-0.10340780019760132,-0.2125813364982605,-0.03379280720872657,-0.09195876121520996,-0.17268669605255127,0.015916125429441763,-0.1216462254524231,-0.22109109163284302,-0.017063904973099397,-0.1091962456703186,-0.1628021001815796,-0.03206183617038505,-0.09136778116226196,-0.14174234867095947,-0.03621871252579467,-0.058639705181121826,-0.1861257255077362,0.007381119345893694,-0.08813267946243286,-0.241897851228714,-0.027417222457359003,-0.07360929250717163,-0.16434437036514282,-0.029666055413315462,-0.05411887168884277,-0.146066814661026,-0.018871499644944834,-0.02104407548904419,-0.19099187850952148,-0.007841130206713842,-0.05099600553512573,-0.24453124403953552,-0.04343385477585571,-0.04004871845245361,-0.1610160768032074,-0.027962776320407556,-0.023296892642974854,-0.13811913132667542,-0.004634140944460796,0.021879613399505615,-0.1870107650756836,-0.02455715131981151,-0.009040117263793945,-0.22998535633087158,-0.04084466625971572,-0.008639514446258545,-0.1739334762096405,-0.025980839925239252,0.003396749496459961,-0.15244317054748535,-0.008060372854004072,fist
0.0,0.0,0.0,-0.060344815254211426,-0.02401137351989746,-0.009135069798333006,-0.11486873030662537,-0.08724150061607361,-0.01535781147669013,-0.13084253668785095,-0.16283157467842102,-0.02668993781099971,-0.10113382339477539,-0.21495947241783142,-0.034453399952155905,-0.08972257375717163,-0.1697741448879242,0.015875676174061937,-0.11918020248413086,-0.22012105584144592,-0.016357200692993956,-0.10800760984420776,-0.16361215710639954,-0.030867783825499373,-0.09002864360809326,-0.1419203281402588,-0.03464695486019309,-0.05639219284057617,-0.18286949396133423,0.006885078728544158,-0.08608430624008179,-0.24163436889648438,-0.026594421367747145,-0.07296431064605713,-0.16498106718063354,-0.028651349719268637,-0.05304253101348877,-0.14578795433044434,-0.017882649328214484,-0.01905691623687744,-0.18759068846702576,-0.008518755908710318,-0.04887986183166504,-0.2436874806880951,-0.0429406915862387,-0.0390857458114624,-0.16188585758209229,-0.027751308407289343,-0.021919071674346924,-0.13820788264274597,-0.004797967623574095,0.023794591426849365,-0.18378183245658875,-0.025239440153939086,-0.007613003253936768,-0.2303307056427002,-0.040878903593522864,-0.007793545722961426,-0.17492032051086426,-0.025698202203614073,0.004749774932861328,-0.15139982104301453,-0.007636290982020455,fist
0.0,0.0,0.0,-0.0613400936126709,-0.023813605308532715,-0.015084867369637323,-0.1150437593460083,-0.08719846606254578,-0.022879915315911603,-0.12769031524658203,-0.1667994260787964,-0.03443878889481766,-0.08971589803695679,-0.21472567319869995,-0.04139586165945275,-0.09214222431182861,-0.16996532678604126,0.015183727252974677,-0.11678177118301392,-0.21833431720733643,-0.01570807025234444,-0.10619348287582397,-0.15653124451637268,-0.028596766297027898,-0.09074658155441284,-0.13733330368995667,-0.0319730714003299,-0.058403193950653076,-0.18509629368782043,0.008895283560946154,-0.08338093757629395,-0.2379685342311859,-0.023586945612237287,-0.07117503881454468,-0.16041803359985352,-0.024089830000207257,-0.053346991539001465,-0.146520733833313,-0.012491168458268476,-0.0208396315574646,-0.18937212228775024,-0.004755153324708772,-0.04543107748031616,-0.23889833688735962,-0.038502901796505284,-0.03768974542617798,-0.1592777967453003,-0.02374703437487824,-0.022213280200958252,-0.14206838607788086,-0.0014792557379905702,0.023141026496887207,-0.18513533473014832,-0.020389936868355107,-0.005333304405212402,-0.2242026925086975,-0.034523747865364385,-0.005639612674713135,-0.17041128873825073,-0.019939716909334493,0.0064203739166259766,-0.15223988890647888,-0.0027931958942417623,fist
0.0,0.0,0.0,-0.06274938583374023,-0.025791317224502563,-0.010794896490551764,-0.11471468210220337,-0.0855301022529602,-0.016865065179445082,-0.12615442276000977,-0.16289132833480835,-0.027533428601600463,-0.09183108806610107,-0.2131953239440918,-0.03424544431982213,-0.09052211046218872,-0.1660974621772766,0.019050115861318773,-0.11517506837844849,-0.215553879737854,-0.010987393416144187,-0.10607826709747314,-0.15702539682388306,-0.024649202681757743,-0.09019732475280762,-0.13407856225967407,-0.028469033397414023,-0.05717754364013672,-0.18102937936782837,0.011008200377546018,-0.08294475078582764,-0.23826175928115845,-0.02021190696177655,-0.0715721845626831,-0.16160652041435242,-0.022261300913669402,-0.052866578102111816,-0.14267408847808838,-0.012004818625428015,-0.01988852024078369,-0.18603572249412537,-0.0038029880706744734,-0.04544365406036377,-0.2383425235748291,-0.036252388588764006,-0.038168132305145264,-0.1583225429058075,-0.021670343212463195,-0.022426962852478027,-0.13658678531646729,0.0003282536308688577,0.02427750825881958,-0.1815618872642517,-0.020166013247944647,-0.005053877830505371,-0.2226395606994629,-0.033971225700952346,-0.005773425102233887,-0.16869205236434937,-0.018844613663532073,0.006224393844604492,-0.14836624264717102,-0.0012733663643302862,fist
0.0,0.0,0.0,-0.05787527561187744,-0.027002334594726562,-0.011011373777307654,-0.10986196994781494,-0.08522951602935791,-0.017762809586145067,-0.12209469079971313,-0.15659061074256897,-0.02881167043409505,-0.08788681030273438,-0.1997976005077362,-0.035698046502091074,-0.08384966850280762,-0.1665307581424713,0.013751482065401888,-0.09971433877944946,-0.22245246171951294,-0.017622697692729616,-0.09900015592575073,-0.16651493310928345,-0.03174060356280961,-0.0912628173828125,-0.14010009169578552,-0.03563575592301049,-0.05113554000854492,-0.17674005031585693,0.005834754962108946,-0.07148712873458862,-0.22968193888664246,-0.025121189248181963,-0.06550770998001099,-0.15667641162872314,-0.025965606388069773,-0.049902915954589844,-0.1424662470817566,-0.015990716930843973,-0.015899360179901123,-0.17957180738449097,-0.008844065074242735,-0.03717249631881714,-0.22532430291175842,-0.04089437570831933,-0.03366178274154663,-0.1519504189491272,-0.026025520231939936,-0.01998966932296753,-0.13624751567840576,-0.004904472794748926,0.02524787187576294,-0.17453032732009888,-0.025187888708330775,0.00047475099563598633,-0.2175610363483429,-0.038372980025030756,-0.0028589367866516113,-0.1647583246231079,-0.022548744049288416,0.007586836814880371,-0.14422881603240967,-0.005222630747027779,fist
0.0,0.0,0.0,-0.05724823474884033,-0.02311861515045166,-0.011516754772515014,-0.11075127124786377,-0.08309757709503174,-0.018549992959947303,-0.1228032112121582,-0.15918901562690735,-0.029534380208701805,-0.08947449922561646,-0.20720702409744263,-0.03613823026046248,-0.08439755439758301,-0.16669169068336487,0.011605340730397984,-0.10710692405700684,-0.22265446186065674,-0.02058351717516871,-0.10327786207199097,-0.1641097068786621,-0.033911519940943435,-0.09100574254989624,-0.1383906602859497,-0.03676967441663237,-0.051332175731658936,-0.17660659551620483,0.004223060071467444,-0.07585358619689941,-0.23233234882354736,-0.027506466280669883,-0.06769329309463501,-0.1571132242679596,-0.02745294689759703,-0.050226449966430664,-0.14039093255996704,-0.016060098331422523,-0.015803515911102295,-0.17884743213653564,-0.009878013540060238,-0.04041934013366699,-0.22802627086639404,-0.042532348331064895,-0.03614693880081177,-0.15090259909629822,-0.02720698833093138,-0.02163708209991455,-0.13194379210472107,-0.005208283454180673,0.02578878402709961,-0.17306441068649292,-0.025573606859893516,-0.001206040382385254,-0.21719908714294434,-0.040001713927836136,-0.003712892532348633,-0.1642172932624817,-0.025171022187919334,0.007244706153869629,-0.14279377460479736,-0.007950849156827644,fist
0.0,0.0,0.0,-0.055490314960479736,-0.018767714500427246,-0.015149876902285087,-0.10983175039291382,-0.07714876532554626,-0.02324660817015456,-0.1253986358642578,-0.15216588973999023,-0.03469876708317088,-0.09185445308685303,-0.19766071438789368,-0.04091811688471125,-0.09572452306747437,-0.15916964411735535,0.012074689885196221,-0.11596310138702393,-0.21349307894706726,-0.020939947532895076,-0.1059408187866211,-0.15325778722763062,-0.035004971044543254,-0.09366977214813232,-0.1295342743396759,-0.03855957226681994,-0.06180304288864136,-0.17162063717842102,0.006161716339704526,-0.08132869005203247,-0.22543475031852722,-0.027247251438382136,-0.06946581602096558,-0.15073680877685547,-0.028438336642864215,-0.055452048778533936,-0.13674619793891907,-0.017742029818180072,-0.02494680881500244,-0.17581692337989807,-0.007029918449404704,-0.04349774122238159,-0.22429433465003967,-0.04040927948284434,-0.03727179765701294,-0.14893528819084167,-0.02560389363992499,-0.026105225086212158,-0.13395479321479797,-0.004040303135695922,0.01734071969985962,-0.17350590229034424,-0.02227108502614783,-0.0050664544105529785,-0.2073734700679779,-0.036532470452073085,-0.006288886070251465,-0.15477436780929565,-0.02278758348751353,0.0021188855171203613,-0.13880592584609985,-0.006619937679204213,fist
0.0,0.0,0.0,-0.056441307067871094,-0.0209214985370636,-0.013785142272297435,-0.10918945074081421,-0.07657912373542786,-0.021832410066906505,-0.12387251853942871,-0.15270844101905823,-0.03375107777077346,-0.08897799253463745,-0.19997534155845642,-0.040748968541208797,-0.09220004081726074,-0.15929704904556274,0.012472152889188237,-0.11590486764907837,-0.21582558751106262,-0.020484821691695743,-0.10576975345611572,-0.1555062234401703,-0.03441665303665786,-0.0930936336517334,-0.13177865743637085,-0.03770717588025718,-0.05789029598236084,-0.171049565076828,0.005985642031248517,-0.08032917976379395,-0.22501158714294434,-0.026626428409997516,-0.06804871559143066,-0.15009045600891113,-0.027475515201274447,-0.054563939571380615,-0.1348882019519806,-0.016851233139220767,-0.021380901336669922,-0.17446818947792053,-0.007656656026426845,-0.04296344518661499,-0.22624295949935913,-0.04105903190333038,-0.03532308340072632,-0.1495668590068817,-0.026505589305941157,-0.023571014404296875,-0.1295768916606903,-0.004787246051762395,0.020601928234100342,-0.17110636830329895,-0.023180534883920245,-0.004528701305389404,-0.21166464686393738,-0.037791672914806895,-0.004914045333862305,-0.15896561741828918,-0.023905062868777804,0.003932356834411621,-0.1365409791469574,-0.007304084773693376,fist
0.0,0.0,0.0,-0.05196410417556763,-0.01968836784362793,-0.016232633657068618,-0.10635966062545776,-0.07545697689056396,-0.02551617442748011,-0.12508916854858398,-0.14817988872528076,-0.038053437761277564,-0.0906403660774231,-0.19303512573242188,-0.04525651752135218,-0.09388852119445801,-0.16161948442459106,0.0090161965496236,-0.1168566346168518,-0.21553465723991394,-0.024362057141274818,-0.10490012168884277,-0.15499979257583618,-0.037901021234006294,-0.09249597787857056,-0.134686678647995,-0.041217840901822456,-0.05869162082672119,-0.1736454963684082,0.0034356243710362833,-0.08016455173492432,-0.2222670316696167,-0.030311701513141998,-0.06716889142990112,-0.14568236470222473,-0.030567211724132903,-0.05476653575897217,-0.1347464919090271,-0.019469763777465232,-0.02114790678024292,-0.17667579650878906,-0.00943257535925568,-0.041970252990722656,-0.22409498691558838,-0.04383742033621729,-0.033833861351013184,-0.1462102234363556,-0.028888376123518356,-0.022684752941131592,-0.13079595565795898,-0.007035932663143285,0.02092564105987549,-0.17358651757240295,-0.024332569605917342,-0.0031183958053588867,-0.2072872817516327,-0.03937279774925173,-0.003932476043701172,-0.15364259481430054,-0.025700788638800987,0.004448592662811279,-0.13602623343467712,-0.009424281000406154,fist
0.0,0.0,0.0,-0.054412126541137695,-0.017066866159439087,-0.015536657342465787,-0.11082357168197632,-0.07374829053878784,-0.02410451210454312,-0.1324455738067627,-0.14978447556495667,-0.03627639710322228,-0.09833729267120361,-0.19533592462539673,-0.04300102292910424,-0.09701806306838989,-0.1587645411491394,0.012604065431503386,-0.12202227115631104,-0.21360841393470764,-0.01966601497844067,-0.10886400938034058,-0.1538645327091217,-0.03240020647064057,-0.09510523080825806,-0.1351006031036377,-0.03531947433367577,-0.06209290027618408,-0.1723194718360901,0.0072181929892281005,-0.08739626407623291,-0.22451916337013245,-0.02641439698055592,-0.07236272096633911,-0.147853821516037,-0.026235622161777883,-0.058250248432159424,-0.13659310340881348,-0.014175908447953134,-0.024999797344207764,-0.17674612998962402,-0.0055885233858248284,-0.04980200529098511,-0.2257051169872284,-0.03929826318636742,-0.03972655534744263,-0.1480911672115326,-0.024350111180694967,-0.026588857173919678,-0.13330239057540894,-0.0020698078849932244,0.017050325870513916,-0.17564254999160767,-0.020418730372341543,-0.010648548603057861,-0.2119748294353485,-0.0338739313127121,-0.01025545597076416,-0.1601804494857788,-0.020101365441234975,-0.00015687942504882812,-0.1431799829006195,-0.0038089950510880044,fist
0.0,0.0,0.0,-0.055067241191864014,-0.02033388614654541,-0.014708573620566767,-0.10816740989685059,-0.07504117488861084,-0.023717051993855875,-0.12649327516555786,-0.14922523498535156,-0.036439687635549944,-0.09364837408065796,-0.19623428583145142,-0.044038706149706286,-0.0922510027885437,-0.15740153193473816,0.009788273211768228,-0.12000542879104614,-0.21045619249343872,-0.024004325892576617,-0.10727781057357788,-0.15127623081207275,-0.037120130535015505,-0.0921897292137146,-0.1329677700996399,-0.03986737939322893,-0.05815547704696655,-0.1701255440711975,0.0034677871337294164,-0.08500295877456665,-0.2231823205947876,-0.03111767644787733,-0.07051128149032593,-0.14667317271232605,-0.030636385705122393,-0.05548572540283203,-0.13635417819023132,-0.018391827743300837,-0.02168673276901245,-0.17427951097488403,-0.010063037898191851,-0.047012925148010254,-0.22455313801765442,-0.04569234016145174,-0.037632644176483154,-0.14577868580818176,-0.029946618404039782,-0.02388662099838257,-0.13093873858451843,-0.006692778941044253,0.01979649066925049,-0.17213734984397888,-0.025438989203223628,-0.007134377956390381,-0.21031633019447327,-0.0407873361071438,-0.007083892822265625,-0.15826398134231567,-0.02648392381871645,0.0032210946083068848,-0.14055609703063965,-0.009329410891780299,fist
0.0,0.0,0.0,-0.051871299743652344,-0.019404977560043335,-0.015920972953722412,-0.10498833656311035,-0.0757627785205841,-0.02502996524719947,-0.12455016374588013,-0.15033233165740967,-0.037542136888191635,-0.09233802556991577,-0.19678056240081787,-0.04476364938466304,-0.09028643369674683,-0.15958833694458008,0.010342152287080353,-0.11614573001861572,-0.21112969517707825,-0.022798250000164444,-0.10274964570999146,-0.15189069509506226,-0.03561917556373828,-0.08823859691619873,-0.13252684473991394,-0.03819782523362392,-0.05616074800491333,-0.1724730134010315,0.004774527587755983,-0.0821080207824707,-0.22413504123687744,-0.02917589669971221,-0.0668787956237793,-0.1468338966369629,-0.028269101436421806,-0.05215805768966675,-0.13513028621673584,-0.015594629141673977,-0.019622445106506348,-0.17603763937950134,-0.008192362765953476,-0.043486714363098145,-0.2241535782814026,-0.04345260051934474,-0.03381967544555664,-0.14562004804611206,-0.027642956505701477,-0.020847439765930176,-0.12989869713783264,-0.0043465616546427555,0.02184319496154785,-0.1729283332824707,-0.023091696704909737,-0.0038244128227233887,-0.21086522936820984,-0.038179612289354736,-0.0037055611610412598,-0.15875333547592163,-0.023909137155101234,0.00561833381652832,-0.14077535271644592,-0.0068497611574684925,fist
0.0,0.0,0.0,-0.05365753173828125,-0.017235130071640015,-0.014313347611334848,-0.1095890998840332,-0.07455858588218689,-0.022395851995554494,-0.127527117729187,-0.14995422959327698,-0.03388526381155543,-0.09283667802810669,-0.19363200664520264,-0.040197190802302885,-0.09077084064483643,-0.15820574760437012,0.008809042189511729,-0.11882394552230835,-0.20753374695777893,-0.023733292679992246,-0.10489815473556519,-0.15002009272575378,-0.03608398602506213,-0.08938121795654297,-0.13544520735740662,-0.038979393403735685,-0.05546659231185913,-0.1715262234210968,0.0024549374620050912,-0.08159321546554565,-0.2220492660999298,-0.03138233811756663,-0.06660318374633789,-0.14497461915016174,-0.029684361975398588,-0.051482319831848145,-0.13679754734039307,-0.016930562417712736,-0.018781840801239014,-0.17495480179786682,-0.010959573063757944,-0.04396015405654907,-0.222182959318161,-0.04516028330823474,-0.03423112630844116,-0.1433373987674713,-0.02759046384295516,-0.020651638507843018,-0.1319575011730194,-0.0037392067925452466,0.022223055362701416,-0.17180055379867554,-0.026318837862220335,-0.0038542747497558594,-0.20902645587921143,-0.04074516982933574,-0.004155278205871582,-0.15651819109916687,-0.02566731997927718,0.005756258964538574,-0.140987366437912,-0.008414067301657724,fist
0.0,0.0,0.0,-0.05399113893508911,-0.017475426197052002,-0.013824113492489687,-0.10965126752853394,-0.07293879985809326,-0.021054006029487482,-0.12806177139282227,-0.14687246084213257,-0.031750044633270136,-0.09612393379211426,-0.19318684935569763,-0.03713860999476992,-0.09261012077331543,-0.15606799721717834,0.011103444884895453,-0.1197960376739502,-0.20661941170692444,-0.02053826380205237,-0.10559755563735962,-0.14723587036132812,-0.0330246005548247,-0.09122592210769653,-0.12972614169120789,-0.035966872085452906,-0.058118224143981934,-0.16901105642318726,0.005061379320352444,-0.08392715454101562,-0.21954268217086792,-0.02764500755500876,-0.06824767589569092,-0.14465922117233276,-0.027245088328243128,-0.053829312324523926,-0.13436958193778992,-0.01566896292996489,-0.021553456783294678,-0.17355749011039734,-0.00791230410021626,-0.04588550329208374,-0.22169533371925354,-0.04150047417414271,-0.035678207874298096,-0.14482474327087402,-0.02540794837904059,-0.023191213607788086,-0.13032180070877075,-0.0026572249705054674,0.019786298274993896,-0.17141613364219666,-0.02273237969410502,-0.0062291622161865234,-0.20921272039413452,-0.03722316290867411,-0.005775809288024902,-0.15690502524375916,-0.02273487563860499,0.003155052661895752,-0.1391059160232544,-0.005814551689297787,fist
0.0,0.0,0.0,-0.05381369590759277,-0.015754222869873047,-0.014937508065258953,-0.10987603664398193,-0.07336097955703735,-0.022318416420375797,-0.12768614292144775,-0.1491888463497162,-0.033043003786360714,-0.09343558549880981,-0.19484782218933105,-0.03842125009373376,-0.09417623281478882,-0.1572103500366211,0.010641681816423443,-0.11909055709838867,-0.20756328105926514,-0.02235430586711118,-0.10501766204833984,-0.1500939130783081,-0.035601250041281673,-0.09125930070877075,-0.1323522925376892,-0.03874244089797685,-0.05888259410858154,-0.17008090019226074,0.004746496532106903,-0.08279460668563843,-0.21986085176467896,-0.029491753462707493,-0.0672181248664856,-0.14433357119560242,-0.029300074238335583,-0.0534672737121582,-0.13328230381011963,-0.017334927950059864,-0.021926939487457275,-0.17408078908920288,-0.008408754277979824,-0.04433894157409668,-0.2218780517578125,-0.042877870757138226,-0.034537434577941895,-0.144839346408844,-0.026633196655666325,-0.02317875623703003,-0.13027465343475342,-0.0033743082601631613,0.019610166549682617,-0.17169028520584106,-0.023588077310478184,-0.005342602729797363,-0.20883336663246155,-0.03823977257684419,-0.005070805549621582,-0.15652477741241455,-0.02376978393272111,0.0032457709312438965,-0.13896307349205017,-0.0067171991393024655,fist
0.0,0.0,0.0,-0.054386675357818604,-0.01802942156791687,-0.015719417533944124,-0.10920780897140503,-0.07403266429901123,-0.0233204160398941,-0.12757337093353271,-0.14931347966194153,-0.034167828089664454,-0.09414547681808472,-0.1950947344303131,-0.039274482107828135,-0.09610605239868164,-0.15747928619384766,0.012945371628632074,-0.11966067552566528,-0.20898807048797607,-0.01920075719721126,-0.10571473836898804,-0.1490670144557953,-0.03204490435786056,-0.09381705522537231,-0.13310515880584717,-0.03525264380044746,-0.060944557189941406,-0.17029643058776855,0.007404235140313631,-0.08381223678588867,-0.22111892700195312,-0.026314580864379877,-0.06841135025024414,-0.1452750861644745,-0.026568166962931627,-0.05624258518218994,-0.13680976629257202,-0.015064212544928068,-0.02392202615737915,-0.1742827594280243,-0.005589829809139246,-0.045191168785095215,-0.2238263189792633,-0.03976519969768333,-0.03596717119216919,-0.14680960774421692,-0.02467297395236301,-0.025754451751708984,-0.134100079536438,-0.0023907817016493027,0.017770051956176758,-0.1725451648235321,-0.020670983991692538,-0.005523562431335449,-0.209078848361969,-0.03455114183492469,-0.0058740973472595215,-0.15731841325759888,-0.020565953157017702,0.0012371540069580078,-0.14135298132896423,-0.004127638931493038,fist
0.0,0.0,0.0,-0.05365920066833496,-0.016728103160858154,-0.01630974052380907,-0.10887980461120605,-0.07285892963409424,-0.023916986341589563,-0.1258520483970642,-0.14702054858207703,-0.03439493900071966,-0.09576737880706787,-0.19490668177604675,-0.03935555046331274,-0.09460747241973877,-0.15608751773834229,0.008644733075982458,-0.12037163972854614,-0.2058718502521515,-0.023741601536983126,-0.10596638917922974,-0.14804765582084656,-0.03627979060541975,-0.091971755027771,-0.13501617312431335,-0.03954692980181562,-0.05951732397079468,-0.16869047284126282,0.00320168813783539,-0.08435356616973877,-0.2195567488670349,-0.031271186227911585,-0.06982368230819702,-0.14345517754554749,-0.031142931933516138,-0.05616927146911621,-0.13602545857429504,-0.019646000619047754,-0.022650420665740967,-0.17218217253684998,-0.009480882006698721,-0.04541301727294922,-0.22182157635688782,-0.04520234888326513,-0.036596477031707764,-0.1440717577934265,-0.02950481189321863,-0.024800777435302734,-0.1322326958179474,-0.006756336930209272,0.01849418878555298,-0.17015177011489868,-0.024188465009444826,-0.006235778331756592,-0.2064066231250763,-0.04008918678295004,-0.006443142890930176,-0.15414881706237793,-0.026190786193126314,0.0022663474082946777,-0.13888034224510193,-0.009654760862702005,fist
0.0,0.0,0.0,-0.05319613218307495,-0.015743255615234375,-0.017049526153073202,-0.10817593336105347,-0.0713154673576355,-0.024748715860710035,-0.12627726793289185,-0.1461944282054901,-0.03527867170976151,-0.09481680393218994,-0.19426876306533813,-0.04007955017493714,-0.09421193599700928,-0.15526747703552246,0.010937851565017809,-0.1177031397819519,-0.20693626999855042,-0.02220087620423783,-0.10433745384216309,-0.14902916550636292,-0.0356923838238572,-0.09163373708724976,-0.13279053568840027,-0.03915811079548348,-0.05944722890853882,-0.16811442375183105,0.005914644515200962,-0.08197534084320068,-0.22093543410301208,-0.02896895009087075,-0.06748008728027344,-0.14434343576431274,-0.029649014873371016,-0.05512857437133789,-0.13498824834823608,-0.018190617961749922,-0.022789418697357178,-0.17200109362602234,-0.006663753008410822,-0.042952001094818115,-0.22083094716072083,-0.04227826866315354,-0.03494703769683838,-0.14404910802841187,-0.027142799748048674,-0.02522730827331543,-0.13169419765472412,-0.004460012828872095,0.018157958984375,-0.1698668897151947,-0.021390768987998854,-0.004410743713378906,-0.20700865983963013,-0.03649753826664437,-0.00530552864074707,-0.15456005930900574,-0.02234375040040959,0.0016486048698425293,-0.13810348510742188,-0.005533347660616528,fist
0.0,0.0,0.0,-0.054488182067871094,-0.01718980073928833,-0.014482007968751986,-0.11000663042068481,-0.07580387592315674,-0.020830553631810744,-0.12490701675415039,-0.1511504352092743,-0.030318873609928687,-0.09139245748519897,-0.19371405243873596,-0.03441224307897528,-0.09419453144073486,-0.15648430585861206,0.009122235093684594,-0.11844921112060547,-0.20807430148124695,-0.02272650660160025,-0.10407698154449463,-0.148835688829422,-0.03580972985508879,-0.09099757671356201,-0.13235315680503845,-0.03976843566778143,-0.05806779861450195,-0.16878649592399597,0.0029974273391530915,-0.08122402429580688,-0.21928653120994568,-0.0306282571065708,-0.06734460592269897,-0.14401671290397644,-0.03135641352417906,-0.054439425468444824,-0.1338583528995514,-0.021069635312585433,-0.020753800868988037,-0.17198267579078674,-0.010009315471677382,-0.04242074489593506,-0.22250798344612122,-0.04342581019881209,-0.03402137756347656,-0.14527854323387146,-0.02752646119478186,-0.023254096508026123,-0.13071349263191223,-0.005538919150410493,0.020627498626708984,-0.16960477828979492,-0.02507565790000399,-0.0029671788215637207,-0.2048940658569336,-0.039754696797160705,-0.0035330653190612793,-0.15269649028778076,-0.025927208970813354,0.004223942756652832,-0.13663247227668762,-0.009923331114976008,fist
0.0,0.0,0.0,-0.0529208779335022,-0.020191162824630737,-0.01632003631397083,-0.10673898458480835,-0.0770990252494812,-0.024124461747248915,-0.1256614327430725,-0.15104323625564575,-0.034914774409969596,-0.09352457523345947,-0.1963093876838684,-0.03997489582701519,-0.09535574913024902,-0.15991947054862976,0.011714242808977815,-0.11793988943099976,-0.21065083146095276,-0.019651555977304724,-0.10431742668151855,-0.1508902609348297,-0.032109627089937476,-0.09180086851119995,-0.13667604327201843,-0.035528735778768805,-0.059678077697753906,-0.17268666625022888,0.006517233271608802,-0.08137297630310059,-0.22237807512283325,-0.026525243706544188,-0.06797081232070923,-0.14670789241790771,-0.026713247932036666,-0.05547982454299927,-0.13876867294311523,-0.015701368040879515,-0.02242410182952881,-0.1754406988620758,-0.006040581557442692,-0.04252570867538452,-0.224756121635437,-0.039240786395509986,-0.03493291139602661,-0.14863166213035583,-0.02415923174424961,-0.02410966157913208,-0.13655707240104675,-0.0024639622396875893,0.018804550170898438,-0.17243683338165283,-0.02077596779867008,-0.003930211067199707,-0.20766803622245789,-0.03438311215444401,-0.005041539669036865,-0.1561344563961029,-0.02075880166097477,0.002672433853149414,-0.14091286063194275,-0.0048797289463777815,fist
0.0,0.0,0.0,-0.05336970090866089,-0.01912042498588562,-0.01682572301047003,-0.10682761669158936,-0.07663363218307495,-0.024825579035450573,-0.1219702959060669,-0.1502254605293274,-0.03555106978433287,-0.09013104438781738,-0.19358375668525696,-0.0404124916674391,-0.09427511692047119,-0.1578177511692047,0.008110684794019107,-0.1170993447303772,-0.20861601829528809,-0.024483511704374905,-0.10360902547836304,-0.14761900901794434,-0.0375745953203932,-0.09113472700119019,-0.13174381852149963,-0.04132697965519583,-0.058476805686950684,-0.17017915844917297,0.002853545113111977,-0.07970136404037476,-0.21838060021400452,-0.031396134305168744,-0.0667676329612732,-0.14299079775810242,-0.03215847398655569,-0.05469810962677002,-0.1363750696182251,-0.02191118571477091,-0.021330177783966064,-0.17264699935913086,-0.009603870581258889,-0.040641844272613525,-0.2198081612586975,-0.04362872849719679,-0.03337717056274414,-0.14377343654632568,-0.027969807866384144,-0.02339327335357666,-0.1335752010345459,-0.006226984798331614,0.01899278163909912,-0.16948777437210083,-0.024311796310712452,-0.0021991729736328125,-0.2011544108390808,-0.03851121525781309,-0.0031753182411193848,-0.1507185697555542,-0.024642950403858777,0.004055917263031006,-0.13884243369102478,-0.008769858177174683,fist
0.0,0.0,0.0,-0.05085176229476929,-0.01952362060546875,-0.015189432385000146,-0.1047012209892273,-0.07728999853134155,-0.022305780867668545,-0.12141084671020508,-0.1518382728099823,-0.03265081703159467,-0.08842188119888306,-0.1947469711303711,-0.03723144888374463,-0.09293407201766968,-0.15770834684371948,0.010717483391431415,-0.11673510074615479,-0.21092161536216736,-0.02072890459987775,-0.10333484411239624,-0.15045374631881714,-0.03277867271992818,-0.09017717838287354,-0.13316631317138672,-0.0355799420127596,-0.0576246976852417,-0.16944602131843567,0.005189598692027175,-0.0803525447845459,-0.21915626525878906,-0.027911616335245526,-0.06681555509567261,-0.1434803307056427,-0.027641679937573826,-0.05400848388671875,-0.13427752256393433,-0.016399619946810162,-0.020779848098754883,-0.17171558737754822,-0.007503643012228167,-0.04202193021774292,-0.22118327021598816,-0.04091504945847646,-0.03335601091384888,-0.14453881978988647,-0.025083310748073018,-0.021930217742919922,-0.13057482242584229,-0.0028488888261790635,0.019824862480163574,-0.16864600777626038,-0.02225725709888593,-0.00272524356842041,-0.20455965399742126,-0.03610508501026288,-0.0031040310859680176,-0.1541096568107605,-0.02218352987858907,0.005003035068511963,-0.1392645537853241,-0.006081918100449002,fist
0.0,0.0,0.0,-0.05092209577560425,-0.01949697732925415,-0.01579411546100573,-0.104403555393219,-0.07679224014282227,-0.023706157080425783,-0.12172091007232666,-0.15125679969787598,-0.03482093694020705,-0.08853477239608765,-0.1936320960521698,-0.040130593202604814,-0.09361183643341064,-0.15754464268684387,0.009942344069884257,-0.1166340708732605,-0.21123915910720825,-0.02269857595075564,-0.10330468416213989,-0.1507434844970703,-0.035501655511154695,-0.09037244319915771,-0.1332162618637085,-0.03861917959858374,-0.05781739950180054,-0.16876953840255737,0.004449562780962424,-0.07963728904724121,-0.21842214465141296,-0.02964582512487368,-0.06620818376541138,-0.14269980788230896,-0.02972378986288504,-0.05397295951843262,-0.13385054469108582,-0.018650945595993562,-0.020622670650482178,-0.17090246081352234,-0.00832478454668717,-0.04136478900909424,-0.22061803936958313,-0.04250096934248404,-0.03279334306716919,-0.14382725954055786,-0.026754400081529184,-0.0218278169631958,-0.13031750917434692,-0.004495227098061605,0.020014047622680664,-0.16777303814888,-0.02319938162673907,-0.002073347568511963,-0.20334011316299438,-0.03737588631321387,-0.0023502707481384277,-0.15284055471420288,-0.02350128287781672,0.005561769008636475,-0.13828891515731812,-0.0074163659881492094,fist
0.0,0.0,0.0,-0.05053943395614624,-0.019833117723464966,-0.016829092379396116,-0.1019296646118164,-0.07531395554542542,-0.02561102467376486,-0.12010365724563599,-0.14722415804862976,-0.037304932575409566,-0.08909499645233154,-0.1902954876422882,-0.043292602847998296,-0.09238862991333008,-0.15628433227539062,0.009110237147922362,-0.11406272649765015,-0.20983073115348816,-0.024366502042596494,-0.1018933653831482,-0.152054101228714,-0.03802547449964777,-0.08959746360778809,-0.13395196199417114,-0.04141089166301981,-0.056893229484558105,-0.1676296591758728,0.004233312469239081,-0.07793086767196655,-0.21657302975654602,-0.03027662480968729,-0.06492668390274048,-0.1429119110107422,-0.03093045609790579,-0.05300968885421753,-0.13427504897117615,-0.020143354635422384,-0.0201951265335083,-0.16991662979125977,-0.008017631571476613,-0.04014921188354492,-0.2180584967136383,-0.04275814662474886,-0.032237112522125244,-0.14306122064590454,-0.028073394994919454,-0.021765947341918945,-0.13019883632659912,-0.00643693269017831,0.01965862512588501,-0.16662797331809998,-0.022355242024843847,-0.001866459846496582,-0.19992539286613464,-0.03690729136366144,-0.002073526382446289,-0.15025919675827026,-0.023580521668975507,0.005592644214630127,-0.13671118021011353,-0.00778359952170149,fist
0.0,0.0,0.0,-0.049791574478149414,-0.019925326108932495,-0.016648550257002626,-0.10173875093460083,-0.0767676830291748,-0.024837798178111825,-0.11957067251205444,-0.1486400067806244,-0.035874942988073144,-0.08918267488479614,-0.19329801201820374,-0.04111304759970835,-0.0919945240020752,-0.15749549865722656,0.00962462395438024,-0.11442464590072632,-0.208934485912323,-0.02276973865917853,-0.10150724649429321,-0.15093129873275757,-0.03545525923362902,-0.08901184797286987,-0.13554027676582336,-0.03848559290162257,-0.05670154094696045,-0.16895973682403564,0.004924284555102076,-0.07850348949432373,-0.21693307161331177,-0.02873483367255858,-0.06539231538772583,-0.14236357808113098,-0.028645275831138406,-0.05344051122665405,-0.13540616631507874,-0.017445581704294,-0.01989823579788208,-0.17133811116218567,-0.00715510753906301,-0.040374696254730225,-0.21849697828292847,-0.04152220368376902,-0.03246915340423584,-0.14277634024620056,-0.026751565486108575,-0.02155977487564087,-0.1313815414905548,-0.0051188722438269,0.020363032817840576,-0.16883575916290283,-0.021299163550054345,-0.001655876636505127,-0.20149406790733337,-0.03580417364827326,-0.0022119879722595215,-0.15157335996627808,-0.022742573842322145,0.005636394023895264,-0.13888084888458252,-0.007178816683506284,fist
0.0,0.0,0.0,-0.05096113681793213,-0.019605159759521484,-0.01635725429548529,-0.10020136833190918,-0.07616889476776123,-0.02432456804706362,-0.11644512414932251,-0.14861905574798584,-0.03534731088473109,-0.08658909797668457,-0.19297444820404053,-0.04097914887859133,-0.09042727947235107,-0.1523682177066803,0.011016459145707813,-0.11202752590179443,-0.20523953437805176,-0.02150757989181784,-0.09848988056182861,-0.1485917866230011,-0.03468932776047495,-0.08486372232437134,-0.13037535548210144,-0.03770447714521197,-0.055616796016693115,-0.16470801830291748,0.006092239578379122,-0.07635778188705444,-0.21657240390777588,-0.028349636181133064,-0.06236743927001953,-0.1425887644290924,-0.029391376360194954,-0.0496024489402771,-0.13137277960777283,-0.018326601072089943,-0.01929110288619995,-0.16772028803825378,-0.0061033373352756826,-0.0382540225982666,-0.21596363186836243,-0.04115284053875712,-0.02999931573867798,-0.14096659421920776,-0.02683675295008925,-0.01956719160079956,-0.1266424059867859,-0.004827436118262085,0.020544052124023438,-0.16488808393478394,-0.020289767592089447,-0.00014442205429077148,-0.20010977983474731,-0.03507278306676653,-0.00029212236404418945,-0.15069785714149475,-0.02157503558589724,0.007061779499053955,-0.13526931405067444,-0.005295558425473246,fist
0.0,0.0,0.0,-0.04982709884643555,-0.021579891443252563,-0.015191060380118415,-0.09848541021347046,-0.07448992133140564,-0.023126498685257957,-0.1160287857055664,-0.14499446749687195,-0.03431270353593163,-0.08572214841842651,-0.1896577775478363,-0.040287920163052604,-0.08677738904953003,-0.1522943079471588,0.012507183588070347,-0.10723131895065308,-0.20432186126708984,-0.019212937803047225,-0.09598112106323242,-0.1507141888141632,-0.03246806644000344,-0.08464843034744263,-0.13217288255691528,-0.03559468396105103,-0.053334712982177734,-0.16252544522285461,0.0073742248294479396,-0.07354599237442017,-0.21387061476707458,-0.025712120235937164,-0.06060737371444702,-0.14117398858070374,-0.02670761093594365,-0.04978632926940918,-0.12947016954421997,-0.016038528532760665,-0.018320560455322266,-0.16445818543434143,-0.004934742935972736,-0.03644627332687378,-0.21376535296440125,-0.038905979023354575,-0.02931267023086548,-0.14117863774299622,-0.024861021787899062,-0.020495355129241943,-0.12573590874671936,-0.0033432348920428012,0.0207136869430542,-0.1600767970085144,-0.019124629796522186,0.0006331205368041992,-0.19913700222969055,-0.0333575353781157,-0.000387728214263916,-0.15086200833320618,-0.019840509519951866,0.005661070346832275,-0.13341927528381348,-0.003695615922140405,fist
0.0,0.0,0.0,-0.04949796199798584,-0.018218040466308594,-0.015357900321419038,-0.10082066059112549,-0.07363682985305786,-0.022330888457531728,-0.11652630567550659,-0.14590370655059814,-0.032328161321515836,-0.08478033542633057,-0.19012707471847534,-0.03690219940983752,-0.08998996019363403,-0.15024954080581665,0.011963535189693175,-0.11057811975479126,-0.20203113555908203,-0.01889351653301219,-0.09773063659667969,-0.14664456248283386,-0.031167651437158383,-0.08611422777175903,-0.1300724744796753,-0.03402838381373385,-0.05525684356689453,-0.1619166135787964,0.006894438616996013,-0.07424145936965942,-0.21278604865074158,-0.025996881447667874,-0.061110079288482666,-0.1395285725593567,-0.02654376337670783,-0.050323307514190674,-0.12885716557502747,-0.015563436694378652,-0.01921069622039795,-0.1644904911518097,-0.005302201401377715,-0.03643763065338135,-0.21261820197105408,-0.03880045088374118,-0.029079020023345947,-0.1391579806804657,-0.024417665697569646,-0.020419836044311523,-0.12542325258255005,-0.0028867424967984334,0.0207442045211792,-0.16127026081085205,-0.019451220430369176,0.0011685490608215332,-0.19677117466926575,-0.033552716396684445,0.00023192167282104492,-0.14783638715744019,-0.020233617074723043,0.006162583827972412,-0.1324964165687561,-0.004394763525510825,fist
0.0,0.0,0.0,-0.0485461950302124,-0.019387125968933105,-0.014464896962977036,-0.09981757402420044,-0.07387182116508484,-0.020949642033315286,-0.11804872751235962,-0.14364823698997498,-0.030792075068688973,-0.08786404132843018,-0.187185138463974,-0.0356001005033022,-0.08731341361999512,-0.1496686041355133,0.013771894528531448,-0.10842376947402954,-0.2003394067287445,-0.01657813494000493,-0.09712570905685425,-0.14958763122558594,-0.029295208723283395,-0.084228515625,-0.1331292688846588,-0.032569547043181046,-0.054455697536468506,-0.16198354959487915,0.008601915231906787,-0.07449376583099365,-0.2111768126487732,-0.02295848620030938,-0.06256353855133057,-0.14115473628044128,-0.023619246528483018,-0.05072087049484253,-0.13133087754249573,-0.013257147603667363,-0.01967763900756836,-0.16538482904434204,-0.003742141741327032,-0.037978291511535645,-0.213016539812088,-0.0360651247659689,-0.031015753746032715,-0.14161238074302673,-0.02219189223740159,-0.021194279193878174,-0.12838754057884216,-0.00153476719185619,0.01885378360748291,-0.1630530059337616,-0.018065494344568833,-0.0008815526962280273,-0.1980050504207611,-0.031479754344559296,-0.002136826515197754,-0.150247722864151,-0.018582344845867738,0.004539430141448975,-0.13566312193870544,-0.0034172410136079634,fist
0.0,0.0,0.0,-0.04926037788391113,-0.017106354236602783,-0.015975735011807046,-0.0999332070350647,-0.07212743163108826,-0.023223764124622903,-0.11549532413482666,-0.14278849959373474,-0.033374321508517824,-0.08516323566436768,-0.18844154477119446,-0.03828073372255858,-0.08889877796173096,-0.14890804886817932,0.01185936867136661,-0.10887831449508667,-0.19742149114608765,-0.01942314473103579,-0.09631854295730591,-0.14570927619934082,-0.03214477826963957,-0.08419603109359741,-0.13055741786956787,-0.035246328312268815,-0.055053532123565674,-0.16155770421028137,0.006994821269699969,-0.07413274049758911,-0.21074217557907104,-0.02616230291437205,-0.06077158451080322,-0.13869810104370117,-0.026654370921960435,-0.049113452434539795,-0.12861016392707825,-0.015412587534001432,-0.01944369077682495,-0.16499453783035278,-0.005153566460421644,-0.03628814220428467,-0.2095125913619995,-0.03885320280801352,-0.028902888298034668,-0.13736775517463684,-0.02449940969358977,-0.020076751708984375,-0.1254945993423462,-0.0028929343459367374,0.020114541053771973,-0.16280218958854675,-0.01936567095231112,0.0010457634925842285,-0.19544562697410583,-0.033450034308543763,-2.9385089874267578e-05,-0.14665630459785461,-0.020129515650978647,0.005806982517242432,-0.13261538743972778,-0.0042814983532935,fist
0.0,0.0,0.0,-0.04998350143432617,-0.01854768395423889,-0.014615393153292189,-0.10085469484329224,-0.07443377375602722,-0.02084507784144307,-0.11496078968048096,-0.14522448182106018,-0.030103057532471666,-0.08294636011123657,-0.1884385049343109,-0.03417223496632005,-0.08791154623031616,-0.14824575185775757,0.011321589441138258,-0.10906714200973511,-0.19815361499786377,-0.017638610585493097,-0.09706264734268188,-0.14393436908721924,-0.02862604884700204,-0.08523011207580566,-0.12906420230865479,-0.031161198302072535,-0.05417323112487793,-0.15993088483810425,0.006274272778171053,-0.07327115535736084,-0.20871660113334656,-0.0243202577372017,-0.061322033405303955,-0.13701143860816956,-0.023749351411026964,-0.05030536651611328,-0.12801489233970642,-0.012836661099356661,-0.018942415714263916,-0.16234266757965088,-0.005651190320861588,-0.035967111587524414,-0.20999494194984436,-0.03716272665457154,-0.029534757137298584,-0.13785293698310852,-0.02235933570460702,-0.020502030849456787,-0.12492439150810242,-0.0013098273453238107,0.019801795482635498,-0.15881332755088806,-0.019556837065977106,0.0005365610122680664,-0.19499874114990234,-0.03293161643938447,-0.00111311674118042,-0.146671861410141,-0.019621020092529307,0.0049468278884887695,-0.13104206323623657,-0.004153471815300236,fist
0.0,0.0,0.0,-0.04876136779785156,-0.019591152667999268,-0.014542130241324003,-0.09930288791656494,-0.07335501909255981,-0.021036670962502058,-0.11661344766616821,-0.14302179217338562,-0.03065772117130905,-0.08587980270385742,-0.18600448966026306,-0.03498138994925171,-0.08892709016799927,-0.14806941151618958,0.014147391123543684,-0.10863488912582397,-0.19864174723625183,-0.015302346507240827,-0.09710139036178589,-0.1475052535533905,-0.027718547219564016,-0.08529514074325562,-0.13041990995407104,-0.031054023141194875,-0.05570495128631592,-0.16084188222885132,0.0092571522573337,-0.07424819469451904,-0.20791292190551758,-0.021073610941101606,-0.062058985233306885,-0.13772302865982056,-0.02151501872592121,-0.05135631561279297,-0.1278720498085022,-0.011562578799356515,-0.02080446481704712,-0.16358911991119385,-0.002752501238290961,-0.037020742893218994,-0.21136486530303955,-0.03356018797509819,-0.030795753002166748,-0.1406654417514801,-0.019492225209404523,-0.02226787805557251,-0.12692606449127197,0.0006147757403880405,0.017699718475341797,-0.1600184440612793,-0.016815637657572324,-0.00031632184982299805,-0.19358116388320923,-0.029473278159429128,-0.002353370189666748,-0.14619949460029602,-0.01669793711059242,0.0029516220092773438,-0.1318337619304657,-0.001976025477205212,fist
0.0,0.0,0.0,-0.04922086000442505,-0.01859644055366516,-0.015195144817965911,-0.09991443157196045,-0.07190334796905518,-0.02173920209779112,-0.11496168375015259,-0.14100894331932068,-0.03113287921323149,-0.08502507209777832,-0.1860058307647705,-0.035475615889566825,-0.087105393409729,-0.14557793736457825,0.010793984390062406,-0.10752111673355103,-0.19403785467147827,-0.01849015291108458,-0.09618145227432251,-0.13959673047065735,-0.02971957671715586,-0.0845751166343689,-0.12544214725494385,-0.032352433086174415,-0.05390065908432007,-0.15745991468429565,0.006113545491558625,-0.0732576847076416,-0.20686006546020508,-0.024765247956651137,-0.06178462505340576,-0.13603723049163818,-0.024537770555156158,-0.05018913745880127,-0.12729206681251526,-0.013862385892110751,-0.019163846969604492,-0.1604750156402588,-0.005449054774629758,-0.03680962324142456,-0.2083665430545807,-0.03793713125659792,-0.030299723148345947,-0.13607528805732727,-0.023670526698964522,-0.02082604169845581,-0.12285658717155457,-0.0027538391414907437,0.019197285175323486,-0.15758761763572693,-0.018900383741396354,-0.0008342862129211426,-0.1932539939880371,-0.03325283575131266,-0.0020141005516052246,-0.14460769295692444,-0.020305619121330665,0.004381775856018066,-0.12876373529434204,-0.00488833804874389,fist
0.0,0.0,0.0,-0.050015270709991455,-0.017325997352600098,-0.014953078440413492,-0.10042709112167358,-0.07064318656921387,-0.021859907283470648,-0.11326611042022705,-0.14048922061920166,-0.03149342790155174,-0.0810289978981018,-0.18324339389801025,-0.03612024962811233,-0.08788371086120605,-0.14597800374031067,0.009814847522392256,-0.10684633255004883,-0.19261634349822998,-0.02003005586473705,-0.09525275230407715,-0.13746440410614014,-0.031765605061337965,-0.0851784348487854,-0.12232694029808044,-0.03468605011610748,-0.054132044315338135,-0.15735551714897156,0.0046245933333182165,-0.07199752330780029,-0.20579588413238525,-0.02694810248820545,-0.059972524642944336,-0.1349371373653412,-0.027289456426188963,-0.049751877784729004,-0.1251671016216278,-0.016731773241446035,-0.018618643283843994,-0.1599365472793579,-0.007284323423192518,-0.03538244962692261,-0.20516923069953918,-0.03987718626765968,-0.028528690338134766,-0.13431784510612488,-0.025920937507436292,-0.02058541774749756,-0.12224888801574707,-0.005177438928768652,0.02072352170944214,-0.1565260887145996,-0.021022368892118948,0.0006536245346069336,-0.19031989574432373,-0.03515614449887039,-0.00021392107009887695,-0.14209988713264465,-0.021964327170536535,0.005226314067840576,-0.12723970413208008,-0.0063816799959397486,fist
0.0,0.0,0.0,-0.04949980974197388,-0.01810598373413086,-0.014508774742154174,-0.09966963529586792,-0.07393941283226013,-0.02001619828459411,-0.11292552947998047,-0.1446181833744049,-0.028294666908351473,-0.08094650506973267,-0.18571248650550842,-0.031173250876037173,-0.08928513526916504,-0.14761927723884583,0.012647637859316774,-0.10695040225982666,-0.19549953937530518,-0.015496893092660002,-0.095217764377594,-0.14000877737998962,-0.026352479360667758,-0.08595269918441772,-0.12684303522109985,-0.029228591598240428,-0.055596888065338135,-0.15981754660606384,0.0075810339714905695,-0.07303303480148315,-0.20618069171905518,-0.021769735268918566,-0.06144118309020996,-0.13536223769187927,-0.021385598234502368,-0.05210453271865845,-0.1290934681892395,-0.011220918275085978,-0.020177781581878662,-0.16234970092773438,-0.004357788484213643,-0.03598564863204956,-0.20735111832618713,-0.03459268552776962,-0.02970188856124878,-0.13698747754096985,-0.020088949478832774,-0.021796882152557373,-0.12683656811714172,-2.0405275591883765e-05,0.018837332725524902,-0.1591435968875885,-0.018344265646902613,0.0002372264862060547,-0.1920621693134308,-0.030818824894396357,-0.0016424059867858887,-0.14426103234291077,-0.017537369630900912,0.003674030303955078,-0.13056546449661255,-0.0025862946693280264,fist
0.0,0.0,0.0,-0.050777971744537354,-0.020888030529022217,-0.012256990614815777,-0.09916621446609497,-0.07277709245681763,-0.01875721147237641,-0.11171430349349976,-0.14196011424064636,-0.028688548560722893,-0.07930177450180054,-0.18456944823265076,-0.03390360293863637,-0.0861046314239502,-0.14613863825798035,0.011336142700628216,-0.10539418458938599,-0.19525295495986938,-0.017922813500746315,-0.09442055225372314,-0.14061877131462097,-0.02994481330691201,-0.08397644758224487,-0.12184193730354309,-0.0328349251854263,-0.052958011627197266,-0.15665823221206665,0.005207499526903803,-0.0711706280708313,-0.20579218864440918,-0.024708154107912605,-0.05913728475570679,-0.1365525722503662,-0.025164492856248444,-0.04841721057891846,-0.1237894594669342,-0.015191523786171501,-0.017821073532104492,-0.15877008438110352,-0.007259970493151968,-0.034771859645843506,-0.20660793781280518,-0.0376768004703365,-0.028100788593292236,-0.13697969913482666,-0.0235017523723684,-0.01978588104248047,-0.12008050084114075,-0.003048768229319876,0.021153569221496582,-0.15379607677459717,-0.021409804429396218,0.0015614032745361328,-0.1925761103630066,-0.03386297864793164,-0.00025540590286254883,-0.14618700742721558,-0.020109877418263977,0.004891335964202881,-0.12762245535850525,-0.004347320608331984,fist
0.0,0.0,0.0,-0.05045735836029053,-0.022013723850250244,-0.012475031063928554,-0.0980062484741211,-0.07385575771331787,-0.01836060044266219,-0.11031931638717651,-0.14266446232795715,-0.027547272489442776,-0.0796460509300232,-0.18503272533416748,-0.031856891335024784,-0.08450788259506226,-0.14803150296211243,0.013547949857041885,-0.10299289226531982,-0.19540369510650635,-0.015061057739927719,-0.093203604221344,-0.14080452919006348,-0.02714363169766898,-0.08285200595855713,-0.12431243062019348,-0.030497573883309315,-0.05199551582336426,-0.15850037336349487,0.007612955654934694,-0.07086712121963501,-0.20633387565612793,-0.022086825788989017,-0.06006622314453125,-0.13646727800369263,-0.023021877379193256,-0.048408567905426025,-0.1264289915561676,-0.013588441171719978,-0.01764148473739624,-0.16078460216522217,-0.004846215815319965,-0.03446227312088013,-0.20705664157867432,-0.03517323789097304,-0.029075026512145996,-0.13714581727981567,-0.021531366379036854,-0.019714951515197754,-0.12300029397010803,-0.0016713897781812648,0.02050769329071045,-0.1566859781742096,-0.01908607092596526,0.000988006591796875,-0.19229215383529663,-0.03135188725687499,-0.0013133883476257324,-0.1449492871761322,-0.017972333923950146,0.0049073100090026855,-0.1283993124961853,-0.0027038472323113183,fist
0.0,0.0,0.0,-0.04781842231750488,-0.01763489842414856,-0.014920249487829551,-0.09622997045516968,-0.07059898972511292,-0.02212529340721403,-0.10737425088882446,-0.13961657881736755,-0.03212812999225889,-0.07526111602783203,-0.1815526783466339,-0.037115883919966564,-0.08322429656982422,-0.14584511518478394,0.00892504686527218,-0.10366028547286987,-0.1944575011730194,-0.022058437484872684,-0.09180527925491333,-0.1409517526626587,-0.03433397496081625,-0.0798611044883728,-0.12335342168807983,-0.036955905053389415,-0.049961984157562256,-0.15607988834381104,0.0037652103699770123,-0.06870508193969727,-0.20499542355537415,-0.028285079542172298,-0.0572664737701416,-0.13320431113243103,-0.028130204323304042,-0.04615294933319092,-0.12172633409500122,-0.016843267622959956,-0.014903247356414795,-0.15755635499954224,-0.008237975556028232,-0.0318182110786438,-0.20171967148780823,-0.041644473466647014,-0.02552199363708496,-0.12941280007362366,-0.027227825391662464,-0.016646921634674072,-0.11542734503746033,-0.005625277198475942,0.02401667833328247,-0.1528630256652832,-0.02205844307280813,0.0042288899421691895,-0.18746209144592285,-0.03668106803633009,0.0024991631507873535,-0.13901108503341675,-0.023132557887208804,0.008173704147338867,-0.12287205457687378,-0.006931227072698221,fist
0.0,0.0,0.0,-0.04744607210159302,-0.019156217575073242,-0.014995662915850971,-0.09594070911407471,-0.07283613085746765,-0.02159151756330857,-0.1070559024810791,-0.14202922582626343,-0.030862319703544472,-0.07540827989578247,-0.181908518075943,-0.034921025346363876,-0.08416807651519775,-0.14716622233390808,0.010427060116683151,-0.10365897417068481,-0.1951325535774231,-0.01833110251590142,-0.09213298559188843,-0.14059123396873474,-0.029531163583840225,-0.08101785182952881,-0.12609070539474487,-0.03233675793870816,-0.05090361833572388,-0.1583157479763031,0.00557359265968671,-0.06913721561431885,-0.20504918694496155,-0.024804060767735336,-0.05846458673477173,-0.1346055567264557,-0.02478937753602395,-0.04814732074737549,-0.12538236379623413,-0.014453547495747898,-0.0160980224609375,-0.160007506608963,-0.006030995353455637,-0.03252124786376953,-0.20352467894554138,-0.03748871521219144,-0.0260927677154541,-0.13192445039749146,-0.023353367532934044,-0.0173225998878479,-0.11883148550987244,-0.0029140573007566672,0.02235996723175049,-0.15596741437911987,-0.01957341046198735,0.002744138240814209,-0.18777766823768616,-0.032934044908131455,0.00153350830078125,-0.13952958583831787,-0.019851061935867165,0.007668733596801758,-0.12499630451202393,-0.004644625774915312,fist
0.0,0.0,0.0,-0.04990661144256592,-0.023543596267700195,-0.012469616567528874,-0.09703457355499268,-0.07751306891441345,-0.018157932756281525,-0.10783633589744568,-0.14558708667755127,-0.02718918941710058,-0.07530885934829712,-0.1843125820159912,-0.03155881523881021,-0.08227336406707764,-0.14640602469444275,0.01265488021280703,-0.10064387321472168,-0.1950850784778595,-0.015379484591818482,-0.09166240692138672,-0.14148682355880737,-0.027036689070797593,-0.08038914203643799,-0.12403982877731323,-0.03015890888664785,-0.04989326000213623,-0.1568754017353058,0.006795860512369245,-0.06677824258804321,-0.20622003078460693,-0.02221082322094503,-0.05808889865875244,-0.1376456320285797,-0.022862298263049752,-0.04652291536331177,-0.12594521045684814,-0.013512957690096528,-0.01564115285873413,-0.1584576666355133,-0.0054765751937395635,-0.031396687030792236,-0.20644578337669373,-0.03520392238888803,-0.027245521545410156,-0.1365830898284912,-0.021782351506686837,-0.018130004405975342,-0.12020626664161682,-0.0023630320446557107,0.022124171257019043,-0.15333232283592224,-0.019529497099853188,0.0031411051750183105,-0.18822625279426575,-0.03191855534706178,0.00014269351959228516,-0.14143937826156616,-0.019086880458331734,0.005984067916870117,-0.12433776259422302,-0.004360863787866265,fist
0.0,0.0,0.0,-0.047741711139678955,-0.024970680475234985,-0.01207490005924683,-0.09464967250823975,-0.08152949810028076,-0.0179210866002677,-0.10636037588119507,-0.1508752703666687,-0.02729453352674227,-0.07270348072052002,-0.19061297178268433,-0.032387519454800895,-0.07807862758636475,-0.14722758531570435,0.012967364663040826,-0.09848827123641968,-0.19373080134391785,-0.01599045676573496,-0.08928173780441284,-0.14174261689186096,-0.027618646821224502,-0.07623481750488281,-0.12715938687324524,-0.03043748085781317,-0.04636991024017334,-0.1578931212425232,0.006681276751464793,-0.06516081094741821,-0.20973360538482666,-0.023327818339907935,-0.05717116594314575,-0.14032310247421265,-0.02336733435674887,-0.044703543186187744,-0.1298540234565735,-0.012797835482501796,-0.012223780155181885,-0.15933647751808167,-0.006145158516460469,-0.0301210880279541,-0.20644378662109375,-0.037406256621920875,-0.026252567768096924,-0.13624495267868042,-0.023888478255116752,-0.015872657299041748,-0.12297341227531433,-0.0035444881899593383,0.025621414184570312,-0.15427568554878235,-0.020603126114451698,0.004692435264587402,-0.19150760769844055,-0.03374113721235972,0.002079010009765625,-0.1441250741481781,-0.020573443001353553,0.009654998779296875,-0.12725460529327393,-0.0051685340835092575,fist
0.0,0.0,0.0,-0.04850053787231445,-0.023744136095046997,-0.013183313588172041,-0.09424293041229248,-0.07903161644935608,-0.019812417382865988,-0.10266897082328796,-0.14787831902503967,-0.02975089585271462,-0.06742024421691895,-0.18541225790977478,-0.035262962038189016,-0.07669508457183838,-0.1493488848209381,0.012904494834572233,-0.09291017055511475,-0.19786536693572998,-0.017852923999100767,-0.08548414707183838,-0.14464712142944336,-0.03105182124164685,-0.07555359601974487,-0.1241125762462616,-0.03414497634258851,-0.04406869411468506,-0.15760111808776855,0.006958854684114613,-0.06069880723953247,-0.209396094083786,-0.024882457385331236,-0.05335104465484619,-0.13860145211219788,-0.026265680024891935,-0.042091548442840576,-0.12298330664634705,-0.015697182322412573,-0.009834885597229004,-0.15764766931533813,-0.005764353720962845,-0.025303184986114502,-0.20195338129997253,-0.03820489456740006,-0.022459328174591064,-0.13137394189834595,-0.02509115001049622,-0.013793706893920898,-0.11463996767997742,-0.004212876948088251,0.028236031532287598,-0.1508788764476776,-0.02017656264689549,0.008091270923614502,-0.18679028749465942,-0.033497792834907614,0.005229473114013672,-0.139078289270401,-0.019911050031453215,0.011674284934997559,-0.12125369906425476,-0.003752302311852418,fist
0.0,0.0,0.0,-0.04857814311981201,-0.026939183473587036,-0.009578586033057945,-0.09342360496520996,-0.08407440781593323,-0.014704239963066357,-0.1033792495727539,-0.1528071165084839,-0.02375017426766135,-0.07107394933700562,-0.19199597835540771,-0.028417851252925175,-0.07300293445587158,-0.1488674283027649,0.013453941383886558,-0.09406775236129761,-0.20059731602668762,-0.014272295346927422,-0.08702188730239868,-0.1469084620475769,-0.02478321589387633,-0.07519078254699707,-0.12972503900527954,-0.026927168889415043,-0.04152023792266846,-0.15785372257232666,0.006379633733558876,-0.06075894832611084,-0.2081424593925476,-0.0218995003388045,-0.053739964962005615,-0.1396244764328003,-0.021033549158346432,-0.04150581359863281,-0.129499614238739,-0.010444577260386723,-0.007812857627868652,-0.15845376253128052,-0.0068754669637201005,-0.027425050735473633,-0.20569205284118652,-0.0360109670446036,-0.02403777837753296,-0.13611584901809692,-0.02174889989055373,-0.013041675090789795,-0.1225486695766449,-0.0017906174189192825,0.029981255531311035,-0.1522386074066162,-0.02162559836961009,0.007653534412384033,-0.1876981556415558,-0.03418773919202067,0.004662811756134033,-0.14088791608810425,-0.021182646451961773,0.012778043746948242,-0.12447968125343323,-0.006144089101326244,fist
0.0,0.0,0.0,-0.050137996673583984,-0.03315570950508118,-0.009502725990643057,-0.09155982732772827,-0.08771267533302307,-0.01629688063465551,-0.09992247819900513,-0.15371447801589966,-0.027406663017501387,-0.06592988967895508,-0.19158205389976501,-0.03441991502248243,-0.07048362493515015,-0.15239956974983215,0.014469730352828947,-0.08955079317092896,-0.20271679759025574,-0.015675040276875052,-0.08351927995681763,-0.15002676844596863,-0.028689200373520407,-0.07241207361221313,-0.12944439053535461,-0.031641295494665655,-0.03881072998046875,-0.1585865318775177,0.007056572625259605,-0.056519925594329834,-0.2099861204624176,-0.023218898417582068,-0.050093650817871094,-0.14057233929634094,-0.02432268516920999,-0.03864121437072754,-0.12541016936302185,-0.014347690472533259,-0.005056142807006836,-0.15810170769691467,-0.006645141484369788,-0.023022472858428955,-0.20432132482528687,-0.03718510115348295,-0.020307302474975586,-0.13540545105934143,-0.02352659063242868,-0.01006925106048584,-0.11768946051597595,-0.00296725224532679,0.03300350904464722,-0.1504487693309784,-0.021777369396914992,0.011370182037353516,-0.19042900204658508,-0.033703366609444174,0.007077157497406006,-0.14454278349876404,-0.01945542575620607,0.013758361339569092,-0.12440481781959534,-0.0030971926992435783,fist
0.0,0.0,0.0,-0.050817668437957764,-0.027808666229248047,-0.009885873598818762,-0.09305208921432495,-0.08486449718475342,-0.015084930648868067,-0.1001524031162262,-0.1510343849658966,-0.024252818850641233,-0.07175356149673462,-0.19183725118637085,-0.029609575820927603,-0.06814521551132202,-0.150870680809021,0.013306211726899164,-0.08869266510009766,-0.19912254810333252,-0.01485054469651459,-0.08507835865020752,-0.14873889088630676,-0.02607879783010958,-0.0740308165550232,-0.1318143904209137,-0.02853737208045004,-0.03773200511932373,-0.15850558876991272,0.006205255678082722,-0.058380722999572754,-0.20756244659423828,-0.022478941781287176,-0.05353546142578125,-0.13996213674545288,-0.022458281321291906,-0.03966313600540161,-0.13045132160186768,-0.012429100414578897,-0.004717648029327393,-0.15872713923454285,-0.007092813914482576,-0.026291728019714355,-0.20377960801124573,-0.03859075899219988,-0.02469533681869507,-0.13299697637557983,-0.025335995433692915,-0.012160956859588623,-0.11903831362724304,-0.005450981622402651,0.03238177299499512,-0.15108731389045715,-0.02169225919044493,0.008696913719177246,-0.18909388780593872,-0.03686853121018885,0.0042945146560668945,-0.14040014147758484,-0.02408166597581385,0.013375818729400635,-0.12155672907829285,-0.008548811962668879,fist
0.0,0.0,0.0,-0.05223214626312256,-0.03486359119415283,-0.004211077027377996,-0.0879998505115509,-0.09202161431312561,-0.008048532557097587,-0.09576177597045898,-0.14940020442008972,-0.017173849072662506,-0.071358323097229,-0.18567496538162231,-0.023364311110583458,-0.051809489727020264,-0.1588769257068634,0.01929357645252594,-0.06969118118286133,-0.203632652759552,-0.0057577765811061,-0.07439911365509033,-0.15934741497039795,-0.016998954143730316,-0.0690004825592041,-0.13866624236106873,-0.020179109674302254,-0.025891423225402832,-0.16427689790725708,0.00973029897699007,-0.050575971603393555,-0.2048667073249817,-0.016235487562028084,-0.05049753189086914,-0.14043542742729187,-0.017337793510762367,-0.03477764129638672,-0.13007134199142456,-0.009139814440516147,0.003461301326751709,-0.1630341112613678,-0.005466743864474211,-0.024256885051727295,-0.20091655850410461,-0.033355820950475845,-0.026148676872253418,-0.13488879799842834,-0.021694622960296783,-0.011070847511291504,-0.12139174342155457,-0.004277124561724577,0.03694730997085571,-0.15301701426506042,-0.02165621894260994,0.005904436111450195,-0.18279168009757996,-0.034913502660003815,-0.0016290545463562012,-0.13738390803337097,-0.023403432246652756,0.010284006595611572,-0.12042802572250366,-0.009542265002039585,fist
0.0,0.0,0.0,-0.051333069801330566,-0.032219111919403076,-0.003106209371338764,-0.08850747346878052,-0.08900907635688782,-0.006963365633140484,-0.09799191355705261,-0.1446405053138733,-0.015997200194846073,-0.07882559299468994,-0.18134981393814087,-0.022904726598511616,-0.056224048137664795,-0.1553211808204651,0.020516793321718296,-0.06975811719894409,-0.19848588109016418,-0.0027783328351631553,-0.08016383647918701,-0.17042478919029236,-0.014261098500440994,-0.08229327201843262,-0.15347424149513245,-0.018053787682305256,-0.030601859092712402,-0.16123169660568237,0.010746512640167794,-0.0543939471244812,-0.20492443442344666,-0.01477358482415525,-0.05532127618789673,-0.14190086722373962,-0.016658485788951793,-0.04079192876815796,-0.12522399425506592,-0.008567463528464714,-0.000598609447479248,-0.16107767820358276,-0.004203782804410139,-0.027218997478485107,-0.1985510289669037,-0.031142606321822086,-0.029205143451690674,-0.1354864537715912,-0.020459801811824718,-0.01572394371032715,-0.11923819780349731,-0.003954977650295177,0.033527672290802,-0.1527523398399353,-0.019978414211522022,0.003976106643676758,-0.18237394094467163,-0.03325879100347606,-0.002498805522918701,-0.13734868168830872,-0.022177102897416034,0.008309006690979004,-0.11919036507606506,-0.008810047913442531,fist
0.0,0.0,0.0,-0.04945796728134155,-0.03730589151382446,-0.0018526994111311978,-0.08306467533111572,-0.09105870127677917,-0.006285993703670556,-0.09444597363471985,-0.14256024360656738,-0.01607357230506068,-0.07611650228500366,-0.1778871715068817,-0.02272438895425921,-0.04220223426818848,-0.16073164343833923,0.01747902962841863,-0.0668904185295105,-0.19650638103485107,-0.008143781540013606,-0.0703359842300415,-0.14370685815811157,-0.02054405291102057,-0.06099766492843628,-0.12123352289199829,-0.024829345610953624,-0.020073413848876953,-0.1652216613292694,0.0074217986827420646,-0.04994279146194458,-0.19784408807754517,-0.01925580282232886,-0.04985618591308594,-0.13506457209587097,-0.021070984047867114,-0.03325510025024414,-0.12383174896240234,-0.014234630246676261,0.005329728126525879,-0.16477778553962708,-0.007742232033081109,-0.0291978120803833,-0.1945381462574005,-0.03341133971235877,-0.030248701572418213,-0.13280558586120605,-0.021795752313948924,-0.013949394226074219,-0.1209155023097992,-0.005934398942656571,0.0336836576461792,-0.15604481101036072,-0.02390880961439734,-0.003838837146759033,-0.17718008160591125,-0.0360035606148017,-0.009144008159637451,-0.13486874103546143,-0.02579555366656905,0.0046877264976501465,-0.12154784798622131,-0.013614963595784957,fist
0.0,0.0,0.0,-0.04785144329071045,-0.03717568516731262,-0.005488045920003515,-0.08160945773124695,-0.0922883152961731,-0.011262720391471248,-0.09251359105110168,-0.14403653144836426,-0.0212220409292172,-0.07180160284042358,-0.17860236763954163,-0.02716655371369825,-0.036968231201171875,-0.1689116358757019,0.014778020850997109,-0.06392478942871094,-0.1980951428413391,-0.011174073383529048,-0.06519246101379395,-0.1441536545753479,-0.02356434141876207,-0.05377548933029175,-0.1262328326702118,-0.028267019369025093,-0.013096868991851807,-0.17271694540977478,0.006409864000659127,-0.04653364419937134,-0.19662335515022278,-0.020704318709988456,-0.04577833414077759,-0.13407635688781738,-0.02134203252973066,-0.028577208518981934,-0.12566667795181274,-0.013897956289667945,0.01199108362197876,-0.1707051694393158,-0.007587902188618045,-0.02550685405731201,-0.1901206374168396,-0.03357262251557813,-0.02666175365447998,-0.12974762916564941,-0.021730410807151657,-0.009820163249969482,-0.12136247754096985,-0.005982817091364723,0.03831660747528076,-0.15913552045822144,-0.02306554926218496,-0.0007892847061157227,-0.17446517944335938,-0.03553282929243551,-0.005762934684753418,-0.13295987248420715,-0.02620202576400743,0.008446455001831055,-0.1213245689868927,-0.014688108057100635,fist
0.0,0.0,0.0,-0.045009076595306396,-0.04059040546417236,-0.002460932636211055,-0.07225251197814941,-0.0965811014175415,-0.006584873234430688,-0.08340594172477722,-0.13904407620429993,-0.015428305415014165,-0.07063865661621094,-0.1675732135772705,-0.02030874397377147,-0.019814491271972656,-0.1782931685447693,0.01865345817287789,-0.057611703872680664,-0.19401559233665466,-0.005408178826371568,-0.05911529064178467,-0.1444784700870514,-0.018668601100841897,-0.045555830001831055,-0.1265031397342682,-0.024574646537701028,0.0010452866554260254,-0.18016505241394043,0.009032749759455783,-0.04783743619918823,-0.19305622577667236,-0.01867707427362575,-0.04658252000808716,-0.13361480832099915,-0.022132156228224176,-0.027707815170288086,-0.12144190073013306,-0.016848811691204446,0.019940614700317383,-0.17607495188713074,-0.005575299540112155,-0.034602582454681396,-0.18502727150917053,-0.03150781783978118,-0.033834636211395264,-0.12730443477630615,-0.02186083402256145,-0.01531296968460083,-0.11487698554992676,-0.007564795946279901,0.03490370512008667,-0.16296887397766113,-0.02162647042194976,-0.015125453472137451,-0.16953304409980774,-0.03596411067763938,-0.017316699028015137,-0.1343051791191101,-0.029601450820962327,-0.0019068717956542969,-0.12332668900489807,-0.01964004505197181,fist
0.0,0.0,0.0,-0.0445827841758728,-0.03879973292350769,-0.0037982764356456755,-0.07045924663543701,-0.09375134110450745,-0.008437505008714652,-0.08274692296981812,-0.13551798462867737,-0.017176441865103698,-0.07162004709243774,-0.161349356174469,-0.021609870733755088,-0.015384137630462646,-0.17410296201705933,0.017160065455300355,-0.054047346115112305,-0.18990427255630493,-0.005895927099572873,-0.0535089373588562,-0.14126688241958618,-0.019392896460431075,-0.03776508569717407,-0.12407255172729492,-0.026081038655775046,0.004556834697723389,-0.1762791872024536,0.008593969961566472,-0.04583173990249634,-0.18813133239746094,-0.017749546112554526,-0.043478190898895264,-0.1312161386013031,-0.021435102464693045,-0.024049580097198486,-0.11928620934486389,-0.01704719664348886,0.02219104766845703,-0.17260104417800903,-0.004870522784131026,-0.03399306535720825,-0.18132317066192627,-0.02858787962986753,-0.0321660041809082,-0.12583765387535095,-0.01994488948776052,-0.012725591659545898,-0.11320915818214417,-0.0074320631269984005,0.03559541702270508,-0.160361647605896,-0.02004106903268621,-0.017397284507751465,-0.16518303751945496,-0.03412376718415544,-0.017441153526306152,-0.1307125985622406,-0.02940054239525125,-0.00036966800689697266,-0.11882328987121582,-0.02096013540221975,fist
0.0,0.0,0.0,-0.045732975006103516,-0.04776594042778015,-0.0010383394710515859,-0.06577318906784058,-0.10020583868026733,-0.00598084986449976,-0.07807797193527222,-0.13597559928894043,-0.01479619754718442,-0.07358020544052124,-0.16438165307044983,-0.01891469875590701,0.005566060543060303,-0.17789864540100098,0.016517651134563494,-0.05183178186416626,-0.1930745244026184,-0.006808228923546267,-0.056400835514068604,-0.14772474765777588,-0.02241836222128768,-0.04291188716888428,-0.12801286578178406,-0.030544354713128996,0.01839733123779297,-0.1794264018535614,0.006735860702974605,-0.05204164981842041,-0.19081547856330872,-0.01861773910241027,-0.05286771059036255,-0.13546273112297058,-0.024331345355676604,-0.03127163648605347,-0.1224827766418457,-0.02231983760611911,0.025684714317321777,-0.17341351509094238,-0.007017778831141186,-0.045725345611572266,-0.18006038665771484,-0.02874996247010131,-0.04595065116882324,-0.12580224871635437,-0.020693670159744215,-0.024100005626678467,-0.11418122053146362,-0.009888807444440317,0.024309396743774414,-0.15848618745803833,-0.022268637216257048,-0.03432542085647583,-0.15640315413475037,-0.03626459757106204,-0.033804118633270264,-0.11996805667877197,-0.031890011525320006,-0.013660609722137451,-0.10998907685279846,-0.023956903389262152,fist
0.0,0.0,0.0,-0.047645509243011475,-0.04473111033439636,-0.0016289418249755272,-0.06903916597366333,-0.0989672839641571,-0.006727164230625249,-0.08086493611335754,-0.13585251569747925,-0.015222129962722875,-0.07625660300254822,-0.1654301881790161,-0.018709909721593476,0.001530766487121582,-0.177394837141037,0.015311689496655845,-0.05541527271270752,-0.1954091489315033,-0.008630686058978654,-0.05919009447097778,-0.14961650967597961,-0.02468768748579464,-0.045094072818756104,-0.12941929697990417,-0.03312477897046051,0.01551365852355957,-0.1789054572582245,0.005758292422314071,-0.05461239814758301,-0.19397830963134766,-0.019553814634065247,-0.05407613515853882,-0.1378408670425415,-0.024492480411510087,-0.03139078617095947,-0.12421822547912598,-0.021971464707831956,0.023506641387939453,-0.1739213764667511,-0.007914146027843572,-0.04794114828109741,-0.1837957501411438,-0.029906454115490533,-0.04724586009979248,-0.12840047478675842,-0.021181164860109902,-0.024538040161132812,-0.11482688784599304,-0.01011031548617325,0.022565364837646484,-0.16113772988319397,-0.023227966009955026,-0.03763425350189209,-0.15986904501914978,-0.03884410913227043,-0.03599303960800171,-0.12189328670501709,-0.03531373719809494,-0.015125095844268799,-0.11032390594482422,-0.027778858869652368,fist
0.0,0.0,0.0,-0.05333155393600464,-0.05202159285545349,-0.0023407339973005037,-0.07458275556564331,-0.10521596670150757,-0.010894847327620027,-0.08993986248970032,-0.14311373233795166,-0.021879115367084978,-0.08621382713317871,-0.1736210584640503,-0.028301575446278093,0.01244896650314331,-0.18159037828445435,0.007348423598557474,-0.059310853481292725,-0.19907701015472412,-0.013578105011731623,-0.06306654214859009,-0.1525033414363861,-0.030525000059753893,-0.04700654745101929,-0.1315099596977234,-0.04102048766031885,0.020685195922851562,-0.18075421452522278,-0.0011824262251707296,-0.06488507986068726,-0.19823342561721802,-0.024223084786683557,-0.06528890132904053,-0.14817404747009277,-0.03214796748176241,-0.0426061749458313,-0.12931540608406067,-0.03422589343205118,0.017278075218200684,-0.17137691378593445,-0.01220448244527006,-0.0634453296661377,-0.18827784061431885,-0.02901928056195402,-0.06345158815383911,-0.14098390936851501,-0.02175415795460367,-0.040490806102752686,-0.1244170069694519,-0.014553470762223242,0.0040967464447021484,-0.15560078620910645,-0.024799968341142176,-0.05925852060317993,-0.15780359506607056,-0.03760953363195085,-0.05768239498138428,-0.12407428026199341,-0.03468883898273134,-0.0362282395362854,-0.11097782850265503,-0.0291998919488492,fist
0.0,0.0,0.0,-0.054232120513916016,-0.05283010005950928,-0.0026824284733493187,-0.07336044311523438,-0.10581618547439575,-0.010914320723827586,-0.08649927377700806,-0.1426030993461609,-0.021387953908856616,-0.08414411544799805,-0.17414739727973938,-0.02722508706312965,0.011951088905334473,-0.1837722659111023,0.007944542316977277,-0.059032976627349854,-0.2004013955593109,-0.013530110606666312,-0.06164342164993286,-0.153131365776062,-0.03059698328536342,-0.045256614685058594,-0.13294467329978943,-0.041013762952502475,0.02035510540008545,-0.18154877424240112,-0.0006400795692798056,-0.06322640180587769,-0.19935673475265503,-0.024477840067561374,-0.06241130828857422,-0.14822310209274292,-0.03280529812138866,-0.04024863243103027,-0.1308884620666504,-0.034866627903397784,0.01754164695739746,-0.17198017239570618,-0.011920382866378532,-0.0617251992225647,-0.18893322348594666,-0.03016337067049335,-0.06085079908370972,-0.14024773240089417,-0.023396475838239894,-0.03859943151473999,-0.12502145767211914,-0.016061599032695995,0.004729747772216797,-0.15657088160514832,-0.024703713731582866,-0.059081315994262695,-0.16094934940338135,-0.03828655243080448,-0.056166768074035645,-0.12590071558952332,-0.03533195391457866,-0.03419148921966553,-0.11342987418174744,-0.029588726015504108,fist
0.0,0.0,0.0,-0.051867008209228516,-0.047272711992263794,-0.005427934329702566,-0.07267248630523682,-0.09713718295097351,-0.015201292101039598,-0.08939158916473389,-0.13319852948188782,-0.02635387900073738,-0.09098434448242188,-0.16340035200119019,-0.03293211581905098,0.010962069034576416,-0.1810024380683899,0.0022322415767916937,-0.06117826700210571,-0.2015221118927002,-0.018682811509563635,-0.0654025673866272,-0.15640318393707275,-0.03490533876021118,-0.05026799440383911,-0.13585630059242249,-0.04464492770631523,0.016597330570220947,-0.18035870790481567,-0.004194055318578194,-0.06765753030776978,-0.2001950442790985,-0.02682566094000549,-0.06720370054244995,-0.15193846821784973,-0.034044584359719465,-0.046430349349975586,-0.13426539301872253,-0.035783870246007154,0.011069059371948242,-0.17057305574417114,-0.013120480913414667,-0.06780290603637695,-0.18672487139701843,-0.03010393130381317,-0.06676006317138672,-0.14156630635261536,-0.023834778096272657,-0.04555404186248779,-0.12646633386611938,-0.01729163164992542,-0.003995537757873535,-0.15424519777297974,-0.023698516290380667,-0.06628197431564331,-0.15654206275939941,-0.036659238960339735,-0.06329357624053955,-0.12331357598304749,-0.03477888005573959,-0.0427401065826416,-0.10973960161209106,-0.030207047339274595,fist
0.0,0.0,0.0,-0.05465245246887207,-0.04811331629753113,-0.0024736408617798133,-0.07472509145736694,-0.09988591074943542,-0.010011599772468571,-0.09061557054519653,-0.1387903094291687,-0.019489243068591122,-0.09341895580291748,-0.17004284262657166,-0.02435140255917645,0.007912993431091309,-0.18165159225463867,0.006431822291716571,-0.06375455856323242,-0.20236092805862427,-0.014313079790071015,-0.06581366062164307,-0.15433064103126526,-0.02992720473636723,-0.049410879611968994,-0.13246262073516846,-0.03868211563755608,0.014228403568267822,-0.18188607692718506,-0.0008061882931258424,-0.06906890869140625,-0.20194900035858154,-0.022798505985036854,-0.06919580698013306,-0.1522778868675232,-0.029228601046696667,-0.0483819842338562,-0.1352158486843109,-0.03012004625131226,0.009325921535491943,-0.1734527051448822,-0.010485114903048043,-0.06859338283538818,-0.1907331645488739,-0.027584170364633565,-0.06929302215576172,-0.14316624402999878,-0.020635479503170018,-0.04804712533950806,-0.12823763489723206,-0.013115298376277451,-0.005775511264801025,-0.1589931845664978,-0.021454328113094334,-0.06758153438568115,-0.1634073555469513,-0.03395763915111161,-0.06557291746139526,-0.12842610478401184,-0.03095954787065125,-0.04458320140838623,-0.11502978205680847,-0.025212304108634953,fist
0.0,0.0,0.0,-0.052627384662628174,-0.05054834485054016,-0.0038529687219011066,-0.07259303331375122,-0.10092568397521973,-0.012684258784418034,-0.08817046880722046,-0.13867247104644775,-0.023388764041726517,-0.08906805515289307,-0.16980862617492676,-0.02967874907261603,0.0080183744430542,-0.18189001083374023,0.005192357429052663,-0.06024748086929321,-0.20049509406089783,-0.013790732401673722,-0.06311893463134766,-0.15406614542007446,-0.028741194087331223,-0.04751706123352051,-0.13483747839927673,-0.03789945893294089,0.014310598373413086,-0.1812860369682312,-0.001523583580990362,-0.06561177968978882,-0.19923126697540283,-0.022703938338224816,-0.06615805625915527,-0.15192008018493652,-0.02936710432476275,-0.045798420906066895,-0.13552570343017578,-0.030877813848917413,0.00926274061203003,-0.1721867322921753,-0.010555320571427274,-0.06604087352752686,-0.18752306699752808,-0.026537766832177567,-0.0664604902267456,-0.14331930875778198,-0.019905237633054185,-0.0458376407623291,-0.12888485193252563,-0.013178330998186993,-0.0057659149169921875,-0.15701377391815186,-0.021066887456242966,-0.06550335884094238,-0.15936291217803955,-0.03286415539986365,-0.06380218267440796,-0.12631243467330933,-0.029968910071318078,-0.044044315814971924,-0.11262154579162598,-0.024751285243098664,fist
0.0,0.0,0.0,-0.05407744646072388,-0.052486300468444824,-0.0017384411084719886,-0.07400888204574585,-0.10366323590278625,-0.00943893513337457,-0.08891314268112183,-0.14137935638427734,-0.019910348045385717,-0.08880969882011414,-0.17324841022491455,-0.025743690716780065,0.009731888771057129,-0.18224436044692993,0.010780055609785677,-0.06067162752151489,-0.19881901144981384,-0.010570425006307005,-0.06251049041748047,-0.15066424012184143,-0.026989677387035726,-0.04614657163619995,-0.1293373703956604,-0.03635696827129209,0.017260193824768066,-0.18232977390289307,0.0020732049115679274,-0.06498891115188599,-0.19816771149635315,-0.0216144131745466,-0.06339472532272339,-0.14703169465065002,-0.029380980345166563,-0.042008280754089355,-0.12981998920440674,-0.03044692001000726,0.01381838321685791,-0.17482751607894897,-0.009491285706616281,-0.06372648477554321,-0.18815353512763977,-0.028047119664705633,-0.06224614381790161,-0.13925328850746155,-0.02156078948334539,-0.04093509912490845,-0.12406820058822632,-0.013653166058219313,0.00017386674880981445,-0.16093391180038452,-0.022474074202335714,-0.06117981672286987,-0.1612968146800995,-0.03568364067629659,-0.05815780162811279,-0.1259971261024475,-0.03274281828359449,-0.037629127502441406,-0.11295175552368164,-0.026649385156787275,fist
0.0,0.0,0.0,-0.054788172245025635,-0.05399954319000244,0.001957589904748147,-0.07300245761871338,-0.10399505496025085,-0.0045053100632799215,-0.08707058429718018,-0.13815227150917053,-0.014629572019941861,-0.08633923530578613,-0.1675494909286499,-0.020498073981173093,0.012616455554962158,-0.18160244822502136,0.013406335986189788,-0.05544966459274292,-0.19847381114959717,-0.0069529612968040055,-0.05779188871383667,-0.1517755687236786,-0.02323494976855045,-0.04183846712112427,-0.13203656673431396,-0.0331538946787191,0.021648943424224854,-0.180303156375885,0.002362919882841652,-0.059352338314056396,-0.19667351245880127,-0.020156466723449284,-0.05868124961853027,-0.14598003029823303,-0.02793165421581989,-0.036746859550476074,-0.13023486733436584,-0.0297728528688026,0.020124614238739014,-0.17149949073791504,-0.011243361369736249,-0.05724692344665527,-0.18564549088478088,-0.028451900319225842,-0.05655562877655029,-0.13691318035125732,-0.02139342887795692,-0.034782230854034424,-0.12281391024589539,-0.013979680226213986,0.008364260196685791,-0.15654486417770386,-0.026024178923137242,-0.054142892360687256,-0.15971440076828003,-0.037882990525133664,-0.05173617601394653,-0.12499791383743286,-0.033971990780003125,-0.030624568462371826,-0.11302328109741211,-0.02789783975578075,fist
0.0,0.0,0.0,-0.053018271923065186,-0.05270981788635254,-0.0031675855366017913,-0.07247883081436157,-0.10396289825439453,-0.012022049233081589,-0.08581089973449707,-0.13964292407035828,-0.023277921668949375,-0.08223673701286316,-0.17182332277297974,-0.029927188597383747,0.01570528745651245,-0.1803589165210724,0.008129856482383957,-0.05336421728134155,-0.19686418771743774,-0.013510340891542683,-0.055121779441833496,-0.14990735054016113,-0.030932819537582645,-0.03772282600402832,-0.1308201253414154,-0.04189051135605837,0.02419757843017578,-0.17916110157966614,-0.0006213024693977331,-0.058776795864105225,-0.19707119464874268,-0.024354728005590687,-0.05800431966781616,-0.14664438366889954,-0.032688764922085056,-0.035177409648895264,-0.13009944558143616,-0.03513246222561861,0.02192366123199463,-0.17056581377983093,-0.012191684983434925,-0.05695700645446777,-0.18687021732330322,-0.03029874718910719,-0.05648183822631836,-0.13842922449111938,-0.02311233624047304,-0.03413945436477661,-0.12323379516601562,-0.01585717319673563,0.009979844093322754,-0.1555173397064209,-0.02544042102223898,-0.05310541391372681,-0.15852725505828857,-0.03905176191753412,-0.05088627338409424,-0.12361231446266174,-0.036021551184120426,-0.029191553592681885,-0.11089023947715759,-0.03045136115676428,fist
0.0,0.0,0.0,-0.050373733043670654,-0.05042394995689392,-0.00437519297619815,-0.06933528184890747,-0.10308590531349182,-0.011877743235430671,-0.08092567324638367,-0.13834825158119202,-0.021896491466662837,-0.07549789547920227,-0.16790693998336792,-0.02688129123916383,0.01667332649230957,-0.17789718508720398,0.011280930892922925,-0.04964703321456909,-0.19196265935897827,-0.012171987152299835,-0.05128747224807739,-0.14446386694908142,-0.029954154683849765,-0.03299605846405029,-0.12667813897132874,-0.04055369709303136,0.02583092451095581,-0.17729046940803528,0.002862420457773851,-0.05294376611709595,-0.19175323843955994,-0.02212839078774209,-0.05177104473114014,-0.13958057761192322,-0.029712504415414287,-0.027501046657562256,-0.12727069854736328,-0.030700574337146236,0.026192188262939453,-0.17054671049118042,-0.009321503049335433,-0.04987776279449463,-0.1824740767478943,-0.029870516328713848,-0.049618661403656006,-0.13137200474739075,-0.02275623258819337,-0.02667325735092163,-0.11900296807289124,-0.014383038214049293,0.017791390419006348,-0.15676605701446533,-0.02342316385974641,-0.044054508209228516,-0.15729868412017822,-0.03855621878673787,-0.042175352573394775,-0.12104204297065735,-0.035969239367744876,-0.020401597023010254,-0.1098039448261261,-0.029985761909387065,fist
0.0,0.0,0.0,-0.04917299747467041,-0.04714292287826538,-0.005188123947675649,-0.06823498010635376,-0.10072523355484009,-0.013127250755871955,-0.0795702338218689,-0.13696429133415222,-0.023287965143765632,-0.07353031635284424,-0.16854512691497803,-0.02819575571521682,0.01770251989364624,-0.17519241571426392,0.010211190981124219,-0.04767030477523804,-0.19251689314842224,-0.01350379378601474,-0.04952287673950195,-0.1458938717842102,-0.031373132179226104,-0.031249165534973145,-0.12749335169792175,-0.04198143274589938,0.027575194835662842,-0.1744905710220337,0.00246283838458794,-0.051301658153533936,-0.19205552339553833,-0.022413103068913642,-0.0512731671333313,-0.14084789156913757,-0.0298626405845539,-0.027343392372131348,-0.12740856409072876,-0.030901441509570304,0.027889013290405273,-0.16805508732795715,-0.009091044935132686,-0.04833883047103882,-0.18188855051994324,-0.02955085613831443,-0.04915565252304077,-0.1317119598388672,-0.022334283376778785,-0.026058673858642578,-0.11854109168052673,-0.013976875851597015,0.018834173679351807,-0.15558141469955444,-0.02257208914562625,-0.043359339237213135,-0.15827670693397522,-0.03731312618657512,-0.04230785369873047,-0.1223524808883667,-0.03459472970172328,-0.020763874053955078,-0.11035019159317017,-0.028676096508945648,fist
0.0,0.0,0.0,-0.047503769397735596,-0.047325462102890015,-0.0059849203325939015,-0.06684127449989319,-0.10199031233787537,-0.013749550817919953,-0.07808315753936768,-0.13912254571914673,-0.023804063698662503,-0.07140827178955078,-0.1693536639213562,-0.028578317514075025,0.018096923828125,-0.1769084632396698,0.01037268640993716,-0.047142207622528076,-0.19305458664894104,-0.012638496024919732,-0.05065310001373291,-0.14608407020568848,-0.029273045039190038,-0.03294646739959717,-0.12811526656150818,-0.03892443587483285,0.02868795394897461,-0.17479681968688965,0.0028031265601384803,-0.04873526096343994,-0.19144928455352783,-0.021848222962034924,-0.05006241798400879,-0.13992363214492798,-0.028117953589571698,-0.026184380054473877,-0.12696623802185059,-0.027995302131785138,0.02983027696609497,-0.1671724021434784,-0.00880986337961076,-0.04453855752944946,-0.18288499116897583,-0.029591032093776448,-0.04716736078262329,-0.13292163610458374,-0.02166931589545129,-0.024651408195495605,-0.11939150094985962,-0.012399705848110898,0.02214634418487549,-0.15343433618545532,-0.022455065301073773,-0.03761690855026245,-0.16039016842842102,-0.03730725755394815,-0.03930509090423584,-0.12541982531547546,-0.03409155344070314,-0.019489586353302002,-0.1122618317604065,-0.027418908453000768,fist
0.0,0.0,0.0,-0.047262609004974365,-0.0475786030292511,-0.005601538488093638,-0.0677100121974945,-0.10331901907920837,-0.01319835349303844,-0.07938158512115479,-0.14148256182670593,-0.02324589076769712,-0.0696362853050232,-0.1710788905620575,-0.027769454897764945,0.01815032958984375,-0.17659172415733337,0.012470315067645288,-0.04591643810272217,-0.1922919750213623,-0.010206944452050948,-0.04843330383300781,-0.14543578028678894,-0.026940905631903433,-0.030346691608428955,-0.1291651427745819,-0.03690291676056745,0.02876293659210205,-0.17520976066589355,0.0044411545121931795,-0.04864656925201416,-0.19166287779808044,-0.0197734768999851,-0.04940295219421387,-0.13951048254966736,-0.026171569855335974,-0.02520430088043213,-0.12738406658172607,-0.026289348633412146,0.029793143272399902,-0.1688663363456726,-0.00776005830002191,-0.04475635290145874,-0.1835302710533142,-0.02825004342329862,-0.046763062477111816,-0.13249990344047546,-0.020473276407841468,-0.023675978183746338,-0.11942583322525024,-0.011392010518733287,0.021121561527252197,-0.15671515464782715,-0.022033144862774634,-0.038988590240478516,-0.1632288098335266,-0.03629521387946966,-0.03955560922622681,-0.1274009346961975,-0.032968075157526755,-0.01856088638305664,-0.11465808749198914,-0.026418493272188925,fist
0.0,0.0,0.0,-0.0416644811630249,-0.04268842935562134,-0.0038687138590489667,-0.06442692875862122,-0.09594592452049255,-0.010247907019731883,-0.07657819986343384,-0.13540369272232056,-0.020371942199346904,-0.06584790349006653,-0.16430053114891052,-0.025727767847058658,0.0007405281066894531,-0.17025700211524963,0.016631038509729024,-0.04718738794326782,-0.1886548399925232,-0.006711997441527728,-0.0517842173576355,-0.1442509889602661,-0.02223766816365469,-0.0377802848815918,-0.1222521960735321,-0.030109307147142772,0.015430271625518799,-0.1705043911933899,0.008038856670680161,-0.04448431730270386,-0.18758046627044678,-0.01694606093275297,-0.045218706130981445,-0.1335827112197876,-0.02228664269256342,-0.024123787879943848,-0.11862799525260925,-0.019823441631672267,0.02610105276107788,-0.16591447591781616,-0.005228774040517692,-0.036663949489593506,-0.1809297502040863,-0.02726754581141222,-0.03823882341384888,-0.1275501549243927,-0.0204400107036804,-0.01759970188140869,-0.11123347282409668,-0.010145258508202915,0.03010004758834839,-0.15358299016952515,-0.02029294183063257,-0.02573329210281372,-0.16323956847190857,-0.034070672817108516,-0.02746713161468506,-0.1286691427230835,-0.030831480748531703,-0.009632766246795654,-0.11321505904197693,-0.023724200553772334,fist
0.0,0.0,0.0,-0.04417550563812256,-0.04476898908615112,-0.0016825222005252272,-0.06626561284065247,-0.09765344858169556,-0.006455914542556229,-0.0788840651512146,-0.1351187825202942,-0.015129415743530217,-0.06589636206626892,-0.16114917397499084,-0.01893446264463705,-0.0024257898330688477,-0.16785073280334473,0.01773588875633436,-0.04909700155258179,-0.1844477355480194,-0.0032152679809485107,-0.05092555284500122,-0.14031633734703064,-0.01717975219386858,-0.036013901233673096,-0.12225934863090515,-0.02474566591578764,0.011912941932678223,-0.16900700330734253,0.008895606308698234,-0.04729658365249634,-0.18388956785202026,-0.014470085926831189,-0.046262383460998535,-0.13055968284606934,-0.018972935580194417,-0.024619877338409424,-0.11914053559303284,-0.01655593556958479,0.02294701337814331,-0.16604870557785034,-0.0041113257934455305,-0.038903772830963135,-0.17851698398590088,-0.024172313936531964,-0.03925347328186035,-0.1260984241962433,-0.016285799868882123,-0.018019556999206543,-0.11356374621391296,-0.0058539448832277685,0.02685457468032837,-0.1550160050392151,-0.01871687030094904,-0.02762603759765625,-0.16102668642997742,-0.030380778439820233,-0.027380704879760742,-0.12710750102996826,-0.025780175306380215,-0.007975578308105469,-0.11477908492088318,-0.01832471644181055,fist
0.0,0.0,0.0,-0.044499337673187256,-0.03772959113121033,-0.0020747725912144688,-0.0702875554561615,-0.08976629376411438,-0.006012067996408632,-0.08183223009109497,-0.1284809410572052,-0.014125885773893287,-0.06982040405273438,-0.15603190660476685,-0.01770860455602019,-0.020008563995361328,-0.16158753633499146,0.017624263319675038,-0.057029664516448975,-0.18347927927970886,-0.005539866496320656,-0.05761691927909851,-0.13857027888298035,-0.018998925906117847,-0.0433194637298584,-0.12066838145256042,-0.02518863171010821,-0.0011563897132873535,-0.1636863648891449,0.008963104005459854,-0.04782980680465698,-0.18425413966178894,-0.01701425887316077,-0.0455547571182251,-0.1278335452079773,-0.02073621689945071,-0.025443673133850098,-0.11547529697418213,-0.016178842034634044,0.016750872135162354,-0.16330429911613464,-0.0044024101053139475,-0.03581202030181885,-0.1803683340549469,-0.026730629947479656,-0.034644246101379395,-0.1251792013645172,-0.018211753439601353,-0.01409679651260376,-0.11201292276382446,-0.0060377743621131685,0.031189024448394775,-0.15531319379806519,-0.01926657683819144,-0.01937580108642578,-0.16700628399848938,-0.03184841140776484,-0.019869089126586914,-0.1323058009147644,-0.026848485094006946,-0.0017287731170654297,-0.11908265948295593,-0.018519799557026317,fist
0.0,0.0,0.0,-0.042260944843292236,-0.03830903768539429,0.00023040118963990608,-0.06651318073272705,-0.09224656224250793,-0.002143491697040645,-0.08033278584480286,-0.13065189123153687,-0.009450046983090488,-0.06965839862823486,-0.15800100564956665,-0.012738368180123416,-0.015252888202667236,-0.16386544704437256,0.021712023127349767,-0.05171579122543335,-0.1860448718070984,0.0006946719395841683,-0.054638028144836426,-0.14145579934120178,-0.011157773141292182,-0.04174196720123291,-0.12042653560638428,-0.016205358025160876,0.0019260048866271973,-0.16692933440208435,0.012135175350579175,-0.044996440410614014,-0.18662622570991516,-0.011971776079860774,-0.045139431953430176,-0.13099363446235657,-0.015256552663174716,-0.025946438312530518,-0.11682885885238647,-0.010369793218103496,0.01847994327545166,-0.16583991050720215,-0.001957069788602439,-0.034497737884521484,-0.18169158697128296,-0.023703262847391215,-0.03444850444793701,-0.12719526886940002,-0.015387206975844947,-0.014258921146392822,-0.11380738019943237,-0.0030152291846547996,0.03098750114440918,-0.15660658478736877,-0.017282223966446963,-0.019320309162139893,-0.16655424237251282,-0.02925764274272069,-0.020228862762451172,-0.13227394223213196,-0.023830272894826976,-0.0018706321716308594,-0.1193249523639679,-0.015116725754467097,fist
0.0,0.0,0.0,-0.04512876272201538,-0.02925249934196472,-0.005186968675843673,-0.0797775387763977,-0.08702951669692993,-0.008951883955887752,-0.09543865919113159,-0.13614028692245483,-0.016521875008038478,-0.07785695791244507,-0.16428646445274353,-0.020261271118215518,-0.04407477378845215,-0.1570698320865631,0.017123531357356114,-0.07113301753997803,-0.18642735481262207,-0.0049043295039155055,-0.06929212808609009,-0.14170095324516296,-0.016131989850691753,-0.05494692921638489,-0.12345746159553528,-0.020354408963612514,-0.022383928298950195,-0.1630314290523529,0.010872580849536462,-0.05455070734024048,-0.19192564487457275,-0.013541767566493945,-0.05192357301712036,-0.1349828839302063,-0.01575686801879783,-0.03509038686752319,-0.11927875876426697,-0.009185689694277244,0.001678168773651123,-0.1645309329032898,-0.00040789448030409403,-0.035833001136779785,-0.1902589499950409,-0.023287428735784488,-0.034376561641693115,-0.1326272189617157,-0.01551245451628347,-0.016101598739624023,-0.11707139015197754,-0.002646700439072447,0.026632845401763916,-0.15858453512191772,-0.012965204387000995,-0.013311028480529785,-0.17834484577178955,-0.025012482150486903,-0.01601332426071167,-0.1386801302433014,-0.019285587786725955,-0.00014442205429077148,-0.12194210290908813,-0.01018695366292377,fist
0.0,0.0,0.0,-0.049645304679870605,-0.024817287921905518,-0.006372477411019872,-0.09115180373191833,-0.07993590831756592,-0.011088395974326204,-0.10446441173553467,-0.13558951020240784,-0.020065834297525953,-0.08079835772514343,-0.17087414860725403,-0.025931890605676244,-0.06532332301139832,-0.14290183782577515,0.012461069488239218,-0.09089341759681702,-0.17816969752311707,-0.011591264529812406,-0.08408182859420776,-0.13247650861740112,-0.022076621203410696,-0.06899818778038025,-0.11980471014976501,-0.025383499934065412,-0.04077869653701782,-0.15165454149246216,0.005916779843431641,-0.06506341695785522,-0.1870567798614502,-0.020281189604389738,-0.056084513664245605,-0.12712910771369934,-0.020802177040565084,-0.03974330425262451,-0.11687576770782471,-0.012566685228335928,-0.012115478515625,-0.1559717059135437,-0.0057165390054763066,-0.04009777307510376,-0.19094723463058472,-0.031595274357783865,-0.033843159675598145,-0.1286160945892334,-0.02077547043441541,-0.017469942569732666,-0.11410853266716003,-0.004825914761710237,0.020744025707244873,-0.15399232506752014,-0.018493033497321676,-0.009458422660827637,-0.18577396869659424,-0.031249183713185857,-0.010807633399963379,-0.1429293155670166,-0.021930038480746816,0.002205371856689453,-0.12514746189117432,-0.010004501341569494,fist
0.0,0.0,0.0,-0.050286173820495605,-0.027398884296417236,-0.005497040447068002,-0.09118229150772095,-0.07944756746292114,-0.009875988342088249,-0.10684841871261597,-0.1358654797077179,-0.019090072937530067,-0.08283436298370361,-0.17441287636756897,-0.025675505154055145,-0.06493732333183289,-0.14199143648147583,0.01758544916637561,-0.08892452716827393,-0.1789582073688507,-0.006617835942876127,-0.08287462592124939,-0.13351476192474365,-0.017121616505306747,-0.06848636269569397,-0.12029314041137695,-0.01967537378541806,-0.0404587984085083,-0.15048521757125854,0.010385564774054501,-0.06478378176689148,-0.19292739033699036,-0.015937352307361152,-0.057205408811569214,-0.13059672713279724,-0.017136100433987167,-0.04101753234863281,-0.11762228608131409,-0.00798049451432803,-0.012427866458892822,-0.154558002948761,-0.002067797338810351,-0.04029327630996704,-0.19180351495742798,-0.029063444338959243,-0.03434985876083374,-0.12819156050682068,-0.0192161777394233,-0.018656432628631592,-0.11240378022193909,-0.002234900823083308,0.020075857639312744,-0.15246179699897766,-0.015355857774835613,-0.010395646095275879,-0.18660968542099,-0.02730602746478894,-0.01092308759689331,-0.14308634400367737,-0.016675505541485336,0.0024782419204711914,-0.12433961033821106,-0.0031978078058330084,fist
0.0,0.0,0.0,-0.047804296016693115,-0.01996755599975586,-0.008506796655325388,-0.09465935826301575,-0.07387849688529968,-0.013069119636980986,-0.10906696319580078,-0.13666382431983948,-0.02153643253919313,-0.08169296383857727,-0.1742514669895172,-0.02653329852697084,-0.07553690671920776,-0.13772299885749817,0.014629433530302549,-0.09739768505096436,-0.17966577410697937,-0.011173354794351553,-0.08859527111053467,-0.13133838772773743,-0.02129311334070394,-0.07552289962768555,-0.11858683824539185,-0.02316284585472772,-0.04700678586959839,-0.14779537916183472,0.008843782956631685,-0.06808227300643921,-0.1893441379070282,-0.018413821567861532,-0.05739787220954895,-0.12694963812828064,-0.017911216576663946,-0.04399806261062622,-0.11747986078262329,-0.0073048526952845805,-0.016094088554382324,-0.15155932307243347,-0.0027928001779002898,-0.03909200429916382,-0.18723905086517334,-0.030512146984307265,-0.030813872814178467,-0.12358927726745605,-0.018650902767745947,-0.018004655838012695,-0.11206328868865967,-0.00029794229854473997,0.01911848783493042,-0.15020298957824707,-0.015590629872946238,-0.006508827209472656,-0.18195360898971558,-0.027395908122031187,-0.004772365093231201,-0.13762149214744568,-0.015890719701616263,0.0063651204109191895,-0.12329283356666565,-0.0019057432488409631,fist
0.0,0.0,0.0,-0.05023887753486633,-0.019115686416625977,-0.010551485393904159,-0.09949153661727905,-0.07020524144172668,-0.015675422896407554,-0.11608642339706421,-0.1322402060031891,-0.02446013798262925,-0.08914229273796082,-0.17406019568443298,-0.029080151741169402,-0.08367091417312622,-0.13533514738082886,0.014576903383471063,-0.10774341225624084,-0.18046844005584717,-0.011439255599640319,-0.09785127639770508,-0.13226288557052612,-0.02046562281694264,-0.08531853556632996,-0.11982518434524536,-0.021314292375706145,-0.0552155077457428,-0.1476522982120514,0.009279475386477998,-0.07658720016479492,-0.18977749347686768,-0.01799650972034783,-0.06408950686454773,-0.12517288327217102,-0.016277385105155417,-0.050680577754974365,-0.11824724078178406,-0.004499509160183379,-0.023662447929382324,-0.1522262990474701,-0.00226308980282397,-0.045132458209991455,-0.18748822808265686,-0.030708045859597632,-0.035189151763916016,-0.12263849377632141,-0.017563733433149764,-0.021775662899017334,-0.11409211158752441,0.00208022452633827,0.012307524681091309,-0.15120559930801392,-0.015241740432344386,-0.011316835880279541,-0.18242383003234863,-0.027219684024117896,-0.009508371353149414,-0.1378902792930603,-0.014657993961833427,0.0012704730033874512,-0.12480348348617554,0.00041003363648428603,fist
0.0,0.0,0.0,-0.05163693428039551,-0.023912370204925537,-0.007985086140450903,-0.09942960739135742,-0.07346519827842712,-0.012694518973347613,-0.11542278528213501,-0.1354159414768219,-0.02216584790241427,-0.08689162135124207,-0.17960116267204285,-0.027869250585553118,-0.08540043234825134,-0.137356698513031,0.01822709668684297,-0.11133608222007751,-0.18235409259796143,-0.0077483816605479205,-0.10056930780410767,-0.13554781675338745,-0.017921326642152735,-0.08636346459388733,-0.1203237771987915,-0.0194969381738872,-0.05712080001831055,-0.14978712797164917,0.011445910709682039,-0.08067241311073303,-0.19316551089286804,-0.01542048431676335,-0.06753867864608765,-0.13037621974945068,-0.015414532234188982,-0.0533623993396759,-0.11940541863441467,-0.005143717357185551,-0.02521049976348877,-0.15536418557167053,-0.0014337411450640047,-0.048911869525909424,-0.1938694715499878,-0.029456615408179232,-0.03867185115814209,-0.12969914078712463,-0.017317611684319445,-0.024923264980316162,-0.11459887027740479,0.0017168932061224496,0.01146012544631958,-0.1553972363471985,-0.015583670658287474,-0.015250682830810547,-0.1888538897037506,-0.026753352915164896,-0.01348203420639038,-0.145403653383255,-0.014284362045344778,-0.002071201801300049,-0.12814143300056458,0.0006005737630232488,fist
0.0,0.0,0.0,-0.0514756441116333,-0.019749045372009277,-0.010832762158202058,-0.0999632179737091,-0.06762358546257019,-0.017007015458034402,-0.11591103672981262,-0.13080263137817383,-0.027135817146586305,-0.08887732028961182,-0.17569246888160706,-0.032703406921314127,-0.08742499351501465,-0.13713997602462769,0.012971162052167529,-0.11428159475326538,-0.18393689393997192,-0.01623761448888672,-0.10150390863418579,-0.13347405195236206,-0.027482073566602594,-0.08763208985328674,-0.11793437600135803,-0.029274349844740755,-0.0582563579082489,-0.14925768971443176,0.006984535326523655,-0.08253496885299683,-0.1925126016139984,-0.02205094490079773,-0.06732535362243652,-0.12531039118766785,-0.020704164913581735,-0.05399060249328613,-0.11817902326583862,-0.00935987364380253,-0.02582108974456787,-0.15402182936668396,-0.005495989507721788,-0.049751877784729004,-0.19425436854362488,-0.035686116478132135,-0.03815460205078125,-0.1257103681564331,-0.020573036557721025,-0.024454116821289062,-0.11338302493095398,0.000707713259657794,0.01071232557296753,-0.15293043851852417,-0.01957149226097954,-0.014784038066864014,-0.18549764156341553,-0.03224480505912197,-0.01310962438583374,-0.14027702808380127,-0.018312170914100534,-0.0023379921913146973,-0.12569677829742432,-0.002058117928640968,fist
0.0,0.0,0.0,-0.0524163544178009,-0.021261930465698242,-0.01059855685687694,-0.10085108876228333,-0.06983044743537903,-0.016558085355228513,-0.11783427000045776,-0.1332196593284607,-0.0266512043506566,-0.08916708827018738,-0.17516905069351196,-0.03239115026897821,-0.08985793590545654,-0.13634207844734192,0.014293014284902483,-0.1171613335609436,-0.18116495013237,-0.014432837973600954,-0.10272371768951416,-0.13248416781425476,-0.026453268501228422,-0.08732813596725464,-0.11894524097442627,-0.029374423223799795,-0.06010046601295471,-0.14958703517913818,0.007984088015490443,-0.08413928747177124,-0.1922285258769989,-0.021184335249728292,-0.068854421377182,-0.12767088413238525,-0.021482943344182104,-0.05553808808326721,-0.11963894963264465,-0.011714006561106771,-0.027036964893341064,-0.15494093298912048,-0.004724878604775995,-0.05117392539978027,-0.1968008279800415,-0.034747768911785215,-0.03958970308303833,-0.12966957688331604,-0.021221901077097982,-0.02613651752471924,-0.11561888456344604,-0.001324440256013304,0.010318219661712646,-0.15485310554504395,-0.01904506121880445,-0.015591681003570557,-0.18617486953735352,-0.03157918972081575,-0.013762474060058594,-0.14146688580513,-0.01878278029269609,-0.003296077251434326,-0.12605345249176025,-0.00367737447029981,fist
0.0,0.0,0.0,-0.05308973789215088,-0.026636600494384766,-0.008046582901386046,-0.0990365743637085,-0.07478061318397522,-0.014216660150793814,-0.11682397127151489,-0.13552987575531006,-0.02542317062756183,-0.08988451957702637,-0.1812717318534851,-0.03311661034962299,-0.0862576961517334,-0.13928228616714478,0.018593673034104086,-0.11111143231391907,-0.18464699387550354,-0.009382337891963743,-0.10158628225326538,-0.13949379324913025,-0.021871717275587343,-0.08773934841156006,-0.12230205535888672,-0.024612797053066515,-0.05832862854003906,-0.15165886282920837,0.011301394923123098,-0.08120054006576538,-0.1954987645149231,-0.016282152013388895,-0.0682554841041565,-0.13369867205619812,-0.017736024783459925,-0.05416470766067505,-0.12269324064254761,-0.00863374639442327,-0.02642267942428589,-0.15789619088172913,-0.002189085913357758,-0.05042380094528198,-0.2008325755596161,-0.03059779256722095,-0.04087066650390625,-0.13680219650268555,-0.018996692822781824,-0.02736896276473999,-0.12009355425834656,-0.00042201701575095285,0.01020735502243042,-0.1582939326763153,-0.016979714484421038,-0.01653987169265747,-0.19341999292373657,-0.028162493930665278,-0.015808284282684326,-0.14985212683677673,-0.015592397750822329,-0.0049704909324646,-0.13111603260040283,-0.0006588158211684458,fist
0.0,0.0,0.0,-0.05373978614807129,-0.02328544855117798,-0.00846071462521536,-0.10094243288040161,-0.07055279612541199,-0.014700164230561086,-0.11673632264137268,-0.1328466236591339,-0.025733636835610696,-0.09019559621810913,-0.17841100692749023,-0.032905003199374505,-0.08839541673660278,-0.1391388475894928,0.017386073103153876,-0.11364054679870605,-0.18419799208641052,-0.010858076768016645,-0.10407286882400513,-0.14237546920776367,-0.022422334322726556,-0.09011384844779968,-0.12486308813095093,-0.024112664306557008,-0.059944987297058105,-0.15101459622383118,0.010415265193188361,-0.08336594700813293,-0.1936136782169342,-0.016982861006653138,-0.06854534149169922,-0.12961336970329285,-0.015999719643986055,-0.054791808128356934,-0.12047386169433594,-0.004912726258879729,-0.027693450450897217,-0.15650016069412231,-0.002975859124234148,-0.05115675926208496,-0.19497144222259521,-0.031588921466862985,-0.03997910022735596,-0.13008299469947815,-0.017559796715175935,-0.026265501976013184,-0.11618295311927795,0.002792092828059367,0.008738100528717041,-0.15538519620895386,-0.017817553276216813,-0.016815364360809326,-0.18883484601974487,-0.029132889727151223,-0.015227735042572021,-0.14522376656532288,-0.015291897723471948,-0.004183590412139893,-0.1289718747138977,0.0007394909355582513,fist
0.0,0.0,0.0,-0.05222076177597046,-0.02521270513534546,-0.010170247878846794,-0.0993947684764862,-0.07451590895652771,-0.01681055269014564,-0.11700880527496338,-0.1365830898284912,-0.02806427842747894,-0.08867794275283813,-0.1800706386566162,-0.03520825459432331,-0.09041011333465576,-0.14014434814453125,0.01874046259749207,-0.11265215277671814,-0.18413019180297852,-0.010301437701997429,-0.10129499435424805,-0.13933899998664856,-0.022624341312763363,-0.0887649655342102,-0.12309932708740234,-0.02474752208959785,-0.06093761324882507,-0.1527816653251648,0.012079690109970898,-0.082368403673172,-0.19666609168052673,-0.016490116257187992,-0.06804236769676208,-0.1329529881477356,-0.016893958214637905,-0.05571115016937256,-0.12297198176383972,-0.006181641954896122,-0.027479231357574463,-0.15900695323944092,-0.0013293499434041678,-0.048443615436553955,-0.19532448053359985,-0.03070906317603317,-0.03794354200363159,-0.13238763809204102,-0.01841815515231815,-0.026321709156036377,-0.11970692873001099,0.0012906163391050995,0.010126709938049316,-0.15993815660476685,-0.016269292224166065,-0.01445847749710083,-0.19210848212242126,-0.026508105460521847,-0.01249837875366211,-0.14976701140403748,-0.012762419421193272,-0.0025215744972229004,-0.13504308462142944,0.0031116329990652503,fist
0.0,0.0,0.0,-0.05162566900253296,-0.021860599517822266,-0.010411117293557481,-0.10068896412849426,-0.07256299257278442,-0.016330476917943315,-0.11726024746894836,-0.13621625304222107,-0.026767883517464952,-0.08777463436126709,-0.17861106991767883,-0.033159978755435304,-0.09016919136047363,-0.1378251612186432,0.01780502305118148,-0.11465325951576233,-0.18227329850196838,-0.010510090806207018,-0.10255977511405945,-0.14060020446777344,-0.022118881412467317,-0.0881744921207428,-0.12548384070396423,-0.023872004889568643,-0.06064769625663757,-0.1505906879901886,0.011588705635944052,-0.08255302906036377,-0.1946001946926117,-0.01623973443420823,-0.06805244088172913,-0.13163694739341736,-0.01564764983268674,-0.05592590570449829,-0.12160655856132507,-0.0045878468758076,-0.02738732099533081,-0.15607774257659912,-0.0013827007009297176,-0.049402058124542236,-0.1948857605457306,-0.03047691106112893,-0.03812044858932495,-0.1307964026927948,-0.017294513129314737,-0.025736570358276367,-0.11685359477996826,0.00277837079701726,0.0099564790725708,-0.1564507782459259,-0.0159778632900327,-0.014205455780029297,-0.18988481163978577,-0.026859980144223528,-0.01228344440460205,-0.147516667842865,-0.013435563140234308,-0.0021898746490478516,-0.13238930702209473,0.0021660459948122934,fist
0.0,0.0,0.0,-0.05109196901321411,-0.022854149341583252,-0.012105770444122754,-0.09952300786972046,-0.07330256700515747,-0.01946400109454771,-0.11649781465530396,-0.1370423138141632,-0.031172735651580297,-0.08806127309799194,-0.18259429931640625,-0.03832521665617605,-0.09148716926574707,-0.1398572325706482,0.015573043341191806,-0.11556234955787659,-0.18690574169158936,-0.01452202167138239,-0.10200932621955872,-0.13917511701583862,-0.02648103426918169,-0.08889812231063843,-0.12231174111366272,-0.02815192755087992,-0.06113243103027344,-0.15267139673233032,0.009823104331644572,-0.08311229944229126,-0.19514113664627075,-0.019666696002332174,-0.06764420866966248,-0.12981149554252625,-0.019069878419486486,-0.056007981300354004,-0.12110245227813721,-0.0076774475514866936,-0.027181267738342285,-0.15857690572738647,-0.0029515514966078626,-0.04892420768737793,-0.1960633397102356,-0.033013992046562635,-0.03739815950393677,-0.13024640083312988,-0.019435368513313733,-0.02568143606185913,-0.11678457260131836,0.0011669747414089215,0.01055973768234253,-0.16012632846832275,-0.017512762954083883,-0.014100492000579834,-0.1912919580936432,-0.028415164013949834,-0.01210719347000122,-0.1479809284210205,-0.01475635174438139,-0.0023856163024902344,-0.13338813185691833,0.0011382962925381435,fist
0.0,0.0,0.0,-0.05185127258300781,-0.024099767208099365,-0.010535314222778425,-0.10067200660705566,-0.07484829425811768,-0.01663622400721465,-0.1174265444278717,-0.13960367441177368,-0.027413373356665716,-0.08729827404022217,-0.18139389157295227,-0.03385189129969035,-0.09151160717010498,-0.13797923922538757,0.017812030846272364,-0.11553996801376343,-0.18350717425346375,-0.010985150476898298,-0.10310986638069153,-0.1399780809879303,-0.022473334809745893,-0.08931100368499756,-0.1256777048110962,-0.024257061546649084,-0.06146800518035889,-0.15109020471572876,0.011524799736235991,-0.08399412035942078,-0.19538408517837524,-0.017340372791494474,-0.06873837113380432,-0.1312132477760315,-0.016578688761200056,-0.056765198707580566,-0.12320277094841003,-0.005278026228751287,-0.02782154083251953,-0.15724673867225647,-0.0016217234171733708,-0.049581050872802734,-0.19545626640319824,-0.03094517021438037,-0.038172125816345215,-0.13076084852218628,-0.01717359899541293,-0.026127636432647705,-0.11868438124656677,0.003333312217165485,0.009810209274291992,-0.15856638550758362,-0.016529285823907003,-0.013390898704528809,-0.1920185089111328,-0.026122772609795675,-0.011944115161895752,-0.150271475315094,-0.012090289508904561,-0.002344846725463867,-0.13664522767066956,0.003610429810379401,fist
0.0,0.0,0.0,-0.05127108097076416,-0.022404372692108154,-0.01105796862157149,-0.10012918710708618,-0.07408949732780457,-0.01726918797703547,-0.11580032110214233,-0.1385556161403656,-0.027947721441705653,-0.08515262603759766,-0.17933312058448792,-0.03411486688764853,-0.09016048908233643,-0.13954991102218628,0.016163752044121793,-0.11412397027015686,-0.186714768409729,-0.013379492235799262,-0.10181936621665955,-0.1403602659702301,-0.024856035967786738,-0.08897915482521057,-0.12450504302978516,-0.026326100712140033,-0.059917151927948,-0.1517632007598877,0.009959045427422097,-0.08198606967926025,-0.19699087738990784,-0.01946301515908999,-0.067217618227005,-0.13083872199058533,-0.01816843952747149,-0.05554550886154175,-0.12256565690040588,-0.006043261752893159,-0.02611750364303589,-0.1568872034549713,-0.0031632812670068233,-0.04786962270736694,-0.1949581503868103,-0.03286581430347724,-0.03678315877914429,-0.12889739871025085,-0.01847078222544951,-0.024522483348846436,-0.11715808510780334,0.0028171281819595606,0.011494159698486328,-0.15749460458755493,-0.018093343262989947,-0.012491106986999512,-0.19021618366241455,-0.028178730418403575,-0.011382639408111572,-0.14775025844573975,-0.013841806349773833,-0.0013504624366760254,-0.13468948006629944,0.002432088230307272,fist
0.0,0.0,0.0,-0.05108284950256348,-0.02389824390411377,-0.011926624135526254,-0.0992831289768219,-0.07467392086982727,-0.019486978792997434,-0.11543512344360352,-0.13916116952896118,-0.03142241402849777,-0.08639776706695557,-0.18286436796188354,-0.0388872773884259,-0.0898788571357727,-0.14161375164985657,0.015372361844924853,-0.11399391293525696,-0.1855635643005371,-0.01423451225593908,-0.10187062621116638,-0.141160249710083,-0.02527055531129463,-0.0885724425315857,-0.1280568540096283,-0.026505263665171697,-0.05974310636520386,-0.15368574857711792,0.009536908796576427,-0.08249300718307495,-0.1970469355583191,-0.01954753524944408,-0.06741923093795776,-0.13032308220863342,-0.017354795852156712,-0.05596363544464111,-0.12488508224487305,-0.004845287328066661,-0.026047825813293457,-0.1587398648262024,-0.003342073087992503,-0.04874873161315918,-0.1974998116493225,-0.03370903074130638,-0.037231624126434326,-0.13005229830741882,-0.019078504437061383,-0.02447199821472168,-0.11909374594688416,0.002285278725025819,0.011269867420196533,-0.15903696417808533,-0.01799380607292278,-0.012974202632904053,-0.19076991081237793,-0.029040742808433606,-0.011303484439849854,-0.14810389280319214,-0.015171685398968293,-0.000831902027130127,-0.13586300611495972,0.0008094345420204263,fist
0.0,0.0,0.0,-0.0518801212310791,-0.023420274257659912,-0.012521164001896068,-0.09942376613616943,-0.07424768805503845,-0.019757090577854797,-0.11485260725021362,-0.13840597867965698,-0.030986711824311897,-0.08571675419807434,-0.18108046054840088,-0.03725813373364417,-0.08988064527511597,-0.141826331615448,0.014393835818395928,-0.114128977060318,-0.18663069605827332,-0.015522925624622985,-0.1007748544216156,-0.13736221194267273,-0.027175760338082,-0.08784288167953491,-0.1235123872756958,-0.029026320645584747,-0.05960625410079956,-0.1534484624862671,0.009023495508358792,-0.08160808682441711,-0.19653543829917908,-0.020429930159821197,-0.06643021106719971,-0.12891334295272827,-0.019071810388936683,-0.05522435903549194,-0.12364840507507324,-0.007406868482007667,-0.0258634090423584,-0.1580924689769745,-0.003315081330015346,-0.04820072650909424,-0.19766774773597717,-0.033497080648317024,-0.036932289600372314,-0.1296769380569458,-0.018795507470144912,-0.024126887321472168,-0.11886563897132874,0.0024148831386128222,0.01166754961013794,-0.15828245878219604,-0.017519448393954917,-0.012097537517547607,-0.1892719864845276,-0.0285776355061671,-0.010896801948547363,-0.14652010798454285,-0.014737397873773261,-0.0006868839263916016,-0.13521334528923035,0.0012111888742083465,fist
0.0,0.0,0.0,-0.0502476692199707,-0.02396303415298462,-0.011846728796427897,-0.09866982698440552,-0.07587984204292297,-0.01866131200111454,-0.11450314521789551,-0.14070218801498413,-0.029659944759970358,-0.084989994764328,-0.18437886238098145,-0.03594711347139423,-0.08892032504081726,-0.14129599928855896,0.014759297309154817,-0.1135658323764801,-0.18625974655151367,-0.014043065892821005,-0.10042992234230042,-0.13731977343559265,-0.02439924253738468,-0.08700791001319885,-0.12527626752853394,-0.025650349619155577,-0.05861353874206543,-0.1540292501449585,0.008984364395672628,-0.08134496212005615,-0.19789761304855347,-0.019929924221997908,-0.0665026605129242,-0.13015368580818176,-0.017580564307337454,-0.05447268486022949,-0.125441312789917,-0.0051514400973076135,-0.0249137282371521,-0.159028559923172,-0.003707883354564956,-0.047171831130981445,-0.19749388098716736,-0.03368903248227184,-0.03648799657821655,-0.1298433244228363,-0.01899559720075672,-0.02361607551574707,-0.1204424500465393,0.002212796652401039,0.012423813343048096,-0.15951573848724365,-0.018180382611518553,-0.011644482612609863,-0.19211220741271973,-0.028915207075243643,-0.010763287544250488,-0.14880990982055664,-0.014953585515087298,-0.00031065940856933594,-0.1365402340888977,0.0009290542231781274,fist
0.0,0.0,0.0,-0.051959872245788574,-0.02218550443649292,-0.01240479631971425,-0.10019341111183167,-0.07385134696960449,-0.019302894013634386,-0.1165519654750824,-0.13922256231307983,-0.030259913417211237,-0.08636865019798279,-0.18022513389587402,-0.0365501350040347,-0.09133002161979675,-0.1395261585712433,0.015117881235966024,-0.11557644605636597,-0.1864055097103119,-0.014165096568575564,-0.10152524709701538,-0.13790637254714966,-0.02579937561105794,-0.08799639344215393,-0.12253528833389282,-0.027700590553394022,-0.06087428331375122,-0.1527048945426941,0.0096740642314046,-0.08281663060188293,-0.19710272550582886,-0.0195086138571412,-0.06720730662345886,-0.13077038526535034,-0.018667139696589174,-0.0556107759475708,-0.12223121523857117,-0.007271654090544644,-0.026999354362487793,-0.15785619616508484,-0.002666558722665968,-0.04906356334686279,-0.19894081354141235,-0.03260254545759267,-0.037513911724090576,-0.13137909770011902,-0.01858353859435624,-0.025117576122283936,-0.11758342385292053,0.002258889259138641,0.010651111602783203,-0.15767040848731995,-0.01682219712685651,-0.013510406017303467,-0.19077813625335693,-0.027996356251350107,-0.011905968189239502,-0.14776021242141724,-0.01441354456048316,-0.0018249750137329102,-0.13377150893211365,0.0014067356226235006,fist
0.0,0.0,0.0,-0.052371203899383545,-0.02343308925628662,-0.011282495340509513,-0.10100764036178589,-0.07443243265151978,-0.018365060096783736,-0.1176615059375763,-0.1396315097808838,-0.030094985967679122,-0.08776292204856873,-0.18116578459739685,-0.03754949860851298,-0.09150204062461853,-0.13951286673545837,0.017388575592832467,-0.11595630645751953,-0.18372118473052979,-0.011738160742623904,-0.10305356979370117,-0.14122480154037476,-0.022989499500198463,-0.08835071325302124,-0.1277620792388916,-0.02435051382164488,-0.06159830093383789,-0.15238738059997559,0.011273186536328694,-0.08364146947860718,-0.19573256373405457,-0.01741743192653189,-0.06785231828689575,-0.13017332553863525,-0.015568464180631736,-0.05608946084976196,-0.12363988161087036,-0.003226676840512255,-0.027951717376708984,-0.15816456079483032,-0.0019055621243921905,-0.049993813037872314,-0.19783687591552734,-0.03164611302892695,-0.03834354877471924,-0.13170304894447327,-0.01740006834845076,-0.025844156742095947,-0.11991479992866516,0.0036922482529746503,0.009341835975646973,-0.1587037444114685,-0.016867955332799056,-0.014796137809753418,-0.19185081124305725,-0.027290680563254455,-0.013115525245666504,-0.1495039463043213,-0.013322146726949313,-0.0026491880416870117,-0.13614526391029358,0.002684564212160012,fist
0.0,0.0,0.0,-0.051479458808898926,-0.02229088544845581,-0.010713411605735246,-0.10043275356292725,-0.07372617721557617,-0.017317902407427255,-0.11731165647506714,-0.13842329382896423,-0.028653167298813287,-0.08713257312774658,-0.1794639229774475,-0.03585981588699383,-0.09066414833068848,-0.1387958824634552,0.017964322009305533,-0.11496961116790771,-0.18338483572006226,-0.011010584532101575,-0.10243487358093262,-0.1417909562587738,-0.02242048095800442,-0.0884784460067749,-0.1269753873348236,-0.023842338583250466,-0.060995638370513916,-0.1518743336200714,0.011809558496992167,-0.08292007446289062,-0.1939760446548462,-0.016248263529320184,-0.06709536910057068,-0.12906095385551453,-0.014391562080760423,-0.05595839023590088,-0.12132063508033752,-0.002233491389830533,-0.02737903594970703,-0.15757575631141663,-0.0013814871141732965,-0.04976564645767212,-0.19625547528266907,-0.030413519701738778,-0.03779780864715576,-0.1304013729095459,-0.016208009905000154,-0.02551978826522827,-0.11765724420547485,0.00461718196160632,0.010155260562896729,-0.15806221961975098,-0.016335427871723596,-0.014292895793914795,-0.18963751196861267,-0.026616636774321023,-0.012618184089660645,-0.14753305912017822,-0.012965046911318723,-0.0025001168251037598,-0.1344485580921173,0.0026983561750455465,fist
0.0,0.0,0.0,-0.0513005256652832,-0.021968722343444824,-0.011182308869905455,-0.10022333264350891,-0.07325172424316406,-0.01764161858940838,-0.1174778938293457,-0.13760748505592346,-0.028551805505998118,-0.08828234672546387,-0.17939895391464233,-0.034976733590013964,-0.090748131275177,-0.13835874199867249,0.01689483437453987,-0.11553329229354858,-0.18330299854278564,-0.01204886447871445,-0.1014244556427002,-0.1371927261352539,-0.02342782330001114,-0.0874221920967102,-0.12266090512275696,-0.025075765068180544,-0.061051130294799805,-0.1515215039253235,0.01105289559578182,-0.0830942690372467,-0.1934860646724701,-0.017245927567131503,-0.06711742281913757,-0.12785276770591736,-0.015796657393224223,-0.05605781078338623,-0.1209087073802948,-0.004146736322439892,-0.027482211589813232,-0.15713077783584595,-0.0017433408391696048,-0.050063252449035645,-0.19674110412597656,-0.03091613549972294,-0.038083016872406006,-0.1299377679824829,-0.016852508971936686,-0.025768697261810303,-0.11770948767662048,0.0037455160892534423,0.00984644889831543,-0.15778297185897827,-0.016303244719750865,-0.014403939247131348,-0.188853919506073,-0.026981616134293063,-0.012909531593322754,-0.14624950289726257,-0.013671517113692744,-0.0029134750366210938,-0.13362520933151245,0.0017564601986634898,fist
0.0,0.0,0.0,-0.05566251277923584,-0.025219827890396118,-0.007323225358561558,-0.1000356376171112,-0.07521000504493713,-0.011897697908864302,-0.11662355065345764,-0.13649111986160278,-0.021405957503304762,-0.08856725692749023,-0.17639055848121643,-0.02698345841287164,-0.08473265171051025,-0.14194947481155396,0.019412282990231233,-0.11069881916046143,-0.18391096591949463,-0.007208736943141503,-0.10017800331115723,-0.13526421785354614,-0.018579956008181853,-0.08514517545700073,-0.1208886206150055,-0.021001614494309706,-0.056886374950408936,-0.15308412909507751,0.012107431093170362,-0.08071371912956238,-0.19499927759170532,-0.014666599085614962,-0.06850478053092957,-0.1316695213317871,-0.014955338886068148,-0.053993940353393555,-0.12270611524581909,-0.005324458101824803,-0.025147855281829834,-0.15749359130859375,-0.0013449538769805258,-0.05009728670120239,-0.19454842805862427,-0.02849190296052484,-0.041082024574279785,-0.13057979941368103,-0.015704147381768507,-0.026057720184326172,-0.11784613132476807,0.003314810940935331,0.01154261827468872,-0.1560058295726776,-0.0162444020193675,-0.015610158443450928,-0.18763872981071472,-0.025713683901415152,-0.01638549566268921,-0.14489325881004333,-0.012540731443152708,-0.004643380641937256,-0.12970510125160217,0.0024084839000693137,fist
0.0,0.0,0.0,-0.05452197790145874,-0.025098979473114014,-0.00937107299594686,-0.09964269399642944,-0.07669809460639954,-0.014726894918368316,-0.11532711982727051,-0.13908463716506958,-0.02450833843229816,-0.08606746792793274,-0.17929980158805847,-0.030088808398232914,-0.08423399925231934,-0.14374595880508423,0.017338249821676754,-0.11079972982406616,-0.1868772804737091,-0.010263690735683895,-0.09885221719741821,-0.13775643706321716,-0.021908730279193378,-0.08386954665184021,-0.12425464391708374,-0.024407332773790813,-0.0554049015045166,-0.15519031882286072,0.011044630770101094,-0.07910588383674622,-0.1969243884086609,-0.016928948472724414,-0.06617334485054016,-0.1314808428287506,-0.016960196207747913,-0.05223733186721802,-0.12267500162124634,-0.006673917185054279,-0.023156821727752686,-0.15915074944496155,-0.0016531114340807562,-0.047867655754089355,-0.19640064239501953,-0.029648818086371875,-0.03883469104766846,-0.13029828667640686,-0.01655073092459247,-0.024122238159179688,-0.1181180477142334,0.003046464164270901,0.014287889003753662,-0.15737634897232056,-0.015962924818978763,-0.012376368045806885,-0.18856200575828552,-0.026014203216419673,-0.013266503810882568,-0.14517763257026672,-0.012983141477690197,-0.0019483566284179688,-0.13113254308700562,0.0020876035452772612,fist
0.0,0.0,0.0,-0.05382886528968811,-0.039173275232315063,-0.00045984901399265254,-0.09064257144927979,-0.08754444122314453,-0.0028479554111129346,-0.11126500368118286,-0.13882747292518616,-0.011648885056189329,-0.09274202585220337,-0.17630264163017273,-0.017659220926276475,-0.06612619757652283,-0.15052923560142517,0.026801988400706023,-0.08981344103813171,-0.19161197543144226,0.005876439076104134,-0.08628889918327332,-0.14406850934028625,-0.005176957312784225,-0.07350379228591919,-0.12592023611068726,-0.008981884538940221,-0.044586002826690674,-0.15838623046875,0.017323348589428633,-0.06931352615356445,-0.19959115982055664,-0.0053304751289999786,-0.06418830156326294,-0.1425362229347229,-0.00891776577364567,-0.048054397106170654,-0.12951481342315674,-0.0033587762972331348,-0.018417179584503174,-0.162448912858963,0.002901768230088919,-0.046783506870269775,-0.19947659969329834,-0.01960371256600979,-0.044738054275512695,-0.1439085304737091,-0.01131925553809765,-0.029349029064178467,-0.12745311856269836,0.002910524990596741,0.012372791767120361,-0.16038566827774048,-0.012398304499498636,-0.0191267728805542,-0.19267907738685608,-0.020460954017750055,-0.025231778621673584,-0.15351000428199768,-0.010119972832313806,-0.013841807842254639,-0.13309791684150696,0.0019861344827347693,fist
0.0,0.0,0.0,-0.054215431213378906,-0.04858279228210449,0.005586223196928586,-0.08241623640060425,-0.1034037172794342,0.004058292121385421,-0.10014533996582031,-0.1404213309288025,-0.0036501514401834356,-0.09045872092247009,-0.16700425744056702,-0.0077867834039579975,-0.02621281147003174,-0.18106606602668762,0.023489373721872653,-0.07508045434951782,-0.19674623012542725,0.007500044987295951,-0.07352757453918457,-0.14991644024848938,-0.003244852894226824,-0.05789148807525635,-0.14046666026115417,-0.009886173545623933,-0.01419985294342041,-0.18406805396080017,0.01080735398898014,-0.07056695222854614,-0.19209963083267212,-0.008831437691355859,-0.06661945581436157,-0.14503830671310425,-0.01347947867145649,-0.04806053638458252,-0.14114725589752197,-0.012175506926382695,-0.00425410270690918,-0.18172422051429749,-0.004928785390461599,-0.06420594453811646,-0.18397143483161926,-0.020191389150227224,-0.06212472915649414,-0.13858872652053833,-0.012290966711248075,-0.04382121562957764,-0.13400226831436157,-0.0034132977158378708,-5.835294723510742e-05,-0.1712971031665802,-0.021679134122337018,-0.054938435554504395,-0.16593098640441895,-0.029866498909200345,-0.05286240577697754,-0.13182926177978516,-0.0236192206062924,-0.03403055667877197,-0.12391051650047302,-0.01618640219351164,fist
0.0,0.0,0.0,-0.05180644989013672,-0.050049930810928345,0.003183998011195399,-0.0785892903804779,-0.10180169343948364,-0.00020885593755792797,-0.09545889496803284,-0.13569489121437073,-0.008815901975935958,-0.09104910492897034,-0.16570156812667847,-0.013153163406855128,-0.016682028770446777,-0.17811980843544006,0.02129044694095228,-0.06868058443069458,-0.19181671738624573,0.0029672897254613417,-0.0679798424243927,-0.1461455225944519,-0.010444824274486564,-0.051852405071258545,-0.1375201940536499,-0.018796580534285567,-0.004346609115600586,-0.18133318424224854,0.010003903258734681,-0.06623905897140503,-0.18974775075912476,-0.01234181660026934,-0.06296545267105103,-0.1421613097190857,-0.0182523957154217,-0.0434759259223938,-0.1362893283367157,-0.01763550068051245,0.0035153627395629883,-0.17935213446617126,-0.0045905543191793186,-0.06046012043952942,-0.18261396884918213,-0.020135442416972182,-0.059266477823257446,-0.1373443603515625,-0.012034682247644923,-0.04080677032470703,-0.12982577085494995,-0.0034820220133724433,0.003913700580596924,-0.17139309644699097,-0.020745449390119575,-0.053895413875579834,-0.16029760241508484,-0.02963334384173777,-0.050749003887176514,-0.12760698795318604,-0.025343651573962234,-0.031187832355499268,-0.12092721462249756,-0.01930820631594088,fist
0.0,0.0,0.0,0.0035143494606018066,-0.06924685835838318,0.01941809277641937,-0.006891369819641113,-0.12613102793693542,0.020878987718703,-0.029459357261657715,-0.15368133783340454,0.016635071818114966,-0.053640663623809814,-0.1580389142036438,0.012770281505169123,0.00830310583114624,-0.17220810055732727,0.013681438152076453,-0.0599057674407959,-0.18865585327148438,0.005712827068151682,-0.06283533573150635,-0.1525459587574005,-0.00019816907578729115,-0.04933524131774902,-0.13675940036773682,-0.003932690847335607,-0.0027664899826049805,-0.16756922006607056,-0.001118889212278873,-0.076046884059906,-0.17549198865890503,-0.005645942076711208,-0.07333806157112122,-0.13978421688079834,-0.004629290796486885,-0.05729877948760986,-0.12408077716827393,-0.004832200839786083,-0.019198298454284668,-0.15484964847564697,-0.01520324837755993,-0.08621391654014587,-0.15714767575263977,-0.013993572111843378,-0.08170241117477417,-0.12085103988647461,-0.006460330582825691,-0.06556123495101929,-0.10839271545410156,-0.004381523135720045,-0.03837209939956665,-0.1358589231967926,-0.02892942693424061,-0.08823734521865845,-0.1292828619480133,-0.028743492107508928,-0.08383756875991821,-0.09920996427536011,-0.02443953756582573,-0.07008051872253418,-0.08778780698776245,-0.021864140074370653,fist
0.0,0.0,0.0,0.004168689250946045,-0.0698707103729248,0.01581544103419219,-0.007936239242553711,-0.12770026922225952,0.015334035738760576,-0.0355648398399353,-0.152345210313797,0.010063997007364378,-0.06285297870635986,-0.15382134914398193,0.0054130116509440995,0.0058966875076293945,-0.17439335584640503,0.010386311917955027,-0.06428831815719604,-0.18662378191947937,0.0010698533183131076,-0.06689554452896118,-0.15002739429473877,-0.006032877132838621,-0.05265378952026367,-0.13481029868125916,-0.010629015505855932,-0.0054454803466796875,-0.16825786232948303,-0.003337273836677923,-0.07972633838653564,-0.17357566952705383,-0.00934429233575429,-0.07642415165901184,-0.13791775703430176,-0.009172747374122991,-0.05997931957244873,-0.12317517399787903,-0.009937499180978193,-0.022294819355010986,-0.15324842929840088,-0.016551350705867662,-0.08923491835594177,-0.1544252634048462,-0.017014240377193346,-0.08449625968933105,-0.11795520782470703,-0.01039192871803607,-0.06826668977737427,-0.10651004314422607,-0.008741086811369314,-0.04193305969238281,-0.13238149881362915,-0.029615705363994493,-0.09076514840126038,-0.12493443489074707,-0.031499169298058405,-0.08486694097518921,-0.09640991687774658,-0.028541896023398294,-0.07041007280349731,-0.08791911602020264,-0.026713119350915804,fist
0.0,0.0,0.0,0.014980792999267578,-0.06402972340583801,0.01230314615790462,0.011553406715393066,-0.12292954325675964,0.012479427826150413,-0.00998777151107788,-0.15633028745651245,0.009291870143755432,-0.037729859352111816,-0.15991348028182983,0.006004112396880146,0.0107535719871521,-0.1758028268814087,0.006468784153952356,-0.04371440410614014,-0.18968570232391357,-1.4425724799593809e-05,-0.0455511212348938,-0.15923383831977844,-0.006520821157351975,-0.03355705738067627,-0.1424165964126587,-0.010565873611227516,-0.008625507354736328,-0.16873371601104736,-0.002738992360860948,-0.06373631954193115,-0.17579960823059082,-0.0034852902437307876,-0.06279397010803223,-0.14746242761611938,-0.0022527344091543,-0.04881489276885986,-0.13133540749549866,-0.0026793751432308,-0.03259092569351196,-0.15131235122680664,-0.011141978580013756,-0.08054167032241821,-0.15288591384887695,-0.009228850159303192,-0.07654428482055664,-0.12598347663879395,-0.004502132445082907,-0.06109338998794556,-0.11369621753692627,-0.003908300682411436,-0.059241652488708496,-0.12792888283729553,-0.01907895077343369,-0.09073317050933838,-0.12191316485404968,-0.018571640740589146,-0.0823553204536438,-0.09760740399360657,-0.014664732295528893,-0.06753730773925781,-0.08838000893592834,-0.011805153827623371,fist
0.0,0.0,0.0,0.014852941036224365,-0.06487458944320679,0.012035575967360046,0.011294126510620117,-0.12367475032806396,0.011962116967964675,-0.008404254913330078,-0.15610718727111816,0.008580236967731025,-0.03465735912322998,-0.159021258354187,0.0050970025286858345,0.008295595645904541,-0.17699038982391357,0.005627564892250803,-0.046275973320007324,-0.19049173593521118,-0.0010800865319708919,-0.04734915494918823,-0.15867939591407776,-0.0073131245634669995,-0.034710705280303955,-0.14221397042274475,-0.01082476480669925,-0.01171410083770752,-0.16833844780921936,-0.0037166573646629786,-0.06596869230270386,-0.17503970861434937,-0.004872024718594048,-0.06474548578262329,-0.14593660831451416,-0.0037611585184151863,-0.05026799440383911,-0.12952330708503723,-0.003981225851845238,-0.03551900386810303,-0.14957258105278015,-0.012137760136198494,-0.08178222179412842,-0.15145444869995117,-0.009923133727085087,-0.07804828882217407,-0.12404018640518188,-0.004185264192443583,-0.06293338537216187,-0.1111251711845398,-0.0026518341227586006,-0.06099778413772583,-0.12550818920135498,-0.020184477519165966,-0.09121713042259216,-0.12167051434516907,-0.018208523940216992,-0.08340412378311157,-0.0979464054107666,-0.01255879244573066,-0.0695180892944336,-0.08747190237045288,-0.00832822146631429,fist
0.0,0.0,0.0,0.027223169803619385,-0.05939608812332153,0.01127422553460633,0.032117486000061035,-0.12332180142402649,0.01380312674652373,0.014761805534362793,-0.1612134873867035,0.01441231601845061,-0.013754665851593018,-0.16589805483818054,0.014044548840928428,0.02701956033706665,-0.18087810277938843,0.0018172482864144968,-0.015840232372283936,-0.19470050930976868,0.002163216462093942,-0.020609498023986816,-0.1668621301651001,0.0017466867479640769,-0.01216799020767212,-0.14424625039100647,0.0015172598554897831,-0.0027524828910827637,-0.173864483833313,-0.004720826642852671,-0.04360342025756836,-0.17553240060806274,0.0004179608563106285,-0.045725882053375244,-0.14788472652435303,0.0025539868415478395,-0.03454482555389404,-0.1262669563293457,0.0019803468507859634,-0.03373289108276367,-0.15280890464782715,-0.009189950777482636,-0.06647169589996338,-0.1524539291858673,-0.003638853328567393,-0.06305068731307983,-0.12769976258277893,0.0006718842682573722,-0.04949080944061279,-0.10947135090827942,0.0006979454678628372,-0.06304097175598145,-0.12582442164421082,-0.0126339220537659,-0.08339539170265198,-0.12645873427391052,-0.008475943943750508,-0.07636666297912598,-0.10198569297790527,-0.001618635035384841,-0.06422281265258789,-0.08685827255249023,0.003253069696683042,fist
0.0,0.0,0.0,0.029138267040252686,-0.05950552225112915,0.007485973886204533,0.029648303985595703,-0.12401223182678223,0.007318658060384564,0.006398916244506836,-0.15685099363327026,0.005688935290081076,-0.02308589220046997,-0.15781021118164062,0.003835051092309527,0.028728127479553223,-0.1821860373020172,-0.0009133682423367873,-0.01812952756881714,-0.1969277262687683,-0.0040009447792641595,-0.01976180076599121,-0.16556048393249512,-0.006919275731789298,-0.008372843265533447,-0.14356490969657898,-0.00859778536950273,-0.0018526315689086914,-0.17406964302062988,-0.007176459529446788,-0.0427359938621521,-0.1775692105293274,-0.005744655844765134,-0.04154437780380249,-0.148480623960495,-0.004594318796890207,-0.02943241596221924,-0.12808701395988464,-0.005080298748808332,-0.03374147415161133,-0.15345191955566406,-0.01201529404615087,-0.06534320116043091,-0.15391609072685242,-0.008945161239253707,-0.060094356536865234,-0.12714561820030212,-0.004479482066827245,-0.04638803005218506,-0.11014533042907715,-0.0036238999990843013,-0.06355923414230347,-0.12758022546768188,-0.016389297083961196,-0.08088105916976929,-0.12788885831832886,-0.013761417702781387,-0.0734027624130249,-0.10213610529899597,-0.00723611586262507,-0.06221139430999756,-0.08756914734840393,-0.0021997054526678994,fist
0.0,0.0,0.0,0.02989935874938965,-0.05901724100112915,0.007645860224627654,0.03483939170837402,-0.12376829981803894,0.009277778587900798,0.020474493503570557,-0.1569116711616516,0.009542229495608012,-0.005508780479431152,-0.15972495079040527,0.008754709645771186,0.03646188974380493,-0.1824776530265808,0.0025945826467506095,-0.001445770263671875,-0.19221383333206177,-5.989340813528088e-05,-0.005992233753204346,-0.16311264038085938,-0.004520939752794106,0.0014352202415466309,-0.13893792033195496,-0.007654688410795529,0.003876924514770508,-0.17758122086524963,-0.002926648917011221,-0.030373692512512207,-0.17925038933753967,-0.0012892205001406865,-0.031202852725982666,-0.1496153473854065,-0.00195720917206188,-0.020942628383636475,-0.12509912252426147,-0.0035435304477431373,-0.02938711643218994,-0.15797218680381775,-0.007196530789471467,-0.05516248941421509,-0.15722200274467468,-0.004910800230092605,-0.049811482429504395,-0.13208580017089844,-0.0023425264250107602,-0.036765456199645996,-0.11308348178863525,-0.0023361480295278625,-0.059574782848358154,-0.13174962997436523,-0.010796068325973351,-0.07508385181427002,-0.13242000341415405,-0.009543094873762925,-0.0668671727180481,-0.10750842094421387,-0.0038892564795531825,-0.055023252964019775,-0.09221416711807251,0.0009806563878811403,fist
0.0,0.0,0.0,0.03674662113189697,-0.059131473302841187,0.0014507707677822168,0.0390547513961792,-0.12680619955062866,0.0012283634863834436,0.014802336692810059,-0.15784987807273865,0.0006231446754227932,-0.0166131854057312,-0.15702253580093384,-0.0006849137713160758,0.03077840805053711,-0.1892070770263672,0.001351747196544295,-0.0020666122436523438,-0.1920904517173767,-0.004049675073098058,-0.0025334954261779785,-0.16250059008598328,-0.011851607355843896,0.005842030048370361,-0.1407666802406311,-0.017080659512053842,-0.004138827323913574,-0.18261796236038208,-0.0024805951394100134,-0.030768275260925293,-0.17810776829719543,-0.0031803436573554222,-0.027138173580169678,-0.1499570608139038,-0.006856852210681552,-0.018484652042388916,-0.1280779242515564,-0.009788870345424527,-0.0381813645362854,-0.15968257188796997,-0.005930338985841388,-0.05688399076461792,-0.1546373963356018,-0.006178902927409524,-0.048146843910217285,-0.13079756498336792,-0.005717531311880464,-0.0368008017539978,-0.11496150493621826,-0.006101083475719804,-0.06695395708084106,-0.1307569146156311,-0.009328070561956281,-0.07405352592468262,-0.1286238431930542,-0.008977598975967283,-0.06316035985946655,-0.1054665744304657,-0.003812789218123669,-0.05351150035858154,-0.09216493368148804,0.0009821809366385992,fist
0.0,0.0,0.0,0.030745983123779297,-0.059672802686691284,0.007411427116437608,0.03594386577606201,-0.12274640798568726,0.010535595259113961,0.020019948482513428,-0.15531909465789795,0.012256747363551312,-0.006550610065460205,-0.15959298610687256,0.013315458102567845,0.03477931022644043,-0.18020805716514587,0.009793214751823598,0.012484371662139893,-0.19157254695892334,0.008009832604273015,0.0044054388999938965,-0.16824403405189514,0.0026097379349607763,0.005549490451812744,-0.14609071612358093,-0.00116482782601679,0.0011668801307678223,-0.17833131551742554,0.005197845185591632,-0.022608160972595215,-0.17938196659088135,0.007478070697231942,-0.023814737796783447,-0.15230530500411987,0.004773473153306895,-0.016372263431549072,-0.1284293532371521,0.0024604990803140936,-0.0316849946975708,-0.16023343801498413,0.0014315915950078306,-0.04999232292175293,-0.1585182547569275,0.0036332614444631872,-0.044317543506622314,-0.13451486825942993,0.004427953409447127,-0.03424382209777832,-0.11529770493507385,0.004105170974924022,-0.059544920921325684,-0.13488805294036865,-0.0016652542208817067,-0.06944432854652405,-0.13481342792510986,-0.0006614459371689918,-0.0614071786403656,-0.11127635836601257,0.004106235476626807,-0.05196911096572876,-0.09527665376663208,0.00886478579644745,fist
0.0,0.0,0.0,0.042631328105926514,-0.08270901441574097,0.01081993117777813,0.04739642143249512,-0.15442374348640442,0.006780931389315015,0.02424067258834839,-0.19488093256950378,-0.0011159526059572045,-0.007800102233886719,-0.20502135157585144,-0.010912509971873874,0.033759355545043945,-0.21949031949043274,0.00018305169733423554,0.008501827716827393,-0.24649322032928467,-0.005293944256024474,0.0052825212478637695,-0.2167796790599823,-0.014106324279325122,0.010254144668579102,-0.18942323327064514,-0.02118645269574415,-0.006034195423126221,-0.21036341786384583,-0.01092627678217184,-0.027621984481811523,-0.22389239072799683,-0.009742878714220637,-0.026039600372314453,-0.1929740011692047,-0.011714149603264445,-0.018453657627105713,-0.16677603125572205,-0.01630114983917963,-0.04324454069137573,-0.1842884123325348,-0.0202764965236355,-0.054935336112976074,-0.19620126485824585,-0.018347798252122516,-0.049780070781707764,-0.1706264615058899,-0.014879687094705218,-0.04211992025375366,-0.14718496799468994,-0.015209711493568534,-0.07377931475639343,-0.15259641408920288,-0.028849628159420604,-0.07668659090995789,-0.16577577590942383,-0.02477762509288084,-0.06914442777633667,-0.14354515075683594,-0.015105822460370177,-0.06196713447570801,-0.12389242649078369,-0.00854840163292181,fist
0.0,0.0,0.0,0.039504408836364746,-0.07427084445953369,0.005373273113036703,0.04474419355392456,-0.13766279816627502,0.002788162159959029,0.02689540386199951,-0.17928007245063782,-0.0006545595724674058,-0.0021986961364746094,-0.1888350248336792,-0.0049666617314869654,0.03302973508834839,-0.20770472288131714,-0.00729769088957255,0.009323477745056152,-0.23103612661361694,-0.010416059686576773,0.0070340633392333984,-0.199654221534729,-0.014649336158072401,0.011883914470672607,-0.16938263177871704,-0.017507195404505183,-0.006307661533355713,-0.1989923119544983,-0.01221013527992909,-0.021021544933319092,-0.2081226110458374,-0.009360357119476248,-0.019606411457061768,-0.17773902416229248,-0.011585464632844378,-0.014144718647003174,-0.14822739362716675,-0.015245891107952048,-0.041904568672180176,-0.17328685522079468,-0.014967884800171305,-0.049803316593170166,-0.1821483075618744,-0.00922630347940867,-0.04515641927719116,-0.15644001960754395,-0.006484163391178299,-0.03884565830230713,-0.13150671124458313,-0.007676566882764746,-0.07052454352378845,-0.14222702383995056,-0.017023734680151392,-0.07213523983955383,-0.15400221943855286,-0.011464387110208918,-0.06465655565261841,-0.13148748874664307,-0.0031809042457098258,-0.058738768100738525,-0.11156690120697021,0.002907929777393292,fist
0.0,0.0,0.0,0.04111838340759277,-0.08240032196044922,0.006961660775992584,0.045330047607421875,-0.15187975764274597,0.000692253317389202,0.02232307195663452,-0.1922856569290161,-0.007957121972289372,-0.011865079402923584,-0.20088863372802734,-0.018432027343955326,0.032626986503601074,-0.21833637356758118,-0.00962731117412119,0.003177821636199951,-0.23984107375144958,-0.015053278450217533,0.00028389692306518555,-0.20813435316085815,-0.02179496238037615,0.004985213279724121,-0.17896142601966858,-0.027505294103470135,-0.007230222225189209,-0.2085951566696167,-0.018582504857626247,-0.030131816864013672,-0.21853959560394287,-0.018229671437588024,-0.029286861419677734,-0.1874556541442871,-0.020208681617226887,-0.022535383701324463,-0.15892189741134644,-0.025104283038821507,-0.045268714427948,-0.18246901035308838,-0.025376661364283848,-0.05822134017944336,-0.19245898723602295,-0.02401527823909788,-0.05340391397476196,-0.16626182198524475,-0.020806173477616596,-0.04578399658203125,-0.14106059074401855,-0.021710372213568974,-0.07685798406600952,-0.15030193328857422,-0.031367973108139324,-0.08125793933868408,-0.16188278794288635,-0.02884400883718996,-0.07238438725471497,-0.13982492685317993,-0.020128060747232723,-0.06350556015968323,-0.12035965919494629,-0.014310870934572506,fist
0.0,0.0,0.0,0.043417394161224365,-0.07345271110534668,0.006871141585882867,0.0497509241104126,-0.14169001579284668,0.0009168812882975885,0.029856383800506592,-0.18769311904907227,-0.007781938091490304,0.0012995600700378418,-0.2060932219028473,-0.017629308999154603,0.03464144468307495,-0.2063615322113037,-0.00835755411592487,0.020244181156158447,-0.24294587969779968,-0.01762527450976137,0.01449495553970337,-0.2193678915500641,-0.02744033038673166,0.012532353401184082,-0.1919189691543579,-0.03440310657081369,-0.0039365291595458984,-0.19950070977210999,-0.017866127566072976,-0.01448136568069458,-0.22326761484146118,-0.01988187655863527,-0.01432037353515625,-0.19609057903289795,-0.022205921263072526,-0.011845767498016357,-0.16799214482307434,-0.02674079723713163,-0.0409013032913208,-0.17734593152999878,-0.025872735679719483,-0.04432910680770874,-0.1963512897491455,-0.02538472823855642,-0.04094338417053223,-0.1732410192489624,-0.01992390155849222,-0.03808724880218506,-0.14781928062438965,-0.018924856931541,-0.07151561975479126,-0.1488266885280609,-0.0333880096679664,-0.07002556324005127,-0.17037752270698547,-0.030504065007541215,-0.06331443786621094,-0.15110915899276733,-0.02002934962568048,-0.05921292304992676,-0.1307327151298523,-0.01287598572728399,fist
0.0,0.0,0.0,0.047223031520843506,-0.07524371147155762,0.0026932079749180104,0.05859088897705078,-0.1421741545200348,-0.004345866345428107,0.037922024726867676,-0.18480724096298218,-0.013020966161601422,0.004322230815887451,-0.19600972533226013,-0.02275222722124326,0.04100918769836426,-0.21641123294830322,-0.012860509526543495,0.024753808975219727,-0.23727744817733765,-0.02008705023359525,0.020200729370117188,-0.20790398120880127,-0.02757623042594659,0.021015703678131104,-0.17847320437431335,-0.03336167890261876,-0.0004863739013671875,-0.21223771572113037,-0.02032992984782922,-0.011827826499938965,-0.21483314037322998,-0.022870868404023525,-0.011266231536865234,-0.183847576379776,-0.026498025242798207,-0.0064280033111572266,-0.15519750118255615,-0.031255764846317646,-0.0396275520324707,-0.19034302234649658,-0.025984128896705982,-0.04326283931732178,-0.1897895336151123,-0.02733119386862981,-0.03965801000595093,-0.16280865669250488,-0.025148646865599034,-0.0342249870300293,-0.13792657852172852,-0.025603307370655415,-0.07215407490730286,-0.16147536039352417,-0.031309993897192356,-0.0710412859916687,-0.16358458995819092,-0.031771564815752384,-0.06326982378959656,-0.13965603709220886,-0.024420361925475476,-0.055411696434020996,-0.11935904622077942,-0.018463382457010624,fist
0.0,0.0,0.0,0.04602217674255371,-0.08083614706993103,0.01137331024764876,0.05668365955352783,-0.14932534098625183,0.00984597661553721,0.03792738914489746,-0.19004306197166443,0.004461088581223294,0.007391571998596191,-0.19958093762397766,-0.002162714591037229,0.041918396949768066,-0.21324336528778076,0.003274848815266296,0.03177905082702637,-0.24967581033706665,0.00039689264630737853,0.025156736373901367,-0.2243501842021942,-0.005421021589796737,0.024403154850006104,-0.1941092312335968,-0.010118196820627645,0.0012309551239013672,-0.21235391497612,-0.006596031235318378,-0.006819784641265869,-0.2276386022567749,-0.0029712525287379776,-0.008200287818908691,-0.199285089969635,-0.004846085896502927,-0.004688620567321777,-0.17209407687187195,-0.009201419641982511,-0.03742164373397827,-0.19347712397575378,-0.014648515833329157,-0.03895401954650879,-0.20383363962173462,-0.00966388463021417,-0.037361323833465576,-0.1791377067565918,-0.006613263031255201,-0.03387421369552612,-0.15437200665473938,-0.007637716932009653,-0.07006204128265381,-0.1673731803894043,-0.021914772791575388,-0.06968444585800171,-0.18160170316696167,-0.016227290136527017,-0.06354677677154541,-0.16072842478752136,-0.007087871534537271,-0.057239830493927,-0.1383955478668213,-0.0008133268424046491,fist
0.0,0.0,0.0,0.049541175365448,-0.0790247917175293,0.008001531357422209,0.05834406614303589,-0.14936068654060364,0.0030749567081329587,0.03745460510253906,-0.19219738245010376,-0.004529874888703489,0.004514515399932861,-0.2043088674545288,-0.013121801545366907,0.04629957675933838,-0.20986396074295044,-0.0040681051327737805,0.02944403886795044,-0.2540707588195801,-0.009594068979367876,0.027351856231689453,-0.22200947999954224,-0.0166100879437181,0.030958354473114014,-0.18876588344573975,-0.021381449071213865,0.0021746158599853516,-0.20466038584709167,-0.012247494538769388,-0.00785762071609497,-0.23149606585502625,-0.0107817110842916,-0.006102621555328369,-0.20009443163871765,-0.012082617846772337,-0.0021883249282836914,-0.17058658599853516,-0.015796786291048193,-0.03891158103942871,-0.18590006232261658,-0.018733669189259672,-0.038999199867248535,-0.2103089690208435,-0.014546643128142023,-0.0344105064868927,-0.1845153570175171,-0.009755588253483438,-0.030783355236053467,-0.1581166684627533,-0.00944762409244504,-0.071280837059021,-0.16095417737960815,-0.024490663898632192,-0.064311683177948,-0.18511635065078735,-0.0173624866879436,-0.05640387535095215,-0.16293707489967346,-0.005953414016858005,-0.05161181092262268,-0.14101538062095642,0.0016089044506770733,fist
0.0,0.0,0.0,0.051263511180877686,-0.06834676861763,0.00804585134625313,0.06428694725036621,-0.13479694724082947,0.008989796135722372,0.05005115270614624,-0.18607845902442932,0.009395691659449312,0.021088480949401855,-0.20376291871070862,0.00981813492268202,0.050292372703552246,-0.1998482048511505,-0.004311066958905485,0.036895930767059326,-0.2447701096534729,-0.001402809307762709,0.03411567211151123,-0.21508342027664185,0.000903898594117436,0.03628665208816528,-0.1819717288017273,0.00266589326798794,0.006880223751068115,-0.2008914053440094,-0.007733197789491442,0.0015031099319458008,-0.22750890254974365,0.0011576423190149399,0.0019285082817077637,-0.19771602749824524,0.003620465612186763,0.0036489367485046387,-0.166780024766922,0.0027517372278111907,-0.0322817862033844,-0.1855897307395935,-0.008469941001237657,-0.030463814735412598,-0.20389723777770996,0.003148194495736334,-0.026993274688720703,-0.17927491664886475,0.0073728110642719,-0.024664700031280518,-0.15141651034355164,0.006229190249143812,-0.06384611129760742,-0.16385790705680847,-0.008201641868652132,-0.05550691485404968,-0.1820642054080963,0.0024166666904079648,-0.0489901602268219,-0.15941697359085083,0.011768709961472723,-0.04567486047744751,-0.1354469656944275,0.017954282555876944,fist
0.0,0.0,0.0,0.04991954565048218,-0.06680721044540405,0.012071993147849014,0.06347644329071045,-0.1325843334197998,0.014533049372850826,0.050921857357025146,-0.1831841766834259,0.015716157799481323,0.022683560848236084,-0.20182406902313232,0.01704159373593228,0.05395764112472534,-0.1845831573009491,-0.0006135738763148879,0.04363757371902466,-0.2432379126548767,0.0035070881171961332,0.0385250449180603,-0.22135686874389648,0.00826834881853955,0.03814959526062012,-0.18828952312469482,0.012657842544733455,0.01211637258529663,-0.18786081671714783,-0.004998826475919316,0.006584525108337402,-0.22177836298942566,0.005627966431795528,0.006121695041656494,-0.19463849067687988,0.009988351670919826,0.007665574550628662,-0.16576895117759705,0.010679898729442527,-0.02742442488670349,-0.17684724926948547,-0.006558590622724125,-0.025412529706954956,-0.20283442735671997,0.007566559540002515,-0.02211672067642212,-0.1790015697479248,0.013501280864595344,-0.020338058471679688,-0.15328553318977356,0.013112344724952152,-0.06056910753250122,-0.1591472029685974,-0.006669230347604582,-0.05199792981147766,-0.18303796648979187,0.0069099687429954315,-0.0457630455493927,-0.16094869375228882,0.018038632294057777,-0.04310488700866699,-0.1376841962337494,0.025029029643057754,fist
0.0,0.0,0.0,0.05178511142730713,-0.07637909054756165,0.013275697004011988,0.0620233416557312,-0.14141881465911865,0.00838109489153993,0.04322153329849243,-0.18277880549430847,0.0002634740583218331,0.009252786636352539,-0.19705703854560852,-0.009191290367432714,0.05434542894363403,-0.1962166428565979,-0.007510825883635164,0.03732353448867798,-0.2477312684059143,-0.010769755471535802,0.030572474002838135,-0.21869325637817383,-0.014365263175257326,0.03055393695831299,-0.18673712015151978,-0.016642335694321275,0.009871065616607666,-0.19522035121917725,-0.01722504001487124,-0.00031006336212158203,-0.22882848978042603,-0.01065397810567248,-0.0013692975044250488,-0.2024906873703003,-0.007282853484191776,0.0013715624809265137,-0.17412877082824707,-0.009286777939685464,-0.03180214762687683,-0.18215572834014893,-0.0241044255756222,-0.0312211811542511,-0.20798027515411377,-0.01440628234673369,-0.029193341732025146,-0.1853547990322113,-0.006460277721323848,-0.026787251234054565,-0.16016122698783875,-0.005940169919320226,-0.06612607836723328,-0.16278186440467834,-0.02976839233566153,-0.05740863084793091,-0.1856975555419922,-0.01824631531167853,-0.0515495240688324,-0.16464278101921082,-0.004613631296940923,-0.04820162057876587,-0.14235630631446838,0.0034539018440611358,fist
0.0,0.0,0.0,0.0519486665725708,-0.06672549247741699,0.013958417434309922,0.06735092401504517,-0.13296419382095337,0.016548792455409966,0.055672526359558105,-0.18688830733299255,0.017426783774112664,0.027225255966186523,-0.20633763074874878,0.018482491929148637,0.059130072593688965,-0.18799984455108643,-0.0006394725911604837,0.04745239019393921,-0.2475888431072235,0.004834264140640698,0.04358398914337158,-0.22368210554122925,0.010185049470578633,0.044318437576293945,-0.19514164328575134,0.014108873527561627,0.017414391040802002,-0.18921154737472534,-0.006758633445883788,0.012195348739624023,-0.2325567603111267,0.0058534346484293565,0.01183384656906128,-0.2087961733341217,0.012512561488961182,0.012824952602386475,-0.18261367082595825,0.013874438215111695,-0.022169113159179688,-0.17868253588676453,-0.009768262881721057,-0.01865440607070923,-0.20971158146858215,0.006437784615968667,-0.015231847763061523,-0.19004780054092407,0.014538815800165139,-0.014100730419158936,-0.16578632593154907,0.014720651876245938,-0.05522918701171875,-0.1627938151359558,-0.011522773098135985,-0.04414469003677368,-0.18982547521591187,0.0038785139062156304,-0.038285136222839355,-0.17050915956497192,0.01626055929443737,-0.03673943877220154,-0.14828893542289734,0.023392456207488976,fist
0.0,0.0,0.0,0.05075705051422119,-0.06890496611595154,0.01444720645217501,0.06551384925842285,-0.13727650046348572,0.015582296818180907,0.054052114486694336,-0.18821877241134644,0.014939803450985778,0.024265170097351074,-0.20555835962295532,0.013939343213721145,0.06098109483718872,-0.19072362780570984,-0.0058542119267741555,0.04483139514923096,-0.24852412939071655,-0.0010452322357679122,0.04166299104690552,-0.22076743841171265,0.004055307998939384,0.04466289281845093,-0.19115367531776428,0.007319119579776157,0.018977642059326172,-0.19006159901618958,-0.012757375084177625,0.01045846939086914,-0.23150819540023804,-0.00033927901399977145,0.009752452373504639,-0.2054360806941986,0.007204521733953584,0.011470615863800049,-0.17911648750305176,0.00824603234200083,-0.021380126476287842,-0.17827647924423218,-0.016118467033223283,-0.02094203233718872,-0.21012046933174133,0.0005376975705502218,-0.018328875303268433,-0.18833354115486145,0.010122882954462398,-0.016860097646713257,-0.1632665991783142,0.010416187166853774,-0.05550667643547058,-0.16115915775299072,-0.018208548605755936,-0.047387391328811646,-0.19026678800582886,-0.0020785859714607113,-0.042148709297180176,-0.17012804746627808,0.011468115083559383,-0.040122419595718384,-0.14818239212036133,0.01873715017704569,fist
0.0,0.0,0.0,0.05153381824493408,-0.06697309017181396,0.011660826913910682,0.06889492273330688,-0.13826802372932434,0.013154355399208839,0.06058770418167114,-0.1926051378250122,0.013219452984529312,0.03305935859680176,-0.21201568841934204,0.013356951586800392,0.05900096893310547,-0.18737313151359558,-0.004019900169325297,0.04790782928466797,-0.2469649612903595,-0.0010423755181108163,0.04586756229400635,-0.22352337837219238,0.0024323193914170815,0.0484347939491272,-0.1947040557861328,0.005168056636946972,0.017577946186065674,-0.1857401430606842,-0.009596481397849743,0.012580931186676025,-0.23239195346832275,0.0009268193947065129,0.01321190595626831,-0.2104903757572174,0.007433557473021324,0.01471644639968872,-0.184874027967453,0.008363970145481403,-0.021747708320617676,-0.1743771731853485,-0.012421097084981625,-0.017888695001602173,-0.21221020817756653,0.0016071125258605434,-0.014521509408950806,-0.19362092018127441,0.010229071192341621,-0.013680040836334229,-0.16875571012496948,0.010864448323744114,-0.05460238456726074,-0.1585376262664795,-0.014218868166310017,-0.04372608661651611,-0.192073792219162,7.332228172174382e-05,-0.03799787163734436,-0.17435193061828613,0.012638149373131569,-0.036569029092788696,-0.15284398198127747,0.019583738930421646,fist
0.0,0.0,0.0,0.051354050636291504,-0.06677502393722534,0.011198909699352555,0.06891143321990967,-0.13805818557739258,0.012474039315613084,0.060853540897369385,-0.19209539890289307,0.01240157031211453,0.03371310234069824,-0.2119121551513672,0.012530026703508668,0.05850327014923096,-0.1857890486717224,-0.0045179750515202954,0.04780381917953491,-0.24694150686264038,-0.0020850848151425794,0.045792579650878906,-0.22348877787590027,0.0011929375840296075,0.048307836055755615,-0.19418063759803772,0.004023445981921725,0.01738154888153076,-0.18401843309402466,-0.0098431895231883,0.012629806995391846,-0.2308504581451416,0.000219440255797565,0.013544321060180664,-0.20889845490455627,0.006485777653189473,0.015171229839324951,-0.18326157331466675,0.0074157023126204535,-0.02177104353904724,-0.1731158196926117,-0.01248503222372932,-0.01763853430747986,-0.2110881507396698,0.0013767949793432877,-0.01401570439338684,-0.1925663948059082,0.009914098053606324,-0.013172030448913574,-0.16791239380836487,0.010589824735554032,-0.05458194017410278,-0.15820834040641785,-0.01413907136079473,-0.04372456669807434,-0.19193845987319946,6.177098189397157e-05,-0.03772670030593872,-0.17422741651535034,0.012574746950896554,-0.0362648069858551,-0.1526714265346527,0.019573944366904072,fist
0.0,0.0,0.0,0.051915109157562256,-0.06911301612854004,0.016783033238212397,0.06742113828659058,-0.13861286640167236,0.02060663581029587,0.05821537971496582,-0.18967711925506592,0.02184708111123257,0.03115558624267578,-0.20782089233398438,0.022913318799297144,0.05885201692581177,-0.18432560563087463,0.00012109231717261082,0.04843062162399292,-0.24704629182815552,0.0045295834741097,0.04625725746154785,-0.22425156831741333,0.00972561977938824,0.0484963059425354,-0.19467896223068237,0.013911423945287993,0.018562734127044678,-0.18417054414749146,-0.007373850120742986,0.013636887073516846,-0.23422127962112427,0.005073270966718724,0.013734519481658936,-0.2126438021659851,0.012590511442581942,0.015103518962860107,-0.18682172894477844,0.014194995836774638,-0.020473778247833252,-0.1741241216659546,-0.011650811208923528,-0.017518281936645508,-0.21604937314987183,0.004871135783801606,-0.013828873634338379,-0.1980244219303131,0.014221145512024691,-0.012983620166778564,-0.17363309860229492,0.014905967490236094,-0.05367302894592285,-0.15856865048408508,-0.014405572115023801,-0.045286595821380615,-0.1966310441493988,0.002126570065925648,-0.03856551647186279,-0.18043872714042664,0.01599359206990414,-0.036365628242492676,-0.15848085284233093,0.023682716043154528,fist
0.0,0.0,0.0,0.053453266620635986,-0.06835004687309265,0.013825410753746326,0.06978434324264526,-0.13980695605278015,0.016050485670824344,0.059888482093811035,-0.1917092502117157,0.016466978714127833,0.03246492147445679,-0.20981895923614502,0.016848981157203013,0.05885136127471924,-0.18419519066810608,-0.004706353172402089,0.04889291524887085,-0.24699434638023376,-0.0018310019417882017,0.04819893836975098,-0.22285425662994385,0.002273165164773161,0.05121016502380371,-0.1929958462715149,0.005825431794185931,0.017471373081207275,-0.1829107105731964,-0.011019868999461835,0.014525651931762695,-0.23441654443740845,0.0004179380289528467,0.01629263162612915,-0.2126319706439972,0.007886960879226024,0.017792880535125732,-0.18665927648544312,0.009439983181913192,-0.0216694176197052,-0.172491192817688,-0.014237938672046369,-0.016528666019439697,-0.21524274349212646,0.0013719517833337136,-0.011840403079986572,-0.19735479354858398,0.010714389160533244,-0.010946393013000488,-0.17275908589363098,0.01149979025151282,-0.0545123815536499,-0.15768730640411377,-0.01618072040353269,-0.044085174798965454,-0.19565722346305847,-0.00033499881599396986,-0.0367661714553833,-0.17956259846687317,0.01319226879652291,-0.03495222330093384,-0.15774786472320557,0.020611412599940593,fist
0.0,0.0,0.0,0.05137073993682861,-0.06728243827819824,0.012772089727697278,0.06874489784240723,-0.13726180791854858,0.0137931619961833,0.06054657697677612,-0.189895361661911,0.01308525253134718,0.0332636833190918,-0.2090630829334259,0.012279114611921216,0.06112736463546753,-0.18307435512542725,-0.005642965510013198,0.047337889671325684,-0.243625670671463,-0.003687947829710936,0.045850157737731934,-0.21888598799705505,-0.0005624084891664438,0.049433350563049316,-0.19022652506828308,0.0021372392498975046,0.019769489765167236,-0.18077480792999268,-0.012441362328353023,0.013525009155273438,-0.23111572861671448,-0.0029074042844499104,0.014308035373687744,-0.20914089679718018,0.0038527668644761093,0.01604706048965454,-0.18339228630065918,0.005223308615860844,-0.01984989643096924,-0.16962870955467224,-0.01628304373425493,-0.017371296882629395,-0.21200957894325256,-0.003046645391258096,-0.013995081186294556,-0.19341757893562317,0.0063560487893497,-0.012787997722625732,-0.1692672073841095,0.007751798183200265,-0.053595125675201416,-0.15416046977043152,-0.018984778858246898,-0.04393759369850159,-0.1907348930835724,-0.0053488696734333985,-0.03817528486251831,-0.1727052927017212,0.007960884757814313,-0.03689444065093994,-0.15109094977378845,0.01559877574491253,fist
0.0,0.0,0.0,0.051214635372161865,-0.06536591053009033,0.01186978770224556,0.06860166788101196,-0.1344265639781952,0.012612154239697304,0.05996793508529663,-0.18596011400222778,0.011660299727601853,0.03216707706451416,-0.2057027816772461,0.010617946738285866,0.06272298097610474,-0.17805829644203186,-0.006411903074102554,0.05015438795089722,-0.24108880758285522,-0.00475875521274105,0.046951472759246826,-0.21839195489883423,-0.0007980303509143027,0.04931187629699707,-0.18814590573310852,0.00273088435447022,0.021469950675964355,-0.17740845680236816,-0.012818157209174785,0.014532864093780518,-0.22916534543037415,-0.00438954169126049,0.013892769813537598,-0.2078508734703064,0.002125407567156401,0.015476822853088379,-0.18150115013122559,0.003638293126506653,-0.018530666828155518,-0.1678188145160675,-0.016389099417345676,-0.017867982387542725,-0.2121407389640808,-0.003960931209938678,-0.015244513750076294,-0.19327986240386963,0.005279562899751511,-0.01417231559753418,-0.16838189959526062,0.006685762198550549,-0.052770793437957764,-0.1529567837715149,-0.01878820499600664,-0.045023977756500244,-0.19168004393577576,-0.0058258734662999245,-0.039258599281311035,-0.1740885078907013,0.007217283358706084,-0.037471890449523926,-0.15213686227798462,0.014745762104077187,fist
0.0,0.0,0.0,0.05241703987121582,-0.06445932388305664,0.012124616890602624,0.07179135084152222,-0.13331446051597595,0.01335665514265827,0.06747525930404663,-0.18809384107589722,0.01311264583414129,0.041507601737976074,-0.21077603101730347,0.013238859600775754,0.06016772985458374,-0.17641344666481018,-0.0058928907332784775,0.0519099235534668,-0.2409135103225708,-0.003704491299188817,0.05005890130996704,-0.21851113438606262,0.0006425165970966873,0.0512087345123291,-0.18732884526252747,0.004715334861927545,0.01889026165008545,-0.17735591530799866,-0.011743494071609462,0.016346514225006104,-0.23060554265975952,-0.0015786226089886668,0.01718008518218994,-0.21140027046203613,0.005736925411426341,0.017948508262634277,-0.18485209345817566,0.007518283795022285,-0.020478755235671997,-0.16915395855903625,-0.014751669712907756,-0.015348821878433228,-0.21458882093429565,-0.0008493594891234579,-0.012036323547363281,-0.19792184233665466,0.00850476814007095,-0.011821746826171875,-0.17298069596290588,0.009668800286405599,-0.05380353331565857,-0.15557724237442017,-0.01660224585289427,-0.04250985383987427,-0.19431015849113464,-0.0027146860906697157,-0.03722614049911499,-0.17800912261009216,0.010198690235071695,-0.0366513729095459,-0.15589508414268494,0.017505705594473397,fist
0.0,0.0,0.0,0.05278491973876953,-0.06355935335159302,0.01236535577518083,0.07228446006774902,-0.1322574019432068,0.013260885760608687,0.06806647777557373,-0.18531444668769836,0.012670893840912356,0.042632997035980225,-0.2073979675769806,0.012219564676705374,0.06115067005157471,-0.1767238974571228,-0.007384741991337762,0.053579747676849365,-0.23879653215408325,-0.006096868622627483,0.05154293775558472,-0.2157251536846161,-0.0026231236621256926,0.052829205989837646,-0.18553203344345093,0.0007720045763548455,0.020264029502868652,-0.17723503708839417,-0.013714791588064656,0.01856762170791626,-0.228790283203125,-0.00427108801486753,0.019165873527526855,-0.2076268494129181,0.0033115699556205414,0.019758760929107666,-0.18132048845291138,0.005307862688276543,-0.019018203020095825,-0.1680825650691986,-0.017136422298428045,-0.013756483793258667,-0.21291962265968323,-0.004137566159990058,-0.01054990291595459,-0.1945556402206421,0.0057525375526878975,-0.010078847408294678,-0.16972455382347107,0.007453832928511872,-0.05268430709838867,-0.1539398431777954,-0.019359377525326238,-0.041501402854919434,-0.1916639804840088,-0.006352092451926694,-0.036336928606033325,-0.17363417148590088,0.006862181391987576,-0.03592941164970398,-0.15135425329208374,0.014468522429886832,fist
0.0,0.0,0.0,0.05159437656402588,-0.06229141354560852,0.011777536002398392,0.0714489221572876,-0.131026953458786,0.012703155157566925,0.06977653503417969,-0.18600323796272278,0.012168852602542302,0.04527336359024048,-0.2103850543498993,0.011846578670144936,0.06026726961135864,-0.1761651337146759,-0.006565949889420608,0.052799224853515625,-0.23939639329910278,-0.0050517986626914535,0.0509333610534668,-0.21623358130455017,-0.0017105081449813042,0.05243790149688721,-0.18668067455291748,0.0014892655792095866,0.019579589366912842,-0.17609664797782898,-0.012581896978019813,0.018118977546691895,-0.2289215624332428,-0.0030566367884716783,0.019166767597198486,-0.20819878578186035,0.004276683078558108,0.01969432830810547,-0.18232253193855286,0.0060355202196547,-0.019683390855789185,-0.16678333282470703,-0.015837398367523292,-0.014794081449508667,-0.21276098489761353,-0.002920658570303658,-0.011034667491912842,-0.19467929005622864,0.0069220806373664345,-0.010523319244384766,-0.16998371481895447,0.00858901160717096,-0.05326354503631592,-0.15277376770973206,-0.017962335618733505,-0.042494744062423706,-0.19272106885910034,-0.005023549786358217,-0.036874920129776,-0.17521589994430542,0.008180837137103936,-0.03615245223045349,-0.1530320942401886,0.015726723698378464,fist
0.0,0.0,0.0,0.052373647689819336,-0.06544622778892517,0.011668120259471948,0.07076162099838257,-0.1359359622001648,0.01256942444486242,0.06190216541290283,-0.18819278478622437,0.012080991389282758,0.03420811891555786,-0.20810285210609436,0.011780624957808072,0.06213986873626709,-0.17774581909179688,-0.006660043979010766,0.05169755220413208,-0.24015459418296814,-0.004113797349802439,0.04893404245376587,-0.21753957867622375,0.00021358986448660744,0.051086366176605225,-0.18807145953178406,0.003862233813904936,0.020649194717407227,-0.17771947383880615,-0.012695369562081282,0.015493631362915039,-0.22892040014266968,-0.0027013865950920035,0.015645146369934082,-0.20887017250061035,0.004536264790274913,0.017158448696136475,-0.18324697017669678,0.006229165224411304,-0.01921483874320984,-0.1685781478881836,-0.015839130869082396,-0.016290724277496338,-0.21375548839569092,-0.0025918993818976332,-0.013089239597320557,-0.19570013880729675,0.006683723749645765,-0.011944234371185303,-0.1711830496788025,0.007963576102682168,-0.053269535303115845,-0.15424802899360657,-0.017803638493589347,-0.04286971688270569,-0.19382163882255554,-0.0048493894468464305,-0.0374511182308197,-0.1761927604675293,0.008027346553333814,-0.03642928600311279,-0.15389466285705566,0.015448046596773679,fist
0.0,0.0,0.0,0.05297255516052246,-0.06272339820861816,0.012868672253020463,0.07400816679000854,-0.13071587681770325,0.014482585356958566,0.07285189628601074,-0.18500393629074097,0.014442826264925657,0.048311710357666016,-0.20891186594963074,0.01445720402283257,0.06128162145614624,-0.17689406871795654,-0.005547744112632813,0.05316096544265747,-0.2377755045890808,-0.002945480991698446,0.05101293325424194,-0.21553832292556763,0.0010756545163843612,0.05273860692977905,-0.18602046370506287,0.004607463364877162,0.020383000373840332,-0.17672958970069885,-0.011835090241007151,0.01764005422592163,-0.2265658676624298,-0.0012754193810593506,0.018411993980407715,-0.2064083218574524,0.006301299312539754,0.019584953784942627,-0.18056541681289673,0.0079866178495962,-0.01893475651741028,-0.16656920313835144,-0.015176878667048754,-0.014700651168823242,-0.21107852458953857,-0.001891252941064181,-0.011285603046417236,-0.19340455532073975,0.007694227730311809,-0.010360479354858398,-0.16859731078147888,0.009092514978178201,-0.05251842737197876,-0.15136945247650146,-0.017245741917363944,-0.04119870066642761,-0.19035351276397705,-0.0044542293833416124,-0.03594169020652771,-0.1729152500629425,0.008534841814466176,-0.03517681360244751,-0.15038684010505676,0.016003960387237726,fist
0.0,0.0,0.0,0.0526888370513916,-0.0621488094329834,0.012273552405524413,0.07376259565353394,-0.1296936273574829,0.013489154676783244,0.07268506288528442,-0.1832335889339447,0.013156001965391795,0.04876351356506348,-0.20741477608680725,0.012958940627861182,0.06182515621185303,-0.17431598901748657,-0.00707471785427316,0.05489093065261841,-0.2368869185447693,-0.0052200140926359495,0.05272674560546875,-0.21561479568481445,-0.0010632788325963816,0.0536043643951416,-0.18553823232650757,0.0028641641110809246,0.02101731300354004,-0.1747070848941803,-0.013182444919955572,0.0191153883934021,-0.22631129622459412,-0.003121600675520142,0.020033180713653564,-0.20675453543663025,0.004573673984843651,0.020798981189727783,-0.1805199682712555,0.006472802764612595,-0.018273115158081055,-0.16540101170539856,-0.016404610549223264,-0.01363024115562439,-0.21054673194885254,-0.003112135644194325,-0.010013818740844727,-0.19312754273414612,0.006610672033268372,-0.009323477745056152,-0.16805684566497803,0.008047282273757617,-0.05203729867935181,-0.15104785561561584,-0.01841991623224004,-0.04099380970001221,-0.19001272320747375,-0.005585105580401262,-0.03538358211517334,-0.1726563572883606,0.007364933422643105,-0.03460288047790527,-0.14986968040466309,0.014774345370817343,fist
0.0,0.0,0.0,0.05073314905166626,-0.06527060270309448,0.013157311331440269,0.06850558519363403,-0.1357431709766388,0.014639225292910396,0.06195753812789917,-0.18853557109832764,0.014409612368751823,0.034930408000946045,-0.2099357545375824,0.014177147734869777,0.06151610612869263,-0.1791246235370636,-0.004477853450964631,0.050363779067993164,-0.24195390939712524,-0.0013399493480505953,0.04699486494064331,-0.21927276253700256,0.0029503476973218312,0.04895585775375366,-0.18964409828186035,0.006507053010125219,0.020506680011749268,-0.17907914519309998,-0.011105873186181725,0.014361321926116943,-0.22944843769073486,-0.0005261314516360471,0.01389533281326294,-0.20889601111412048,0.006606628622819244,0.015293240547180176,-0.1829206645488739,0.008151641551364719,-0.019723176956176758,-0.16996347904205322,-0.014766701992641629,-0.018507182598114014,-0.2140117883682251,-0.0009515225836480568,-0.01592320203781128,-0.19570305943489075,0.008428045984317123,-0.015031039714813232,-0.17092281579971313,0.00966593014817363,-0.054556310176849365,-0.1557210385799408,-0.01713965789605254,-0.04597249627113342,-0.19533893465995789,-0.003792885953600944,-0.04089048504829407,-0.17724540829658508,0.009436957973946392,-0.039740025997161865,-0.15451791882514954,0.0171029050536049,fist
0.0,0.0,0.0,0.05063098669052124,-0.06382280588150024,0.013121861956236103,0.07002729177474976,-0.13308119773864746,0.014904934904691913,0.06729298830032349,-0.1879386007785797,0.014976485624131897,0.0417780876159668,-0.21176880598068237,0.015279856502232292,0.06070429086685181,-0.17828068137168884,-0.004013836857708952,0.05219066143035889,-0.24366766214370728,-0.0011719621334549402,0.04842144250869751,-0.22118332982063293,0.0030713807709190633,0.049800097942352295,-0.19181734323501587,0.00673929181989763,0.020385801792144775,-0.17935040593147278,-0.010341856636884472,0.016413509845733643,-0.2317020297050476,0.00012069805138992251,0.01604992151260376,-0.21071141958236694,0.007566594976154306,0.017157793045043945,-0.18518242239952087,0.009446901261028984,-0.01898762583732605,-0.17071986198425293,-0.013791877784612439,-0.016245752573013306,-0.2159929871559143,0.00019972820059876994,-0.013305425643920898,-0.19807377457618713,0.009820150203225353,-0.012615323066711426,-0.17364788055419922,0.01125295645665858,-0.05293923616409302,-0.1569758951663971,-0.01601234265494611,-0.04373854398727417,-0.1960066556930542,-0.0021593538195219253,-0.03863587975502014,-0.1788366734981537,0.011047167695281246,-0.03770002722740173,-0.15678057074546814,0.018640261135217884,fist
0.0,0.0,0.0,0.05330377817153931,-0.06364303827285767,0.01359028710393062,0.07385128736495972,-0.13215908408164978,0.015569189250150828,0.07118982076644897,-0.18711107969284058,0.015944663121977953,0.04549074172973633,-0.21054640412330627,0.016478718876520304,0.062395572662353516,-0.17523843050003052,-0.0064953727054799515,0.05409473180770874,-0.24120700359344482,-0.0034810158762539345,0.0528796911239624,-0.2186134159564972,0.0018002794018556756,0.0548703670501709,-0.18845993280410767,0.006417805947044997,0.021793782711029053,-0.17651301622390747,-0.012672416247745844,0.019872665405273438,-0.23143541812896729,-0.001370201200565191,0.02098667621612549,-0.2108478844165802,0.007197988837639002,0.02175271511077881,-0.1848723292350769,0.00962363152174106,-0.017172545194625854,-0.16807979345321655,-0.015708200946768613,-0.012165367603302002,-0.21569150686264038,-0.0009376242746057528,-0.008017241954803467,-0.19792205095291138,0.009129852674583105,-0.00746995210647583,-0.17328882217407227,0.010536903202215342,-0.0505061149597168,-0.1541995108127594,-0.017423171863278242,-0.03925207257270813,-0.1941455602645874,-0.003067832986211272,-0.033219993114471436,-0.17718550562858582,0.010171880632320551,-0.032741665840148926,-0.15517142415046692,0.017528084724823145,fist
0.0,0.0,0.0,0.05292785167694092,-0.06403622031211853,0.012425009804708509,0.0734635591506958,-0.13302037119865417,0.013235111433012037,0.07009345293045044,-0.18673980236053467,0.012701026807469873,0.04452502727508545,-0.210067480802536,0.01240371790800765,0.0610356330871582,-0.17384719848632812,-0.010037124444799872,0.054120540618896484,-0.241774320602417,-0.008558055673795195,0.053279995918273926,-0.21842926740646362,-0.0036100871479831653,0.05520695447921753,-0.18652793765068054,0.0011868250471778197,0.01989603042602539,-0.17462822794914246,-0.015989818898098918,0.019222259521484375,-0.23148572444915771,-0.006003952407347413,0.021179258823394775,-0.21101650595664978,0.0026262744245357794,0.02227240800857544,-0.18405404686927795,0.005329379058373718,-0.01925531029701233,-0.16625761985778809,-0.018828272176044436,-0.013577252626419067,-0.21526014804840088,-0.004957692054169627,-0.008693337440490723,-0.19787853956222534,0.005385996485991029,-0.007817387580871582,-0.172844797372818,0.007186275153351573,-0.0524178147315979,-0.15254047513008118,-0.020384717089193316,-0.040630877017974854,-0.1949339509010315,-0.006572789334761353,-0.034018129110336304,-0.17838290333747864,0.006933208267135171,-0.03334072232246399,-0.15577486157417297,0.01460810256276801,fist
0.0,0.0,0.0,0.052875816822052,-0.06292250752449036,0.013213714833625545,0.07355070114135742,-0.13086777925491333,0.014837112526663532,0.07033801078796387,-0.18509674072265625,0.014824492174454917,0.04439198970794678,-0.20825564861297607,0.014866591680117835,0.06418925523757935,-0.17688632011413574,-0.006350147288969765,0.05429321527481079,-0.24096965789794922,-0.003309254518455873,0.051831603050231934,-0.21723228693008423,0.0015534490973436732,0.054080843925476074,-0.1882418394088745,0.005448990284719457,0.02372896671295166,-0.1778516173362732,-0.012969392102888833,0.01997542381286621,-0.22985005378723145,-0.0022243957340037923,0.019872069358825684,-0.2079463005065918,0.0061563470096075434,0.021015405654907227,-0.18298494815826416,0.00841958286918043,-0.015899658203125,-0.1688942015171051,-0.016528711405328522,-0.012294471263885498,-0.2142421007156372,-0.002736689506775747,-0.009655773639678955,-0.1950986385345459,0.007608664005317678,-0.008935630321502686,-0.17091089487075806,0.009371426205404987,-0.050484657287597656,-0.1545713245868683,-0.018813316461375962,-0.04043048620223999,-0.19340559840202332,-0.005287732214412699,-0.035669535398483276,-0.17502784729003906,0.008306442077525844,-0.035298049449920654,-0.15285950899124146,0.016033672976561775,fist
0.0,0.0,0.0,0.053455233573913574,-0.0628882348537445,0.013058576946868072,0.07450968027114868,-0.13052994012832642,0.014055324001027714,0.07082498073577881,-0.184343159198761,0.0135773087197677,0.045043349266052246,-0.20843914151191711,0.01315604544223703,0.06423771381378174,-0.17489475011825562,-0.009732507886575092,0.055866897106170654,-0.24137455224990845,-0.0072940008437498705,0.05337148904800415,-0.21770524978637695,-0.001762277698354353,0.05525487661361694,-0.18726906180381775,0.0029101348293707474,0.0231054425239563,-0.17582261562347412,-0.016293208832131256,0.02044469118118286,-0.22998768091201782,-0.006028827531473269,0.020723998546600342,-0.20831942558288574,0.0030565503796324833,0.021883785724639893,-0.1822374165058136,0.005834222053898941,-0.016608089208602905,-0.16706117987632751,-0.01961109393297278,-0.012339472770690918,-0.21410375833511353,-0.0061203104166551725,-0.009161233901977539,-0.195207417011261,0.004760614344640146,-0.008434653282165527,-0.17025291919708252,0.006893398919864069,-0.050900399684906006,-0.15249130129814148,-0.02156285547672354,-0.03995460271835327,-0.19410324096679688,-0.008347059386061062,-0.03456473350524902,-0.17628410458564758,0.005490944934798847,-0.03411388397216797,-0.15341800451278687,0.013430055444850098,fist
0.0,0.0,0.0,0.05361109972000122,-0.06212419271469116,0.011515680673049644,0.07506364583969116,-0.13110557198524475,0.011539719040023044,0.07198876142501831,-0.18644464015960693,0.010480834143685058,0.046335458755493164,-0.21114540100097656,0.009692841181980327,0.06471514701843262,-0.1735052764415741,-0.012766787809802338,0.05657327175140381,-0.24227839708328247,-0.011491907787991806,0.054370999336242676,-0.21833017468452454,-0.006359344375802323,0.05665034055709839,-0.18762269616127014,-0.0017456662883219565,0.023092567920684814,-0.17458108067512512,-0.018728092340303704,0.02236473560333252,-0.23092710971832275,-0.009598249597026154,0.022814035415649414,-0.2095702588558197,-0.00045531027556222625,0.02354288101196289,-0.18350458145141602,0.00256755270108755,-0.01702481508255005,-0.16711068153381348,-0.02151450331277971,-0.010605990886688232,-0.21591144800186157,-0.008862257962597653,-0.007233321666717529,-0.1974150836467743,0.0020787333794700658,-0.006942093372344971,-0.17247244715690613,0.004437197437958673,-0.05135303735733032,-0.15480494499206543,-0.023066118387056633,-0.03850275278091431,-0.19717225432395935,-0.010395564166380211,-0.03301510214805603,-0.17950215935707092,0.0032160069984215056,-0.032966434955596924,-0.15693944692611694,0.011033576885687069,fist
0.0,0.0,0.0,0.05410987138748169,-0.06302976608276367,0.011765128132651625,0.07550466060638428,-0.13247811794281006,0.011851593983124076,0.07118511199951172,-0.18718460202217102,0.010783242192815123,0.04495799541473389,-0.21099889278411865,0.00992525847698289,0.06506568193435669,-0.17405211925506592,-0.012646881732393922,0.05674952268600464,-0.24294525384902954,-0.011572429779221238,0.05467861890792847,-0.21903786063194275,-0.006622267755915345,0.05713784694671631,-0.1882643699645996,-0.0020892430183039323,0.0232885479927063,-0.175235778093338,-0.018806153777291,0.022639930248260498,-0.23174536228179932,-0.009829799513568105,0.023009657859802246,-0.21058425307273865,-0.0008628602225826398,0.023763418197631836,-0.18433251976966858,0.002095750664125262,-0.016828268766403198,-0.16786110401153564,-0.02177057402138871,-0.010291457176208496,-0.21655666828155518,-0.009147907476176442,-0.007091164588928223,-0.19815170764923096,0.001722767381693302,-0.0067427754402160645,-0.17317727208137512,0.004085152541051684,-0.05110806226730347,-0.1556224524974823,-0.023485965895702066,-0.038237035274505615,-0.19788849353790283,-0.010635676662673177,-0.03281024098396301,-0.18022939562797546,0.003052492989922939,-0.03268522024154663,-0.1577068269252777,0.010923793670485793,fist
0.0,0.0,0.0,0.05326157808303833,-0.06209072470664978,0.01163154016848722,0.07425254583358765,-0.12865296006202698,0.01136997170414844,0.07026898860931396,-0.18395227193832397,0.009563263651394038,0.04359793663024902,-0.20954573154449463,0.007818756770753055,0.06490516662597656,-0.17280793190002441,-0.010052093158996911,0.0547526478767395,-0.23941269516944885,-0.009964918572045178,0.053009986877441406,-0.21384021639823914,-0.007043674442506642,0.05581563711166382,-0.1836654543876648,-0.003994309197700829,0.023645341396331787,-0.17308011651039124,-0.016516289528048844,0.02035045623779297,-0.22771501541137695,-0.0081161901760467,0.020832598209381104,-0.20509546995162964,-0.0002476968800735335,0.022408366203308105,-0.17912188172340393,0.0019346670307598401,-0.016227543354034424,-0.1642102301120758,-0.02011415627185187,-0.012110888957977295,-0.21330887079238892,-0.008513568754828782,-0.008992016315460205,-0.19384878873825073,0.0023974288780621578,-0.008015334606170654,-0.16913682222366333,0.00505658812489429,-0.05046388506889343,-0.15053334832191467,-0.022556557174361558,-0.03873679041862488,-0.1931890845298767,-0.010464245307780118,-0.03367495536804199,-0.17498639225959778,0.0034327799514315416,-0.033626705408096313,-0.15282565355300903,0.011636877578162341,fist
0.0,0.0,0.0,0.05332028865814209,-0.06180763244628906,0.013690049971785356,0.0729709267616272,-0.12928172945976257,0.014872258740808775,0.0646204948425293,-0.18227413296699524,0.014050622682418634,0.03565007448196411,-0.20558005571365356,0.012860376599576284,0.06799519062042236,-0.17396536469459534,-0.007108696990314911,0.05712532997131348,-0.24115639925003052,-0.005581205964688252,0.053099632263183594,-0.21560290455818176,-0.0018855068112202389,0.055636823177337646,-0.18623840808868408,0.0012650384822450178,0.02672755718231201,-0.17539608478546143,-0.01463506815269966,0.022123515605926514,-0.22965306043624878,-0.005421540953818749,0.020389318466186523,-0.2059679627418518,0.002629426054056694,0.021587014198303223,-0.18049883842468262,0.005004791288968136,-0.014118850231170654,-0.16676169633865356,-0.01912282292977352,-0.011688411235809326,-0.21718716621398926,-0.007588575382385443,-0.009785115718841553,-0.1955150067806244,0.003513329874124338,-0.008796989917755127,-0.17064088582992554,0.006513714070763399,-0.049914538860321045,-0.15190061926841736,-0.02216913436785717,-0.039519697427749634,-0.19624531269073486,-0.010574219536636065,-0.03455111384391785,-0.17633548378944397,0.0038280014203451174,-0.034050196409225464,-0.15342962741851807,0.01259461625232916,fist
0.0,0.0,0.0,0.05481564998626709,-0.06029844284057617,0.012059361124919121,0.07642322778701782,-0.12780404090881348,0.012126820544288819,0.07124197483062744,-0.18255257606506348,0.010561607229099934,0.04394787549972534,-0.20772191882133484,0.008864847394214337,0.06699883937835693,-0.17112886905670166,-0.01187825071574622,0.0576244592666626,-0.24062564969062805,-0.012645794627680118,0.055258870124816895,-0.21351155638694763,-0.009587813717736537,0.05807381868362427,-0.18220677971839905,-0.006332729560746486,0.025637567043304443,-0.17143064737319946,-0.018890972798182304,0.023158907890319824,-0.22910133004188538,-0.011668281247331436,0.02320683002471924,-0.2051999866962433,-0.0033383293444799733,0.024581193923950195,-0.1781911849975586,-0.0005329943629490685,-0.014219939708709717,-0.1629875898361206,-0.022962191691114242,-0.00976794958114624,-0.21498781442642212,-0.012938114432110126,-0.006630599498748779,-0.19420087337493896,-0.0014837379236283255,-0.005611121654510498,-0.16891419887542725,0.0019931343016637015,-0.04859563708305359,-0.14925390481948853,-0.0257219537994402,-0.036845773458480835,-0.19517910480499268,-0.015107703012837703,-0.03148201107978821,-0.17598143219947815,-0.0009652078402737629,-0.03129833936691284,-0.15295782685279846,0.007657977203415101,fist
0.0,0.0,0.0,0.053104281425476074,-0.06261348724365234,0.013462895444604328,0.07294738292694092,-0.13057461380958557,0.014102331279786995,0.06459367275238037,-0.18484273552894592,0.012844929388734272,0.0345723032951355,-0.20834678411483765,0.011273599146875313,0.0682375431060791,-0.17361292243003845,-0.008818933823135922,0.0554356575012207,-0.24139797687530518,-0.007265111048695871,0.05152153968811035,-0.21438252925872803,-0.0033329295357589217,0.054618775844573975,-0.18488097190856934,-0.00014491741160327365,0.02653336524963379,-0.17497509717941284,-0.016304953106669018,0.021185338497161865,-0.23002052307128906,-0.007268159733143875,0.020024001598358154,-0.20544952154159546,0.0011036713011662869,0.02144259214401245,-0.1796504259109497,0.0036709028398718146,-0.014536440372467041,-0.1668844223022461,-0.020581033163693974,-0.012601733207702637,-0.21728140115737915,-0.008937668138173649,-0.010374903678894043,-0.19529613852500916,0.0025989920003439693,-0.009618520736694336,-0.17060315608978271,0.005814714740040472,-0.05061298608779907,-0.15279635787010193,-0.02345815122964723,-0.039849042892456055,-0.19721344113349915,-0.011652892538336346,-0.034945160150527954,-0.17725229263305664,0.002977104076194337,-0.034963250160217285,-0.15465646982192993,0.011824529535147121,fist
0.0,0.0,0.0,0.05316722393035889,-0.061490267515182495,0.013917177905710787,0.07230710983276367,-0.12732604146003723,0.014239819710525126,0.06128883361816406,-0.17798259854316711,0.012359919947954268,0.030088186264038086,-0.19950830936431885,0.009894196865531057,0.06973230838775635,-0.1734272539615631,-0.009110736670521646,0.05648624897003174,-0.24060681462287903,-0.008124423223165422,0.05237787961959839,-0.2137312889099121,-0.0045510116131879386,0.055656254291534424,-0.18392550945281982,-0.001574877426577359,0.02779453992843628,-0.17466643452644348,-0.017130963514176756,0.0221022367477417,-0.2290639877319336,-0.008264763290611654,0.020287156105041504,-0.20458301901817322,3.2066648742556936e-05,0.02186870574951172,-0.178709477186203,0.0024109769048266116,-0.01357048749923706,-0.16537997126579285,-0.021923728297082334,-0.012020766735076904,-0.21645715832710266,-0.010665575052229315,-0.009872019290924072,-0.1948893666267395,0.0008570275869317356,-0.00882047414779663,-0.16992884874343872,0.004089956627609581,-0.04995790123939514,-0.14983898401260376,-0.025228908295360952,-0.03950640559196472,-0.19534140825271606,-0.013788987892297655,-0.033729732036590576,-0.17650866508483887,0.0009858896857224408,-0.03292667865753174,-0.153926283121109,0.009990725656422228,fist
0.0,0.0,0.0,0.05362725257873535,-0.06144782900810242,0.014286254567707601,0.07356345653533936,-0.1277322769165039,0.015044529026056352,0.06435775756835938,-0.17958098649978638,0.013561987353170935,0.03426295518875122,-0.20211055874824524,0.011501762119735304,0.06923902034759521,-0.17265895009040833,-0.008856186608170447,0.05635964870452881,-0.2397276759147644,-0.007464991847371039,0.05206954479217529,-0.2137443721294403,-0.003330704721008715,0.05498272180557251,-0.18372783064842224,6.341622662375812e-05,0.027642667293548584,-0.1737557351589203,-0.016879777388965067,0.021759033203125,-0.22853946685791016,-0.007742232607995447,0.01983463764190674,-0.20499467849731445,0.0008943129565182062,0.021328628063201904,-0.17881914973258972,0.0034748758540104063,-0.01350390911102295,-0.16475129127502441,-0.021609709563051638,-0.012288689613342285,-0.2155606746673584,-0.010182965511774,-0.010450422763824463,-0.19429001212120056,0.0014990335681090983,-0.009612321853637695,-0.16915056109428406,0.004734624212289873,-0.04987308382987976,-0.14915013313293457,-0.024815943988357958,-0.03964915871620178,-0.19486618041992188,-0.013417442294155535,-0.03438901901245117,-0.17566514015197754,0.0013537275722796949,-0.03391367197036743,-0.15268555283546448,0.010322807391787592,fist
0.0,0.0,0.0,0.05272263288497925,-0.06142312288284302,0.013699891584685986,0.07081502676010132,-0.1271262764930725,0.013314874450436776,0.05797755718231201,-0.1776394546031952,0.01065382880972976,0.02684265375137329,-0.20087862014770508,0.007525519075564091,0.0708814263343811,-0.17074176669120789,-0.00927689990145808,0.05756688117980957,-0.23911309242248535,-0.009023544770904834,0.0531502366065979,-0.21242672204971313,-0.006023208537378366,0.056086599826812744,-0.18221932649612427,-0.003226034037076886,0.029043853282928467,-0.17196738719940186,-0.01737195758266097,0.023311734199523926,-0.22729730606079102,-0.008884431255289371,0.021307170391082764,-0.202924907207489,-0.0009549408417726113,0.02256309986114502,-0.17689481377601624,0.0012173187720989631,-0.012595593929290771,-0.1639719009399414,-0.02230220979196673,-0.010978400707244873,-0.2147790789604187,-0.01082167161745673,-0.00943303108215332,-0.192712664604187,0.0008279757609059857,-0.008833825588226318,-0.16774407029151917,0.004039201493135636,-0.04974961280822754,-0.15036335587501526,-0.02582430599374419,-0.039149701595306396,-0.1956479549407959,-0.013948290069826896,-0.03416237235069275,-0.1765252947807312,0.0010247036849548863,-0.03409239649772644,-0.15394893288612366,0.01008138207601661,fist
0.0,0.0,0.0,0.05312156677246094,-0.06052103638648987,0.01364596442480348,0.07212364673614502,-0.12568730115890503,0.013321426447227225,0.06062757968902588,-0.1772783100605011,0.010746828030541167,0.030047476291656494,-0.2014838457107544,0.007628206845119223,0.0699278712272644,-0.170522540807724,-0.008979142893359437,0.05693179368972778,-0.23813104629516602,-0.008396053005263582,0.05233633518218994,-0.21185070276260376,-0.005408433050170913,0.05511438846588135,-0.1826687455177307,-0.0027691850143227725,0.027669548988342285,-0.17126727104187012,-0.017007870849475637,0.022436439990997314,-0.2266550362110138,-0.008375133637592569,0.020391404628753662,-0.20245572924613953,-0.000480874545893073,0.021496057510375977,-0.1766575574874878,0.001595302584327385,-0.013890445232391357,-0.16269749402999878,-0.0218439030165527,-0.011904239654541016,-0.2130521535873413,-0.010616529982790723,-0.010431766510009766,-0.19116181135177612,0.0008203952868726105,-0.0098685622215271,-0.16624221205711365,0.003973958298310265,-0.05062824487686157,-0.1486363708972931,-0.025224559258923307,-0.04003643989562988,-0.1954665184020996,-0.013538400892421976,-0.03490668535232544,-0.1763252317905426,0.0014485864497046919,-0.03443253040313721,-0.15361258387565613,0.010536704893901572,fist
0.0,0.0,0.0,0.05217701196670532,-0.061941683292388916,0.0143633111399879,0.07087361812591553,-0.12824097275733948,0.014775243496643498,0.05978602170944214,-0.1787295639514923,0.01288753273163934,0.028928816318511963,-0.20127201080322266,0.010575948191927864,0.06966084241867065,-0.17117398977279663,-0.00776443406741123,0.05672931671142578,-0.23992401361465454,-0.006587671672804163,0.05219608545303345,-0.21537819504737854,-0.0026403547710458497,0.05460810661315918,-0.18508929014205933,0.0009110456701648673,0.027958273887634277,-0.17277082800865173,-0.015821136625362442,0.021446526050567627,-0.2288004457950592,-0.006566484549892948,0.019287586212158203,-0.20566487312316895,0.0017623215933610936,0.0207328200340271,-0.1797075867652893,0.00423306822975178,-0.013655126094818115,-0.1647917926311493,-0.020674202682329224,-0.01282966136932373,-0.2163187563419342,-0.008774278776598976,-0.01144397258758545,-0.19445613026618958,0.002766146466257169,-0.010766088962554932,-0.16929137706756592,0.005823122246312096,-0.050868988037109375,-0.1503112018108368,-0.02402983801241021,-0.0408099889755249,-0.19520294666290283,-0.012024006897462414,-0.036397695541381836,-0.17529606819152832,0.0029002974295337935,-0.03617611527442932,-0.1522475779056549,0.011897895394014313,fist
0.0,0.0,0.0,0.05241215229034424,-0.06170722842216492,0.014529002012594106,0.0713464617729187,-0.12746235728263855,0.014803317489011647,0.0616612434387207,-0.1785314679145813,0.012817106323225858,0.03180277347564697,-0.20191806554794312,0.01046235591350353,0.06956160068511963,-0.1714102327823639,-0.008950509017424224,0.057296574115753174,-0.24040791392326355,-0.007976300900892852,0.05272620916366577,-0.2156689465045929,-0.003782638235108493,0.054938435554504395,-0.18496879935264587,3.0467960485225376e-05,0.027657389640808105,-0.17265254259109497,-0.017050882687883018,0.021902859210968018,-0.22917431592941284,-0.007825473209933875,0.01976454257965088,-0.20585155487060547,0.00106397736529118,0.021237075328826904,-0.1793459951877594,0.0038360209408239143,-0.013805925846099854,-0.16424769163131714,-0.021883400043563483,-0.01230698823928833,-0.21598279476165771,-0.009888020230548022,-0.010950744152069092,-0.1944986879825592,0.0020974579936847704,-0.010085701942443848,-0.16886365413665771,0.005356484206302525,-0.05076807737350464,-0.14970701932907104,-0.025212451702074645,-0.04035356640815735,-0.19527703523635864,-0.013142863174991248,-0.03579971194267273,-0.17595452070236206,0.001854983854016723,-0.03535577654838562,-0.15282148122787476,0.010858589896841409,fist
0.0,0.0,0.0,0.051521480083465576,-0.060835570096969604,0.014616858252807674,0.0703268051147461,-0.1272798478603363,0.014999149405880985,0.06092393398284912,-0.17868348956108093,0.013221737967356262,0.030450403690338135,-0.2014208436012268,0.01088999401919466,0.06971657276153564,-0.1721024513244629,-0.009197226686850968,0.05518132448196411,-0.2384103536605835,-0.00745183318711895,0.05010795593261719,-0.21162104606628418,-0.003033304082677546,0.052814602851867676,-0.18229007720947266,0.0004449096254717233,0.028593063354492188,-0.17293962836265564,-0.01749513108141798,0.02053624391555786,-0.2276410460472107,-0.008436443245486203,0.01811319589614868,-0.20258614420890808,0.00047636783939708494,0.019701778888702393,-0.17683112621307373,0.003343594997673449,-0.01319795846939087,-0.16448497772216797,-0.022392107135132733,-0.013421297073364258,-0.21502849459648132,-0.010777491106168213,-0.011892497539520264,-0.19210362434387207,0.0012657760330654355,-0.010889649391174316,-0.1669808328151703,0.004725723566039619,-0.05086642503738403,-0.1497846245765686,-0.025748215577081623,-0.04156094789505005,-0.1923747956752777,-0.013954699000791493,-0.03703901171684265,-0.17211472988128662,0.0009953189096592041,-0.036734193563461304,-0.14956283569335938,0.009994562753959713,fist
0.0,0.0,0.0,0.05145692825317383,-0.061405330896377563,0.0141368460931659,0.06923002004623413,-0.12882348895072937,0.013956842859911944,0.05681562423706055,-0.1797814667224884,0.011834782464134719,0.025459229946136475,-0.20224612951278687,0.00921397368394139,0.07091009616851807,-0.17111235857009888,-0.010560415769290898,0.055819690227508545,-0.23855048418045044,-0.008660199204754804,0.05031365156173706,-0.21190887689590454,-0.003779259827282999,0.052853405475616455,-0.18217739462852478,3.875328867763983e-05,0.0289609432220459,-0.17194774746894836,-0.018629812719595407,0.02084827423095703,-0.22761327028274536,-0.009542653421235059,0.018021583557128906,-0.20235133171081543,-0.0005906290284514171,0.019184231758117676,-0.17630115151405334,0.002300803931134965,-0.013344049453735352,-0.16409817337989807,-0.023202738808763,-0.01372760534286499,-0.21574383974075317,-0.011493017049801324,-0.012300550937652588,-0.19234463572502136,0.0004406058028649795,-0.011608242988586426,-0.16687482595443726,0.0038053641651600856,-0.0513494610786438,-0.1500415802001953,-0.026201491328251336,-0.042100489139556885,-0.19433757662773132,-0.01454891459114549,-0.03734487295150757,-0.1736070215702057,0.000353142243980642,-0.03693196177482605,-0.15052291750907898,0.009337626313495662,fist
0.0,0.0,0.0,0.051261305809020996,-0.06237548589706421,0.014612469449275522,0.06871163845062256,-0.12880167365074158,0.014943938329452067,0.05647951364517212,-0.17771968245506287,0.013057181238764315,0.02532404661178589,-0.19863781332969666,0.01065526679121831,0.06683152914047241,-0.17263585329055786,-0.00874096844381711,0.054234206676483154,-0.23870301246643066,-0.00694840485266468,0.049928367137908936,-0.2124026119709015,-0.00244136471337697,0.05245620012283325,-0.18169862031936646,0.0012113782340748003,0.02569103240966797,-0.1739153265953064,-0.017030895129209966,0.01956874132156372,-0.22836560010910034,-0.0076698385182680795,0.01754051446914673,-0.20374742150306702,0.0011735007628885796,0.01868206262588501,-0.17713531851768494,0.00396354924851039,-0.015582263469696045,-0.16530796885490417,-0.021921461820966215,-0.014139771461486816,-0.2169894278049469,-0.010206497647232027,-0.012525022029876709,-0.19443321228027344,0.0017431697106076172,-0.012142360210418701,-0.1687813699245453,0.005155866592758684,-0.052527010440826416,-0.14987781643867493,-0.025232646987205953,-0.042998671531677246,-0.19461295008659363,-0.013562153466409654,-0.03804194927215576,-0.1745755672454834,0.0016389760185120394,-0.0376662015914917,-0.1513734757900238,0.010897122881942778,fist
0.0,0.0,0.0,0.051688194274902344,-0.06138330698013306,0.014144495449514238,0.07154768705368042,-0.12767648696899414,0.015263279288561193,0.06338483095169067,-0.1797274947166443,0.01429490032002434,0.033669888973236084,-0.20213857293128967,0.012872312537879793,0.0667077898979187,-0.1752685308456421,-0.005936145462541731,0.054107844829559326,-0.23969212174415588,-0.0035888444692631083,0.050233542919158936,-0.21257847547531128,-8.324755638966508e-05,0.05351364612579346,-0.1833496391773224,0.0026268014623980207,0.02517569065093994,-0.17636337876319885,-0.013673547335415037,0.01895695924758911,-0.22824668884277344,-0.0036651072152693587,0.01759171485900879,-0.20281070470809937,0.00437109204337105,0.019361674785614014,-0.1768784523010254,0.006530126411021797,-0.015992701053619385,-0.16664746403694153,-0.018258094467668684,-0.014763236045837402,-0.21728751063346863,-0.006673413008897455,-0.012562692165374756,-0.19422447681427002,0.004458384442628471,-0.011263072490692139,-0.16838380694389343,0.007532007380874006,-0.05226418375968933,-0.15047574043273926,-0.021350338735132368,-0.04243841767311096,-0.19506067037582397,-0.010285680793671759,-0.037176698446273804,-0.1748683750629425,0.004173068649620859,-0.03625890612602234,-0.1515110731124878,0.013146424054653494,fist
0.0,0.0,0.0,0.051950812339782715,-0.061777591705322266,0.013853841286284307,0.07170528173446655,-0.12872296571731567,0.014559480186683516,0.06775957345962524,-0.18296849727630615,0.013306289736313204,0.04164355993270874,-0.2084938883781433,0.011724879790229181,0.0665736198425293,-0.17352211475372314,-0.008073575969653746,0.05464547872543335,-0.2375110387802124,-0.006434555806087872,0.0505368709564209,-0.21254593133926392,-0.002594968246164342,0.053100526332855225,-0.18297114968299866,0.0006827290632216432,0.0256006121635437,-0.17325809597969055,-0.01575340906889977,0.01885080337524414,-0.22548094391822815,-0.006455519877242466,0.017480015754699707,-0.2025659680366516,0.0018305194677239456,0.019485533237457275,-0.1766359806060791,0.004161126271021942,-0.015343278646469116,-0.16329655051231384,-0.020274788316207548,-0.014862239360809326,-0.21128246188163757,-0.008668807510154863,-0.013285279273986816,-0.19035056233406067,0.0025842320752715864,-0.01183176040649414,-0.16494566202163696,0.005503023333979229,-0.051419347524642944,-0.14779454469680786,-0.023357674654441496,-0.042294055223464966,-0.19112160801887512,-0.011840927589553019,-0.03794547915458679,-0.17143133282661438,0.0024285163377797403,-0.037319719791412354,-0.14778199791908264,0.011015177529436926,fist
0.0,0.0,0.0,0.04634314775466919,-0.06272828578948975,0.012447817554559037,0.06552940607070923,-0.12919184565544128,0.011542328936840818,0.059396445751190186,-0.17969930171966553,0.008066144144024179,0.030120551586151123,-0.2015208601951599,0.004058968113596961,0.06622952222824097,-0.17511418461799622,-0.0053222665322465446,0.0470128059387207,-0.23610416054725647,-0.006550130596522763,0.03745812177658081,-0.21672981977462769,-0.0053092289475245025,0.038948893547058105,-0.18926659226417542,-0.0036430551429731395,0.02688997983932495,-0.17359167337417603,-0.01403021875223942,0.00951927900314331,-0.22271612286567688,-0.008791557209704592,0.00394362211227417,-0.20187950134277344,-0.0033557293230188634,0.0077727437019348145,-0.17634207010269165,-0.002161273894969895,-0.014656245708465576,-0.162223219871521,-0.02021688285670109,-0.024153470993041992,-0.20912331342697144,-0.012919084796820357,-0.025934696197509766,-0.18831655383110046,-0.0032337405012441423,-0.022676795721054077,-0.16205132007598877,-0.00023965579960361083,-0.052636295557022095,-0.14518281817436218,-0.02515232998332806,-0.0519280731678009,-0.1856062114238739,-0.016889261709664538,-0.048880696296691895,-0.1670994758605957,-0.004038902161781266,-0.04556521773338318,-0.1437838077545166,0.004311434296752736,fist
0.0,0.0,0.0,0.04647374153137207,-0.062798410654068,0.013622518485178148,0.06236839294433594,-0.1287095844745636,0.012739624684442674,0.05067402124404907,-0.1776868999004364,0.009247949203242456,0.019481241703033447,-0.1978667676448822,0.00496573079912821,0.06552451848983765,-0.1771882176399231,-0.005608203964541758,0.04353231191635132,-0.23526066541671753,-0.005247636841843928,0.03683757781982422,-0.21225595474243164,-0.003673792494694794,0.040222346782684326,-0.1859060525894165,-0.0024139521683110843,0.02502298355102539,-0.17426276206970215,-0.014795339809964503,0.008054912090301514,-0.221308171749115,-0.0072541852986915956,0.00403827428817749,-0.1990405023097992,-0.0010619535150482307,0.007424116134643555,-0.17455121874809265,-8.531176531789697e-05,-0.016971468925476074,-0.1617811918258667,-0.021070138694952334,-0.024401694536209106,-0.20699098706245422,-0.011759969549487437,-0.02541211247444153,-0.18570291996002197,-0.0013554671586035738,-0.023244470357894897,-0.16003862023353577,0.0015001189622552147,-0.055385321378707886,-0.14365720748901367,-0.026009430321167315,-0.052664756774902344,-0.18303194642066956,-0.01619448434026083,-0.04943746328353882,-0.16357815265655518,-0.0022174286695673118,-0.04726517200469971,-0.1403120458126068,0.006586598554392253,fist
0.0,0.0,0.0,0.03678131103515625,-0.06209152936935425,0.009195509999983642,0.04803866147994995,-0.13019084930419922,0.0052447674609652495,0.03193241357803345,-0.17940527200698853,-0.0010414962377467418,0.0024246573448181152,-0.1963760256767273,-0.007445554081357386,0.06307917833328247,-0.18239107728004456,-0.007406459487981465,0.020084083080291748,-0.23891210556030273,-0.016119511164731648,0.010166466236114502,-0.2113763689994812,-0.02026730526239362,0.017923474311828613,-0.18742626905441284,-0.02206779021770444,0.03077036142349243,-0.17419257760047913,-0.017720896117396023,-0.012709736824035645,-0.22399699687957764,-0.021366627253598836,-0.019915759563446045,-0.1964801847934723,-0.01770043496043172,-0.010035574436187744,-0.1726880967617035,-0.016147668771452572,-0.0056542158126831055,-0.1596074402332306,-0.026751094795770314,-0.04167044162750244,-0.2017812728881836,-0.027579940222210553,-0.046548992395401,-0.17389267683029175,-0.0172499877587029,-0.03658488392829895,-0.15156289935112,-0.012116886042065289,-0.04205375909805298,-0.14085990190505981,-0.03521934833378282,-0.06488963961601257,-0.17531880736351013,-0.03433363076300111,-0.06567788124084473,-0.14832299947738647,-0.02360941592604604,-0.057830214500427246,-0.1270362138748169,-0.015483427159495022,fist
0.0,0.0,0.0,0.036017537117004395,-0.06283482909202576,0.011580641890475363,0.049009501934051514,-0.12945935130119324,0.008848870682129473,0.0362548828125,-0.17641472816467285,0.0031429573861601057,0.00760728120803833,-0.19159537553787231,-0.0031115088643787203,0.06427782773971558,-0.1817164123058319,-0.003918331538727671,0.02018338441848755,-0.2350618541240692,-0.010530315761855036,0.010082662105560303,-0.208016037940979,-0.014323555355360895,0.01736396551132202,-0.18455758690834045,-0.016318777998378664,0.032649993896484375,-0.1737133264541626,-0.01507186466216126,-0.01176220178604126,-0.22127273678779602,-0.01672360902040282,-0.019817352294921875,-0.1953710913658142,-0.01333149099110642,-0.010636329650878906,-0.17084187269210815,-0.012370929544260889,-0.003255128860473633,-0.1595383584499359,-0.024682602336099535,-0.040510356426239014,-0.19987472891807556,-0.02273687762527743,-0.046138644218444824,-0.17414435744285583,-0.012996123594632536,-0.0362602174282074,-0.15227609872817993,-0.008883186106970697,-0.03948104381561279,-0.140773206949234,-0.03371269111841002,-0.06349095702171326,-0.17631372809410095,-0.030194966544797808,-0.06506317853927612,-0.15128985047340393,-0.019057996993353754,-0.056926995515823364,-0.13040059804916382,-0.011128720318367868,fist
0.0,0.0,0.0,-0.006069600582122803,-0.07119137048721313,0.011590177787184075,-0.01282346248626709,-0.14003050327301025,0.007150536065637425,-0.036427319049835205,-0.18188881874084473,-0.0016822583156681503,-0.05716252326965332,-0.2073122262954712,-0.008256524207354232,0.05469471216201782,-0.191336989402771,0.009423088876246766,-0.010644376277923584,-0.2453691065311432,-0.005998583382279321,-0.021762609481811523,-0.21185922622680664,-0.01755529489582841,-0.010460078716278076,-0.1924360692501068,-0.024002222681701824,0.04600381851196289,-0.18351370096206665,-0.0043200770041949,-0.02630212903022766,-0.22976353764533997,-0.014531589450598403,-0.033019691705703735,-0.19659066200256348,-0.016720841044843837,-0.018236160278320312,-0.17949610948562622,-0.018912703136265918,0.027129054069519043,-0.17127126455307007,-0.018675232643545314,-0.038020431995391846,-0.2105427384376526,-0.021739241073191806,-0.043272465467453,-0.17748165130615234,-0.012538744474113628,-0.02834409475326538,-0.1635168194770813,-0.008907216938496276,0.0018726587295532227,-0.1570652425289154,-0.033468699420154735,-0.04601919651031494,-0.18579718470573425,-0.03454797562426393,-0.04899799823760986,-0.15662842988967896,-0.027307154948175594,-0.03782209753990173,-0.14021730422973633,-0.021986581722558185,fist
0.0,0.0,0.0,-0.03783774375915527,-0.07626065611839294,0.0023753087480713475,-0.05521339178085327,-0.14117535948753357,-0.0019078649601738107,-0.06021180748939514,-0.18622177839279175,-0.01319193691227838,-0.04100292921066284,-0.21609199047088623,-0.020663245955745424,0.012430667877197266,-0.19012188911437988,0.026310036515553747,-0.01850491762161255,-0.23250308632850647,0.0026969351784487117,-0.031121045351028442,-0.18902522325515747,-0.012474482322375025,-0.02079722285270691,-0.1635805070400238,-0.01989251878325149,0.028203189373016357,-0.1849593222141266,0.012784312104543005,-0.01021122932434082,-0.22990569472312927,-0.01542200651232406,-0.02348613739013672,-0.17744728922843933,-0.022917132267991747,-0.0073694586753845215,-0.15344494581222534,-0.020585081914703096,0.044286489486694336,-0.1767466962337494,-0.005514378568420852,0.0006745457649230957,-0.22284546494483948,-0.030312483573595728,-0.013244181871414185,-0.17089611291885376,-0.02366715427700683,0.00354689359664917,-0.14535480737686157,-0.011927844399849619,0.05683249235153198,-0.1610390841960907,-0.025060170704762186,0.01614236831665039,-0.2009216845035553,-0.03784520868424579,0.0037831664085388184,-0.1685071587562561,-0.031381092408935274,0.016388535499572754,-0.14352723956108093,-0.02170957382980987,fist
0.0,0.0,0.0,-0.03601321578025818,-0.0678870677947998,0.001590064004915348,-0.05424076318740845,-0.1343706250190735,-0.0018788753311014261,-0.05995717644691467,-0.18212807178497314,-0.011760680726808914,-0.037945061922073364,-0.20979049801826477,-0.017792295455080875,0.012364119291305542,-0.18702101707458496,0.025287268892782322,-0.017921507358551025,-0.22698122262954712,0.004806945309894672,-0.032002389430999756,-0.18079906702041626,-0.0070359886391884174,-0.02189117670059204,-0.1567135453224182,-0.01273777501199902,0.029021233320236206,-0.1836571991443634,0.013212187425153843,-0.008698582649230957,-0.2260039746761322,-0.012603077828032383,-0.022694379091262817,-0.16984859108924866,-0.016562800644976505,-0.005442559719085693,-0.1473463773727417,-0.01158791573260487,0.04639896750450134,-0.17633092403411865,-0.0035130519187873688,0.0033336877822875977,-0.2181919813156128,-0.026470955251795658,-0.011346191167831421,-0.16417840123176575,-0.017262156843287357,0.0060641467571258545,-0.14143091440200806,-0.0037751535653001156,0.060553520917892456,-0.16124489903450012,-0.021534308581692585,0.019906729459762573,-0.19956740736961365,-0.032855866267425426,0.005070358514785767,-0.16388720273971558,-0.024890254973513493,0.017332524061203003,-0.13885915279388428,-0.014296522154552349,fist
0.0,0.0,0.0,-0.043925940990448,-0.054068416357040405,-0.001647675920025904,-0.07114860415458679,-0.12617698311805725,-0.00450906627600034,-0.07390245795249939,-0.18549829721450806,-0.012717904567466576,-0.04610183835029602,-0.21056020259857178,-0.01707800668452819,-0.023679673671722412,-0.18194246292114258,0.01967562171842019,-0.042565613985061646,-0.22688570618629456,-0.0041029286084039995,-0.05023831129074097,-0.17796730995178223,-0.016186546578751404,-0.03940689563751221,-0.1573093831539154,-0.02112872903023799,-1.5467405319213867e-05,-0.1802016794681549,0.010356060184790294,-0.021695375442504883,-0.22565314173698425,-0.016151126518593628,-0.029081076383590698,-0.16399791836738586,-0.017853962301956017,-0.012897133827209473,-0.14659631252288818,-0.01077497848098119,0.027598947286605835,-0.17356902360916138,-0.004030183467762072,0.0016166269779205322,-0.22013971209526062,-0.02800223422025283,-0.008096665143966675,-0.1585993468761444,-0.01648257490967353,0.007726162672042847,-0.13950899243354797,-0.0009639960925369451,0.057148247957229614,-0.15778055787086487,-0.019651714756832916,0.0297715961933136,-0.20196643471717834,-0.029652256563053925,0.017296820878982544,-0.16261032223701477,-0.019120050638662178,0.028607040643692017,-0.1407930850982666,-0.006958794358865816,fist
0.0,0.0,0.0,-0.041531115770339966,-0.053718745708465576,-0.0014679274068498671,-0.06751003861427307,-0.12194132804870605,-0.004787675734917229,-0.07235795259475708,-0.18209919333457947,-0.014208382625440663,-0.045476168394088745,-0.21581801772117615,-0.02082015916363389,-0.02333119511604309,-0.17556127905845642,0.025112565908273154,-0.03457367420196533,-0.22347810864448547,0.0024867400747439206,-0.04472804069519043,-0.17917278409004211,-0.009535152163664407,-0.03916966915130615,-0.15383431315422058,-0.013836243819753236,0.00010323524475097656,-0.17543751001358032,0.01550634421749919,-0.015871673822402954,-0.22581171989440918,-0.008621604811708039,-0.025469541549682617,-0.16800415515899658,-0.012217902276972836,-0.012665539979934692,-0.14684030413627625,-0.0061369544606009185,0.0271359384059906,-0.1687023937702179,0.0006789504072344243,0.005326449871063232,-0.21760162711143494,-0.022930971976677483,-0.005329519510269165,-0.1604972779750824,-0.014602822881499833,0.007296383380889893,-0.1385761797428131,-0.00037486323395796717,0.057230979204177856,-0.15292829275131226,-0.015056509223143166,0.030385226011276245,-0.19876563549041748,-0.025188423391739434,0.017179518938064575,-0.16164430975914001,-0.01567925110117585,0.026279360055923462,-0.13721835613250732,-0.003926572088460034,fist
0.0,0.0,0.0,-0.048901110887527466,-0.04550090432167053,-0.0053250143614604895,-0.08383280038833618,-0.11589190363883972,-0.00957157754646687,-0.0884915292263031,-0.17951035499572754,-0.019288051066268963,-0.05688568949699402,-0.2110692262649536,-0.025394394186605496,-0.041597723960876465,-0.17506331205368042,0.02069493650151344,-0.06081479787826538,-0.22283366322517395,-0.004203809083719534,-0.06430074572563171,-0.1715698540210724,-0.015783201095928234,-0.05087083578109741,-0.15058451890945435,-0.019494478714932484,-0.01478123664855957,-0.1766350269317627,0.012532601940165478,-0.034709006547927856,-0.22673910856246948,-0.014168304515351338,-0.039436936378479004,-0.161096453666687,-0.015295157333184761,-0.022696882486343384,-0.14373821020126343,-0.006740888239164633,0.014995574951171875,-0.1717624068260193,-0.0015349044774666254,-0.007791846990585327,-0.22507983446121216,-0.028234605801571888,-0.016462236642837524,-0.15738332271575928,-0.017023249653448147,-0.0020754337310791016,-0.133882075548172,5.749350702899392e-05,0.048909544944763184,-0.1579951047897339,-0.016934479710926098,0.023262739181518555,-0.20591726899147034,-0.029121901032794995,0.009773790836334229,-0.1629979908466339,-0.018842880738247914,0.018255949020385742,-0.13732263445854187,-0.005925139536429924,fist
0.0,0.0,0.0,-0.049036383628845215,-0.04395964741706848,-0.006992937449496139,-0.08396437764167786,-0.11426529288291931,-0.012094516225289453,-0.08881399035453796,-0.1816943883895874,-0.02218197743607675,-0.05545145273208618,-0.2132956087589264,-0.02906778167201196,-0.043649137020111084,-0.17205458879470825,0.018479191779960047,-0.06240072846412659,-0.21986639499664307,-0.0062284017094782484,-0.06446701288223267,-0.16821670532226562,-0.016706920147072424,-0.05133730173110962,-0.1512715220451355,-0.019604028120767225,-0.015655577182769775,-0.17395833134651184,0.01104122874127711,-0.035703569650650024,-0.22732076048851013,-0.015670747414361585,-0.03903093934059143,-0.1604747176170349,-0.01567850719405328,-0.02318626642227173,-0.14461946487426758,-0.005669644486289371,0.014409422874450684,-0.16892898082733154,-0.002292962895836581,-0.008806079626083374,-0.22277075052261353,-0.02944368208957826,-0.01552245020866394,-0.1543571650981903,-0.01811718466890966,-0.0012888312339782715,-0.13352450728416443,-0.00026837117005129585,0.04880398511886597,-0.15613973140716553,-0.016875750303398718,0.023148775100708008,-0.20389825105667114,-0.028470867231618513,0.011806070804595947,-0.15954428911209106,-0.017562962055336584,0.02112293243408203,-0.13521042466163635,-0.00412972635788833,fist
0.0,0.0,0.0,-0.05122128129005432,-0.04196608066558838,-0.008084747784039337,-0.08988744020462036,-0.10819706320762634,-0.013758511126241046,-0.09502062201499939,-0.1768416464328766,-0.024201035343310195,-0.06075233221054077,-0.2134591042995453,-0.031199121691486198,-0.05461680889129639,-0.1689331829547882,0.018496908403733414,-0.07418707013130188,-0.2188166081905365,-0.00712991583367284,-0.07408225536346436,-0.16721680760383606,-0.018470773317119438,-0.06107074022293091,-0.14887037873268127,-0.021582148812910873,-0.024914532899856567,-0.17316371202468872,0.011513197019496602,-0.04466456174850464,-0.22816604375839233,-0.01624531096985038,-0.0450691282749176,-0.16125768423080444,-0.017832431785961944,-0.03086388111114502,-0.14177349209785461,-0.008538631566068489,0.007372677326202393,-0.17073604464530945,-0.0014098896246537151,-0.01489308476448059,-0.22538018226623535,-0.029428161524435836,-0.019541651010513306,-0.15659093856811523,-0.018899364240667182,-0.007447779178619385,-0.1322253942489624,-0.0011568071387841883,0.044614553451538086,-0.16048118472099304,-0.015573131695589382,0.01859736442565918,-0.20681694149971008,-0.027765104390880424,0.009096682071685791,-0.16131743788719177,-0.01712564363350566,0.017493903636932373,-0.13585186004638672,-0.0035548900088429036,fist
0.0,0.0,0.0,-0.05386072397232056,-0.042592853307724,-0.006742046806664348,-0.09343579411506653,-0.1092509925365448,-0.010589380409271598,-0.09812045097351074,-0.17887598276138306,-0.020013719457836032,-0.060492366552352905,-0.21376582980155945,-0.02699205059155929,-0.06121203303337097,-0.16366973519325256,0.02685611915245545,-0.07675975561141968,-0.21371406316757202,0.003503585107921481,-0.07539218664169312,-0.16921210289001465,-0.009302192028314948,-0.06319597363471985,-0.1468798816204071,-0.013513113032729507,-0.030816972255706787,-0.17057865858078003,0.01975201290503037,-0.047233521938323975,-0.2283262014389038,-0.006211585957260013,-0.046666860580444336,-0.16548913717269897,-0.011246984485239864,-0.03265172243118286,-0.13936352729797363,-0.004082740410865426,0.0022357702255249023,-0.16998502612113953,0.006706841163634181,-0.016381263732910156,-0.22551000118255615,-0.02071262862131107,-0.02049434185028076,-0.15945804119110107,-0.013438725504727245,-0.009211182594299316,-0.1287960410118103,0.0029966273478407857,0.04016518592834473,-0.16176548600196838,-0.007388598877639652,0.01670074462890625,-0.21051710844039917,-0.018824258479924083,0.007622182369232178,-0.16568124294281006,-0.008595376867504001,0.015439808368682861,-0.13650348782539368,0.004876491021661877,fist
0.0,0.0,0.0,-0.052101314067840576,-0.03934404253959656,-0.006315947322008242,-0.09381383657455444,-0.10521262884140015,-0.010558094175365795,-0.10350215435028076,-0.1754435896873474,-0.020631776468661656,-0.06621092557907104,-0.2121831774711609,-0.02855299347808682,-0.06310775876045227,-0.1584266722202301,0.02666568262705482,-0.07938483357429504,-0.20988932251930237,0.003567485327067743,-0.07847917079925537,-0.16926750540733337,-0.009441865885463585,-0.06667211651802063,-0.14812681078910828,-0.01375504145195805,-0.03325292468070984,-0.16666388511657715,0.0196540772003857,-0.05110424757003784,-0.2266266942024231,-0.005697296744045843,-0.050497621297836304,-0.16565841436386108,-0.010833597088065972,-0.0363917350769043,-0.13808652758598328,-0.003822811458093156,-0.0005068778991699219,-0.16765421628952026,0.0068897164447037085,-0.02096039056777954,-0.22723311185836792,-0.019480436386373867,-0.02373260259628296,-0.162023663520813,-0.012707553149965634,-0.010886430740356445,-0.129810631275177,0.003179764563384424,0.03762400150299072,-0.16191229224205017,-0.006918276937511791,0.015005230903625488,-0.21284863352775574,-0.017428665699270596,0.00637441873550415,-0.17066574096679688,-0.007813127988782753,0.01487433910369873,-0.14161834120750427,0.004829934986474882,fist
0.0,0.0,0.0,-0.05430153012275696,-0.03956612944602966,-0.005762822057363337,-0.09743866324424744,-0.10404476523399353,-0.010697638212946003,-0.10646826028823853,-0.17538028955459595,-0.021337424933221882,-0.06813889741897583,-0.21161341667175293,-0.029525763883498257,-0.06642034649848938,-0.16065800189971924,0.02238684746691888,-0.08689418435096741,-0.2115125060081482,-0.002758599647563642,-0.08252280950546265,-0.1644495725631714,-0.015112284167912549,-0.06691873073577881,-0.14588522911071777,-0.01847161312332446,-0.03513041138648987,-0.1682264804840088,0.014704099328014308,-0.05356350541114807,-0.22571834921836853,-0.011324715397563523,-0.050945132970809937,-0.16014757752418518,-0.013643038987424916,-0.03622308373451233,-0.1374513804912567,-0.004680010552760905,-0.002000153064727783,-0.1677669882774353,0.0012475374925315919,-0.021945595741271973,-0.22410538792610168,-0.025452304228451794,-0.024022221565246582,-0.15602847933769226,-0.01615537476470763,-0.01139920949935913,-0.1273135542869568,0.0013375590161786022,0.03621268272399902,-0.16034823656082153,-0.01317100000312621,0.013950943946838379,-0.21213483810424805,-0.022632110460904187,0.005800604820251465,-0.16937631368637085,-0.011111808537748402,0.013845443725585938,-0.14229422807693481,0.002835655522289926,fist
0.0,0.0,0.0,-0.053751975297927856,-0.03594231605529785,-0.007542069014476738,-0.09648638963699341,-0.09939038753509521,-0.012424715739058456,-0.10698956251144409,-0.17031154036521912,-0.022776163127588234,-0.06947484612464905,-0.20782703161239624,-0.03090356377916237,-0.06597506999969482,-0.1549704372882843,0.02503152476592163,-0.08391055464744568,-0.2053055763244629,0.0014761966277490046,-0.0802866518497467,-0.1631762981414795,-0.012494248282479248,-0.06537672877311707,-0.14026415348052979,-0.017416684832738838,-0.03563511371612549,-0.1641937792301178,0.018499183524085083,-0.052110761404037476,-0.22476917505264282,-0.006983749978559217,-0.05039262771606445,-0.1634974479675293,-0.01295393327282568,-0.03570735454559326,-0.1334594488143921,-0.006600291412638626,-0.0027126669883728027,-0.16532859206199646,0.006292250528616705,-0.021184921264648438,-0.22754773497581482,-0.019941179957555732,-0.023553311824798584,-0.16166701912879944,-0.013317809384631119,-0.011088430881500244,-0.12574851512908936,0.002509326031116643,0.03542602062225342,-0.15871939063072205,-0.007044786997454366,0.014646589756011963,-0.2104097604751587,-0.017625306677388153,0.006154239177703857,-0.1691109538078308,-0.0081569309722056,0.013729870319366455,-0.1390850841999054,0.004479909371269741,fist
0.0,0.0,0.0,-0.05531418323516846,-0.03520548343658447,-0.006133656425902245,-0.09801590442657471,-0.09994477033615112,-0.0100094382078737,-0.10987913608551025,-0.169612318277359,-0.019798636844882367,-0.07394111156463623,-0.20798152685165405,-0.028445117583999036,-0.06753331422805786,-0.15446200966835022,0.02922880794989169,-0.08398133516311646,-0.2005278468132019,0.007131179851910474,-0.08121514320373535,-0.1691020131111145,-0.007935392147430775,-0.06672033667564392,-0.14881902933120728,-0.014111230558285115,-0.03780335187911987,-0.16472944617271423,0.022162276843062045,-0.05383458733558655,-0.22627466917037964,-0.0031286125895917394,-0.05275601148605347,-0.1671350598335266,-0.011316527089604733,-0.03786158561706543,-0.13336855173110962,-0.006131065486499665,-0.005409419536590576,-0.16672608256340027,0.009637551905086639,-0.02412998676300049,-0.22725722193717957,-0.016390603444108365,-0.025986194610595703,-0.1625051498413086,-0.011444837263354657,-0.012698173522949219,-0.12510192394256592,0.003533659327274563,0.032180845737457275,-0.16037753224372864,-0.0038583322321414926,0.010541260242462158,-0.21246740221977234,-0.014334269276389477,0.0032239556312561035,-0.17101338505744934,-0.004912746081629393,0.011805176734924316,-0.14037588238716125,0.007726626993587615,fist
0.0,0.0,0.0,-0.05753883719444275,-0.03855079412460327,-0.004592466128059414,-0.09929406642913818,-0.10241693258285522,-0.0076046315552673605,-0.10779133439064026,-0.1720268428325653,-0.01684538503829458,-0.07259571552276611,-0.21021920442581177,-0.02457122733537176,-0.07097676396369934,-0.15748608112335205,0.029665816149673674,-0.0863499641418457,-0.20426785945892334,0.006314594338647339,-0.08206292986869812,-0.16604524850845337,-0.009030544624664572,-0.06728070974349976,-0.14176791906356812,-0.014853354969062593,-0.040401458740234375,-0.16695964336395264,0.02165712001081488,-0.054313987493515015,-0.22779226303100586,-0.0038865326968959835,-0.05164739489555359,-0.1653205156326294,-0.011522578501143244,-0.03696352243423462,-0.1316905915737152,-0.006054472603835848,-0.006911814212799072,-0.16806694865226746,0.008147663011214945,-0.022923707962036133,-0.22894901037216187,-0.01716441703680971,-0.024298489093780518,-0.1632663607597351,-0.010608121247031477,-0.012262463569641113,-0.12606704235076904,0.005136184434405777,0.03163701295852661,-0.1599719524383545,-0.006338460330852058,0.012116312980651855,-0.21257880330085754,-0.015404587105848577,0.00494694709777832,-0.17203360795974731,-0.004580894910731104,0.012191534042358398,-0.14283061027526855,0.008909619919023726,fist
0.0,0.0,0.0,-0.055641353130340576,-0.03585377335548401,-0.005202402198108302,-0.09860706329345703,-0.10105845332145691,-0.008298888174238073,-0.10847121477127075,-0.17181596159934998,-0.017502270941974984,-0.07368031144142151,-0.2093062400817871,-0.025096694310548173,-0.07020127773284912,-0.15500566363334656,0.027446992392299308,-0.08824953436851501,-0.2035752832889557,0.004234713664857281,-0.08255741000175476,-0.16572052240371704,-0.010464792442860471,-0.06690329313278198,-0.1435222327709198,-0.016076729004623758,-0.03976947069168091,-0.1644161343574524,0.01982868432497753,-0.05493012070655823,-0.222667396068573,-0.005028168973865377,-0.05134961009025574,-0.16136690974235535,-0.011712359567525255,-0.03692293167114258,-0.13218042254447937,-0.006413003732802736,-0.006751716136932373,-0.16616395115852356,0.00672337708493842,-0.024330615997314453,-0.22762686014175415,-0.01877064846956955,-0.024633288383483887,-0.16152071952819824,-0.011384186637940275,-0.012257218360900879,-0.12656086683273315,0.004439172963259352,0.03127765655517578,-0.15972167253494263,-0.007421101280840503,0.010549664497375488,-0.21263593435287476,-0.017072046478631364,0.0039008259773254395,-0.1712450087070465,-0.0060897998748146165,0.011794209480285645,-0.14275571703910828,0.0072681970657981765,fist
0.0,0.0,0.0,-0.056907206773757935,-0.03531983494758606,-0.005118864780143895,-0.09981277585029602,-0.09976482391357422,-0.008133010664806761,-0.10797834396362305,-0.16942548751831055,-0.017269048565850653,-0.07384184002876282,-0.20827296376228333,-0.024832272628174223,-0.07196933031082153,-0.15269523859024048,0.028460547601952157,-0.08855566382408142,-0.19973015785217285,0.0038637873196591954,-0.08322560787200928,-0.1613026261329651,-0.011656702222154536,-0.06849640607833862,-0.13933339715003967,-0.017342963913307585,-0.04111987352371216,-0.1627071499824524,0.020617116516604028,-0.05609574913978577,-0.22180980443954468,-0.005200309404955306,-0.051511287689208984,-0.15851709246635437,-0.011795264394805827,-0.036808788776397705,-0.13025817275047302,-0.0058751657659570355,-0.0073986053466796875,-0.16483432054519653,0.007022571558280788,-0.024005889892578125,-0.2259458303451538,-0.019309561425671973,-0.0240514874458313,-0.1585993766784668,-0.011423669481501975,-0.012139976024627686,-0.12459728121757507,0.0051144415458281856,0.031047701835632324,-0.15847358107566833,-0.007610099581853547,0.011785566806793213,-0.2115846574306488,-0.017738429555521407,0.00519174337387085,-0.16804039478302002,-0.006265148246512808,0.01228708028793335,-0.13921421766281128,0.007710582384987674,fist
0.0,0.0,0.0,-0.055721133947372437,-0.03458186984062195,-0.00541247510554399,-0.09921714663505554,-0.09902465343475342,-0.008564171746542115,-0.10741418600082397,-0.16859778761863708,-0.017628309682180543,-0.07311233878135681,-0.20713236927986145,-0.025103389650752206,-0.07152912020683289,-0.15539658069610596,0.026411511570046287,-0.08706691861152649,-0.20236539840698242,0.0015861757405275512,-0.08293560147285461,-0.1654270589351654,-0.013518840439786572,-0.06915363669395447,-0.14378732442855835,-0.018968175530602593,-0.040376245975494385,-0.16434848308563232,0.01842306610924993,-0.05501061677932739,-0.2224024534225464,-0.007656273331662078,-0.05146104097366333,-0.15868505835533142,-0.013580757558514733,-0.036767005920410156,-0.13027074933052063,-0.007244031310250421,-0.006890535354614258,-0.16552406549453735,0.004701612617651563,-0.023324906826019287,-0.2250117063522339,-0.021962388783862252,-0.02380579710006714,-0.1574268937110901,-0.013438621901144643,-0.011601746082305908,-0.1244962215423584,0.0034942970218310165,0.031227827072143555,-0.15801984071731567,-0.010079570479859967,0.011218667030334473,-0.21046704053878784,-0.020493644654919763,0.004922926425933838,-0.16727188229560852,-0.0087037760691544,0.012763679027557373,-0.13974499702453613,0.0054699113665321875,fist
0.0,0.0,0.0,-0.05515018105506897,-0.03365683555603027,-0.006048747895817996,-0.09919026494026184,-0.09791436791419983,-0.008839220831703187,-0.10750025510787964,-0.16827625036239624,-0.01753136804194355,-0.07250472903251648,-0.2070510983467102,-0.02453503114969635,-0.07307800650596619,-0.15387305617332458,0.028430553992677687,-0.0883738100528717,-0.20097315311431885,0.0037325852563867556,-0.08351072669029236,-0.16566702723503113,-0.01157952388615513,-0.06947913765907288,-0.14408501982688904,-0.017033047134589197,-0.04187077283859253,-0.1633906364440918,0.020964485501338004,-0.05593442916870117,-0.22274857759475708,-0.005249103157382251,-0.051923781633377075,-0.159600168466568,-0.011731925512265207,-0.03779071569442749,-0.13001784682273865,-0.0054008761407544625,-0.008186101913452148,-0.16480207443237305,0.007570112497944592,-0.02377861738204956,-0.22423800826072693,-0.01921836761624718,-0.023926198482513428,-0.1569530963897705,-0.011207484731983186,-0.012380480766296387,-0.12331464886665344,0.005667878223050593,0.030273854732513428,-0.15754908323287964,-0.00694755939633751,0.011531412601470947,-0.20908021926879883,-0.017136276791404725,0.005214571952819824,-0.1665363311767578,-0.005561278293441774,0.012250065803527832,-0.13965001702308655,0.008558378463078498,fist
0.0,0.0,0.0,-0.05536806583404541,-0.03370201587677002,-0.006869186562283858,-0.09951934218406677,-0.09855616092681885,-0.009853226979060992,-0.10892617702484131,-0.16920706629753113,-0.018541570667906626,-0.073934406042099,-0.20926398038864136,-0.02535601883081995,-0.07476189732551575,-0.15756690502166748,0.028159158389286176,-0.08970361948013306,-0.20380687713623047,0.0034119801979670683,-0.08365854620933533,-0.1679307520389557,-0.011846241456254347,-0.06873482465744019,-0.14675813913345337,-0.017278773625179156,-0.043548524379730225,-0.16709798574447632,0.021000487814859525,-0.05670657753944397,-0.22508332133293152,-0.004995603029414042,-0.05240020155906677,-0.16117534041404724,-0.011172211644037588,-0.03814399242401123,-0.13149571418762207,-0.004568110600843056,-0.00973045825958252,-0.16806048154830933,0.007783045145885126,-0.024433672428131104,-0.22620248794555664,-0.018677262504382952,-0.024381279945373535,-0.1587274670600891,-0.010566782121344431,-0.0126228928565979,-0.12524980306625366,0.006402963391707317,0.02880340814590454,-0.1601327359676361,-0.006672577847524508,0.009592771530151367,-0.21034377813339233,-0.016385506753607615,0.0036133527755737305,-0.16788706183433533,-0.004594801374508961,0.011186540126800537,-0.14153194427490234,0.009740430946663992,fist
0.0,0.0,0.0,-0.055262863636016846,-0.037403643131256104,-0.005047014511092129,-0.09713473916053772,-0.10019755363464355,-0.007055203026993695,-0.10580739378929138,-0.1675974428653717,-0.015118293526484194,-0.07590141892433167,-0.20932215452194214,-0.021417952204956237,-0.07333764433860779,-0.1565321981906891,0.029150473822937784,-0.08776205778121948,-0.20290055871009827,0.005219053880409774,-0.08262476325035095,-0.16657182574272156,-0.009704854401661578,-0.0693228542804718,-0.14670449495315552,-0.015315114582790557,-0.04233431816101074,-0.16611090302467346,0.020751031984673318,-0.054437726736068726,-0.22601985931396484,-0.005203762619657937,-0.05098029971122742,-0.16196763515472412,-0.011643451700820151,-0.0374678373336792,-0.13469389081001282,-0.005565905540152016,-0.008494198322296143,-0.1677851378917694,0.006587308303551254,-0.022200822830200195,-0.22808992862701416,-0.020158403615369025,-0.023264646530151367,-0.16090014576911926,-0.01150404388727111,-0.012138664722442627,-0.12950056791305542,0.0056371050263805955,0.02952975034713745,-0.16017818450927734,-0.00865786621989173,0.011538803577423096,-0.21137702465057373,-0.01870207029105586,0.004736840724945068,-0.16833558678627014,-0.006040796234174195,0.011979103088378906,-0.14271411299705505,0.008850543697462854,fist
0.0,0.0,0.0,-0.05331262946128845,-0.036448925733566284,-0.005277983236567252,-0.09569239616394043,-0.09936720132827759,-0.007757248214886658,-0.1033930778503418,-0.1650388538837433,-0.015778080418215268,-0.0737256109714508,-0.20577839016914368,-0.022729015767083638,-0.07384780049324036,-0.156972736120224,0.026691987321271426,-0.08600488305091858,-0.20253044366836548,0.0038296474633057187,-0.08672797679901123,-0.18581333756446838,-0.010503785542653077,-0.07959616184234619,-0.17344564199447632,-0.01609294195424127,-0.04158914089202881,-0.1657947599887848,0.01853903490354014,-0.05324527621269226,-0.22353848814964294,-0.00580775164763736,-0.05147659778594971,-0.16374853253364563,-0.010229855633781426,-0.0404621958732605,-0.138900488615036,-0.003227226526917093,-0.00721132755279541,-0.16609245538711548,0.004741670705868728,-0.0199010968208313,-0.22276192903518677,-0.02104424577902364,-0.02181553840637207,-0.15867295861244202,-0.010454206585393422,-0.011972665786743164,-0.13068345189094543,0.007308404103412158,0.031390488147735596,-0.15686368942260742,-0.010228949456916325,0.014273285865783691,-0.20565909147262573,-0.020243300914273732,0.007774770259857178,-0.16303077340126038,-0.006562568105266564,0.014412939548492432,-0.1399448812007904,0.008615419410659797,fist
0.0,0.0,0.0,-0.05090087652206421,-0.03222459554672241,-0.00851094231424554,-0.09493625164031982,-0.09641540050506592,-0.011253743175842601,-0.10245206952095032,-0.16506531834602356,-0.018796392459847766,-0.07006973028182983,-0.20431432127952576,-0.023356160823681194,-0.07181507349014282,-0.1594604253768921,0.023006099532864255,-0.08237791061401367,-0.2091188132762909,-0.003804346289911109,-0.07895490527153015,-0.16744741797447205,-0.018078506667592364,-0.06897860765457153,-0.14436069130897522,-0.022452690381982165,-0.039857566356658936,-0.1665191352367401,0.016068564053199452,-0.04987907409667969,-0.22525018453598022,-0.011525107291021186,-0.047689974308013916,-0.15913838148117065,-0.015057904389180976,-0.036228954792022705,-0.1357109546661377,-0.006632533133455354,-0.006181478500366211,-0.16529041528701782,0.002701103478244704,-0.016596972942352295,-0.21810156106948853,-0.02560156278727277,-0.01890707015991211,-0.15166258811950684,-0.014728684653022128,-0.00991898775100708,-0.12768825888633728,0.003911553207359475,0.03166460990905762,-0.15591385960578918,-0.012088429857470828,0.016647934913635254,-0.20262908935546875,-0.022542721335270244,0.009907782077789307,-0.15918156504631042,-0.009134069759824115,0.016040802001953125,-0.13841238617897034,0.006193503528407973,fist
0.0,0.0,0.0,-0.05227160453796387,-0.031111955642700195,-0.008759186129424279,-0.09746882319450378,-0.09683886170387268,-0.012151300433430379,-0.10594862699508667,-0.16922304034233093,-0.020218397016975587,-0.06969818472862244,-0.20686522126197815,-0.025296982835385506,-0.07703843712806702,-0.1592138707637787,0.021099542741325195,-0.0895136296749115,-0.2103780210018158,-0.006811426944437926,-0.0832768976688385,-0.1672685146331787,-0.02189266727432937,-0.07141447067260742,-0.14181017875671387,-0.026542628641578858,-0.043314576148986816,-0.16665565967559814,0.014028590646233852,-0.05376541614532471,-0.22871339321136475,-0.014702219042334264,-0.05013561248779297,-0.16040921211242676,-0.01873855338558883,-0.03890746831893921,-0.131113201379776,-0.010108864392492478,-0.007886946201324463,-0.16493436694145203,0.0007657025788319061,-0.018988609313964844,-0.21999511122703552,-0.02766133331820697,-0.019839704036712646,-0.1515049934387207,-0.016236260990950768,-0.011353015899658203,-0.12203499674797058,0.0032242972018536875,0.03139352798461914,-0.1542654037475586,-0.013951136256906693,0.01492851972579956,-0.2014746069908142,-0.024275297756645386,0.009340286254882812,-0.1587001085281372,-0.010350223156962102,0.015215516090393066,-0.1359870433807373,0.0056645949451592514,fist
0.0,0.0,0.0,-0.0536174476146698,-0.03444138169288635,-0.00678513232665523,-0.09637969732284546,-0.09607136249542236,-0.00973976623313888,-0.10530853271484375,-0.16301250457763672,-0.01770212162332996,-0.07550075650215149,-0.2022663652896881,-0.02383111264603599,-0.0739162266254425,-0.15769940614700317,0.025015599689908186,-0.08358025550842285,-0.20339375734329224,0.0005739060132725626,-0.0825033187866211,-0.174190491437912,-0.0138624965776728,-0.07527360320091248,-0.15690356492996216,-0.019135387950115046,-0.042467474937438965,-0.1661880612373352,0.01721042547328011,-0.05360287427902222,-0.2235681414604187,-0.008275511079006037,-0.05100196599960327,-0.1620808243751526,-0.013024769127838454,-0.04001271724700928,-0.1389416754245758,-0.006176229902081332,-0.00842207670211792,-0.16667070984840393,0.0035807188968135506,-0.020187020301818848,-0.21939140558242798,-0.023535810746722063,-0.021453559398651123,-0.15512192249298096,-0.013752711341254553,-0.012890815734863281,-0.13043007254600525,0.0036338208145423323,0.029610514640808105,-0.15799683332443237,-0.011183706447951636,0.01294553279876709,-0.20374351739883423,-0.021630809046797594,0.007958650588989258,-0.1603682041168213,-0.008055999279491743,0.014565646648406982,-0.13909918069839478,0.007222827188201109,fist
0.0,0.0,0.0,-0.0517425537109375,-0.029871881008148193,-0.009141491106447575,-0.09693026542663574,-0.09507250785827637,-0.012616900107559559,-0.1032305657863617,-0.1640109419822693,-0.020774083523747322,-0.07169902324676514,-0.20048823952674866,-0.026430795280930397,-0.07495737075805664,-0.15646308660507202,0.019630366624596718,-0.08833321928977966,-0.20422756671905518,-0.008123076832589504,-0.08468729257583618,-0.16912442445755005,-0.022798409997221825,-0.07424333691596985,-0.15059757232666016,-0.027484242184755203,-0.04211360216140747,-0.16381293535232544,0.01284971988320649,-0.053871721029281616,-0.21881723403930664,-0.015157582550045845,-0.05069819092750549,-0.1555112898349762,-0.018799947886463997,-0.039809346199035645,-0.1357482373714447,-0.010899339182969925,-0.007518172264099121,-0.1638939380645752,-0.00021356972024477727,-0.018960535526275635,-0.2168601155281067,-0.029371258183118698,-0.019607067108154297,-0.14956355094909668,-0.01833735810100734,-0.011033117771148682,-0.12591713666915894,0.00017482842054050707,0.030703067779541016,-0.1568891406059265,-0.014739672965106365,0.015364110469818115,-0.2023657262325287,-0.026830774112340805,0.009696245193481445,-0.1573401391506195,-0.013928945488032696,0.015489041805267334,-0.13591700792312622,0.0011141505467548996,fist
0.0,0.0,0.0,-0.05237060785293579,-0.029508471488952637,-0.008244848380144276,-0.09656637907028198,-0.09305408596992493,-0.011504404748137631,-0.1060192883014679,-0.16344618797302246,-0.0194697506151158,-0.07411926984786987,-0.20148327946662903,-0.024808957742806115,-0.07608774304389954,-0.15682938694953918,0.021807872188929878,-0.08965802192687988,-0.20378410816192627,-0.0047731050646859785,-0.0834088921546936,-0.1661544144153595,-0.019164859818573632,-0.07081711292266846,-0.1469028890132904,-0.02383901694631163,-0.04336422681808472,-0.16467392444610596,0.014810915535036884,-0.055217862129211426,-0.21950063109397888,-0.01200690543120686,-0.05078509449958801,-0.15472522377967834,-0.01584462405955378,-0.03928697109222412,-0.13241374492645264,-0.00815182322477881,-0.008551299571990967,-0.16444239020347595,0.001726435810979865,-0.021261751651763916,-0.21693414449691772,-0.026062842028494515,-0.020790517330169678,-0.14966195821762085,-0.014987421723361649,-0.01162731647491455,-0.12405240535736084,0.0034502409041863302,0.030110955238342285,-0.1560644805431366,-0.012702134939189591,0.012497246265411377,-0.20111364126205444,-0.02379055650746409,0.007921814918518066,-0.15686991810798645,-0.010479361320193448,0.014807581901550293,-0.13532447814941406,0.004899892454687915,fist
0.0,0.0,0.0,-0.05319377779960632,-0.026220619678497314,-0.010485610184048255,-0.09807741641998291,-0.09063541889190674,-0.015039253239308437,-0.10438767075538635,-0.16198760271072388,-0.023862160001669963,-0.07032132148742676,-0.19822874665260315,-0.029559062053237994,-0.07758456468582153,-0.1548497974872589,0.017890999834264676,-0.08963671326637268,-0.20323780179023743,-0.012328097787474235,-0.08287382125854492,-0.15815424919128418,-0.0280897237404929,-0.07220175862312317,-0.13366004824638367,-0.032762973760043224,-0.044422030448913574,-0.16306206583976746,0.01150099448415176,-0.05573186278343201,-0.21733713150024414,-0.018164663766299327,-0.05067861080169678,-0.15066584944725037,-0.022269622613464435,-0.04069244861602783,-0.1283676028251648,-0.014303635065232356,-0.009401977062225342,-0.16337287425994873,-0.0013792297847317059,-0.020659148693084717,-0.21538585424423218,-0.03174696788636311,-0.019448399543762207,-0.14500683546066284,-0.02050949372795685,-0.01179593801498413,-0.11900869011878967,-0.0014353935418398578,0.02921473979949951,-0.15638041496276855,-0.015754728768740733,0.013062715530395508,-0.1986292600631714,-0.02842447273877724,0.008903264999389648,-0.15238437056541443,-0.015495717716191848,0.014356017112731934,-0.13154703378677368,-5.709195619374441e-05,fist
0.0,0.0,0.0,-0.05179688334465027,-0.02430438995361328,-0.012024615712107334,-0.09770381450653076,-0.09013557434082031,-0.017008166581035766,-0.10537946224212646,-0.1644778549671173,-0.025805581181884918,-0.06968766450881958,-0.20008179545402527,-0.030801852985860023,-0.07578247785568237,-0.157694011926651,0.015166152447818604,-0.09077054262161255,-0.20608991384506226,-0.01384179089927784,-0.08208346366882324,-0.15474587678909302,-0.027011561959625396,-0.07012024521827698,-0.13492006063461304,-0.030488636165500793,-0.0429995059967041,-0.16478928923606873,0.009240526885150757,-0.05668264627456665,-0.21763035655021667,-0.02067212928795925,-0.050005435943603516,-0.148284912109375,-0.02264446747267357,-0.03881955146789551,-0.13100016117095947,-0.013034933998824272,-0.008792221546173096,-0.163589745759964,-0.0032393201790910098,-0.021757662296295166,-0.2142816185951233,-0.033754063591004524,-0.0201987624168396,-0.14315909147262573,-0.021389504715443763,-0.011911332607269287,-0.12100109457969666,-0.0015192364180620643,0.02927309274673462,-0.15610140562057495,-0.017363061949254188,0.011418044567108154,-0.19827315211296082,-0.029466202303410682,0.007437944412231445,-0.15130290389060974,-0.016153411760569725,0.013643503189086914,-0.13044655323028564,-0.0005207835883993539,fist
0.0,0.0,0.0,-0.05012637376785278,-0.02441847324371338,-0.012974437345945944,-0.09671881794929504,-0.09097680449485779,-0.018283518050992598,-0.10377761721611023,-0.1657751202583313,-0.027236565967285742,-0.06675785779953003,-0.1996070146560669,-0.03182108515986215,-0.0762399435043335,-0.1600896716117859,0.014644658173239122,-0.09052622318267822,-0.2114037275314331,-0.015784688313686956,-0.08165735006332397,-0.15690022706985474,-0.029049852882707228,-0.07087212800979614,-0.13654351234436035,-0.03215482274183046,-0.04255133867263794,-0.16629713773727417,0.009070081616556536,-0.055575400590896606,-0.22144544124603271,-0.022134399061286558,-0.04914084076881409,-0.14974576234817505,-0.02351361887642156,-0.03943604230880737,-0.1337021291255951,-0.01288452839591514,-0.007811069488525391,-0.16392692923545837,-0.0033589410793126717,-0.019748806953430176,-0.21357369422912598,-0.03440427223333131,-0.018400073051452637,-0.14191198348999023,-0.02112218367048513,-0.011154234409332275,-0.12299221754074097,-0.0003835723525469348,0.030556201934814453,-0.1558075249195099,-0.01758400352784406,0.013876199722290039,-0.19690561294555664,-0.029181350042307486,0.009754836559295654,-0.14994406700134277,-0.015153808538997282,0.01535409688949585,-0.1316833198070526,0.0010227254627181992,fist
0.0,0.0,0.0,-0.04708433151245117,-0.026003986597061157,-0.012699164736858393,-0.09266594052314758,-0.0923730731010437,-0.018454230677178884,-0.10154753923416138,-0.16625913977622986,-0.02791117998569348,-0.06560862064361572,-0.19966483116149902,-0.03270875225572922,-0.07320225238800049,-0.16436955332756042,0.013914907995769,-0.08833232522010803,-0.21733450889587402,-0.015915599938324476,-0.08054840564727783,-0.16426342725753784,-0.028108566354802633,-0.07008343935012817,-0.14669421315193176,-0.030640577252796675,-0.03943228721618652,-0.16909199953079224,0.008220616441377615,-0.05288863182067871,-0.22238558530807495,-0.0228948679825578,-0.04727661609649658,-0.1503487527370453,-0.023366515811375166,-0.038069069385528564,-0.1367586851119995,-0.012181713532498861,-0.004871726036071777,-0.16543537378311157,-0.004251841276726509,-0.0174180269241333,-0.21441221237182617,-0.03478317643313744,-0.01614964008331299,-0.1427708864212036,-0.020903270047000433,-0.008097052574157715,-0.12641286849975586,5.16160687880074e-06,0.03313714265823364,-0.15662881731987,-0.018561288069776083,0.016879916191101074,-0.19732636213302612,-0.029521896790555502,0.011504709720611572,-0.15072259306907654,-0.01562765921264031,0.016766607761383057,-0.13330170512199402,0.0002560256732806465,fist
0.0,0.0,0.0,-0.04812288284301758,-0.028415560722351074,-0.013033590113167293,-0.09241512417793274,-0.09332418441772461,-0.020118012857977874,-0.09998267889022827,-0.16676777601242065,-0.03086444905156327,-0.06352546811103821,-0.2000390589237213,-0.03672386875504685,-0.07447749376296997,-0.1652865707874298,0.011646680700238221,-0.0890515148639679,-0.22127658128738403,-0.019487263468448646,-0.08161893486976624,-0.16663402318954468,-0.032451158223096854,-0.07141795754432678,-0.1465338170528412,-0.03549971228594018,-0.04008316993713379,-0.1702379584312439,0.0058162442209379606,-0.05272898077964783,-0.22332072257995605,-0.0257000027423544,-0.04779994487762451,-0.15132588148117065,-0.026121519339625365,-0.03964442014694214,-0.13771897554397583,-0.015403959733788497,-0.004790961742401123,-0.16656583547592163,-0.006786672697757012,-0.016321957111358643,-0.2171918749809265,-0.03716661205643845,-0.01624506711959839,-0.1453336775302887,-0.0229400953477068,-0.009348869323730469,-0.1281992793083191,-0.0022778409266663857,0.03341186046600342,-0.15694975852966309,-0.021334275436942107,0.017663002014160156,-0.19627803564071655,-0.032686797735635764,0.011545062065124512,-0.15040528774261475,-0.01918876340741349,0.015882909297943115,-0.13286465406417847,-0.0036975623307569094,fist
0.0,0.0,0.0,-0.046077609062194824,-0.02847263216972351,-0.014336787248566907,-0.0905570387840271,-0.09126675128936768,-0.02328977649153785,-0.0978822112083435,-0.16309282183647156,-0.0354458234185131,-0.06245341897010803,-0.20160722732543945,-0.04235986908020095,-0.07310551404953003,-0.1670151650905609,0.008472690274402339,-0.0888170599937439,-0.22307345271110535,-0.024636291983142655,-0.08359462022781372,-0.1714252233505249,-0.03843066384138183,-0.07353705167770386,-0.15315988659858704,-0.041708967732802193,-0.03906083106994629,-0.17117291688919067,0.003024169858008463,-0.05223989486694336,-0.2265395224094391,-0.028735338794604104,-0.048988282680511475,-0.15290015935897827,-0.027967195110932153,-0.04117238521575928,-0.14400577545166016,-0.016553849997535508,-0.004227042198181152,-0.16651621460914612,-0.009384475732758801,-0.016420185565948486,-0.2172931432723999,-0.040591775524035256,-0.01727581024169922,-0.14494609832763672,-0.024938468905702393,-0.009335339069366455,-0.13240858912467957,-0.0035192792681755236,0.03377664089202881,-0.15635627508163452,-0.02384035390855388,0.018228888511657715,-0.19641944766044617,-0.035878310995713036,0.011319339275360107,-0.14864569902420044,-0.02128835310281829,0.01610422134399414,-0.1323552131652832,-0.005037393505290311,fist
0.0,0.0,0.0,-0.047626495361328125,-0.030998140573501587,-0.015944712681829287,-0.09052026271820068,-0.0914510190486908,-0.02574743412262137,-0.09585744142532349,-0.15989544987678528,-0.038378453700005366,-0.06346887350082397,-0.1991913914680481,-0.04567964643067057,-0.07528162002563477,-0.1715773344039917,0.008869508394838022,-0.08889392018318176,-0.22526511549949646,-0.027074086366354777,-0.08453461527824402,-0.1758359670639038,-0.04404965311115916,-0.07540109753608704,-0.15387123823165894,-0.04885571345513995,-0.0399022102355957,-0.17547607421875,0.0031021932343548997,-0.05301317572593689,-0.2300676703453064,-0.03222062334245379,-0.050111591815948486,-0.15647783875465393,-0.03486027836626704,-0.04205453395843506,-0.14338740706443787,-0.0248452749831074,-0.003594815731048584,-0.17168617248535156,-0.009965113250672175,-0.01560288667678833,-0.2177870273590088,-0.04443288117474253,-0.016884148120880127,-0.1456983983516693,-0.03018297336822684,-0.010033130645751953,-0.13208907842636108,-0.008666787183045699,0.035893380641937256,-0.16134005784988403,-0.02517319552427466,0.019097328186035156,-0.19733765721321106,-0.038797828255354716,0.01265096664428711,-0.14805877208709717,-0.02372950210994418,0.01685011386871338,-0.13243398070335388,-0.006489952912687613,fist
0.0,0.0,0.0,-0.048843204975128174,-0.03296986222267151,-0.01460966256621532,-0.0917242169380188,-0.09353810548782349,-0.023781462322801872,-0.09541797637939453,-0.16236922144889832,-0.03574905985209398,-0.06067273020744324,-0.1993052065372467,-0.0418917655310338,-0.07714885473251343,-0.17494431138038635,0.008741433981924729,-0.09365871548652649,-0.23026248812675476,-0.02642656930896692,-0.08623746037483215,-0.17135381698608398,-0.04316883974883012,-0.07760682702064514,-0.15037775039672852,-0.048461676325530334,-0.0406724214553833,-0.17844629287719727,0.002597915956869201,-0.05483630299568176,-0.22742179036140442,-0.03158782118174486,-0.05023324489593506,-0.15219295024871826,-0.034451246943206115,-0.04434823989868164,-0.1427687108516693,-0.025726056408018394,-0.003238677978515625,-0.17427277565002441,-0.010526515293747707,-0.015103638172149658,-0.21990972757339478,-0.043232683773965164,-0.01541280746459961,-0.14682742953300476,-0.028715806763500495,-0.010451078414916992,-0.13527226448059082,-0.008214493963748737,0.03709620237350464,-0.1635664403438568,-0.02575287849816732,0.021059036254882812,-0.19778043031692505,-0.03847323798748903,0.014889717102050781,-0.14643412828445435,-0.02327792973431997,0.01765298843383789,-0.1315857172012329,-0.006448055833459421,fist
0.0,0.0,0.0,-0.049763500690460205,-0.03443354368209839,-0.014631972471306653,-0.09450399875640869,-0.09599241614341736,-0.023409134531448217,-0.099466472864151,-0.16757962107658386,-0.034910053769181104,-0.0633133053779602,-0.2021164894104004,-0.040628195563385816,-0.08077588677406311,-0.1756041944026947,0.008474336182644038,-0.09604188799858093,-0.23210039734840393,-0.026824881145785184,-0.08768796920776367,-0.17052263021469116,-0.043643747279475065,-0.07873848080635071,-0.14875194430351257,-0.049090285608599515,-0.04344010353088379,-0.18053105473518372,0.0021523190102925582,-0.055919110774993896,-0.23282191157341003,-0.03266844601375851,-0.05003589391708374,-0.1556718349456787,-0.035534453401396604,-0.04356729984283447,-0.1440373957157135,-0.026506216088364454,-0.0051004886627197266,-0.1773318648338318,-0.011063633309731813,-0.01619189977645874,-0.22366023063659668,-0.04433706850750241,-0.01522684097290039,-0.14840486645698547,-0.029814458275268407,-0.010046005249023438,-0.13491302728652954,-0.008898083875010343,0.03561300039291382,-0.16709783673286438,-0.02632079348904881,0.019649624824523926,-0.20103347301483154,-0.03911984787328038,0.014385223388671875,-0.14908212423324585,-0.023719961578080984,0.017417550086975098,-0.13434159755706787,-0.006611867630908819,fist
0.0,0.0,0.0,-0.05065828561782837,-0.034086644649505615,-0.014479180614216602,-0.0954931378364563,-0.09336519241333008,-0.024291449974043644,-0.10261979699134827,-0.1634393036365509,-0.036825330744250095,-0.06650742888450623,-0.19921031594276428,-0.04326666686938552,-0.08193382620811462,-0.17573481798171997,0.007674700298593962,-0.10064488649368286,-0.23344096541404724,-0.027879508028490818,-0.0910753607749939,-0.17232400178909302,-0.045485080967409885,-0.0821448564529419,-0.15094196796417236,-0.05180732701228408,-0.04471027851104736,-0.1817675530910492,0.001404627293595695,-0.060140907764434814,-0.23022939264774323,-0.03255723957227019,-0.05241858959197998,-0.1540239453315735,-0.03527685050175933,-0.046982645988464355,-0.14551609754562378,-0.027192989180548466,-0.006531357765197754,-0.17902207374572754,-0.011733203942640102,-0.020488202571868896,-0.2253555953502655,-0.043699806372387684,-0.01778322458267212,-0.15182819962501526,-0.028334619293673313,-0.011932969093322754,-0.1394326388835907,-0.00792534258471278,0.0346340537071228,-0.16961708664894104,-0.02707102690146712,0.01622110605239868,-0.20157232880592346,-0.03960535470650939,0.011248409748077393,-0.15009358525276184,-0.024263301680548466,0.014414668083190918,-0.13582006096839905,-0.0076569782595470315,fist
0.0,0.0,0.0,-0.05084586143493652,-0.03625982999801636,-0.014183584164186414,-0.09502601623535156,-0.09437495470046997,-0.02497590382705539,-0.10676649212837219,-0.1647455096244812,-0.03795388762961238,-0.06935492157936096,-0.19854500889778137,-0.043877438205583985,-0.08104938268661499,-0.18147119879722595,0.006201629497752492,-0.10244101285934448,-0.23172760009765625,-0.029162589955433305,-0.09133589267730713,-0.17007747292518616,-0.046866730350359376,-0.08256497979164124,-0.1556393802165985,-0.054183125990732606,-0.04347938299179077,-0.188951313495636,0.000462096388162081,-0.06274661421775818,-0.23130619525909424,-0.029970458272202904,-0.05196058750152588,-0.1531853973865509,-0.028850103291972573,-0.04729878902435303,-0.15335765480995178,-0.020138921710952218,-0.006302297115325928,-0.18424421548843384,-0.012187045562370713,-0.022502779960632324,-0.2256096601486206,-0.04120649074326366,-0.017940402030944824,-0.1527588963508606,-0.021630049246653016,-0.00958406925201416,-0.1447647511959076,-0.00017888721782810535,0.035044848918914795,-0.17190852761268616,-0.027311474579676087,0.017530620098114014,-0.20375162363052368,-0.038100071746214326,0.01140826940536499,-0.1538497507572174,-0.021121297526462968,0.014136552810668945,-0.14157035946846008,-0.004310143209352191,fist
0.0,0.0,0.0,-0.04954338073730469,-0.029663175344467163,-0.0158164756985002,-0.09673982858657837,-0.09037870168685913,-0.026877102875857872,-0.1062963604927063,-0.16237804293632507,-0.04001580315247111,-0.06918016076087952,-0.19516196846961975,-0.045992461466937584,-0.08561167120933533,-0.17909851670265198,0.004403410045654255,-0.10584753751754761,-0.2308357059955597,-0.03201133149281077,-0.09396693110466003,-0.16891631484031677,-0.04873483764544062,-0.08490404486656189,-0.15200403332710266,-0.05468733745232157,-0.04721379280090332,-0.18691468238830566,-0.0013832463563971942,-0.06431692838668823,-0.22813299298286438,-0.034104408198743386,-0.054179847240448,-0.14982107281684875,-0.033069164925962014,-0.05094432830810547,-0.15123581886291504,-0.023303640508800072,-0.008348524570465088,-0.18311619758605957,-0.014382300400882286,-0.02303081750869751,-0.22192052006721497,-0.04545807602420382,-0.019002854824066162,-0.14860734343528748,-0.026631796234994454,-0.01250523328781128,-0.14475655555725098,-0.005044534770547671,0.03355890512466431,-0.17348763346672058,-0.029926677668242974,0.016100168228149414,-0.19802066683769226,-0.04169146108046107,0.011149227619171143,-0.14720141887664795,-0.025287206718473954,0.01409679651260376,-0.13875755667686462,-0.008594738753288311,fist
0.0,0.0,0.0,-0.05323296785354614,-0.03246477246284485,-0.01480625288400006,-0.09734076261520386,-0.09087434411048889,-0.025573868284254786,-0.10831344127655029,-0.1618368923664093,-0.03836758060219836,-0.07168659567832947,-0.19386106729507446,-0.04348385704520297,-0.08523645997047424,-0.17829418182373047,0.006123262012124542,-0.10767725110054016,-0.23091915249824524,-0.029967619085937258,-0.09607407450675964,-0.16824179887771606,-0.04791484026077342,-0.08785301446914673,-0.15332916378974915,-0.05526171622636866,-0.0475391149520874,-0.18578237295150757,0.000563663159709904,-0.06671655178070068,-0.22859850525856018,-0.029807075837879893,-0.05542933940887451,-0.14906415343284607,-0.027960998917251345,-0.05221819877624512,-0.1517525613307953,-0.018932756016283747,-0.010338664054870605,-0.180465966463089,-0.012175491059451815,-0.0246010422706604,-0.2240547239780426,-0.04094841701748919,-0.019633471965789795,-0.15110734105110168,-0.01983423156502795,-0.011494278907775879,-0.14510512351989746,0.0023408807085161243,0.03184640407562256,-0.16770994663238525,-0.0276363175159986,0.016892731189727783,-0.20110800862312317,-0.03797641767027926,0.011301219463348389,-0.15126913785934448,-0.01996022460821223,0.013484835624694824,-0.13980337977409363,-0.002619256710886475,fist
0.0,0.0,0.0,-0.046957194805145264,-0.03146195411682129,-0.023267100368371985,-0.09679007530212402,-0.0881156325340271,-0.03878805487298109,-0.11522030830383301,-0.15550971031188965,-0.05569876803897955,-0.07561126351356506,-0.1868979036808014,-0.06613452433489897,-0.0867677628993988,-0.17968198657035828,-0.0008929847168985816,-0.10890614986419678,-0.22874599695205688,-0.03711239694499113,-0.09765231609344482,-0.1662202775478363,-0.052599941183558485,-0.08608695864677429,-0.15418434143066406,-0.05816394164108374,-0.04773759841918945,-0.19022786617279053,-0.00491051495887973,-0.06763410568237305,-0.23318472504615784,-0.04092848374389746,-0.05768883228302002,-0.1551416516304016,-0.04063319115780928,-0.047580599784851074,-0.15297675132751465,-0.029562602554193518,-0.00710749626159668,-0.18700239062309265,-0.016769009445539496,-0.023488223552703857,-0.22636744379997253,-0.05164187102460005,-0.01986771821975708,-0.15297028422355652,-0.036566053320399305,-0.010936141014099121,-0.14867359399795532,-0.015695084620944044,0.03611654043197632,-0.17583104968070984,-0.031452809263697645,0.01936572790145874,-0.2059916853904724,-0.045390841354361555,0.012972652912139893,-0.15517237782478333,-0.031611067046156904,0.016050994396209717,-0.1427980363368988,-0.016162444640627882,fist
0.0,0.0,0.0,-0.04945170879364014,-0.028690040111541748,-0.02523886811266607,-0.09976834058761597,-0.08749938011169434,-0.040592002014619766,-0.11661416292190552,-0.1542125940322876,-0.05649685327242082,-0.07857009768486023,-0.18722987174987793,-0.06481555689404672,-0.08720022439956665,-0.18547242879867554,-0.0027737848302251678,-0.11013197898864746,-0.2308085411787033,-0.038571326325637756,-0.09923729300498962,-0.16599023342132568,-0.05297476265857881,-0.08868208527565002,-0.15621235966682434,-0.05789390046427911,-0.048350393772125244,-0.19423162937164307,-0.005745253789228855,-0.06814408302307129,-0.23346972465515137,-0.04085250411461061,-0.05859476327896118,-0.1522335708141327,-0.03863644067476457,-0.04986673593521118,-0.15554958581924438,-0.026606720204455314,-0.00842195749282837,-0.18906086683273315,-0.016796788464290557,-0.023897886276245117,-0.2258869707584381,-0.05089944813678926,-0.020580530166625977,-0.15172713994979858,-0.03328480411599344,-0.011361002922058105,-0.15164244174957275,-0.011101021694940982,0.03440749645233154,-0.1765836477279663,-0.03106193457077211,0.0187760591506958,-0.2069191038608551,-0.044340631256801544,0.0125083327293396,-0.1564132571220398,-0.028916584591371475,0.01604294776916504,-0.1462402641773224,-0.012307350787324367,fist
0.0,0.0,0.0,-0.050057828426361084,-0.027961909770965576,-0.02406448046792775,-0.10262691974639893,-0.08336374163627625,-0.04000122952390939,-0.1191990077495575,-0.15017640590667725,-0.05676666381884843,-0.07679998874664307,-0.18128803372383118,-0.067243461637986,-0.09017196297645569,-0.187649667263031,-0.0031427353632125232,-0.11107215285301208,-0.22994756698608398,-0.040241983860028085,-0.10264426469802856,-0.16845297813415527,-0.05677320542861253,-0.09091073274612427,-0.15279942750930786,-0.06292720618773728,-0.04894500970840454,-0.19854405522346497,-0.00778025495935708,-0.07000905275344849,-0.23308375477790833,-0.045352176903975305,-0.06352555751800537,-0.15768781304359436,-0.04632056611706048,-0.05026054382324219,-0.151582270860672,-0.036021304457676706,-0.006855130195617676,-0.19522973895072937,-0.020374997659814653,-0.02539438009262085,-0.22183257341384888,-0.056953606336605844,-0.02406376600265503,-0.15330079197883606,-0.044106186508429346,-0.013481616973876953,-0.14924180507659912,-0.024650626956713495,0.03869062662124634,-0.18331420421600342,-0.03578941631246835,0.01751267910003662,-0.20343226194381714,-0.05193991693784028,0.010592877864837646,-0.15228426456451416,-0.039896072029364404,0.015842795372009277,-0.13944518566131592,-0.02533091339398652,fist
0.0,0.0,0.0,-0.049378275871276855,-0.02952823042869568,-0.02764349990923165,-0.10145804286003113,-0.08423683047294617,-0.04524679483313321,-0.11792871356010437,-0.14834263920783997,-0.06298457832474469,-0.07739222049713135,-0.18182891607284546,-0.07379446925062894,-0.08216509222984314,-0.1972288191318512,-0.00462653163287996,-0.10546112060546875,-0.22780093550682068,-0.043607912970969664,-0.0961117148399353,-0.16547176241874695,-0.061420563621709334,-0.0847785472869873,-0.15480077266693115,-0.06855766476530789,-0.041606009006500244,-0.2063671350479126,-0.008292192606518256,-0.0660409927368164,-0.23214146494865417,-0.0483433790637946,-0.05801594257354736,-0.15416529774665833,-0.049548424793670165,-0.04456937313079834,-0.1507817804813385,-0.03905131669182538,-0.0004430413246154785,-0.20081576704978943,-0.020511219291279303,-0.020612001419067383,-0.221718892455101,-0.0595837794377303,-0.018467426300048828,-0.1499040424823761,-0.045071546001622664,-0.00827014446258545,-0.14791050553321838,-0.0238008257134652,0.04370373487472534,-0.18548139929771423,-0.03608192132253407,0.022773444652557373,-0.2034788727760315,-0.05374913291473149,0.01587146520614624,-0.15203100442886353,-0.04114430399079083,0.020142018795013428,-0.14235788583755493,-0.02573380620617627,fist
0.0,0.0,0.0,-0.04669594764709473,-0.02035576105117798,-0.03197884139970597,-0.10186627507209778,-0.07013589143753052,-0.05440153506950196,-0.12300056219100952,-0.13287970423698425,-0.0766853201146489,-0.08373385667800903,-0.1674547791481018,-0.09333762106851395,-0.09088397026062012,-0.1834680438041687,-0.008067979006028736,-0.10131007432937622,-0.22012442350387573,-0.049804172938621605,-0.098115473985672,-0.17490044236183167,-0.07043931958631333,-0.0904187560081482,-0.1580270528793335,-0.07818807986930665,-0.047636330127716064,-0.19671103358268738,-0.010147938033497894,-0.06251239776611328,-0.23971420526504517,-0.05107076791480836,-0.05811208486557007,-0.1639484167098999,-0.0535917538161641,-0.045250892639160156,-0.1512359082698822,-0.042518030380762184,-0.003633737564086914,-0.19441261887550354,-0.02116944034949597,-0.015034139156341553,-0.22783076763153076,-0.06129877222136315,-0.01707977056503296,-0.15695011615753174,-0.04815656644657906,-0.009293019771575928,-0.14527824521064758,-0.026801643421805466,0.04299271106719971,-0.1808311939239502,-0.035500730847871864,0.032874107360839844,-0.2142944633960724,-0.05414310050562676,0.0244901180267334,-0.1627083718776703,-0.04082218882993516,0.025878965854644775,-0.14333698153495789,-0.024146493052995766,fist
0.0,0.0,0.0,-0.0483739972114563,-0.013244926929473877,-0.03242374169332152,-0.1082744300365448,-0.05700990557670593,-0.05527289914590483,-0.1320512294769287,-0.11475357413291931,-0.07710504489642744,-0.08887845277786255,-0.15172234177589417,-0.09573634671670561,-0.1021466851234436,-0.17932626605033875,-0.01175158801180487,-0.11121061444282532,-0.21763449907302856,-0.04909803303581839,-0.11928769946098328,-0.2202480435371399,-0.07151988851529723,-0.12321469187736511,-0.22408631443977356,-0.08349393265945082,-0.05431568622589111,-0.19643351435661316,-0.0146723003561533,-0.0676390528678894,-0.24353808164596558,-0.057081501508776,-0.0656861662864685,-0.16422224044799805,-0.06199914547306662,-0.05802309513092041,-0.13490256667137146,-0.05214300709468489,-0.00568777322769165,-0.19557487964630127,-0.0253204550097621,-0.013574838638305664,-0.2354298233985901,-0.06687277513248091,-0.018140196800231934,-0.1611441969871521,-0.05382772492868071,-0.015038490295410156,-0.13808441162109375,-0.03209489169222479,0.043903350830078125,-0.17977812886238098,-0.03924867468577986,0.03453707695007324,-0.21450746059417725,-0.06165444436174994,0.024911165237426758,-0.160988450050354,-0.048213373447481445,0.023929178714752197,-0.137446790933609,-0.031171695838395408,fist
0.0,0.0,0.0,-0.04870706796646118,-0.002687424421310425,-0.0310826118414127,-0.10509490966796875,-0.047972410917282104,-0.05259709277495972,-0.12805601954460144,-0.09811699390411377,-0.07273357578858963,-0.10676735639572144,-0.13798996806144714,-0.08998307803020111,-0.09882628917694092,-0.16689547896385193,-0.025848642302008784,-0.10969984531402588,-0.23134493827819824,-0.06441583701715103,-0.1237173080444336,-0.2146013081073761,-0.08817535111055008,-0.13047537207603455,-0.1881769597530365,-0.09903780588254563,-0.05101805925369263,-0.17997944355010986,-0.029036734563561595,-0.06371057033538818,-0.25186285376548767,-0.07014827647552124,-0.07106101512908936,-0.17904359102249146,-0.07866221138581864,-0.06585484743118286,-0.12865906953811646,-0.07223504253968827,-0.002224743366241455,-0.17663967609405518,-0.03813045316681496,-0.009436368942260742,-0.2435813695192337,-0.07657279291495911,-0.02034538984298706,-0.1726427972316742,-0.06772881963595978,-0.01940518617630005,-0.12500429153442383,-0.050014568803163684,0.04687666893005371,-0.1602872610092163,-0.04983541959271065,0.03923749923706055,-0.21335965394973755,-0.07280964621648423,0.026638269424438477,-0.16436243057250977,-0.06181177341684929,0.024487674236297607,-0.126275897026062,-0.046510102537723697,fist
0.0,0.0,0.0,-0.051051199436187744,-0.009330391883850098,-0.030231435187928923,-0.10552525520324707,-0.05307772755622864,-0.05246272716748024,-0.12817949056625366,-0.10091465711593628,-0.07389258626925255,-0.10604506731033325,-0.14098748564720154,-0.09273153577076698,-0.09623032808303833,-0.1739683747291565,-0.0226512629173925,-0.10755807161331177,-0.23573848605155945,-0.058763940223329314,-0.12321120500564575,-0.22735434770584106,-0.08170235935675407,-0.13116538524627686,-0.20791596174240112,-0.09263276342379356,-0.049071550369262695,-0.18646323680877686,-0.0265661090247562,-0.06397700309753418,-0.2574493885040283,-0.06631238047110344,-0.0738304853439331,-0.19134706258773804,-0.0755677897118261,-0.07040214538574219,-0.14319053292274475,-0.06973277065979744,-0.0009251832962036133,-0.18202200531959534,-0.03627689961420799,-0.009426534175872803,-0.2507060170173645,-0.07305306974875236,-0.02152949571609497,-0.18508902192115784,-0.06540927324520851,-0.02063685655593872,-0.13776123523712158,-0.04873890090810562,0.048461198806762695,-0.16304931044578552,-0.04865481365548874,0.04073220491409302,-0.21770626306533813,-0.07044021073805595,0.027252495288848877,-0.17292934656143188,-0.060177941211335906,0.024581313133239746,-0.13460546731948853,-0.04552852395998741,fist
0.0,0.0,0.0,-0.04281646013259888,0.0037745237350463867,-0.04299801535123038,-0.09942173957824707,-0.018399059772491455,-0.07548012531512427,-0.13227540254592896,-0.03842538595199585,-0.10438381082528281,-0.12797832489013672,-0.06111755967140198,-0.1293256799053495,-0.11473244428634644,-0.1669519543647766,-0.04785469121449637,-0.1289130449295044,-0.23266980051994324,-0.09866175002568411,-0.13733428716659546,-0.19921299815177917,-0.12716195679419684,-0.13984444737434387,-0.16323140263557434,-0.13984084821456122,-0.06116366386413574,-0.19039958715438843,-0.05005246720426726,-0.07289779186248779,-0.2510802149772644,-0.10435537195914435,-0.07377254962921143,-0.1575808823108673,-0.11349112487548041,-0.06817620992660522,-0.10815739631652832,-0.10500061459057974,-0.006687045097351074,-0.19105547666549683,-0.05954636580460715,-0.009329378604888916,-0.22839465737342834,-0.10607518947833228,-0.014453113079071045,-0.14771783351898193,-0.09434057719224143,-0.0151137113571167,-0.11381769180297852,-0.07422109640353369,0.048013925552368164,-0.1754097044467926,-0.07294498331063437,0.04771703481674194,-0.18856745958328247,-0.09920998609774756,0.04016685485839844,-0.13167288899421692,-0.08683853543513465,0.03687155246734619,-0.11082819104194641,-0.07022940314524817,fist
0.0,0.0,0.0,-0.04224592447280884,0.005446314811706543,-0.04537597972887397,-0.09800189733505249,-0.008859872817993164,-0.07972477305668235,-0.13055318593978882,-0.015834391117095947,-0.11059516597526908,-0.14337152242660522,-0.014703631401062012,-0.13748624850052238,-0.11679583787918091,-0.19807496666908264,-0.05644044954317451,-0.1398404836654663,-0.23885473608970642,-0.11099940467613578,-0.1388114094734192,-0.1900303065776825,-0.14288575876491905,-0.1408160924911499,-0.15063363313674927,-0.15792225230472923,-0.06174749135971069,-0.2319512963294983,-0.058787043429788355,-0.07121491432189941,-0.21183496713638306,-0.11342167783516288,-0.06784141063690186,-0.11521422863006592,-0.12465508211391807,-0.06674665212631226,-0.07629120349884033,-0.1207952492310369,-0.005419433116912842,-0.23005422949790955,-0.06842364300030113,-0.006179153919219971,-0.1884203851222992,-0.11515900421875358,-0.008949577808380127,-0.09975993633270264,-0.10470373857754112,-0.01066523790359497,-0.06506878137588501,-0.0873199023677671,0.05063265562057495,-0.20827308297157288,-0.08308900821941734,0.05435311794281006,-0.1574009656906128,-0.11191724169987083,0.04502290487289429,-0.0906277596950531,-0.10271371830242515,0.039541006088256836,-0.06733468174934387,-0.08757536042469383,fist
0.0,0.0,0.0,-0.03769904375076294,0.0033949613571166992,-0.05104115559774414,-0.08581006526947021,-0.019529759883880615,-0.08837531088906303,-0.1169508695602417,-0.03145712614059448,-0.12150498806553856,-0.14630329608917236,-0.021878182888031006,-0.14993284969645515,-0.1101270318031311,-0.20241686701774597,-0.057615275970277935,-0.12922245264053345,-0.2524939775466919,-0.11778940587359443,-0.1276310682296753,-0.19893485307693481,-0.15211502044516578,-0.1291866898536682,-0.16067779064178467,-0.16745989351588264,-0.05531591176986694,-0.22824081778526306,-0.058567717215595394,-0.06600844860076904,-0.23554858565330505,-0.12042147993165031,-0.06385624408721924,-0.1317387819290161,-0.13171050279456153,-0.06342732906341553,-0.09093233942985535,-0.1254738452942945,-0.0012514591217041016,-0.22284036874771118,-0.0684185731323339,-0.0018548369407653809,-0.21053802967071533,-0.12173624663668647,-0.006801426410675049,-0.11706715822219849,-0.11002028315382972,-0.010535359382629395,-0.0844123363494873,-0.08966917871552482,0.052332401275634766,-0.19936761260032654,-0.08351348667460456,0.05675846338272095,-0.17399358749389648,-0.11401245324927345,0.045897483825683594,-0.10721680521965027,-0.10378416209536567,0.03881561756134033,-0.08648565411567688,-0.08785049199181572,fist
0.0,0.0,0.0,-0.05421876907348633,-0.0007163882255554199,-0.05603407161532914,-0.1120913028717041,-0.019258618354797363,-0.09911661433278596,-0.13859212398529053,-0.026613473892211914,-0.13392051892577683,-0.11732757091522217,-0.025016307830810547,-0.16052535014449631,-0.12884342670440674,-0.24575629830360413,-0.07147621946631944,-0.14633041620254517,-0.164730966091156,-0.12317995565234696,-0.1238478422164917,-0.11259979009628296,-0.14752933221160447,-0.11083346605300903,-0.13922321796417236,-0.16178402142821824,-0.061592042446136475,-0.2599319815635681,-0.06977867173253571,-0.07299977540969849,-0.16461807489395142,-0.12181397365628754,-0.06341052055358887,-0.08394467830657959,-0.12705638842879807,-0.06156104803085327,-0.11010110378265381,-0.12317231880723511,0.0039681196212768555,-0.24127870798110962,-0.07465293096601044,0.0009472370147705078,-0.14986032247543335,-0.12152095722257172,-0.0034075379371643066,-0.06970071792602539,-0.10154148029386079,-0.0063294172286987305,-0.08360129594802856,-0.08003678756057298,0.06326699256896973,-0.2068144679069519,-0.08576029377280747,0.06305015087127686,-0.13489362597465515,-0.1126348136573938,0.055612802505493164,-0.07317298650741577,-0.09891638742982423,0.05377680063247681,-0.0818668007850647,-0.08210507618485963,fist
0.0,0.0,0.0,-0.061132729053497314,-0.006819427013397217,-0.058524704471011546,-0.11774319410324097,-0.025906026363372803,-0.10227578406014004,-0.1469515562057495,-0.016988158226013184,-0.13553656910337963,-0.14678287506103516,0.003943920135498047,-0.16094437514223614,-0.12325751781463623,-0.27454012632369995,-0.08197573100008526,-0.14443504810333252,-0.14057260751724243,-0.12518765304960766,-0.12675118446350098,-0.09515422582626343,-0.14645503734030285,-0.11646276712417603,-0.1353820562362671,-0.16148150239862957,-0.05126672983169556,-0.2824559211730957,-0.07876202736773052,-0.07109260559082031,-0.1160210371017456,-0.12010112677492657,-0.07003253698348999,-0.06537503004074097,-0.12793034587778607,-0.07134342193603516,-0.11304503679275513,-0.13161646102346936,0.01761549711227417,-0.25199094414711,-0.08026196335234204,0.002400517463684082,-0.09248584508895874,-0.11414525930561581,-0.010123789310455322,-0.04632800817489624,-0.0980678377000288,-0.014285564422607422,-0.07798945903778076,-0.08523761008657971,0.07600992918014526,-0.20433589816093445,-0.08913795922674694,0.06636500358581543,-0.08505141735076904,-0.11506338690199414,0.05311274528503418,-0.04405665397644043,-0.10853196208157101,0.04828369617462158,-0.06204724311828613,-0.09886221860327282,fist
0.0,0.0,0.0,-0.05864006280899048,-0.004834473133087158,-0.061675179748505116,-0.12001556158065796,-0.018606483936309814,-0.10636549815413332,-0.15367257595062256,-0.01648610830307007,-0.1406299881624875,-0.13077473640441895,-0.024563610553741455,-0.16492364928004122,-0.11506801843643188,-0.2746519446372986,-0.08114357665058947,-0.13631033897399902,-0.1388346552848816,-0.12707091495272493,-0.12088090181350708,-0.09192091226577759,-0.14772951230284548,-0.10924911499023438,-0.13358646631240845,-0.16150270029780245,-0.044348299503326416,-0.2797165513038635,-0.07340120151516771,-0.06440085172653198,-0.10805106163024902,-0.11905152723070955,-0.06251299381256104,-0.06335669755935669,-0.12517821416136599,-0.06127887964248657,-0.11974495649337769,-0.1258619390415845,0.024470031261444092,-0.25042954087257385,-0.07149756327149248,0.005009651184082031,-0.09053808450698853,-0.10973564162728167,-0.0029090046882629395,-0.05275779962539673,-0.09374364837881899,-0.0014846324920654297,-0.0958855152130127,-0.07905094697949266,0.08230465650558472,-0.20584946870803833,-0.07692128047224855,0.06744140386581421,-0.08594405651092529,-0.1049091927694974,0.055959343910217285,-0.052754878997802734,-0.10144018754240847,0.05643784999847412,-0.0839543342590332,-0.09307349845644808,fist
0.0,0.0,0.0,-0.06525403261184692,-0.006270110607147217,-0.06647815893205689,-0.13307273387908936,-0.019631803035736084,-0.11484560708316849,-0.14682087302207947,-0.016596972942352295,-0.15221519361051605,-0.08849895000457764,-0.02846437692642212,-0.17976869235548065,-0.10211789608001709,-0.2703750431537628,-0.09145803342374847,-0.12548667192459106,-0.13691914081573486,-0.13761539350065277,-0.11395454406738281,-0.08292049169540405,-0.1596771139911084,-0.10328936576843262,-0.11691111326217651,-0.1759219128898053,-0.027892768383026123,-0.2750609517097473,-0.08340552787097977,-0.05438882112503052,-0.0872008204460144,-0.12701354513677643,-0.053773701190948486,-0.04273092746734619,-0.13471431623014496,-0.050639986991882324,-0.09744030237197876,-0.13946610281976746,0.04281008243560791,-0.2447131872177124,-0.08130543271812485,0.01696646213531494,-0.06869739294052124,-0.11739054660114334,0.006574451923370361,-0.03541290760040283,-0.1045734916141896,0.006775617599487305,-0.0765729546546936,-0.0943326685837178,0.10387301445007324,-0.19843199849128723,-0.08739120851072357,0.08275651931762695,-0.07085192203521729,-0.11766040663036392,0.06628161668777466,-0.03714323043823242,-0.11657034943613098,0.06105625629425049,-0.05787450075149536,-0.11071773211273239,fist
0.0,0.0,0.0,-0.06777900457382202,-0.005744338035583496,-0.06644524038341615,-0.13859498500823975,-0.018621742725372314,-0.11606961638239,-0.15374305844306946,-0.022211074829101562,-0.1550291568091211,-0.09255969524383545,-0.03033626079559326,-0.18353877366092775,-0.10917401313781738,-0.27130696177482605,-0.09079713523891542,-0.13079357147216797,-0.14268279075622559,-0.140721017127305,-0.12524086236953735,-0.08906698226928711,-0.16381117105987641,-0.11708676815032959,-0.12325406074523926,-0.17989633381870362,-0.033512234687805176,-0.27568304538726807,-0.08299965560939881,-0.06158047914505005,-0.09558308124542236,-0.12996467352417085,-0.06625866889953613,-0.05127441883087158,-0.13603232205417726,-0.06503820419311523,-0.10932540893554688,-0.13798087239769075,0.036775290966033936,-0.24416396021842957,-0.0816661357930002,0.007296919822692871,-0.06894725561141968,-0.12205293179061982,-0.005854547023773193,-0.03564274311065674,-0.10656625926998231,-0.007546544075012207,-0.08180296421051025,-0.09267823547628495,0.09619259834289551,-0.19657942652702332,-0.08845781684425447,0.06757652759552002,-0.060496747493743896,-0.12082338482645127,0.05093681812286377,-0.030122995376586914,-0.1192276790788469,0.04606056213378906,-0.06035566329956055,-0.11203733236101243,fist
0.0,0.0,0.0,-0.06888675689697266,0.0026474595069885254,-0.06966089532772912,-0.1385783553123474,-0.0010666847229003906,-0.12035001144806756,-0.15520045161247253,0.0042607784271240234,-0.16020526812474145,-0.10297828912734985,-0.0005385875701904297,-0.1903865568439187,-0.11337441205978394,-0.24552315473556519,-0.09549485967556848,-0.13813358545303345,-0.11378204822540283,-0.14298204408089532,-0.12875789403915405,-0.06618362665176392,-0.16444582567612542,-0.11773747205734253,-0.09951865673065186,-0.17930061445633783,-0.038971006870269775,-0.252932071685791,-0.08625244424740686,-0.06618279218673706,-0.0642235279083252,-0.13100912497441186,-0.06628721952438354,-0.03147834539413452,-0.13716641889016046,-0.06226646900177002,-0.08758777379989624,-0.13971992657582177,0.03145134449005127,-0.22473153471946716,-0.08332327828804864,0.003493010997772217,-0.04337996244430542,-0.12245822773377313,-0.00529170036315918,-0.02091163396835327,-0.10808987991015329,-0.003925144672393799,-0.06924086809158325,-0.0950988091627778,0.0913582444190979,-0.18108344078063965,-0.08881115243832483,0.06513971090316772,-0.04246973991394043,-0.11961905733744516,0.051087796688079834,-0.01760464906692505,-0.1177663512627305,0.047912418842315674,-0.04833686351776123,-0.11083798931042566,fist
0.0,0.0,0.0,-0.07025808095932007,3.0279159545898438e-05,-0.06699073144960721,-0.13882461190223694,-0.005811095237731934,-0.11548331210184415,-0.1465851068496704,0.0030345916748046875,-0.154046757312301,-0.08397442102432251,-0.00016605854034423828,-0.18334394523668607,-0.10480475425720215,-0.2475549578666687,-0.08627293834257443,-0.12979656457901,-0.11461180448532104,-0.1354714466052087,-0.12133616209030151,-0.059690117835998535,-0.16071617433595975,-0.11018425226211548,-0.09167081117630005,-0.1780686808543237,-0.029920876026153564,-0.25380322337150574,-0.07871664145756085,-0.05961716175079346,-0.07074254751205444,-0.12230463901329358,-0.06013989448547363,-0.029820561408996582,-0.12807914444971402,-0.05457037687301636,-0.08987915515899658,-0.13031878897714932,0.039121389389038086,-0.223740816116333,-0.07844123074579556,0.009649813175201416,-0.049559831619262695,-0.11698021570015271,-0.0003045201301574707,-0.02065908908843994,-0.1030359027700456,0.0032648444175720215,-0.06925094127655029,-0.09025157073307355,0.09717381000518799,-0.17890062928199768,-0.0864849595146211,0.07071894407272339,-0.04493069648742676,-0.11621346900034268,0.05429255962371826,-0.015525102615356445,-0.11378989944029172,0.051696836948394775,-0.043602943420410156,-0.10681444236803372,fist
0.0,0.0,0.0,-0.07083249092102051,0.0038549304008483887,-0.06713181585678285,-0.1422494351863861,0.0027307868003845215,-0.11686508954176134,-0.15211597084999084,0.019046366214752197,-0.156119740015356,-0.09128397703170776,0.019863247871398926,-0.18605137467989152,-0.10819441080093384,-0.22686922550201416,-0.09634607881912416,-0.1398037075996399,-0.08515650033950806,-0.14872277379640764,-0.1265767216682434,-0.0357433557510376,-0.1754969567120952,-0.11078792810440063,-0.07145756483078003,-0.19378436208376115,-0.033511996269226074,-0.23368597030639648,-0.08793344200262254,-0.06661444902420044,-0.03793138265609741,-0.1328895449698848,-0.06225866079330444,-0.00515371561050415,-0.13696379066118425,-0.05285453796386719,-0.06425994634628296,-0.13818166256555742,0.035321712493896484,-0.20304584503173828,-0.08635690659889406,0.001995861530303955,-0.01880878210067749,-0.12414125204691118,-0.0043225884437561035,0.0005207657814025879,-0.10625029951938814,0.0016693472862243652,-0.05033671855926514,-0.0909756183684749,0.09215253591537476,-0.1566632091999054,-0.09325102568277543,0.059795260429382324,-0.014670908451080322,-0.12532830834993547,0.047650039196014404,0.003212153911590576,-0.12366838604816621,0.04840797185897827,-0.03394860029220581,-0.11649378240713304,fist
0.0,0.0,0.0,-0.06944805383682251,-0.0009247660636901855,-0.06549608904759907,-0.14006859064102173,-0.0059455037117004395,-0.11375369328897023,-0.1485273241996765,0.009098172187805176,-0.15166541386287236,-0.08416330814361572,0.011024832725524902,-0.18053779948394322,-0.10549896955490112,-0.24139124155044556,-0.0902372990910294,-0.13332271575927734,-0.10318732261657715,-0.14032722461860203,-0.1244698166847229,-0.05282950401306152,-0.167160013801265,-0.11246985197067261,-0.08970016241073608,-0.18616693664233708,-0.030247867107391357,-0.2467077374458313,-0.08289206970374607,-0.06255495548248291,-0.05676615238189697,-0.12723604787032627,-0.0624159574508667,-0.020668983459472656,-0.1337570493284943,-0.05581158399581909,-0.08010190725326538,-0.13696878600757145,0.039032161235809326,-0.21538475155830383,-0.08226386655013584,0.007339835166931152,-0.036929190158843994,-0.12002472031753086,-0.0027053356170654297,-0.01225823163986206,-0.10539014089744114,0.001173555850982666,-0.061740219593048096,-0.09243062335889363,0.09707731008529663,-0.1692776083946228,-0.0898384024564507,0.0670844316482544,-0.03269392251968384,-0.11960428405444645,0.05147111415863037,-0.008410513401031494,-0.1174175610009911,0.05058109760284424,-0.04105997085571289,-0.11058540839593434,fist
0.0,0.0,0.0,-0.06518417596817017,-0.00014340877532958984,-0.06705369429445796,-0.13632094860076904,-0.0029117465019226074,-0.1149705536828094,-0.15072846412658691,0.016651630401611328,-0.15149412678337626,-0.0904046893119812,0.020313382148742676,-0.1784240715370231,-0.10603863000869751,-0.2305470108985901,-0.09483916686630778,-0.1372343897819519,-0.08387279510498047,-0.1437430493698173,-0.12473487854003906,-0.03963065147399902,-0.16900136695957713,-0.11100375652313232,-0.08032029867172241,-0.18686474488831095,-0.031399309635162354,-0.2365153729915619,-0.08522968368387751,-0.06489729881286621,-0.03878873586654663,-0.12695204840755991,-0.05970984697341919,-0.018328189849853516,-0.13124405966854624,-0.05216085910797119,-0.08145016431808472,-0.13312688099003367,0.03769385814666748,-0.2049819529056549,-0.08200833575583033,0.0037423372268676758,-0.019130051136016846,-0.11756484584665827,-0.0008895993232727051,-0.009411990642547607,-0.09999433534002833,0.005124032497406006,-0.06523555517196655,-0.08491506801701121,0.09445732831954956,-0.15752780437469482,-0.08718044684982829,0.06132185459136963,-0.014982461929321289,-0.11808802561617426,0.05201631784439087,-0.0025585293769836426,-0.11628443376875452,0.05539071559906006,-0.04331868886947632,-0.10899651424742274,fist
0.0,0.0,0.0,-0.06390941143035889,-0.0005034208297729492,-0.06825579597202136,-0.1352272629737854,-0.0032682418823242188,-0.1196921159192641,-0.14995747804641724,0.011208534240722656,-0.15994270785299136,-0.09165149927139282,0.01517707109451294,-0.19091521842923953,-0.10814541578292847,-0.23436680436134338,-0.0981035818025191,-0.13617581129074097,-0.09056103229522705,-0.15067634625879123,-0.12436586618423462,-0.04953873157501221,-0.17922421439138247,-0.11249268054962158,-0.09260308742523193,-0.19968191428628757,-0.03348815441131592,-0.24004173278808594,-0.08933488918987109,-0.06421035528182983,-0.05066901445388794,-0.1331200961634238,-0.06106376647949219,-0.027297139167785645,-0.13732791586366488,-0.05636662244796753,-0.09622055292129517,-0.13918884737935855,0.03590303659439087,-0.2079685926437378,-0.08722837163654162,0.004915297031402588,-0.027377665042877197,-0.12423768533912494,-0.0031562447547912598,-0.01337897777557373,-0.10561475052085711,-0.00010609626770019531,-0.06895238161087036,-0.09035878522840335,0.09337359666824341,-0.15882718563079834,-0.09363505883661105,0.06086546182632446,-0.016215920448303223,-0.12603375955072238,0.04946011304855347,-0.004130303859710693,-0.12486439837661578,0.05172371864318848,-0.046763062477111816,-0.11849882348028018,fist
0.0,0.0,0.0,-0.061499714851379395,-0.002696514129638672,-0.06720154623309327,-0.13148492574691772,-0.005196094512939453,-0.11611749122658921,-0.14920681715011597,0.014187514781951904,-0.15383971373358918,-0.09281319379806519,0.021350741386413574,-0.1824602995328064,-0.10426485538482666,-0.22962796688079834,-0.09625241051236344,-0.13210713863372803,-0.08113747835159302,-0.14718457202235413,-0.11999064683914185,-0.04366391897201538,-0.17360982934752656,-0.10771012306213379,-0.08768355846405029,-0.19164528588572693,-0.030434787273406982,-0.23443681001663208,-0.08727534751216126,-0.06098055839538574,-0.03752303123474121,-0.13022696117678834,-0.05691331624984741,-0.02350759506225586,-0.1342248384169693,-0.05188041925430298,-0.0917137861251831,-0.13528043667594147,0.03892207145690918,-0.20191499590873718,-0.08480537573615266,0.005530118942260742,-0.01641601324081421,-0.1216385428122635,0.0005283355712890625,-0.012430548667907715,-0.10335156957427216,0.005036115646362305,-0.07207858562469482,-0.08703293542185975,0.09640789031982422,-0.15389758348464966,-0.09073877970496369,0.06222498416900635,-0.009090423583984375,-0.12177618483821107,0.05210292339324951,-0.0016975998878479004,-0.11919386575738145,0.05449002981185913,-0.04560726881027222,-0.11103030185023499,fist
0.0,0.0,0.0,-0.06319206953048706,0.002296626567840576,-0.07065313746292645,-0.1333124041557312,0.006043970584869385,-0.12244151969511563,-0.14579075574874878,0.025536775588989258,-0.16223662783463055,-0.08207190036773682,0.02820974588394165,-0.1924190937455421,-0.10673779249191284,-0.2232341170310974,-0.10170776088793332,-0.13363993167877197,-0.07704156637191772,-0.1495286195452934,-0.12264353036880493,-0.03348356485366821,-0.17231946875412518,-0.11038261651992798,-0.07564020156860352,-0.18901659240086133,-0.03194224834442139,-0.22651949524879456,-0.0919046445663696,-0.060606956481933594,-0.030656158924102783,-0.1344393311913734,-0.05882084369659424,-0.0037844181060791016,-0.13936339010555798,-0.055135130882263184,-0.06877321004867554,-0.1426115452225929,0.03771662712097168,-0.19545018672943115,-0.08809037943441922,0.008605659008026123,-0.008679449558258057,-0.12504683126766736,-0.0013454556465148926,0.010797619819641113,-0.10963284661133343,-0.000622093677520752,-0.041949570178985596,-0.09717857529480511,0.0967094898223877,-0.14999908208847046,-0.09273072769005353,0.06580346822738647,-0.00798332691192627,-0.12290561636049802,0.04947024583816528,0.018207132816314697,-0.12083614309389645,0.04728496074676514,-0.010437250137329102,-0.11486521800119931,fist
0.0,0.0,0.0,-0.05889779329299927,0.007442116737365723,-0.0701805562365223,-0.13113558292388916,0.01879584789276123,-0.12193245297552835,-0.14222991466522217,0.05109590291976929,-0.16079975521446954,-0.07999420166015625,0.0646977424621582,-0.19004772460343133,-0.1064683198928833,-0.19207584857940674,-0.11119511580349695,-0.1350783109664917,-0.03601086139678955,-0.16080553686501275,-0.11545300483703613,0.0009682774543762207,-0.18479567623020898,-0.09890550374984741,-0.047476768493652344,-0.20231118655087243,-0.02918022871017456,-0.2001996636390686,-0.0999080747950245,-0.05773204565048218,-0.0014009475708007812,-0.13709755098702203,-0.049777865409851074,0.014636814594268799,-0.13481372451664697,-0.04596930742263794,-0.05522972345352173,-0.13402341163040887,0.04182940721511841,-0.1703694462776184,-0.09438816314818155,0.011316239833831787,0.021042466163635254,-0.12539797878147851,0.0044825077056884766,0.02781623601913452,-0.10087381160141717,0.0064713358879089355,-0.028831779956817627,-0.0829788357603718,0.10040181875228882,-0.12468308210372925,-0.09763997650028955,0.06546616554260254,0.022190868854522705,-0.12841282641770135,0.05511516332626343,0.033373475074768066,-0.12457188075663339,0.05769282579421997,-0.004003345966339111,-0.11662843680264245,fist
0.0,0.0,0.0,-0.05780071020126343,0.011850953102111816,-0.07275513976495063,-0.12784183025360107,0.028887510299682617,-0.12639990120808875,-0.1438370943069458,0.06352949142456055,-0.1671671387521485,-0.08623772859573364,0.07141458988189697,-0.1983023551074723,-0.10276567935943604,-0.18078845739364624,-0.11822899847905433,-0.13172191381454468,-0.01738220453262329,-0.17131240337769782,-0.11468052864074707,0.015780508518218994,-0.19410849779526984,-0.09859359264373779,-0.03331446647644043,-0.20916655331532752,-0.02581232786178589,-0.18639594316482544,-0.10660899102370536,-0.05649876594543457,0.021668314933776855,-0.1489568617908219,-0.052340149879455566,0.03273272514343262,-0.14472371011655127,-0.047807514667510986,-0.039662718772888184,-0.14029308825413978,0.04473751783370972,-0.15525132417678833,-0.10107968419472968,0.010459721088409424,0.03979766368865967,-0.13754926293771064,0.0013630390167236328,0.04162728786468506,-0.10932598679940497,0.004393458366394043,-0.01772993803024292,-0.08628429889361655,0.10146689414978027,-0.10967159271240234,-0.10463229238669669,0.0669715404510498,0.041516900062561035,-0.14062900513093268,0.05432790517807007,0.049756646156311035,-0.13646419018189704,0.05661064386367798,0.009067296981811523,-0.12599365085046088,fist
0.0,0.0,0.0,-0.058912694454193115,0.01135176420211792,-0.07219576845372444,-0.1301180124282837,0.027670562267303467,-0.12619172791445976,-0.14251172542572021,0.06145447492599487,-0.16680099824870354,-0.08075082302093506,0.07357901334762573,-0.19779232899153953,-0.09745556116104126,-0.18105310201644897,-0.11834574500525719,-0.12718874216079712,-0.017799198627471924,-0.166878827013619,-0.10900479555130005,0.012106001377105713,-0.1884022132536245,-0.09239280223846436,-0.03939950466156006,-0.2041887716432882,-0.020676255226135254,-0.18678224086761475,-0.10663026581013924,-0.050648391246795654,0.017962276935577393,-0.1436798797031713,-0.04299795627593994,0.023096740245819092,-0.1401817427059484,-0.03727591037750244,-0.04954099655151367,-0.1391047016760183,0.049536943435668945,-0.15651556849479675,-0.10022006193602806,0.01685774326324463,0.03840065002441406,-0.13040804127658134,0.010037720203399658,0.03727424144744873,-0.10395562658513313,0.01323610544204712,-0.021906554698944092,-0.08521302799189812,0.10758578777313232,-0.1107931137084961,-0.10302362600768333,0.07386451959609985,0.03537255525588989,-0.13388558486903435,0.06273210048675537,0.04150056838989258,-0.12934836009944206,0.06484329700469971,0.002337038516998291,-0.12112469235862022,fist
0.0,0.0,0.0,-0.06202131509780884,0.011496365070343018,-0.0719787694352334,-0.13397175073623657,0.029758095741271973,-0.1264509402054017,-0.1425936222076416,0.06644701957702637,-0.16647386474782877,-0.08255773782730103,0.08500635623931885,-0.19673699064428263,-0.10011094808578491,-0.17888537049293518,-0.12457404954606943,-0.125613272190094,-0.012106895446777344,-0.17212620301420145,-0.10996896028518677,0.009024739265441895,-0.19405956490213327,-0.09666144847869873,-0.044330060482025146,-0.21127220912153177,-0.022807300090789795,-0.18599861860275269,-0.11261606140310221,-0.048682332038879395,0.018287956714630127,-0.14817693753415995,-0.04357349872589111,0.01331782341003418,-0.14498194976026468,-0.0407177209854126,-0.0574955940246582,-0.14574399514371805,0.04801332950592041,-0.1576440930366516,-0.10508160216981821,0.01949930191040039,0.03991138935089111,-0.1330592028635209,0.011943638324737549,0.029432833194732666,-0.10554817242795878,0.01317685842514038,-0.033069610595703125,-0.08730275107795649,0.10699999332427979,-0.11179196834564209,-0.1069875351923173,0.07375627756118774,0.034716904163360596,-0.13731728418046885,0.06398481130599976,0.03243088722229004,-0.13261991663152628,0.06640666723251343,-0.012351453304290771,-0.12482913507396631,fist
0.0,0.0,0.0,-0.05830866098403931,0.008304357528686523,-0.06825041482095173,-0.12902772426605225,0.029152989387512207,-0.12243684092406681,-0.14165735244750977,0.06564682722091675,-0.163292665871424,-0.08268052339553833,0.07948875427246094,-0.19396535018329075,-0.1046980619430542,-0.1779649257659912,-0.12092736074571064,-0.13291680812835693,-0.007379889488220215,-0.17064296165351323,-0.11505532264709473,0.006916403770446777,-0.19334270516280583,-0.09950637817382812,-0.049091637134552,-0.20963755706195286,-0.028961479663848877,-0.18376588821411133,-0.11037848600987843,-0.05352145433425903,0.029273688793182373,-0.1456619844758933,-0.04514777660369873,0.012970387935638428,-0.13861498692874363,-0.04023522138595581,-0.0632522702217102,-0.13444705763701847,0.0411834716796875,-0.1531141698360443,-0.10446350732688359,0.01257413625717163,0.04937601089477539,-0.13235795954112461,0.009182751178741455,0.02493107318878174,-0.09887018510941914,0.012130141258239746,-0.04391682147979736,-0.07406109282617024,0.09958457946777344,-0.10530102252960205,-0.10794433662537983,0.06485813856124878,0.047194838523864746,-0.14008239367846897,0.05888640880584717,0.03047490119934082,-0.13350297966842106,0.06411910057067871,-0.026668548583984375,-0.12161957928780964,fist
0.0,0.0,0.0,-0.05822664499282837,0.010033369064331055,-0.07125977937540995,-0.12831300497055054,0.02550870180130005,-0.12574166570267664,-0.14206469058990479,0.054186463356018066,-0.16689369593224512,-0.08223778009414673,0.06474888324737549,-0.1981376758631228,-0.10545939207077026,-0.1876770555973053,-0.11642892424426066,-0.13004422187805176,-0.0214536190032959,-0.165974085670328,-0.10819005966186523,0.00886225700378418,-0.1894142380770205,-0.09270966053009033,-0.04178339242935181,-0.20716305587849604,-0.03153884410858154,-0.19855880737304688,-0.10545056824049936,-0.055108070373535156,0.002299070358276367,-0.14258653436264979,-0.044798433780670166,0.010085105895996094,-0.13917755101284968,-0.04236418008804321,-0.06198781728744507,-0.1385676464851855,0.03854238986968994,-0.1720636785030365,-0.09997340057454096,0.012966692447662354,0.020060479640960693,-0.12874058399758326,0.00996464490890503,0.0217665433883667,-0.10156615589222895,0.012698769569396973,-0.037502944469451904,-0.0834625786956309,0.09771722555160522,-0.12891149520874023,-0.10379299287161814,0.0677715539932251,0.020399749279022217,-0.13244924460015284,0.061625897884368896,0.02608543634414673,-0.12789483879170405,0.06551069021224976,-0.018205463886260986,-0.12072664264998423,fist
0.0,0.0,0.0,-0.05676746368408203,0.010805308818817139,-0.06489707579166293,-0.1220473051071167,0.033464908599853516,-0.11662615885288119,-0.13783854246139526,0.07150381803512573,-0.1558482726410091,-0.08563345670700073,0.08603823184967041,-0.18573086758405566,-0.10684424638748169,-0.1694732904434204,-0.11199268003255725,-0.1308223009109497,0.004775106906890869,-0.16230822404176592,-0.10965585708618164,0.022262930870056152,-0.1884594490125835,-0.09387552738189697,-0.03309589624404907,-0.2067156960561931,-0.033384501934051514,-0.1757553517818451,-0.10255140860826373,-0.05314093828201294,0.03464019298553467,-0.13779217799455523,-0.04258739948272705,0.022129952907562256,-0.13432716627866625,-0.03862863779067993,-0.051932692527770996,-0.1328251292303264,0.036280691623687744,-0.14766597747802734,-0.09776899268180728,0.012507736682891846,0.05048412084579468,-0.12446542878896594,0.009781479835510254,0.03002142906188965,-0.09420120020658374,0.011146903038024902,-0.03815644979476929,-0.07217118193656802,0.0948593020439148,-0.10373258590698242,-0.10193631102592349,0.06332564353942871,0.046355366706848145,-0.129070051510638,0.05930143594741821,0.030248403549194336,-0.12130221029073596,0.06477761268615723,-0.029548346996307373,-0.10994143088609576,fist
0.0,0.0,0.0,-0.055239975452423096,0.013114631175994873,-0.06268119624128587,-0.11741942167282104,0.039040207862854004,-0.11409642359485872,-0.13543003797531128,0.07937085628509521,-0.15391930749883898,-0.09481608867645264,0.09386539459228516,-0.18489305487146623,-0.10769957304000854,-0.16052618622779846,-0.11231586149206407,-0.1340309977531433,0.00876384973526001,-0.16318021526804216,-0.11209607124328613,0.023802995681762695,-0.18829951992502458,-0.09609919786453247,-0.031166911125183105,-0.20512442102899797,-0.03766930103302002,-0.16724738478660583,-0.10477652957906969,-0.058601975440979004,0.04308575391769409,-0.14219701102247484,-0.04669618606567383,0.029536426067352295,-0.1387367527770067,-0.041950523853302,-0.04599982500076294,-0.13632060399523027,0.030194759368896484,-0.14002859592437744,-0.10180213859548815,0.006429493427276611,0.05940365791320801,-0.12965784779062517,0.005453586578369141,0.038527727127075195,-0.09973882695904024,0.007325649261474609,-0.0285186767578125,-0.07779852858057268,0.08737611770629883,-0.09751570224761963,-0.10757889410724886,0.058183491230010986,0.05823075771331787,-0.1355178784417177,0.05537116527557373,0.04104721546173096,-0.12856757452955492,0.05981189012527466,-0.019422054290771484,-0.11777981927862413,fist
0.0,0.0,0.0,-0.06190758943557739,0.01404881477355957,-0.0670143795225897,-0.12679874897003174,0.03583025932312012,-0.11974237682559874,-0.13901299238204956,0.07337796688079834,-0.16047548325994399,-0.0782117247581482,0.08815646171569824,-0.192999919972209,-0.10384154319763184,-0.16215330362319946,-0.11333831968048003,-0.1250460147857666,0.005422353744506836,-0.16508049341180708,-0.1052355170249939,0.02819126844406128,-0.19099537106492903,-0.09118455648422241,-0.02313929796218872,-0.2088857498977461,-0.032558560371398926,-0.16967999935150146,-0.1042443868730345,-0.05364584922790527,0.029319822788238525,-0.14239518912771132,-0.04596072435379028,0.03137969970703125,-0.14027777882554915,-0.0438808798789978,-0.03861349821090698,-0.13939251574018385,0.03521728515625,-0.14306265115737915,-0.10048800530174162,0.011704802513122559,0.04475998878479004,-0.1296621170852461,0.006667196750640869,0.039935171604156494,-0.10265136333444502,0.00840306282043457,-0.01923537254333496,-0.08318782421090987,0.09157216548919678,-0.10127341747283936,-0.10564995380380537,0.06473696231842041,0.04452246427536011,-0.13319278331735518,0.0581282377243042,0.04292178153991699,-0.12693195613363173,0.061521172523498535,-0.0041228532791137695,-0.11780008496978667,fist
0.0,0.0,0.0,-0.05956786870956421,0.016686320304870605,-0.06372156748332714,-0.12512987852096558,0.04478049278259277,-0.11373179415025447,-0.13829344511032104,0.08730494976043701,-0.1515810267046902,-0.07837730646133423,0.10186272859573364,-0.18051888802804683,-0.10444837808609009,-0.14843547344207764,-0.11291836211242412,-0.12732744216918945,0.015143215656280518,-0.1620533988789532,-0.10847705602645874,0.032475829124450684,-0.18495171526231502,-0.09493166208267212,-0.018281936645507812,-0.20030193784990047,-0.03534454107284546,-0.15446698665618896,-0.10309774437703823,-0.05574154853820801,0.04862093925476074,-0.13833790281572078,-0.046272993087768555,0.040771305561065674,-0.13255060473241542,-0.04155474901199341,-0.028792917728424072,-0.12851222613610958,0.030881285667419434,-0.12671810388565063,-0.09789990642823909,0.007701277732849121,0.06388616561889648,-0.12596727171697353,0.0028484463691711426,0.04725712537765503,-0.09570544967212413,0.00526195764541626,-0.01432347297668457,-0.07247744509734844,0.08606851100921631,-0.08405661582946777,-0.10132421562232707,0.05866438150405884,0.05908679962158203,-0.1312342808560345,0.05285912752151489,0.04470944404602051,-0.1248498038367245,0.056984007358551025,-0.008026182651519775,-0.11352677652396892,fist
0.0,0.0,0.0,-0.06200051307678223,0.01418757438659668,-0.06026747908394725,-0.1269872784614563,0.04131847620010376,-0.10962801884811313,-0.14201587438583374,0.08676499128341675,-0.1476035759965697,-0.08351254463195801,0.10341578722000122,-0.17717184584539325,-0.10573655366897583,-0.15105929970741272,-0.10901397924821765,-0.12879973649978638,0.016125261783599854,-0.15652493100564868,-0.10933136940002441,0.032776057720184326,-0.17900799673002155,-0.09598636627197266,-0.01862698793411255,-0.19433965247075946,-0.037323713302612305,-0.15415966510772705,-0.10148766349952609,-0.057867467403411865,0.05081373453140259,-0.1357935414830962,-0.04907679557800293,0.04115563631057739,-0.13164943914812,-0.045332133769989014,-0.03127336502075195,-0.12942828696172626,0.02882438898086548,-0.12476775050163269,-0.09815802883308322,0.005957543849945068,0.06756967306137085,-0.12278639983337314,0.0008376240730285645,0.04999595880508423,-0.0929921240727225,0.0024616122245788574,-0.014161288738250732,-0.07155995529096515,0.08381569385528564,-0.08150553703308105,-0.10333119045894534,0.057133257389068604,0.06417924165725708,-0.12835893493097217,0.05239427089691162,0.047578632831573486,-0.12033922683399112,0.056742191314697266,-0.009004652500152588,-0.10936228644054324,fist
0.0,0.0,0.0,-0.062040090560913086,0.01723635196685791,-0.05748923657510829,-0.125083327293396,0.048072874546051025,-0.10439974976752353,-0.13714814186096191,0.09519493579864502,-0.14086944771979404,-0.07550287246704102,0.11171668767929077,-0.16943260444377017,-0.09817564487457275,-0.13745439052581787,-0.1034792007324512,-0.12329000234603882,0.026330173015594482,-0.15124605013106418,-0.10323268175125122,0.04391002655029297,-0.1751359642860706,-0.08989965915679932,-0.006294071674346924,-0.19115994287703586,-0.03155052661895752,-0.13984531164169312,-0.09688992960427356,-0.05749732255935669,0.06210559606552124,-0.1311453224537189,-0.047808945178985596,0.0523606538772583,-0.12795879853938175,-0.04294031858444214,-0.018809080123901367,-0.12604687525008273,0.031350672245025635,-0.11042773723602295,-0.0946296022651012,0.00329744815826416,0.07640373706817627,-0.12072089476559711,-0.0005750060081481934,0.05826765298843384,-0.09200667752001834,0.0023357272148132324,-0.0037267208099365234,-0.07015700800393176,0.08298170566558838,-0.06858551502227783,-0.10051383985255313,0.05481100082397461,0.0725591778755188,-0.12729179276202274,0.051450371742248535,0.05604743957519531,-0.11958214057658267,0.055811166763305664,0.002272367477416992,-0.10807253582451892,fist
0.0,0.0,0.0,-0.06475949287414551,0.015659451484680176,-0.052742980085184854,-0.12745487689971924,0.046091675758361816,-0.09764062207179336,-0.14325553178787231,0.0883837342262268,-0.13326245885329513,-0.08672291040420532,0.1036805510520935,-0.1613764945788887,-0.10322117805480957,-0.13831493258476257,-0.09283761274056701,-0.13047271966934204,0.020827889442443848,-0.1376161311193016,-0.11007744073867798,0.038552820682525635,-0.1615780029817131,-0.09556561708450317,-0.010571956634521484,-0.17786622386412887,-0.040144920349121094,-0.13781780004501343,-0.08778111975627212,-0.06860232353210449,0.05475485324859619,-0.11902672391371993,-0.05678677558898926,0.04607748985290527,-0.11763130467372207,-0.050593435764312744,-0.0226517915725708,-0.1178533319755104,0.02019035816192627,-0.10938918590545654,-0.0868455429001358,-0.009716033935546875,0.07109612226486206,-0.11032586138682632,-0.01017075777053833,0.05409115552902222,-0.08687495034175186,-0.006343543529510498,-0.006677389144897461,-0.07004985552268295,0.07044345140457153,-0.06845265626907349,-0.09339050542550353,0.04108917713165283,0.06961965560913086,-0.11513457786278991,0.03903079032897949,0.052883148193359375,-0.10831720720963744,0.04309821128845215,-0.0006480216979980469,-0.09938879650073318,fist
0.0,0.0,0.0,-0.06667149066925049,0.014727354049682617,-0.05025201007137525,-0.128348708152771,0.04405027627944946,-0.09377566813836324,-0.14760375022888184,0.08981382846832275,-0.12845338224778402,-0.09358841180801392,0.10632199048995972,-0.15635702847848165,-0.10350620746612549,-0.13222041726112366,-0.09167622863660085,-0.13108980655670166,0.022227823734283447,-0.1369707518757366,-0.10930615663528442,0.03701883554458618,-0.16241891025910604,-0.09689509868621826,-0.012556910514831543,-0.17975557684312093,-0.040874183177948,-0.13244390487670898,-0.0880929613054775,-0.06977671384811401,0.057486653327941895,-0.11900586723695028,-0.05716407299041748,0.04538053274154663,-0.11821199297318685,-0.054055869579315186,-0.02538996934890747,-0.11906482368121374,0.019095778465270996,-0.10359451174736023,-0.08849713295111883,-0.010346412658691406,0.07398748397827148,-0.11039627432236898,-0.011198222637176514,0.055224478244781494,-0.08538654535422552,-0.009111106395721436,-0.005498647689819336,-0.06777678518901098,0.06821823120117188,-0.06253588199615479,-0.09621235817084539,0.038819730281829834,0.07329529523849487,-0.11548259943137396,0.03765380382537842,0.05335283279418945,-0.1063359314144634,0.04124373197555542,-0.002240777015686035,-0.09631002783189047,fist
0.0,0.0,0.0,-0.06997823715209961,0.017993927001953125,-0.04747895374164557,-0.13106274604797363,0.04970133304595947,-0.09159794300065016,-0.1600869596004486,0.08474564552307129,-0.12726995199189162,-0.11556392908096313,0.09287154674530029,-0.15605917423233961,-0.11619305610656738,-0.1377241015434265,-0.0881864264534471,-0.14133572578430176,0.016489148139953613,-0.1331659540461061,-0.1176958680152893,0.029848694801330566,-0.15924967675671553,-0.10383957624435425,-0.017726421356201172,-0.17660420983300185,-0.055225491523742676,-0.13716155290603638,-0.08605129867062544,-0.08377999067306519,0.05077767372131348,-0.11675093173251128,-0.07051759958267212,0.037032127380371094,-0.11631461083159422,-0.06508147716522217,-0.026725351810455322,-0.11735853403077101,0.004234790802001953,-0.10820221900939941,-0.08766643553242659,-0.02652949094772339,0.06608456373214722,-0.11013404875264143,-0.026472508907318115,0.043772101402282715,-0.08682067542538618,-0.02336019277572632,-0.014958381652832031,-0.07030921279654478,0.05363661050796509,-0.06668680906295776,-0.0960631132052896,0.021922647953033447,0.0672871470451355,-0.1157084166930673,0.021591603755950928,0.04277527332305908,-0.10733629613385176,0.025371432304382324,-0.016037821769714355,-0.09770842491850829,fist
0.0,0.0,0.0,-0.07289612293243408,0.017330288887023926,-0.04494205401523743,-0.13328570127487183,0.04711264371871948,-0.08828805671318207,-0.16042882204055786,0.07842075824737549,-0.12398685799225007,-0.11885672807693481,0.0796155333518982,-0.15279406593425904,-0.13313549757003784,-0.1448054015636444,-0.08244239823206101,-0.15543699264526367,0.009640693664550781,-0.12862234101875458,-0.1286911964416504,0.02001577615737915,-0.1561120776949707,-0.11630517244338989,-0.02850520610809326,-0.1739247022686783,-0.0733649730682373,-0.1470428705215454,-0.08216090039594803,-0.09932941198348999,0.03617030382156372,-0.11440801904781495,-0.08363336324691772,0.021223843097686768,-0.11532814339979325,-0.08164018392562866,-0.04079824686050415,-0.11685353056772385,-0.014005303382873535,-0.12074831128120422,-0.08604788319452439,-0.04253673553466797,0.048992931842803955,-0.10953402058466111,-0.039241909980773926,0.02805227041244507,-0.08817789987905655,-0.03815406560897827,-0.028616368770599365,-0.07282255129202042,0.03600156307220459,-0.08042281866073608,-0.0963216377912346,0.006214320659637451,0.0510062575340271,-0.11469230340107117,0.007222175598144531,0.026387512683868408,-0.10642304555757676,0.00920027494430542,-0.03179621696472168,-0.09716011123045121,fist
0.0,0.0,0.0,-0.07349240779876709,0.011120498180389404,-0.03947867032758268,-0.13490831851959229,0.028525114059448242,-0.07595844519011052,-0.1667976975440979,0.05523008108139038,-0.10578814101091893,-0.13654446601867676,0.06275641918182373,-0.12940460395685704,-0.13911408185958862,-0.14970001578330994,-0.06383319151274236,-0.15733951330184937,-0.0049860477447509766,-0.10616574388615163,-0.1305336356163025,0.00535506010055542,-0.13449111533037694,-0.12066423892974854,-0.04039764404296875,-0.15321707677713903,-0.08292311429977417,-0.1544434130191803,-0.06435279500357183,-0.10564237833023071,0.020462453365325928,-0.09380782347790273,-0.08962184190750122,0.007357120513916016,-0.0977969835387853,-0.09054505825042725,-0.05086624622344971,-0.10170230221621068,-0.02648717164993286,-0.13042962551116943,-0.06945862573257955,-0.05045098066329956,0.032766759395599365,-0.09081537973753484,-0.04676753282546997,0.017287254333496094,-0.07533011537663015,-0.04742538928985596,-0.0335465669631958,-0.06445254337660344,0.02127128839492798,-0.09100508689880371,-0.08029665750137838,-0.004425227642059326,0.038466572761535645,-0.09592420559994252,-0.00412750244140625,0.018521428108215332,-0.09038139086834462,-0.004568636417388916,-0.03451180458068848,-0.084174744306722,fist
0.0,0.0,0.0,-0.0705634355545044,0.007945835590362549,-0.039532789216067954,-0.13035798072814941,0.02384084463119507,-0.07428858541014449,-0.16386717557907104,0.053439974784851074,-0.10208343826296584,-0.13620084524154663,0.05939507484436035,-0.12381747476818816,-0.13205444812774658,-0.14969855546951294,-0.062438358739640876,-0.15428292751312256,-0.012067914009094238,-0.10295980535509841,-0.12910211086273193,-0.0032352209091186523,-0.12974761538269775,-0.12046617269515991,-0.045479416847229004,-0.14710115008118407,-0.07689058780670166,-0.15499243140220642,-0.06147285662653701,-0.09990745782852173,0.018305420875549316,-0.08975213132860915,-0.08426791429519653,0.002620518207550049,-0.09360806010725753,-0.0861215591430664,-0.0542529821395874,-0.09687661491396682,-0.021026909351348877,-0.13081157207489014,-0.06498840563061492,-0.04363352060317993,0.030881524085998535,-0.08540774248602645,-0.04184412956237793,0.010909199714660645,-0.07028728090288894,-0.044344305992126465,-0.0399661660194397,-0.05912718661191718,0.0255163311958313,-0.09001117944717407,-0.07396283857586639,0.000603020191192627,0.03617370128631592,-0.08958168439629333,-0.0011178255081176758,0.012888073921203613,-0.08412089310648696,-0.003612697124481201,-0.040880680084228516,-0.07739717625143783,fist
0.0,0.0,0.0,-0.06747734546661377,0.01261526346206665,-0.040909587542770964,-0.12752997875213623,0.030884206295013428,-0.07518176655030118,-0.1542162299156189,0.059754371643066406,-0.10213978509163724,-0.11782246828079224,0.06444746255874634,-0.12306783268904553,-0.1269463300704956,-0.1391846239566803,-0.06266267518257962,-0.13926458358764648,0.0003076791763305664,-0.10213729659771786,-0.11464279890060425,0.009608209133148193,-0.1294913805530058,-0.10624921321868896,-0.03538447618484497,-0.148208818535565,-0.0711405873298645,-0.14635545015335083,-0.060800074736832244,-0.08807122707366943,0.02512228488922119,-0.08716002027249203,-0.074146568775177,0.011515676975250244,-0.0914449236795889,-0.07636034488677979,-0.04748940467834473,-0.09620133707976208,-0.015536189079284668,-0.12437736988067627,-0.0634121067330824,-0.03480750322341919,0.03612983226776123,-0.08293118993496762,-0.033255934715270996,0.019942283630371094,-0.06916964719748364,-0.034962594509124756,-0.031222879886627197,-0.059853176723478896,0.030886590480804443,-0.0865103006362915,-0.07170481900429593,0.007789134979248047,0.04050999879837036,-0.0874461598203169,0.006875753402709961,0.02129364013671875,-0.08315361956810818,0.005981266498565674,-0.029562830924987793,-0.07811184148049222,fist
0.0,0.0,0.0,-0.06591248512268066,0.016362786293029785,-0.04268756091633463,-0.12543648481369019,0.0378720760345459,-0.0786252464357915,-0.15520921349525452,0.07035857439041138,-0.10669844552913332,-0.12009751796722412,0.07128405570983887,-0.12882657304444933,-0.12410247325897217,-0.13164478540420532,-0.06908032253423357,-0.1404924988746643,0.004304707050323486,-0.11005695864596987,-0.11672216653823853,0.014157414436340332,-0.13768650546708727,-0.10880905389785767,-0.02893286943435669,-0.1562740947310033,-0.06904679536819458,-0.13991889357566833,-0.06605266734996462,-0.08727061748504639,0.03237277269363403,-0.09409196630159045,-0.07403606176376343,0.01698625087738037,-0.09773028597274447,-0.0760924220085144,-0.041892290115356445,-0.10146345153489733,-0.013570606708526611,-0.11862951517105103,-0.06732765540519381,-0.032786011695861816,0.04230135679244995,-0.08774801299014712,-0.03313803672790527,0.02354252338409424,-0.07188747033515597,-0.034815192222595215,-0.02810215950012207,-0.060586235970646385,0.03172272443771362,-0.08160561323165894,-0.07443354979196215,0.009165048599243164,0.04558068513870239,-0.09152548715510989,0.006612718105316162,0.02539980411529541,-0.08657856240907336,0.0048941969871521,-0.02583611011505127,-0.08039287433066988,fist
0.0,0.0,0.0,-0.07058537006378174,0.015009164810180664,-0.0379180316265888,-0.13054782152175903,0.034300923347473145,-0.07083588507140348,-0.15789669752120972,0.06379401683807373,-0.09702582325900266,-0.11987537145614624,0.06890732049942017,-0.11788582470381925,-0.13043171167373657,-0.13047558069229126,-0.060129460358268716,-0.14636623859405518,0.0030128955841064453,-0.09811214771235655,-0.12249422073364258,0.010286152362823486,-0.12581540312731931,-0.11470949649810791,-0.03315013647079468,-0.14492827322447965,-0.07663840055465698,-0.13619056344032288,-0.05934433307612608,-0.09660804271697998,0.03129678964614868,-0.08472550328934858,-0.08302181959152222,0.013968229293823242,-0.09024724032843778,-0.08389914035797119,-0.04244357347488403,-0.0963301252957649,-0.02211672067642212,-0.11435142159461975,-0.06257344450915525,-0.044355809688568115,0.042207539081573486,-0.08087981160844038,-0.04287731647491455,0.024103283882141113,-0.06864399131501386,-0.04360318183898926,-0.02584981918334961,-0.06069609191382597,0.023185908794403076,-0.07706570625305176,-0.07114947255814741,-0.0030567049980163574,0.04755431413650513,-0.08483683731520841,-0.0044754743576049805,0.025946736335754395,-0.08028071787322233,-0.005338072776794434,-0.02582937479019165,-0.07569359656537245,fist
0.0,0.0,0.0,-0.0717775821685791,0.010024964809417725,-0.036011894249057264,-0.13184720277786255,0.024361729621887207,-0.06720188354763934,-0.1606554090976715,0.05212604999542236,-0.09202310537610003,-0.1269129514694214,0.05715125799179077,-0.11105705147299716,-0.13923382759094238,-0.13633352518081665,-0.055696819924449414,-0.15339571237564087,-0.0054212212562561035,-0.09214101826462695,-0.12803399562835693,0.005456864833831787,-0.11696272438082644,-0.1214631199836731,-0.035169780254364014,-0.13399970626149127,-0.08742779493331909,-0.14391863346099854,-0.05553762709412524,-0.10340338945388794,0.01939082145690918,-0.08119194304261157,-0.0880081057548523,0.008519947528839111,-0.08613992577109286,-0.090720534324646,-0.04489898681640625,-0.09121924733433673,-0.033971965312957764,-0.12355828285217285,-0.059495941751336545,-0.05045884847640991,0.03029555082321167,-0.07782419120583484,-0.04738730192184448,0.01845109462738037,-0.06676253026041934,-0.04899179935455322,-0.027620017528533936,-0.059604329072570295,0.010864853858947754,-0.08779048919677734,-0.06850469207081744,-0.008632361888885498,0.03579354286193848,-0.08174393420729587,-0.009802103042602539,0.02202385663986206,-0.07827368473324725,-0.012034177780151367,-0.02289503812789917,-0.0744583839705939,fist
0.0,0.0,0.0,-0.0678107738494873,0.012405812740325928,-0.03421843945693581,-0.12396490573883057,0.031535983085632324,-0.06339227556895821,-0.15242385864257812,0.06469780206680298,-0.0864376887650451,-0.12065887451171875,0.07124185562133789,-0.1040744200320205,-0.12847065925598145,-0.12160253524780273,-0.053022732582803656,-0.14144569635391235,0.007562577724456787,-0.08606192618321984,-0.11901158094406128,0.013423264026641846,-0.10829006284188836,-0.11358338594436646,-0.025910496711730957,-0.12329682856511681,-0.07660418748855591,-0.1281369924545288,-0.052795255181308676,-0.09030687808990479,0.03502398729324341,-0.07534257471274941,-0.07796889543533325,0.016831934452056885,-0.07891717701863854,-0.08161407709121704,-0.03515613079071045,-0.08289542942952721,-0.023604989051818848,-0.10770171880722046,-0.05628792717766373,-0.03861290216445923,0.044080376625061035,-0.07254629730891793,-0.0383644700050354,0.02525097131729126,-0.06020624711823075,-0.041797637939453125,-0.020753562450408936,-0.05155236050200074,0.021001338958740234,-0.07117193937301636,-0.06466453671168892,0.0024535059928894043,0.04739254713058472,-0.07739222198438256,-0.00048172473907470703,0.02757054567337036,-0.07279736697387307,-0.004469037055969238,-0.01824367046356201,-0.06745838522624581,fist
0.0,0.0,0.0,-0.06715106964111328,0.012089848518371582,-0.0359040600681908,-0.12353438138961792,0.029477298259735107,-0.06628687209135364,-0.1509017050266266,0.056925058364868164,-0.09030875838047336,-0.11762428283691406,0.0596308708190918,-0.10848125344759296,-0.13420593738555908,-0.13039499521255493,-0.05359028181678127,-0.1433209776878357,0.0005366206169128418,-0.08827355778461765,-0.11907517910003662,0.007596194744110107,-0.11171059584862064,-0.11315232515335083,-0.03214484453201294,-0.127577419343055,-0.0833621621131897,-0.13971641659736633,-0.05307397520786594,-0.09443861246109009,0.019355356693267822,-0.07790129161125492,-0.08055490255355835,0.005335092544555664,-0.08285279101377796,-0.08317404985427856,-0.044545769691467285,-0.08746646619087528,-0.03128534555435181,-0.12157860398292542,-0.056693862142623175,-0.04355800151824951,0.025101900100708008,-0.07611011988169025,-0.04043698310852051,0.010676145553588867,-0.06711817062145542,-0.04225468635559082,-0.03293699026107788,-0.060404485973180044,0.013729870319366455,-0.08772549033164978,-0.06513764983660053,0.00018411874771118164,0.02853250503540039,-0.08056927746778797,-8.422136306762695e-05,0.017016291618347168,-0.07876737690216373,-0.0026760101318359375,-0.02255040407180786,-0.07523677772528004,fist
0.0,0.0,0.0,-0.05944877862930298,0.0113525390625,-0.03745407626816899,-0.11230427026748657,0.03272753953933716,-0.06857062146851689,-0.13853693008422852,0.06432604789733887,-0.09285909698197514,-0.10748481750488281,0.06769239902496338,-0.11158072219082982,-0.12121516466140747,-0.11780485510826111,-0.056360379018279616,-0.1270015835762024,0.012308120727539062,-0.09121200457999379,-0.10535091161727905,0.015442252159118652,-0.11539558336922795,-0.10060471296310425,-0.02553480863571167,-0.13185320065209538,-0.06971722841262817,-0.12730348110198975,-0.05420924738833577,-0.07709705829620361,0.03173530101776123,-0.07726116494128377,-0.0657992959022522,0.012950241565704346,-0.08075633660742909,-0.07064765691757202,-0.04003959894180298,-0.08455567822644383,-0.01811051368713379,-0.11003005504608154,-0.05618454904148251,-0.0267905592918396,0.03735995292663574,-0.07402140662858159,-0.02684873342514038,0.015391290187835693,-0.06255362198540837,-0.03115898370742798,-0.0324055552482605,-0.054227732278796736,0.025823533535003662,-0.07808336615562439,-0.06320925817677647,0.014937758445739746,0.03925931453704834,-0.07878492043206364,0.013290703296661377,0.019246399402618408,-0.07626014963576466,0.00911933183670044,-0.027247071266174316,-0.07203309253642232,fist
0.0,0.0,0.0,-0.06148195266723633,0.015130400657653809,-0.03534518875693493,-0.11460041999816895,0.034436821937561035,-0.06443171896552258,-0.1433776617050171,0.06466519832611084,-0.08736390568827801,-0.11907577514648438,0.07026290893554688,-0.105154692610256,-0.1222655177116394,-0.11588224768638611,-0.050681158383838465,-0.1318836212158203,0.00807732343673706,-0.08379391529177838,-0.11196261644363403,0.011178374290466309,-0.10792682268237286,-0.10668611526489258,-0.0297086238861084,-0.12436331011866741,-0.07160025835037231,-0.12494996190071106,-0.04894635029648953,-0.08063685894012451,0.03308671712875366,-0.07121598668908291,-0.07029205560684204,0.01178354024887085,-0.07622963883494549,-0.07390004396438599,-0.04169106483459473,-0.081028855820648,-0.020053565502166748,-0.10848173499107361,-0.05109891616319828,-0.029980599880218506,0.0402258038520813,-0.06740003027533703,-0.030720233917236328,0.01796823740005493,-0.05595992826437168,-0.0356144905090332,-0.031222403049468994,-0.04778721504425221,0.02330946922302246,-0.07656329870223999,-0.05829659052704983,0.010414063930511475,0.0433354377746582,-0.07186879165982418,0.008461177349090576,0.02257692813873291,-0.06840868242596798,0.0043204426765441895,-0.025837063789367676,-0.06370387919758969,fist
0.0,0.0,0.0,-0.05717557668685913,0.01631826162338257,-0.03905771462790142,-0.1108933687210083,0.03846108913421631,-0.06944531364909778,-0.13487809896469116,0.06875109672546387,-0.09280947013370167,-0.10181772708892822,0.07032161951065063,-0.11106774373523365,-0.11477869749069214,-0.10869768261909485,-0.05584443895689617,-0.11768251657485962,0.014403820037841797,-0.09047452522985111,-0.09806609153747559,0.01936274766921997,-0.11672383709422718,-0.09410053491592407,-0.020565271377563477,-0.13522630347482334,-0.06434047222137451,-0.12088581919670105,-0.0520451755689777,-0.0681617259979248,0.03449559211730957,-0.07463646842710148,-0.05918926000595093,0.017586350440979004,-0.0793399827050365,-0.06382179260253906,-0.03449118137359619,-0.08430125726930271,-0.01399463415145874,-0.10672691464424133,-0.05250331922046314,-0.020120739936828613,0.03748929500579834,-0.06968765123359333,-0.021715164184570312,0.017570197582244873,-0.0578251050280727,-0.025499582290649414,-0.029284298419952393,-0.049427935616890295,0.028138041496276855,-0.07794886827468872,-0.058300995962540014,0.018502891063690186,0.035833656787872314,-0.07404320104591022,0.017018675804138184,0.015305101871490479,-0.07131764455310474,0.01385033130645752,-0.03190106153488159,-0.06698791100255619,fist
0.0,0.0,0.0,-0.059215426445007324,0.019706249237060547,-0.038414580570304224,-0.11015719175338745,0.044736266136169434,-0.07076370139583332,-0.13294559717178345,0.07151097059249878,-0.09697911311849339,-0.10035866498947144,0.06543761491775513,-0.1184627207086919,-0.11957019567489624,-0.11100971698760986,-0.05556597356661541,-0.12490367889404297,0.013612449169158936,-0.09217335452302677,-0.10588079690933228,0.023107945919036865,-0.11961791832908375,-0.10137605667114258,-0.01611804962158203,-0.13823360373243077,-0.07039016485214233,-0.11895185708999634,-0.05314522777661068,-0.07661515474319458,0.0278928279876709,-0.07741499115689976,-0.06900346279144287,0.018156766891479492,-0.08321804721816761,-0.07276040315628052,-0.029256224632263184,-0.08845520188077671,-0.02122277021408081,-0.10426288843154907,-0.055043579833352396,-0.030486345291137695,0.03288084268569946,-0.07447765936120732,-0.03135061264038086,0.017450392246246338,-0.06403182615503056,-0.033946454524993896,-0.02696603536605835,-0.056037271218144724,0.019161760807037354,-0.07674527168273926,-0.06205900927051289,0.007588565349578857,0.03106999397277832,-0.07722589542134983,0.0055539608001708984,0.015081524848937988,-0.07369774003490193,0.0027143359184265137,-0.028724849224090576,-0.06872019340261204,fist
0.0,0.0,0.0,-0.06169849634170532,0.010322332382202148,-0.033473029503980456,-0.11511880159378052,0.026248276233673096,-0.0633414050139578,-0.13959810137748718,0.050550222396850586,-0.08764902106896955,-0.10811042785644531,0.05027937889099121,-0.10690393648521024,-0.12258988618850708,-0.12669304013252258,-0.051188319692769824,-0.1330285668373108,-0.007233917713165283,-0.08530646167174893,-0.11215943098068237,0.0025173425674438477,-0.10915779672042447,-0.10745614767074585,-0.03319627046585083,-0.12518684915677625,-0.07546776533126831,-0.13451430201530457,-0.05076218001023847,-0.08540010452270508,0.008836150169372559,-0.07433163724319058,-0.07484102249145508,-0.0017961859703063965,-0.078382204989353,-0.07797378301620483,-0.0464472770690918,-0.08210932813064176,-0.027248501777648926,-0.1180235743522644,-0.054342500636735735,-0.03861123323440552,0.014510512351989746,-0.07245552144424039,-0.037557125091552734,-0.00017821788787841797,-0.061801846841731845,-0.039598166942596436,-0.0411229133605957,-0.05376338563338834,0.013613104820251465,-0.08772101998329163,-0.06250577769652921,0.0008127689361572266,0.014887750148773193,-0.07661199174300748,0.0003535151481628418,-0.003221452236175537,-0.0734698583878668,-0.001417696475982666,-0.04716479778289795,-0.06886718771831113,fist
0.0,0.0,0.0,-0.058072030544281006,0.012872457504272461,-0.03401042162714418,-0.11066007614135742,0.030182480812072754,-0.06272849082289156,-0.1376264989376068,0.058424413204193115,-0.08567646532593187,-0.11254572868347168,0.05792456865310669,-0.10351869105635103,-0.1225658655166626,-0.11909085512161255,-0.05215070410905298,-0.1343068778514862,-0.005647778511047363,-0.08650222807465013,-0.1138734221458435,0.00047975778579711914,-0.1105930247837108,-0.10964173078536987,-0.03593754768371582,-0.12680518268881258,-0.07606089115142822,-0.12854844331741333,-0.05053772791562494,-0.08602643013000488,0.0176810622215271,-0.0753433072501224,-0.0739750862121582,0.00335693359375,-0.08032677709398683,-0.07697826623916626,-0.045199304819107056,-0.08427520483074602,-0.02720510959625244,-0.11341220140457153,-0.05270300819812235,-0.03824430704116821,0.022826075553894043,-0.07061357437906679,-0.035708844661712646,0.006866753101348877,-0.05885263546643671,-0.037663042545318604,-0.03606969118118286,-0.049954131388048495,0.013987720012664795,-0.08392205834388733,-0.05959146856604036,0.0009497404098510742,0.023981451988220215,-0.07390807210741457,0.0010702013969421387,0.005184471607208252,-0.07066482692299303,-0.0012355446815490723,-0.04140281677246094,-0.06573790698585924,fist
0.0,0.0,0.0,-0.059364914894104004,0.013436317443847656,-0.03375299132208909,-0.10997980833053589,0.032431185245513916,-0.06300343430380906,-0.13571178913116455,0.057746827602386475,-0.08636543757062043,-0.11053091287612915,0.05519789457321167,-0.10447450584511841,-0.1238487958908081,-0.11768984794616699,-0.05169762900810326,-0.13275909423828125,-0.002851426601409912,-0.08398260778527344,-0.11250144243240356,0.007010042667388916,-0.10574280327897156,-0.10866713523864746,-0.027972936630249023,-0.12061919874291505,-0.07665210962295532,-0.12746641039848328,-0.05069358131628121,-0.08513748645782471,0.014941155910491943,-0.07354228800873841,-0.07503080368041992,0.005534529685974121,-0.07710686183314408,-0.0786358118057251,-0.040152013301849365,-0.08056469118933762,-0.02834641933441162,-0.11258167028427124,-0.053452460530806434,-0.03813856840133667,0.020982444286346436,-0.07087211168150986,-0.03746068477630615,0.008041560649871826,-0.05923533296923722,-0.040167927742004395,-0.03330045938491821,-0.050770009372044456,0.012402534484863281,-0.0833137035369873,-0.06083075186948861,9.41157341003418e-05,0.021582424640655518,-0.07525422281365479,-0.0009400844573974609,0.005276679992675781,-0.07196657961945618,-0.003947734832763672,-0.03786599636077881,-0.06717521554570283,fist
0.0,0.0,0.0,-0.054166197776794434,0.013504981994628906,-0.034373985099293236,-0.10195016860961914,0.0341983437538147,-0.0625180615658536,-0.12347689270973206,0.06383585929870605,-0.08459718661258364,-0.09832382202148438,0.06272894144058228,-0.10176272826144839,-0.11099874973297119,-0.10761314630508423,-0.05296282978603983,-0.12003529071807861,0.00563889741897583,-0.08533372120807314,-0.1003984808921814,0.013753890991210938,-0.10723323510835314,-0.09730195999145508,-0.02140110731124878,-0.12190749632070208,-0.06358081102371216,-0.118874192237854,-0.05072141947100306,-0.07032579183578491,0.02505892515182495,-0.07303270833442355,-0.06120568513870239,0.012336552143096924,-0.07615257190416003,-0.0665329098701477,-0.035539597272872925,-0.07909940319011355,-0.014996647834777832,-0.10549625754356384,-0.052162831145025734,-0.023353636264801025,0.029153048992156982,-0.06914089010903979,-0.024646759033203125,0.013697564601898193,-0.056542662399508004,-0.029057800769805908,-0.02882540225982666,-0.04701299356172228,0.02503204345703125,-0.07777893543243408,-0.05826737867543841,0.013729512691497803,0.028188765048980713,-0.07280358062932635,0.011170625686645508,0.00948411226272583,-0.06917826222131396,0.006943166255950928,-0.03565526008605957,-0.06386049227664614,fist
0.0,0.0,0.0,-0.057269275188446045,0.01540607213973999,-0.032916545808760134,-0.10696995258331299,0.03668069839477539,-0.06115808332010886,-0.12803471088409424,0.06404829025268555,-0.08404654631063124,-0.10022670030593872,0.06163209676742554,-0.10213370987817427,-0.11684370040893555,-0.112006276845932,-0.050066549271789995,-0.12471431493759155,0.003492116928100586,-0.08369067677899977,-0.10431474447250366,0.015351057052612305,-0.10764271387502333,-0.09887123107910156,-0.02016139030456543,-0.12400123843595168,-0.07009172439575195,-0.12121868133544922,-0.04918925085708281,-0.07758927345275879,0.019259989261627197,-0.07239179679795882,-0.06686913967132568,0.01328951120376587,-0.07721099624082228,-0.06918799877166748,-0.033515870571136475,-0.08174246916219374,-0.022218406200408936,-0.10694098472595215,-0.052129875809399095,-0.03139650821685791,0.025606989860534668,-0.06947032728835723,-0.03001689910888672,0.015575766563415527,-0.058816932082621065,-0.031657397747039795,-0.025919228792190552,-0.05127721646472594,0.01780039072036743,-0.07954135537147522,-0.05972387635752341,0.006315350532531738,0.026010870933532715,-0.07307359942838332,0.005719661712646484,0.011687278747558594,-0.0697920210067906,0.0034723281860351562,-0.032078564167022705,-0.06552599737092635,fist
0.0,0.0,0.0,-0.05822634696960449,0.01066601276397705,-0.03127337191401125,-0.10743224620819092,0.024888575077056885,-0.058089833149296055,-0.12916427850723267,0.049753427505493164,-0.07999936435518862,-0.10648185014724731,0.05084121227264404,-0.09714613054094912,-0.12052500247955322,-0.12259045243263245,-0.046243857035022984,-0.13237562775611877,-0.010228633880615234,-0.07897698078451754,-0.1103663444519043,0.002374112606048584,-0.10158909801540972,-0.10498911142349243,-0.031122326850891113,-0.11663320604858995,-0.0745011568069458,-0.13124817609786987,-0.046163163521868,-0.08613777160644531,0.005749166011810303,-0.06936851833162905,-0.07333838939666748,0.0013908147811889648,-0.07395383659897448,-0.07552194595336914,-0.04218411445617676,-0.07775795404015184,-0.027281880378723145,-0.11604726314544678,-0.04997933227716089,-0.04006481170654297,0.011876106262207031,-0.06740376297531725,-0.03630250692367554,0.004044890403747559,-0.0569346541553557,-0.03741455078125,-0.03463125228881836,-0.049112311938387165,0.012212097644805908,-0.08816194534301758,-0.05816756133137346,-0.0010953545570373535,0.011693239212036133,-0.07073776368198992,-0.00029796361923217773,-0.0011978745460510254,-0.06686526481209398,-0.0019664764404296875,-0.04258239269256592,-0.061956215092521916,fist
0.0,0.0,0.0,-0.05725651979446411,0.011852085590362549,-0.03179747699915936,-0.10279613733291626,0.030873239040374756,-0.06170815318047573,-0.12536948919296265,0.059442222118377686,-0.08649148880660107,-0.10422462224960327,0.060259461402893066,-0.1065165260356622,-0.11493057012557983,-0.11490803956985474,-0.05443443819105198,-0.12827515602111816,-0.002707183361053467,-0.08841821639954617,-0.10683387517929077,0.006390035152435303,-0.11084941863238384,-0.10148048400878906,-0.027483820915222168,-0.12573053776442578,-0.07092732191085815,-0.12272638082504272,-0.05472370698272755,-0.08280634880065918,0.017034828662872314,-0.07914037346064617,-0.06893652677536011,0.00748598575592041,-0.08231569170176556,-0.07001304626464844,-0.03635784983634949,-0.08488824307143261,-0.024711787700653076,-0.10782986879348755,-0.058362868569489024,-0.036842286586761475,0.02394169569015503,-0.07498549013554623,-0.03273743391036987,0.009733319282531738,-0.06061245217144062,-0.033682942390441895,-0.0303957462310791,-0.0503544853550153,0.014554262161254883,-0.07982379198074341,-0.06666228263794949,0.001368701457977295,0.02422696352005005,-0.07989119081913998,0.0029081106185913086,0.005189239978790283,-0.0745173776072221,0.0014824867248535156,-0.03987884521484375,-0.06805399148881008,fist
0.0,0.0,0.0,-0.059161245822906494,0.011702001094818115,-0.03180126458281052,-0.1076316237449646,0.026520967483520508,-0.0603110304462291,-0.13178926706314087,0.0478665828704834,-0.08397230118387711,-0.11157482862472534,0.046560585498809814,-0.10269772618883621,-0.1234135627746582,-0.12369775772094727,-0.04668465241664421,-0.13443177938461304,-0.012160658836364746,-0.08016768455379975,-0.11096793413162231,0.001494288444519043,-0.10284251332157623,-0.10395681858062744,-0.03115066885948181,-0.11783904194706452,-0.07887738943099976,-0.13119491934776306,-0.04663584738844406,-0.09051448106765747,0.0005383491516113281,-0.07092295944565308,-0.07556086778640747,-0.00026810169219970703,-0.0756029894935466,-0.07676398754119873,-0.041481226682662964,-0.0792076921450473,-0.032700955867767334,-0.11663424968719482,-0.05054886624091637,-0.04490256309509277,0.006766915321350098,-0.0685212200867511,-0.03783297538757324,0.001574695110321045,-0.058005381225285646,-0.037362098693847656,-0.03515055775642395,-0.05026265218728554,0.0072939395904541016,-0.09038156270980835,-0.05890302345031273,-0.0050280094146728516,0.0059149861335754395,-0.07100426018112671,-0.0020896196365356445,-0.004701435565948486,-0.06683361142748367,-0.0023695826530456543,-0.043888986110687256,-0.06185328200334084,fist
0.0,0.0,0.0,-0.05864822864532471,0.010072708129882812,-0.030543285142599075,-0.10522234439849854,0.025129735469818115,-0.05935733271759602,-0.1285475492477417,0.05003249645233154,-0.08334364248436543,-0.11271399259567261,0.051627278327941895,-0.10271024210375401,-0.11740696430206299,-0.12125334143638611,-0.05087660877030942,-0.13199657201766968,-0.010930955410003662,-0.08378456039351079,-0.11069703102111816,0.00048363208770751953,-0.1051669518463001,-0.10529637336730957,-0.031601935625076294,-0.11904892576855275,-0.07345330715179443,-0.12801998853683472,-0.051524023245988815,-0.08647423982620239,0.007369697093963623,-0.07436886681240651,-0.0731511116027832,0.0006943941116333008,-0.07647052658718678,-0.0746464729309082,-0.041266441345214844,-0.0782521168701038,-0.027073919773101807,-0.11220836639404297,-0.055653392057834594,-0.040808916091918945,0.015075385570526123,-0.07129708183926198,-0.036245107650756836,0.002422928810119629,-0.05707449717444035,-0.036663591861724854,-0.03623241186141968,-0.046967993210969894,0.012588024139404297,-0.0836401879787445,-0.06426857663315388,-0.00142669677734375,0.015897393226623535,-0.07663653297346684,0.0008056163787841797,-0.0024901628494262695,-0.07086596144360158,0.0006608963012695312,-0.04608145356178284,-0.0640934283844814,fist
0.0,0.0,0.0,-0.05782192945480347,0.01100987195968628,-0.029646296637238834,-0.10361909866333008,0.027293741703033447,-0.05841564631658969,-0.127582848072052,0.051911771297454834,-0.08233789226609645,-0.11432993412017822,0.054980456829071045,-0.10160215071040568,-0.11744004487991333,-0.11556684970855713,-0.05177055171328959,-0.13052183389663696,-0.006701111793518066,-0.08490665874082026,-0.1091235876083374,0.0029122233390808105,-0.1065435322244781,-0.10361284017562866,-0.030023187398910522,-0.12070685497123179,-0.07410794496536255,-0.12272745370864868,-0.05289806670147357,-0.08600503206253052,0.010371029376983643,-0.07596900186139521,-0.07310694456100464,0.003499925136566162,-0.07826709619361338,-0.07435864210128784,-0.03804740309715271,-0.08040055504638133,-0.02842944860458374,-0.10766816139221191,-0.057301877649607036,-0.04061847925186157,0.01823967695236206,-0.07328822335797724,-0.03637838363647461,0.006206691265106201,-0.05886802321869311,-0.03703594207763672,-0.032424479722976685,-0.048814798357071254,0.011105656623840332,-0.08013632893562317,-0.06609985849458155,-0.0019794106483459473,0.019867658615112305,-0.07854127010899958,0.00022524595260620117,0.0019479990005493164,-0.0726656379421371,-0.000356137752532959,-0.041841357946395874,-0.0661261590440887,fist
0.0,0.0,0.0,-0.057695090770721436,0.00907820463180542,-0.030735152921380404,-0.10466188192367554,0.025302350521087646,-0.05947030071050108,-0.12690681219100952,0.05191260576248169,-0.08262617993980825,-0.10533750057220459,0.05462062358856201,-0.10101590413481176,-0.11519646644592285,-0.11404287815093994,-0.054893517083229426,-0.1284480094909668,-0.004584372043609619,-0.08677400011450231,-0.10780620574951172,0.004342794418334961,-0.10624668855101049,-0.10377109050750732,-0.02844482660293579,-0.11930096257358969,-0.0708196759223938,-0.12264177203178406,-0.054964387005867366,-0.08319360017776489,0.013483762741088867,-0.07736703116327703,-0.07150495052337646,0.005416572093963623,-0.07919392842680395,-0.0749741792678833,-0.038059234619140625,-0.08150123167663992,-0.024608075618743896,-0.10728076100349426,-0.058111974186005,-0.03713780641555786,0.021205127239227295,-0.07366533685356558,-0.03544038534164429,0.008915543556213379,-0.06027192357808531,-0.03768545389175415,-0.03106766939163208,-0.05131074521571577,0.014764547348022461,-0.07801693677902222,-0.06555888909727514,0.0007551312446594238,0.02317863702774048,-0.0783439289394039,0.0001341104507446289,0.006697535514831543,-0.07389618564278067,-0.0019592642784118652,-0.03558605909347534,-0.06879913169771612,fist
0.0,0.0,0.0,-0.05793869495391846,0.008650124073028564,-0.031029227783278657,-0.10308164358139038,0.02514505386352539,-0.06095384400089188,-0.12562650442123413,0.05053335428237915,-0.08574527840812607,-0.11028653383255005,0.0534704327583313,-0.10581772368152542,-0.11825716495513916,-0.11903822422027588,-0.05400120805700226,-0.13107293844223022,-0.007903575897216797,-0.0865188051362793,-0.11043071746826172,0.003546416759490967,-0.10605747591455383,-0.1060289740562439,-0.02887091040611267,-0.11886372010906143,-0.07393127679824829,-0.12505760788917542,-0.05463432114322586,-0.08760076761245728,0.007212042808532715,-0.07744477282960816,-0.07503187656402588,0.003748774528503418,-0.07862833481033249,-0.07805198431015015,-0.03781318664550781,-0.08012626658876343,-0.028261244297027588,-0.10937267541885376,-0.058607432653502656,-0.04224961996078491,0.01601088047027588,-0.0747244764467041,-0.03768312931060791,0.0064528584480285645,-0.06030979346235199,-0.03923708200454712,-0.03203141689300537,-0.05050052296121521,0.01060783863067627,-0.08170902729034424,-0.06697378646333618,-0.0035295486450195312,0.01770913600921631,-0.07951927523811264,-0.0018445253372192383,0.0033529996871948242,-0.07396351139743729,-0.0033735036849975586,-0.0381794273853302,-0.06792491268117828,fist
0.0,0.0,0.0,-0.05504500865936279,0.007638156414031982,-0.03249880281047979,-0.09828001260757446,0.023608803749084473,-0.062340419560243276,-0.12002456188201904,0.050918400287628174,-0.08663972821788946,-0.10452467203140259,0.0565679669380188,-0.10651753452377477,-0.10698574781417847,-0.11257386207580566,-0.05627187323527494,-0.12201058864593506,-0.0009269118309020996,-0.08875689265089193,-0.10174614191055298,0.007953405380249023,-0.10896244999723592,-0.0962972640991211,-0.023814618587493896,-0.12201881763296285,-0.0636032223701477,-0.11916005611419678,-0.05569756013112226,-0.0775749683380127,0.015388250350952148,-0.07850084808426061,-0.06520861387252808,0.0068618059158325195,-0.08006344345169225,-0.06658637523651123,-0.034645676612854004,-0.08165924605684438,-0.01856940984725952,-0.10336160659790039,-0.05836046469168821,-0.032265305519104004,0.023490428924560547,-0.0741295924480454,-0.02965998649597168,0.009029388427734375,-0.0598938724096314,-0.031128764152526855,-0.029386669397354126,-0.04997119289593854,0.01965874433517456,-0.07533419132232666,-0.06555858609037557,0.005952715873718262,0.024308383464813232,-0.07858170923547902,0.006544053554534912,0.006151974201202393,-0.07326572743015447,0.004999101161956787,-0.03611043095588684,-0.0670904552634255,fist
0.0,0.0,0.0,-0.05434286594390869,0.010232508182525635,-0.03289273787248703,-0.09903526306152344,0.02788245677947998,-0.06352018225896927,-0.12131625413894653,0.05399435758590698,-0.08836945552337738,-0.10168641805648804,0.05468243360519409,-0.10832929272163483,-0.10814595222473145,-0.11495938897132874,-0.05802682448137375,-0.12422999739646912,-0.005266010761260986,-0.09050557423341843,-0.10436701774597168,0.006422221660614014,-0.10955149341333481,-0.0992993712425232,-0.025043249130249023,-0.12193493206012818,-0.06450110673904419,-0.12249287962913513,-0.05718889865983101,-0.0792456865310669,0.012684285640716553,-0.08015977252233597,-0.06688207387924194,0.006582081317901611,-0.08046473223674866,-0.06881552934646606,-0.03624069690704346,-0.08085108209360214,-0.01919376850128174,-0.10722824931144714,-0.05957322601187798,-0.033761560916900635,0.020946145057678223,-0.0754146914552507,-0.03135359287261963,0.008219718933105469,-0.05950894612777802,-0.03315824270248413,-0.03127703070640564,-0.04818171296227547,0.018836259841918945,-0.07923614978790283,-0.06655381280887696,0.0036916732788085938,0.021530568599700928,-0.08017817545641037,0.004457712173461914,0.004483044147491455,-0.07465546239126297,0.003247082233428955,-0.03853854537010193,-0.06786835599649521,fist
0.0,0.0,0.0,-0.055859506130218506,0.011150538921356201,-0.03161253717020429,-0.10405439138412476,0.027152657508850098,-0.06021720480397619,-0.1287698745727539,0.05248814821243286,-0.0833347321696607,-0.10750973224639893,0.05112886428833008,-0.10144477647021688,-0.11322873830795288,-0.11372396349906921,-0.05238703947738088,-0.12943044304847717,-0.008157074451446533,-0.08530137997344411,-0.10811489820480347,0.005530416965484619,-0.10546151858046926,-0.1025162935256958,-0.02579498291015625,-0.11857285659984029,-0.06992369890213013,-0.12303686141967773,-0.05151292991116918,-0.08502465486526489,0.010766744613647461,-0.07470999222472585,-0.07161468267440796,0.0062749385833740234,-0.07606083464101232,-0.07350444793701172,-0.03760063648223877,-0.07703472983315862,-0.024914443492889404,-0.10905063152313232,-0.05414055969789899,-0.03930497169494629,0.01810896396636963,-0.07054221194461263,-0.035750746726989746,0.00820225477218628,-0.05564322259500898,-0.037046849727630615,-0.03179362416267395,-0.04472212057784475,0.01314091682434082,-0.08192327618598938,-0.06122384157255567,-0.0025914907455444336,0.0194128155708313,-0.07433318656161703,-0.0010836124420166016,0.004515290260314941,-0.06884053658917821,-0.002233266830444336,-0.038111746311187744,-0.06216276001408971,fist
0.0,0.0,0.0,-0.060077130794525146,0.010743260383605957,-0.030845880675059334,-0.11007934808731079,0.02592933177947998,-0.05931694449756719,-0.13091519474983215,0.04977995157241821,-0.08242779241774656,-0.10345017910003662,0.04667019844055176,-0.10078953223202802,-0.11883467435836792,-0.11728817224502563,-0.05178106220338918,-0.13302645087242126,-0.006983816623687744,-0.08605398999426939,-0.11129111051559448,0.0021077990531921387,-0.10904632525418378,-0.10605758428573608,-0.0321294367313385,-0.12430889921162702,-0.07429218292236328,-0.12537479400634766,-0.05163947882030584,-0.08857673406600952,0.009862899780273438,-0.07509853707526304,-0.07469731569290161,0.0022807717323303223,-0.0782579334256468,-0.07671022415161133,-0.04229941964149475,-0.08113760517809965,-0.028258800506591797,-0.11046212911605835,-0.05502196790550329,-0.04220235347747803,0.016758859157562256,-0.07130999879811384,-0.038369059562683105,0.004078209400177002,-0.05851324291799642,-0.039599061012268066,-0.03677365183830261,-0.049539808350544945,0.011142432689666748,-0.08216214179992676,-0.0627833382961569,-0.003752589225769043,0.018783628940582275,-0.07532884942267515,-0.0018768310546875,0.0011538863182067871,-0.07072688655827619,-0.0029946565628051758,-0.04357790946960449,-0.06528622673724271,fist
0.0,0.0,0.0,-0.058590590953826904,0.007547557353973389,-0.03024413796981662,-0.10468840599060059,0.02116185426712036,-0.057717572775686676,-0.1253265142440796,0.046536266803741455,-0.08037090661844104,-0.10421907901763916,0.05023854970932007,-0.09867128345092624,-0.11375057697296143,-0.11792314052581787,-0.04889863344749301,-0.1277587115764618,-0.009219765663146973,-0.08168796810230106,-0.10665327310562134,0.002778291702270508,-0.10359897824844211,-0.10105270147323608,-0.02920818328857422,-0.11803204926570743,-0.06948751211166382,-0.12485289573669434,-0.049370679882372315,-0.08303326368331909,0.008172810077667236,-0.07200721266588062,-0.07058948278427124,0.003923237323760986,-0.07515227409919589,-0.07232773303985596,-0.03765931725502014,-0.07795281323512881,-0.023963212966918945,-0.10872676968574524,-0.05342607187947124,-0.037835896015167236,0.016176879405975342,-0.07013471784910053,-0.03445941209793091,0.006588637828826904,-0.05811091872772067,-0.035247623920440674,-0.030982524156570435,-0.04936266678294032,0.014438331127166748,-0.08021122217178345,-0.061751879629696305,0.0007017850875854492,0.01836496591567993,-0.07449122133573383,0.0018104910850524902,0.003472268581390381,-0.06979720654805988,0.0003954172134399414,-0.037760913372039795,-0.06414402636607974,fist
0.0,0.0,0.0,-0.055305421352386475,0.009942233562469482,-0.031642026689738145,-0.10047101974487305,0.025490164756774902,-0.0601387801141442,-0.12190568447113037,0.05066335201263428,-0.08327223682114493,-0.10300302505493164,0.053690314292907715,-0.10187819921681296,-0.11159449815750122,-0.11338403820991516,-0.05262599461981665,-0.12423256039619446,-0.005572199821472168,-0.08746159398266684,-0.10357815027236938,0.005727708339691162,-0.11127178692528616,-0.09834229946136475,-0.02699527144432068,-0.12710503065297019,-0.06768524646759033,-0.12332439422607422,-0.052192899820298067,-0.07970786094665527,0.012202918529510498,-0.07608598792263876,-0.06780397891998291,0.007538020610809326,-0.0797085272640885,-0.06984663009643555,-0.03578096628189087,-0.0829344498486222,-0.022007286548614502,-0.10869035124778748,-0.05539178797313582,-0.034016430377960205,0.02064335346221924,-0.07240527444788825,-0.03285014629364014,0.01059490442276001,-0.05958744460055243,-0.03464376926422119,-0.028886348009109497,-0.050542313096016755,0.016401827335357666,-0.08082139492034912,-0.06309020840832602,0.0023785829544067383,0.02288818359375,-0.07677686536023032,0.0012428760528564453,0.00829845666885376,-0.0726555767030419,-0.0009184479713439941,-0.033700525760650635,-0.0674908565849961,fist
0.0,0.0,0.0,-0.054620444774627686,0.010412275791168213,-0.03181740279566725,-0.09990644454956055,0.025883495807647705,-0.05964240814816435,-0.1218072772026062,0.05066293478012085,-0.08230581517588575,-0.10159116983413696,0.05320709943771362,-0.10050928230654677,-0.10997670888900757,-0.11300557851791382,-0.049609091237897474,-0.12336793541908264,-0.006447792053222656,-0.08424669887196501,-0.10235345363616943,0.00556260347366333,-0.10889695967804869,-0.09635108709335327,-0.02655443549156189,-0.12531230236660917,-0.06569647789001465,-0.12289014458656311,-0.04901606600057562,-0.07836097478866577,0.013063907623291016,-0.0727234446562477,-0.06571513414382935,0.008450984954833984,-0.07705865438353499,-0.06706792116165161,-0.03456106781959534,-0.08056544895541151,-0.019809186458587646,-0.10798224806785583,-0.052278064296359616,-0.033040761947631836,0.02104097604751587,-0.06925306107174833,-0.031136631965637207,0.010750651359558105,-0.05696338425647696,-0.03240007162094116,-0.028248965740203857,-0.04796618606221159,0.01846492290496826,-0.08011114597320557,-0.0600797013498493,0.0036852359771728516,0.02292013168334961,-0.07346482957970579,0.003278970718383789,0.007769644260406494,-0.06928289319645842,0.0016022920608520508,-0.03438672423362732,-0.0638752692497917,fist
0.0,0.0,0.0,-0.05682563781738281,0.01085132360458374,-0.030975801654349766,-0.1049533486366272,0.02662903070449829,-0.05900291331876417,-0.12487363815307617,0.049616336822509766,-0.08167191945780417,-0.0963781476020813,0.04805350303649902,-0.09949276202191015,-0.11158603429794312,-0.11900800466537476,-0.05016180851329466,-0.12503978610038757,-0.010232686996459961,-0.08290820174683233,-0.10444211959838867,0.002581298351287842,-0.10500651948918005,-0.09940975904464722,-0.02984851598739624,-0.11993960642088553,-0.06726449728012085,-0.1271076798439026,-0.04984239467252394,-0.08046823740005493,0.009821474552154541,-0.07226308041084906,-0.0673554539680481,0.004620671272277832,-0.07509906940926214,-0.06927603483200073,-0.03989672660827637,-0.07772095852364203,-0.02160930633544922,-0.111379474401474,-0.05302544661630293,-0.03473395109176636,0.0182112455368042,-0.06851157896984716,-0.03213655948638916,0.008268415927886963,-0.055248737119327984,-0.033765435218811035,-0.03135871887207031,-0.04589736812580725,0.016705870628356934,-0.08244779706001282,-0.06069973834622999,0.0021347999572753906,0.020127832889556885,-0.07314501308668753,0.0031235218048095703,0.004403531551361084,-0.06844663225878378,0.0017325878143310547,-0.03908836841583252,-0.06275064104069372,fist
0.0,0.0,0.0,-0.05542391538619995,0.009982049465179443,-0.030771869694646625,-0.10264641046524048,0.02465510368347168,-0.05762183432823065,-0.12511307001113892,0.047821760177612305,-0.0795221938694084,-0.1010504961013794,0.0485767126083374,-0.09645033021813276,-0.11234349012374878,-0.11795258522033691,-0.046001350035723476,-0.1266476809978485,-0.011163026094436646,-0.07880993326550367,-0.10631096363067627,0.00021964311599731445,-0.10137482126599195,-0.10072249174118042,-0.03287702798843384,-0.1163004874194229,-0.06836020946502686,-0.12579777836799622,-0.04581216116791609,-0.08191478252410889,0.010408759117126465,-0.06921712448244932,-0.0695679783821106,0.0025572776794433594,-0.07355427881127241,-0.07123297452926636,-0.042141109704971313,-0.07675545801764372,-0.022967517375946045,-0.11000603437423706,-0.049414431204851894,-0.0370938777923584,0.01814335584640503,-0.06666382541304472,-0.0342099666595459,0.006792724132537842,-0.055361466010865,-0.03585880994796753,-0.03345513343811035,-0.04658294608240965,0.015221238136291504,-0.08120465278625488,-0.057412357529457836,0.00013875961303710938,0.019689857959747314,-0.07031094421988371,0.0005619525909423828,0.0049855709075927734,-0.066300825675782,-0.0012821555137634277,-0.037027209997177124,-0.06085853045230749,fist
0.0,0.0,0.0,-0.05479174852371216,0.009891748428344727,-0.031229052922398637,-0.10036635398864746,0.024733006954193115,-0.05836471565690715,-0.12287735939025879,0.048755943775177,-0.0803936833950587,-0.10174310207366943,0.050484418869018555,-0.0977252463313647,-0.10953450202941895,-0.11483177542686462,-0.04847778030362804,-0.12593334913253784,-0.010129660367965698,-0.0819021428438731,-0.10590028762817383,-0.00018584728240966797,-0.1049760917636462,-0.10024994611740112,-0.03273630142211914,-0.120038692137868,-0.06589353084564209,-0.12386712431907654,-0.048092924288184236,-0.08026742935180664,0.013457953929901123,-0.07178030558553417,-0.06816726922988892,0.003397345542907715,-0.07577501632896144,-0.06918460130691528,-0.0406339168548584,-0.07848348118987758,-0.020229816436767578,-0.10821306705474854,-0.051431548080117295,-0.035057783126831055,0.02167820930480957,-0.06865126290050227,-0.03324955701828003,0.007532000541687012,-0.05607194848981578,-0.03477752208709717,-0.03261420130729675,-0.04613263928023059,0.01793736219406128,-0.079112708568573,-0.0592418650600024,0.0016760826110839844,0.023453831672668457,-0.0731290469380923,0.0015537142753601074,0.005707144737243652,-0.0688202718707629,-4.76837158203125e-06,-0.03780001401901245,-0.06259294249740321,fist
0.0,0.0,0.0,-0.05727416276931763,0.010324716567993164,-0.031574490402533684,-0.10558664798736572,0.02497178316116333,-0.05923239040811268,-0.12497788667678833,0.04712480306625366,-0.0813631368025085,-0.09495127201080322,0.04502815008163452,-0.09878986600477901,-0.10933423042297363,-0.11905518174171448,-0.04981919649679867,-0.12107869982719421,-0.009751588106155396,-0.08269175413687435,-0.10111159086227417,0.003317594528198242,-0.10560990396578518,-0.09611755609512329,-0.0300157368183136,-0.12113400820334164,-0.06421571969985962,-0.1267181932926178,-0.04896305400569645,-0.07647687196731567,0.009376347064971924,-0.07099404457648006,-0.0651286244392395,0.004077136516571045,-0.07456612113554684,-0.0677904486656189,-0.04071170091629028,-0.07792371038038937,-0.018258631229400635,-0.1106615960597992,-0.05167708817560879,-0.03152245283126831,0.01736992597579956,-0.06731888923485485,-0.030857384204864502,0.007620453834533691,-0.05528484929044453,-0.03314018249511719,-0.03154107928276062,-0.04671027410466877,0.019620001316070557,-0.08129996061325073,-0.05886228281696049,0.004445195198059082,0.019130289554595947,-0.07150774720747677,0.0033933520317077637,0.0045735836029052734,-0.06748508933623043,0.0012630820274353027,-0.037157654762268066,-0.06231981414993015,fist
0.0,0.0,0.0,-0.057161152362823486,0.010836243629455566,-0.03019048470171981,-0.10603421926498413,0.02397364377975464,-0.05643151710840755,-0.12939238548278809,0.045215904712677,-0.07787495489331775,-0.11005735397338867,0.048112452030181885,-0.0944921412608295,-0.1162339448928833,-0.1185910701751709,-0.04465955133649402,-0.1288294792175293,-0.010805219411849976,-0.07725000764342838,-0.10883420705795288,0.0010730624198913574,-0.10065801824542575,-0.10312563180923462,-0.03261923789978027,-0.11650323505612903,-0.07221513986587524,-0.12668555974960327,-0.044678840889659455,-0.08503490686416626,0.007524430751800537,-0.06724095727416568,-0.0737181305885315,0.0016759634017944336,-0.07200013483974033,-0.0752301812171936,-0.043049156665802,-0.07598170275899463,-0.026881515979766846,-0.11164367198944092,-0.04846383269044452,-0.04118221998214722,0.014336884021759033,-0.06525078798743777,-0.038543522357940674,0.006033360958099365,-0.054401353105035355,-0.03954094648361206,-0.033197999000549316,-0.0464656987330585,0.01127636432647705,-0.08349135518074036,-0.05664838488313251,-0.003132641315460205,0.016308903694152832,-0.06979431594821506,-0.002332448959350586,0.004090666770935059,-0.06627229238959842,-0.0031875967979431152,-0.036723196506500244,-0.061508823289599945,fist
0.0,0.0,0.0,-0.05849659442901611,0.007606387138366699,-0.031260771122617825,-0.1078309416770935,0.019485116004943848,-0.05811276045147906,-0.1291343867778778,0.04222214221954346,-0.07950204741661082,-0.10216414928436279,0.04190117120742798,-0.09639613461200724,-0.11006760597229004,-0.12169891595840454,-0.04946997520033847,-0.12624457478523254,-0.016820579767227173,-0.08129842710201274,-0.10670560598373413,-0.003594815731048584,-0.10320671778623591,-0.10242301225662231,-0.03387156128883362,-0.11801526081268321,-0.06600320339202881,-0.12877002358436584,-0.0485986856788827,-0.08145171403884888,0.00578993558883667,-0.07023786139194499,-0.06968098878860474,-0.0012978911399841309,-0.07309787106220256,-0.07192283868789673,-0.04327923059463501,-0.07571976017658244,-0.020305275917053223,-0.11169153451919556,-0.05128089841906558,-0.03571820259094238,0.01445305347442627,-0.06600733232204448,-0.034876346588134766,0.00250929594039917,-0.0531383020848466,-0.036856114864349365,-0.035706788301467896,-0.043959913221044644,0.018003523349761963,-0.08162990212440491,-0.05843032282297145,0.0009944438934326172,0.017294883728027344,-0.07050857823793422,0.00013184547424316406,0.000423431396484375,-0.06589348745052348,-0.0014257431030273438,-0.0414736270904541,-0.060166173991603955,fist
0.0,0.0,0.0,-0.05787491798400879,0.00885474681854248,-0.03007637672214969,-0.10663670301437378,0.01972287893295288,-0.05675595961599811,-0.1311509907245636,0.03793048858642578,-0.07885920591741069,-0.11254221200942993,0.03785198926925659,-0.09603735394864543,-0.11594831943511963,-0.1256362795829773,-0.04360813982873424,-0.1320759356021881,-0.021388530731201172,-0.07656377144246562,-0.11084800958633423,-0.007470369338989258,-0.09938139058738216,-0.10425698757171631,-0.03971406817436218,-0.11441427059560283,-0.07194459438323975,-0.13321000337600708,-0.043976466731123764,-0.08806073665618896,-0.0010960698127746582,-0.06718760319142802,-0.07451653480529785,-0.0044994354248046875,-0.07141395993619426,-0.07517749071121216,-0.04785320162773132,-0.07442260123877986,-0.026478171348571777,-0.11733916401863098,-0.048292282597117264,-0.04360830783843994,0.007359325885772705,-0.06558010317473872,-0.03882330656051636,-0.0002930760383605957,-0.054386905954174836,-0.0388604998588562,-0.038768261671066284,-0.04581475593238338,0.01203906536102295,-0.08879697322845459,-0.05693070180802806,-0.004821479320526123,0.010896563529968262,-0.06972621716647609,-0.002837240695953369,-0.0017387866973876953,-0.06568172909408077,-0.0030614137649536133,-0.04265856742858887,-0.060249019042544205,fist
0.0,0.0,0.0,-0.05756580829620361,0.007762134075164795,-0.030048144494671192,-0.1052635908126831,0.01960587501525879,-0.05785334247865137,-0.1289355456829071,0.04041355848312378,-0.08079661566533503,-0.10955959558486938,0.04157233238220215,-0.09919966149844583,-0.11212646961212158,-0.12455448508262634,-0.048146487658399906,-0.12926271557807922,-0.018704533576965332,-0.08159563828029093,-0.10811883211135864,-0.0059967041015625,-0.1048525138548797,-0.10172736644744873,-0.03711959719657898,-0.12026564914502558,-0.06889522075653076,-0.12930724024772644,-0.04873314264931139,-0.08697587251663208,0.00199812650680542,-0.0718494667462295,-0.07283610105514526,-0.0030239224433898926,-0.07572800803698954,-0.07269555330276489,-0.04411137104034424,-0.07898517835654673,-0.0242154598236084,-0.11120685935020447,-0.05291515726365503,-0.04254579544067383,0.012601256370544434,-0.06913198668279108,-0.037573158740997314,0.002449333667755127,-0.05682429808892664,-0.03715312480926514,-0.03495118021965027,-0.048125272130150165,0.013387978076934814,-0.08089283108711243,-0.06136950243033823,-0.004414618015289307,0.01636981964111328,-0.07353121179856714,-0.0021889209747314453,0.0005331039428710938,-0.06849659371890482,-0.0019988417625427246,-0.04121550917625427,-0.0627179234079307,fist
0.0,0.0,0.0,-0.05804121494293213,0.006106972694396973,-0.031421330697895655,-0.10646182298660278,0.016351938247680664,-0.05964978871500648,-0.13068115711212158,0.03656250238418579,-0.08263887552178062,-0.10915416479110718,0.037861406803131104,-0.1011509755030886,-0.1095004677772522,-0.12734368443489075,-0.04912708414352096,-0.12617063522338867,-0.021386325359344482,-0.08222831127798713,-0.10642635822296143,-0.009645462036132812,-0.10514284757530845,-0.10079550743103027,-0.04154866933822632,-0.12038986472046531,-0.06555289030075073,-0.1322368085384369,-0.04883120296156562,-0.0832868218421936,0.0017754435539245605,-0.0719369286075846,-0.07047313451766968,-0.005471348762512207,-0.076050029076697,-0.07099056243896484,-0.04833140969276428,-0.07941939023888267,-0.020650386810302734,-0.11406615376472473,-0.052150540925623545,-0.03952133655548096,0.011999785900115967,-0.06851492164290107,-0.03645569086074829,-0.00016123056411743164,-0.056995016463162074,-0.03679943084716797,-0.039198875427246094,-0.0487120979801432,0.016693055629730225,-0.08304604887962341,-0.05984221858537353,-0.0024133920669555664,0.016277313232421875,-0.07269099441921867,-0.0017483830451965332,-0.00022488832473754883,-0.06861601857102073,-0.0021456480026245117,-0.042377352714538574,-0.06338735011971153,fist
0.0,0.0,0.0,-0.05838584899902344,0.008549094200134277,-0.03091600140163564,-0.10725659132003784,0.019611001014709473,-0.05822196764478349,-0.12743204832077026,0.04077887535095215,-0.08051220861801767,-0.09937739372253418,0.04211348295211792,-0.0985455864442315,-0.10806673765182495,-0.12248829007148743,-0.0473155469966855,-0.12514883279800415,-0.01918625831604004,-0.08070925412306451,-0.1055956482887268,-0.007590949535369873,-0.10601470408568048,-0.09981632232666016,-0.04037994146347046,-0.12335335997471475,-0.06405621767044067,-0.12869396805763245,-0.047112395740839474,-0.08174186944961548,0.005061149597167969,-0.06952369747290277,-0.06903016567230225,-0.003357112407684326,-0.07482442793974542,-0.06907397508621216,-0.047584861516952515,-0.07938740936646127,-0.019154608249664307,-0.11125969886779785,-0.05059475240835809,-0.03714948892593384,0.014930963516235352,-0.06630273697504663,-0.03453785181045532,0.002044856548309326,-0.0554869898928132,-0.03494340181350708,-0.0385107696056366,-0.04784156543740892,0.01801431179046631,-0.0810425877571106,-0.058531591422649853,-0.0004909634590148926,0.01932048797607422,-0.0708523371590104,0.00024825334548950195,0.0022415518760681152,-0.0669942998660531,-8.803606033325195e-05,-0.04130589962005615,-0.062158236034008496,fist
0.0,0.0,0.0,-0.05736136436462402,0.008190929889678955,-0.03203174124618613,-0.10686147212982178,0.019126296043395996,-0.060385030015908114,-0.12960213422775269,0.0391731858253479,-0.08358219291230284,-0.10184973478317261,0.035480618476867676,-0.10223529513140761,-0.10805541276931763,-0.1265319585800171,-0.0483604113306626,-0.12436452507972717,-0.022747009992599487,-0.08233225370904051,-0.10371136665344238,-0.00954735279083252,-0.1069904940869435,-0.09766429662704468,-0.04235774278640747,-0.12380634273549163,-0.0636742115020752,-0.13245779275894165,-0.04776775862237059,-0.08162164688110352,-0.00020194053649902344,-0.07089089627524459,-0.06751227378845215,-0.005619049072265625,-0.07581622923871123,-0.0681447982788086,-0.04984709620475769,-0.0799831750537976,-0.018495380878448486,-0.11530131101608276,-0.05099593873282515,-0.03658109903335571,0.010228574275970459,-0.06705937559863173,-0.03222566843032837,-0.00014793872833251953,-0.0556974711563214,-0.032374560832977295,-0.039773404598236084,-0.04777950446268164,0.01912766695022583,-0.08557674288749695,-0.05875855709572875,0.0007860660552978516,0.014680981636047363,-0.07093504096528136,0.002274751663208008,-8.893013000488281e-05,-0.06682532305975997,0.001911461353302002,-0.04193577170372009,-0.06191818441411101,fist
0.0,0.0,0.0,-0.060073792934417725,0.008464515209197998,-0.03113932639872985,-0.10904842615127563,0.01939457654953003,-0.05898783088242965,-0.13176104426383972,0.037976622581481934,-0.08217313990509467,-0.10738956928253174,0.0355527400970459,-0.100704752956986,-0.11279261112213135,-0.12617719173431396,-0.04637190059339957,-0.13034629821777344,-0.023378431797027588,-0.08096833631908851,-0.11088383197784424,-0.009438186883926392,-0.10562043741857963,-0.10460865497589111,-0.042329102754592896,-0.1220617230287786,-0.06882882118225098,-0.1320464015007019,-0.0463841940513845,-0.08778929710388184,5.549192428588867e-05,-0.07081116095697837,-0.07495999336242676,-0.003789961338043213,-0.07582205638802009,-0.07503724098205566,-0.04712796211242676,-0.07948042557156043,-0.024240434169769287,-0.11549556255340576,-0.05036259547388511,-0.04437655210494995,0.009156465530395508,-0.06834962323820548,-0.040372610092163086,0.00029355287551879883,-0.05724663392221885,-0.040477216243743896,-0.03928476572036743,-0.04882009432232337,0.012740135192871094,-0.0866161584854126,-0.05877899483358817,-0.006579399108886719,0.013153254985809326,-0.07174461439764457,-0.005010485649108887,0.0005895495414733887,-0.06746535108005958,-0.0051133036613464355,-0.04039686918258667,-0.06201775476849036,fist
0.0,0.0,0.0,-0.058072566986083984,0.0019500255584716797,-0.0316892841212848,-0.10746294260025024,0.00919264554977417,-0.059026049201975184,-0.12993943691253662,0.02790844440460205,-0.08103918073106797,-0.10610342025756836,0.03084808588027954,-0.09859581825662644,-0.10691505670547485,-0.13333195447921753,-0.04909248439003022,-0.12388038635253906,-0.03340804576873779,-0.08114088115621598,-0.10647892951965332,-0.019062697887420654,-0.10363552508283647,-0.10248070955276489,-0.049612969160079956,-0.11914813307453187,-0.061664879322052,-0.13739043474197388,-0.04875597519207986,-0.0801999568939209,-0.0036757588386535645,-0.07145750311542542,-0.06924086809158325,-0.009868443012237549,-0.07560570326972993,-0.07064700126647949,-0.053223997354507446,-0.07925563839603456,-0.016093432903289795,-0.11770349740982056,-0.05203903255392106,-0.035740792751312256,0.008582890033721924,-0.068528359507809,-0.03428250551223755,-0.0032140016555786133,-0.0575047300510505,-0.035073816776275635,-0.0424727201461792,-0.04960266662169488,0.02136296033859253,-0.08582043647766113,-0.05967199218798669,0.0009115934371948242,0.013487517833709717,-0.07289875832725556,0.0004234910011291504,-0.0033483505249023438,-0.06921651748348268,-0.0002709031105041504,-0.04574263095855713,-0.06439006117511781,fist
0.0,0.0,0.0,-0.05922222137451172,-0.0018873810768127441,-0.030579035219773232,-0.11178666353225708,-0.004431486129760742,-0.053966370460614144,-0.1318712830543518,0.00771784782409668,-0.0723501528175916,-0.09839993715286255,0.011838674545288086,-0.08651360967479604,-0.1011495590209961,-0.146028071641922,-0.03917908021531957,-0.12001469731330872,-0.05171924829483032,-0.06784284957967657,-0.104694664478302,-0.034465253353118896,-0.09065821119867223,-0.09984219074249268,-0.06422826647758484,-0.10700974711500066,-0.055405378341674805,-0.14886686205863953,-0.03808505558691877,-0.07682925462722778,-0.017148971557617188,-0.056881957736834465,-0.06703710556030273,-0.022181659936904907,-0.06190131330214399,-0.06676554679870605,-0.06585153937339783,-0.06658852198444265,-0.010155320167541504,-0.12644854187965393,-0.04099294641338247,-0.03276556730270386,-0.0015950798988342285,-0.05491582029782194,-0.03379261493682861,-0.012196004390716553,-0.04650851809702772,-0.03415107727050781,-0.051392555236816406,-0.04046598547421354,0.02610623836517334,-0.09156325459480286,-0.04829515242300886,0.0026983022689819336,0.0064855217933654785,-0.05991423600636381,0.001086413860321045,-0.008938610553741455,-0.05749183246217626,0.001731574535369873,-0.049353837966918945,-0.053732593593224465,fist
0.0,0.0,0.0,-0.05827397108078003,-0.0007115006446838379,-0.03130494340555856,-0.10742086172103882,0.002722799777984619,-0.05758235513465593,-0.13103485107421875,0.015007436275482178,-0.07909957974450776,-0.10276895761489868,0.015080690383911133,-0.0960466927220125,-0.09911859035491943,-0.14401713013648987,-0.04216125144856164,-0.11964845657348633,-0.046829015016555786,-0.07273308097617814,-0.10442161560058594,-0.03100740909576416,-0.09481032847659776,-0.09679943323135376,-0.06189355254173279,-0.10981408416526506,-0.054059505462646484,-0.14363506436347961,-0.04147779106395433,-0.07776045799255371,-0.015897780656814575,-0.06277903079288194,-0.06854063272476196,-0.020664244890213013,-0.06765932499664018,-0.06649142503738403,-0.0648612380027771,-0.07140602826373765,-0.009898066520690918,-0.12070801854133606,-0.04466999604599664,-0.03610962629318237,0.0001735687255859375,-0.06131777449743936,-0.03478211164474487,-0.010484397411346436,-0.05159116446273515,-0.03302806615829468,-0.05043098330497742,-0.04380622043507287,0.02559739351272583,-0.08658087253570557,-0.052300154261757825,-7.098913192749023e-05,0.009435594081878662,-0.06538071393268297,-0.00042629241943359375,-0.004746973514556885,-0.06198085009353349,0.0012140274047851562,-0.045262426137924194,-0.05680250658886621,fist
0.0,0.0,0.0,-0.06045198440551758,-0.01629185676574707,-0.030218078957759076,-0.10822415351867676,-0.02850121259689331,-0.05609315560933226,-0.12688827514648438,-0.016483843326568604,-0.07720118688222044,-0.09590554237365723,-0.004391789436340332,-0.0949390150773155,-0.08569389581680298,-0.1675683557987213,-0.04263971300598257,-0.10986751317977905,-0.07185620069503784,-0.07056223528262251,-0.09828317165374756,-0.05413025617599487,-0.0924055718052017,-0.09210604429244995,-0.08256438374519348,-0.1081759028303253,-0.040152013301849365,-0.15754935145378113,-0.042668818699084454,-0.07226383686065674,-0.03034132719039917,-0.06146503912087553,-0.06366533041000366,-0.03530290722846985,-0.06691045986291044,-0.06008613109588623,-0.07680806517601013,-0.07233571933385008,0.0022503137588500977,-0.12554699182510376,-0.04607221038814657,-0.031742870807647705,-0.006116628646850586,-0.05922447072144621,-0.03323376178741455,-0.018016457557678223,-0.05035189466353529,-0.03154253959655762,-0.057144105434417725,-0.04458892272587889,0.03441387414932251,-0.08354213833808899,-0.05378056244727247,0.0014957189559936523,0.00919640064239502,-0.06324855910416716,-0.0018261075019836426,-0.007130622863769531,-0.058746616558991605,-0.00027245283126831055,-0.04628601670265198,-0.05420225040789717,fist
0.0,0.0,0.0,-0.06235206127166748,-0.03208547830581665,-0.028538757987178087,-0.10894811153411865,-0.06634750962257385,-0.0527579300625689,-0.1250564455986023,-0.07043346762657166,-0.07271478702858758,-0.09212487936019897,-0.05295830965042114,-0.08929418405131173,-0.05847090482711792,-0.20329421758651733,-0.03898674254850221,-0.10393750667572021,-0.12678715586662292,-0.06524285306767297,-0.09739089012145996,-0.10064697265625,-0.08486692240074944,-0.08822870254516602,-0.12120583653450012,-0.0989843123181231,-0.01767134666442871,-0.18345320224761963,-0.04015620803073716,-0.07485765218734741,-0.07439860701560974,-0.060014765761650324,-0.06571662425994873,-0.06885302066802979,-0.0654040985329516,-0.054708242416381836,-0.10211607813835144,-0.06982341041401696,0.016926109790802002,-0.14101645350456238,-0.04466942330435586,-0.03978466987609863,-0.03694695234298706,-0.058274556003368616,-0.0394287109375,-0.039729297161102295,-0.05037464206651521,-0.03142428398132324,-0.07072749733924866,-0.04478421067432237,0.0402681827545166,-0.08880910277366638,-0.05328928311899972,-0.009521961212158203,-0.009705781936645508,-0.06210082774595094,-0.010544359683990479,-0.019214987754821777,-0.05782177676991296,-0.002473592758178711,-0.049497246742248535,-0.05320511018470597,fist
0.0,0.0,0.0,-0.05690109729766846,-0.05150175094604492,-0.025927875281524848,-0.09680044651031494,-0.08919855952262878,-0.05035043516869564,-0.11522442102432251,-0.09594452381134033,-0.07096995422358532,-0.08784747123718262,-0.0720563530921936,-0.088350728244734,-0.026701390743255615,-0.20847851037979126,-0.0420291573714735,-0.0888565182685852,-0.1483825445175171,-0.06800667205567379,-0.08482557535171509,-0.11608940362930298,-0.08518782267088909,-0.07009357213973999,-0.12963587045669556,-0.09728673109526653,0.010401129722595215,-0.17441034317016602,-0.04481605076904316,-0.06912285089492798,-0.09169527888298035,-0.06398379811759014,-0.060077786445617676,-0.07787734270095825,-0.06680908063168545,-0.04309487342834473,-0.1016789972782135,-0.06966219851489086,0.035496294498443604,-0.12118083238601685,-0.05045206481332798,-0.04215574264526367,-0.041331946849823,-0.06426988551135082,-0.038586974143981934,-0.03962242603302002,-0.05508187049741764,-0.02287447452545166,-0.06387102603912354,-0.04877665275449772,0.047713279724121094,-0.06070655584335327,-0.05963661530728359,-0.016955018043518066,-0.002098381519317627,-0.06839614370579739,-0.015889286994934082,-0.0073525309562683105,-0.06268097469325085,-0.0016898512840270996,-0.02946847677230835,-0.05712632843966503,fist
0.0,0.0,0.0,-0.0506475567817688,-0.048698246479034424,-0.030768533000198772,-0.090060293674469,-0.08827680349349976,-0.05729013192042487,-0.10840898752212524,-0.09653955698013306,-0.0791665750978865,-0.08215361833572388,-0.06973347067832947,-0.0973729628561415,-0.017746031284332275,-0.20217210054397583,-0.04384471359237807,-0.07836472988128662,-0.14432033896446228,-0.07362072797998565,-0.07674288749694824,-0.11444532871246338,-0.09454613807186263,-0.06062650680541992,-0.12878835201263428,-0.108772738599626,0.018478333950042725,-0.16697800159454346,-0.04390811803325789,-0.05828887224197388,-0.08951959013938904,-0.06492456676944869,-0.052834928035736084,-0.07709908485412598,-0.06903438153251784,-0.035199105739593506,-0.10370147228240967,-0.07187027367338317,0.042528510093688965,-0.11204829812049866,-0.04762415471061843,-0.03299659490585327,-0.03905445337295532,-0.06412318232044356,-0.031764209270477295,-0.039668262004852295,-0.05508826183661597,-0.01532900333404541,-0.06483030319213867,-0.047626773589698246,0.05326485633850098,-0.053476542234420776,-0.05545332910999434,-0.010817945003509521,0.0001074075698852539,-0.06813293578609603,-0.009706497192382812,-0.007247030735015869,-0.06444246205076354,0.0059125423431396484,-0.03212779760360718,-0.05891810613259452,fist
0.0,0.0,0.0,-0.04623818397521973,-0.06183016300201416,-0.029047578202408886,-0.07766461372375488,-0.10750919580459595,-0.055554370956343746,-0.09828111529350281,-0.12778735160827637,-0.07819769121877584,-0.08692288398742676,-0.10956260561943054,-0.09678384252063665,0.012434422969818115,-0.21755042672157288,-0.04087899588219557,-0.05785268545150757,-0.18385139107704163,-0.06872629709712896,-0.06373506784439087,-0.14819276332855225,-0.0845679897832099,-0.047791898250579834,-0.1534893810749054,-0.09491375424138937,0.041227757930755615,-0.1739446222782135,-0.04253887720577154,-0.04876834154129028,-0.12178251147270203,-0.0659951377677146,-0.04848313331604004,-0.09664317965507507,-0.0679475400613967,-0.027831077575683594,-0.11326944828033447,-0.06804213263265524,0.05600982904434204,-0.11617878079414368,-0.047812375800532436,-0.0325203537940979,-0.06543505191802979,-0.06623205878011618,-0.0329248309135437,-0.053498029708862305,-0.055291581528109646,-0.013591349124908447,-0.07018440961837769,-0.04609408192507658,0.058363258838653564,-0.05620831251144409,-0.05694846026770506,-0.013120293617248535,-0.01999729871749878,-0.06904248483650122,-0.0135575532913208,-0.0182950496673584,-0.06339571215383444,0.004467666149139404,-0.034524381160736084,-0.05644841082565222,fist
0.0,0.0,0.0,-0.03478926420211792,-0.06559616327285767,-0.03303246380295377,-0.060864925384521484,-0.11224627494812012,-0.061877982630392125,-0.07899466156959534,-0.13084787130355835,-0.08611558185424428,-0.06260949373245239,-0.10696005821228027,-0.1065468247374497,0.040197789669036865,-0.20521214604377747,-0.046340925558467916,-0.032643914222717285,-0.177351176738739,-0.07505482242908101,-0.04296916723251343,-0.1445481777191162,-0.0930679644783936,-0.026142477989196777,-0.14887750148773193,-0.10498714254703145,0.06465184688568115,-0.15500172972679138,-0.04586768330540281,-0.02565896511077881,-0.11879995465278625,-0.06797271029557805,-0.03039419651031494,-0.09751355648040771,-0.07114726857747655,-0.010466992855072021,-0.11102268099784851,-0.07312726782168966,0.07353472709655762,-0.09375080466270447,-0.04902217344846349,-0.014886140823364258,-0.06060898303985596,-0.06744465039577108,-0.019689619541168213,-0.050893187522888184,-0.05870581225957494,-0.0013071298599243164,-0.06168663501739502,-0.05125969456042867,0.07028365135192871,-0.033876657485961914,-0.05622207926120382,0.0011582374572753906,-0.011130869388580322,-0.06843856529798131,-0.0038276314735412598,-0.010987460613250732,-0.06386464641894918,0.01018834114074707,-0.021131575107574463,-0.05793770955409627,fist
0.0,0.0,0.0,-0.03259950876235962,-0.06289008259773254,-0.0330094822956255,-0.05867069959640503,-0.10808926820755005,-0.06199311626087933,-0.0759490430355072,-0.12692111730575562,-0.08635617208611279,-0.06127119064331055,-0.10241419076919556,-0.10687082421910077,0.04494732618331909,-0.1949000060558319,-0.04684942376744061,-0.028091371059417725,-0.1748339831829071,-0.0763132066739729,-0.04004329442977905,-0.14505597949028015,-0.09567641627918988,-0.022325634956359863,-0.14572405815124512,-0.10870486658942013,0.06656229496002197,-0.14409947395324707,-0.0466220171464613,-0.022329330444335938,-0.1174464225769043,-0.06985335213076382,-0.02825605869293213,-0.09674859046936035,-0.07608220142256528,-0.007146716117858887,-0.10474210977554321,-0.08037884694468289,0.0725104808807373,-0.08362400531768799,-0.04973695588242322,-0.013478696346282959,-0.06031346321105957,-0.06938841354977399,-0.018533289432525635,-0.050465941429138184,-0.06280251008402615,0.0005720853805541992,-0.058978378772735596,-0.056905733169429595,0.06718093156814575,-0.026746094226837158,-0.05683132422100812,7.12275505065918e-05,-0.010194599628448486,-0.06968826961647778,-0.003215014934539795,-0.009692788124084473,-0.06599904757868558,0.01289677619934082,-0.01999974250793457,-0.06079293576013356,fist
0.0,0.0,0.0,-0.02566736936569214,-0.06553927063941956,-0.03450441226254952,-0.047026753425598145,-0.11343947052955627,-0.06377522513162148,-0.06341701745986938,-0.13577526807785034,-0.08809829369079125,-0.054483890533447266,-0.10856112837791443,-0.10838333383094323,0.06198132038116455,-0.1861841082572937,-0.0461871312547828,-0.014268219470977783,-0.17485487461090088,-0.07596059009324563,-0.029386520385742188,-0.1437821388244629,-0.09465681627284539,-0.011688828468322754,-0.14189639687538147,-0.10668239608298791,0.08012878894805908,-0.13218146562576294,-0.044702994226327064,-0.013263344764709473,-0.11632096767425537,-0.06758855894099725,-0.022467494010925293,-0.09353134036064148,-0.07159556314240945,-0.00028461217880249023,-0.10111960768699646,-0.07366935029517663,0.08124160766601562,-0.07124066352844238,-0.0469941483427192,-0.008646368980407715,-0.057319819927215576,-0.06645743414651406,-0.015087783336639404,-0.048327088356018066,-0.058446558712830665,0.004516005516052246,-0.05525118112564087,-0.051041296272387626,0.0706365704536438,-0.01634436845779419,-0.053336224107852104,0.00109022855758667,-0.008584082126617432,-0.06624392285834801,-0.0014508366584777832,-0.009621083736419678,-0.06223977967988503,0.016551315784454346,-0.01791977882385254,-0.05631925776492608,fist
0.0,0.0,0.0,-0.023365437984466553,-0.06402969360351562,-0.035175632321781336,-0.04028207063674927,-0.10927975177764893,-0.06516591050619525,-0.05642414093017578,-0.1319546103477478,-0.09025251456493777,-0.06303408741950989,-0.11925855278968811,-0.11113462188238543,0.06557440757751465,-0.1780918538570404,-0.048773392671293436,-0.010182976722717285,-0.1740979552268982,-0.07900990881914538,-0.02345716953277588,-0.14623558521270752,-0.09705110230440539,-0.004814863204956055,-0.14301100373268127,-0.10838614740366381,0.08073079586029053,-0.12439894676208496,-0.0478061210452978,-0.0099029541015625,-0.11612492799758911,-0.07240493186706942,-0.01638585329055786,-0.09768027067184448,-0.07759227939838809,0.006755053997039795,-0.10300979018211365,-0.08054125645155352,0.07913106679916382,-0.06377977132797241,-0.05053780191535395,-0.007933378219604492,-0.05815482139587402,-0.07131404020780963,-0.012157797813415527,-0.05115175247192383,-0.06426778771871966,0.009010553359985352,-0.05713766813278198,-0.05762409009928149,0.06715744733810425,-0.010003805160522461,-0.05742208250755709,-0.0007157325744628906,-0.008516430854797363,-0.07058358528608721,-0.0018582344055175781,-0.011721670627593994,-0.06739079543346804,0.017868459224700928,-0.0208321213722229,-0.06242861562365931,fist
0.0,0.0,0.0,-0.02063077688217163,-0.061250895261764526,-0.03444835281331393,-0.03881990909576416,-0.10206404328346252,-0.06482957413751933,-0.058782100677490234,-0.12377727031707764,-0.09006051084358546,-0.07054004073143005,-0.11838382482528687,-0.11141827812750194,0.061557769775390625,-0.16553938388824463,-0.05415662488300654,-0.016337811946868896,-0.15882179141044617,-0.08422892650921199,-0.026429355144500732,-0.13383859395980835,-0.10146816185076091,-0.006115078926086426,-0.13212451338768005,-0.11230839899141642,0.0765300989151001,-0.1084735095500946,-0.053727944552491635,-0.017122507095336914,-0.09999537467956543,-0.07809649518091533,-0.020218253135681152,-0.08510378003120422,-0.08315850904543254,0.004941403865814209,-0.09316146373748779,-0.08644803723652217,0.07435345649719238,-0.04596245288848877,-0.056301229804347486,-0.01631850004196167,-0.04078191518783569,-0.0765764947827563,-0.01650184392929077,-0.039016783237457275,-0.06887029221613261,0.006157517433166504,-0.048814475536346436,-0.06222973501641604,0.06126272678375244,0.008337557315826416,-0.06288367620069835,-0.010291218757629395,0.009696781635284424,-0.07687580695707652,-0.0076940059661865234,0.004453539848327637,-0.07354688009579036,0.014434397220611572,-0.005932927131652832,-0.06854487320740077,fist
0.0,0.0,0.0,-0.02295619249343872,-0.05877503752708435,-0.034205774617518614,-0.042339205741882324,-0.09696447849273682,-0.06432852785023613,-0.060183048248291016,-0.11492988467216492,-0.08964009473952217,-0.0708661675453186,-0.1136019229888916,-0.11154904107483787,0.05770218372344971,-0.15961027145385742,-0.05303600321444435,-0.01703411340713501,-0.1521676778793335,-0.08272272239359779,-0.028301537036895752,-0.1296045482158661,-0.10033650587233467,-0.00866478681564331,-0.1270449161529541,-0.11150959770115776,0.07259202003479004,-0.10207498073577881,-0.05276710803541107,-0.016654372215270996,-0.09292861819267273,-0.07585871855648918,-0.02033597230911255,-0.0814959704875946,-0.0806773145023243,0.005579054355621338,-0.08998975157737732,-0.0840562720123188,0.07109379768371582,-0.040176451206207275,-0.055562603128279875,-0.015946030616760254,-0.03579455614089966,-0.07513526718052788,-0.016957759857177734,-0.03624993562698364,-0.06656054298314018,0.00583040714263916,-0.04601326584815979,-0.05939057732852859,0.05878162384033203,0.012729167938232422,-0.06246869529518051,-0.010303258895874023,0.013054192066192627,-0.07642920951279564,-0.007687687873840332,0.005647480487823486,-0.07251864562663002,0.014974772930145264,-0.006125092506408691,-0.06699726621540947,fist
0.0,0.0,0.0,-0.021976768970489502,-0.05907455086708069,-0.035158019325109535,-0.04125124216079712,-0.09825274348258972,-0.06566659714874845,-0.059967219829559326,-0.11665430665016174,-0.09070839341578107,-0.07116347551345825,-0.1134343147277832,-0.11220400389132124,0.05737030506134033,-0.15846318006515503,-0.05702362935838323,-0.01887458562850952,-0.15278500318527222,-0.08682854827341657,-0.0292167067527771,-0.1295700967311859,-0.1038689276188336,-0.009021937847137451,-0.12754350900650024,-0.11471122857031446,0.07249081134796143,-0.10067427158355713,-0.056113540938468986,-0.018500804901123047,-0.09360259771347046,-0.07961444165405851,-0.020934104919433594,-0.08171358704566956,-0.08428410049376112,0.005494415760040283,-0.09028229117393494,-0.08769877608713728,0.07084053754806519,-0.03822284936904907,-0.05805045347509008,-0.018365025520324707,-0.035209059715270996,-0.07728839274344068,-0.017632484436035156,-0.03620964288711548,-0.0685838123768292,0.006251096725463867,-0.04638746380805969,-0.06166417877969366,0.05845457315444946,0.015017092227935791,-0.06410978343186002,-0.012815296649932861,0.013963520526885986,-0.077850993534895,-0.009314417839050293,0.006732344627380371,-0.07404509540495496,0.014014899730682373,-0.004614710807800293,-0.06889228876528364,fist
0.0,0.0,0.0,-0.022195518016815186,-0.059171974658966064,-0.033500111371864705,-0.041526734828948975,-0.09955489635467529,-0.06303543102799836,-0.061681270599365234,-0.12147843837738037,-0.08774856728373948,-0.07789880037307739,-0.12554225325584412,-0.10857399803458634,0.05499231815338135,-0.16556507349014282,-0.05255247157870713,-0.020908832550048828,-0.16243144869804382,-0.08176847052632752,-0.03184163570404053,-0.13897418975830078,-0.09750045341311875,-0.013014733791351318,-0.134942889213562,-0.10710843902884903,0.0703694224357605,-0.11050200462341309,-0.052460684151043324,-0.022637128829956055,-0.1035681962966919,-0.0757904599314827,-0.02359330654144287,-0.08894288539886475,-0.07966507476626816,0.003115832805633545,-0.09576106071472168,-0.0818605671530861,0.06941390037536621,-0.04980248212814331,-0.05537122738419953,-0.021190285682678223,-0.047655463218688965,-0.07437869411765519,-0.01904505491256714,-0.04445594549179077,-0.06499315303622666,0.00510793924331665,-0.053481847047805786,-0.05719260749279442,0.05726206302642822,0.0033630728721618652,-0.06242034089623871,-0.014892160892486572,0.001958310604095459,-0.07618655514775696,-0.009489893913269043,-0.0029254555702209473,-0.07219968986569825,0.015273630619049072,-0.014069676399230957,-0.06640246760903779,fist
0.0,0.0,0.0,-0.02302396297454834,-0.05985945463180542,-0.03267840422350332,-0.03993058204650879,-0.10111892223358154,-0.061488417309107035,-0.05814719200134277,-0.12480282783508301,-0.08561414979058668,-0.0763247013092041,-0.13415655493736267,-0.10571987680751249,0.056716084480285645,-0.1719825267791748,-0.05049379296261236,-0.016952991485595703,-0.16601413488388062,-0.07978272191840574,-0.027664661407470703,-0.14167851209640503,-0.09570076815444395,-0.009452283382415771,-0.139604389667511,-0.10527920476752683,0.07300448417663574,-0.11912235617637634,-0.05084341890770361,-0.018099069595336914,-0.10893699526786804,-0.07478771112519667,-0.020147979259490967,-0.09221541881561279,-0.07846900574523374,0.004822075366973877,-0.09902477264404297,-0.08008479825812742,0.07292163372039795,-0.059545040130615234,-0.05433627716857359,-0.015817701816558838,-0.05350804328918457,-0.07375983647662565,-0.01550912857055664,-0.04777705669403076,-0.06420264891940519,0.006991684436798096,-0.05533936619758606,-0.055990775447668284,0.061666905879974365,-0.0060784220695495605,-0.06190940491515562,-0.008077383041381836,-0.0050931572914123535,-0.07564709834414884,-0.005327105522155762,-0.00823974609375,-0.07130613676864073,0.01631706953048706,-0.01702183485031128,-0.06504661343652174,fist
0.0,0.0,0.0,-0.022869110107421875,-0.057533442974090576,-0.033322214285760765,-0.039666831493377686,-0.09867703914642334,-0.06260610664907063,-0.05751889944076538,-0.12431180477142334,-0.0870880439383086,-0.07511061429977417,-0.13551780581474304,-0.10725057418170536,0.05837404727935791,-0.17306464910507202,-0.050118214587598686,-0.016431808471679688,-0.16700369119644165,-0.0796076088649329,-0.026224732398986816,-0.14112353324890137,-0.09530858988586033,-0.0074939727783203125,-0.13808274269104004,-0.1047703280550536,0.07435488700866699,-0.12162259221076965,-0.050147957305341606,-0.017136454582214355,-0.11081522703170776,-0.07500286693397129,-0.019436776638031006,-0.08962658047676086,-0.07885594214025105,0.006167948246002197,-0.09473079442977905,-0.08042783583226765,0.07458674907684326,-0.0633474588394165,-0.053469921599059944,-0.01476985216140747,-0.05480700731277466,-0.07328316117349232,-0.014623820781707764,-0.043610990047454834,-0.06402200753512943,0.007901787757873535,-0.04822230339050293,-0.056163336287170296,0.0637199878692627,-0.010124623775482178,-0.06094474638524616,-0.006710827350616455,-0.0061487555503845215,-0.07501820022883976,-0.0043381452560424805,-0.004543662071228027,-0.07140578622642124,0.01756232976913452,-0.010793864727020264,-0.06578351850333775,fist
0.0,0.0,0.0,-0.0215604305267334,-0.05732947587966919,-0.03312945181626503,-0.03773057460784912,-0.09942153096199036,-0.06200790966052239,-0.056330204010009766,-0.12608030438423157,-0.08608128318685715,-0.07574725151062012,-0.13731792569160461,-0.10566485861438935,0.05944114923477173,-0.1729952096939087,-0.04979324156541054,-0.014560282230377197,-0.17015942931175232,-0.07897945681709473,-0.024519622325897217,-0.14407271146774292,-0.09381596932310288,-0.006453335285186768,-0.1406639814376831,-0.10255851784843628,0.07579553127288818,-0.12263423204421997,-0.04978858867782776,-0.015959441661834717,-0.11352372169494629,-0.07481769660610382,-0.01791280508041382,-0.09144601225852966,-0.07811369935173218,0.007818162441253662,-0.09643551707267761,-0.07891338506836121,0.07592928409576416,-0.06470063328742981,-0.05307876506942932,-0.01331639289855957,-0.057266831398010254,-0.07292586008209412,-0.01285475492477417,-0.045404791831970215,-0.06324152091640656,0.009652435779571533,-0.04957687854766846,-0.054817972724620745,0.0650949478149414,-0.011675417423248291,-0.06052692422765915,-0.005594909191131592,-0.008315801620483398,-0.07481134871143524,-0.0031183958053588867,-0.006132602691650391,-0.07110948303837006,0.01853126287460327,-0.011551320552825928,-0.06512226352590744,fist
0.0,0.0,0.0,-0.019990921020507812,-0.05826908349990845,-0.03173932305706728,-0.03548109531402588,-0.10061782598495483,-0.05942828453315485,-0.05400329828262329,-0.1271071434020996,-0.08253322414292086,-0.07223525643348694,-0.13822978734970093,-0.10120701662434328,0.061529576778411865,-0.17188668251037598,-0.04783614597452868,-0.011880040168762207,-0.17407867312431335,-0.07579758635891665,-0.024944007396697998,-0.14680850505828857,-0.08958843968046892,-0.00808107852935791,-0.14173290133476257,-0.09768673650158632,0.07776457071304321,-0.12101274728775024,-0.04790189362300623,-0.014030694961547852,-0.11690470576286316,-0.07156820467842806,-0.018787145614624023,-0.09470903873443604,-0.0743577914608835,0.0052106380462646484,-0.09878206253051758,-0.07499136648310412,0.07726514339447021,-0.06339380145072937,-0.0510925041808008,-0.012161195278167725,-0.059387803077697754,-0.0699087890161394,-0.013800442218780518,-0.047532856464385986,-0.06044921896589983,0.007663130760192871,-0.05151867866516113,-0.05245157948864687,0.0658460259437561,-0.011324584484100342,-0.05821600801480997,-0.005116641521453857,-0.009423315525054932,-0.07173118612898577,-0.0041887760162353516,-0.00688934326171875,-0.06799474976195086,0.016431033611297607,-0.0117606520652771,-0.062156623817813283,fist
0.0,0.0,0.0,-0.017671585083007812,-0.05875682830810547,-0.03119198077742169,-0.03206527233123779,-0.10012185573577881,-0.05871813216630528,-0.049128055572509766,-0.12422791123390198,-0.08178800561849187,-0.06560206413269043,-0.13103505969047546,-0.10090538331691334,0.06542527675628662,-0.16388094425201416,-0.04717902311507771,-0.006950259208679199,-0.16563767194747925,-0.07481065609876225,-0.018185198307037354,-0.14217177033424377,-0.08968135931912968,-0.000605165958404541,-0.13897418975830078,-0.09871714034501622,0.07920706272125244,-0.1098490059375763,-0.047575475959220626,-0.011718809604644775,-0.10914120078086853,-0.07013353922788212,-0.014021098613739014,-0.09066006541252136,-0.07359668084804127,0.011417627334594727,-0.09665292501449585,-0.07524705150548527,0.07677692174911499,-0.05130040645599365,-0.051015945462623336,-0.01150590181350708,-0.0530012845993042,-0.06876669296447346,-0.011116862297058105,-0.04487645626068115,-0.059818351952472426,0.011171400547027588,-0.05041229724884033,-0.052537778703609206,0.06368452310562134,0.000746607780456543,-0.05836698257748196,-0.005482196807861328,-0.0024288296699523926,-0.07089233615819523,-0.0028266310691833496,-0.0030808448791503906,-0.0668158999962003,0.01837688684463501,-0.009591460227966309,-0.06120194712106297,fist
0.0,0.0,0.0,-0.01607680320739746,-0.05692148208618164,-0.03514328092698804,-0.03066641092300415,-0.09604701399803162,-0.06466030568246595,-0.04809463024139404,-0.11788886785507202,-0.08890068024759046,-0.06403985619544983,-0.12504184246063232,-0.1093708375132536,0.06714808940887451,-0.15268468856811523,-0.05481590941910497,-0.005354344844818115,-0.15855512022972107,-0.08396990090970746,-0.018255531787872314,-0.13786813616752625,-0.09903238952522031,-0.0020409822463989258,-0.13413932919502258,-0.10801730543737165,0.08068317174911499,-0.09537869691848755,-0.053580245528266346,-0.009923040866851807,-0.09745317697525024,-0.07695497066144696,-0.013076543807983398,-0.08259543776512146,-0.08025504142408124,0.013516902923583984,-0.08958274126052856,-0.08192887395982495,0.07706528902053833,-0.03412222862243652,-0.05544327810768834,-0.012114882469177246,-0.03857153654098511,-0.07449260592822782,-0.010548532009124756,-0.034113526344299316,-0.06486964464549771,0.013251185417175293,-0.03981661796569824,-0.05680053547386876,0.06273621320724487,0.018065214157104492,-0.06143622711662999,-0.006061851978302002,0.010861754417419434,-0.07536087423925153,-0.0018898844718933105,0.007201015949249268,-0.071029143933103,0.02099508047103882,0.0007735490798950195,-0.06490917742614499,fist
0.0,0.0,0.0,-0.020670592784881592,-0.059830158948898315,-0.03390825434629363,-0.0415271520614624,-0.10315415263175964,-0.06319764896337432,-0.060551583766937256,-0.12319537997245789,-0.08734834088985366,-0.0631524920463562,-0.10413649678230286,-0.10748601599637908,0.05838078260421753,-0.14808127284049988,-0.05220616503660125,-0.018149375915527344,-0.14541739225387573,-0.08091270818416518,-0.029137074947357178,-0.12175199389457703,-0.09652631624643249,-0.008475899696350098,-0.11707347631454468,-0.10649387433235091,0.07057720422744751,-0.0895889401435852,-0.05143593146507186,-0.020657479763031006,-0.08834856748580933,-0.0746507410616104,-0.02327251434326172,-0.07352304458618164,-0.07848188175861281,0.0051160454750061035,-0.07930371165275574,-0.08094430609647674,0.0671268105506897,-0.028922975063323975,-0.05371513857547683,-0.020824193954467773,-0.03257638216018677,-0.07302182062570495,-0.02102571725845337,-0.029896080493927002,-0.06397448374931258,0.004239320755004883,-0.03732091188430786,-0.056500869682473365,0.05396503210067749,0.022639214992523193,-0.060032578995866004,-0.014737725257873535,0.016806483268737793,-0.07313610508148116,-0.01174086332321167,0.012665867805480957,-0.0689587359041397,0.011970281600952148,0.004079461097717285,-0.06347486271564406,fist
0.0,0.0,0.0,-0.016485095024108887,-0.06415051221847534,-0.03145531321894168,-0.033203303813934326,-0.11044591665267944,-0.05903459097277164,-0.05118000507354736,-0.13258495926856995,-0.08232703934442043,-0.055129051208496094,-0.11773467063903809,-0.10203714798223018,0.07034587860107422,-0.1575489342212677,-0.04640050361882686,-0.002042233943939209,-0.16126516461372375,-0.07521031181346416,-0.01797044277191162,-0.13895392417907715,-0.09268015752564907,-0.001196742057800293,-0.13464319705963135,-0.10394229869376659,0.0813865065574646,-0.10087436437606812,-0.046548453523030275,-0.007736146450042725,-0.10343289375305176,-0.06962192188035488,-0.014290273189544678,-0.08973690867424011,-0.07419347892533779,0.01028299331665039,-0.09417220950126648,-0.07686676959525585,0.07657474279403687,-0.04123908281326294,-0.04996808375250339,-0.009239792823791504,-0.04726284742355347,-0.06930715720187663,-0.01095646619796753,-0.04342055320739746,-0.06125699485670566,0.012981891632080078,-0.04963397979736328,-0.054089592201819414,0.06265515089035034,0.009498834609985352,-0.057220355970969194,-0.005251109600067139,0.002181828022003174,-0.06985350827704906,-0.002853870391845703,-0.0005393028259277344,-0.06553403417598247,0.020908653736114502,-0.00785917043685913,-0.05976802985202312,fist
0.0,0.0,0.0,-0.016541242599487305,-0.06217870116233826,-0.03424540894904737,-0.033843934535980225,-0.10729861259460449,-0.06375256913581495,-0.05078393220901489,-0.12744340300559998,-0.0881863682238162,-0.050032615661621094,-0.10764208436012268,-0.10882186132350569,0.07048314809799194,-0.15447816252708435,-0.05146697896400099,-0.00432276725769043,-0.1557076871395111,-0.08106307673135404,-0.01633596420288086,-0.13339325785636902,-0.09885199355760221,0.0035396814346313477,-0.13024497032165527,-0.11031798261085157,0.08071047067642212,-0.09695810079574585,-0.05030636104622488,-0.009696364402770996,-0.09921669960021973,-0.07382415967860823,-0.013478457927703857,-0.0861152708530426,-0.07870499032416944,0.012626290321350098,-0.09161213040351868,-0.0818321927157939,0.07541888952255249,-0.03636807203292847,-0.05235088604369764,-0.011735796928405762,-0.04235875606536865,-0.07181689130941038,-0.011380612850189209,-0.04007387161254883,-0.06364342558065061,0.013409435749053955,-0.0463939905166626,-0.05654320481100683,0.060931384563446045,0.015054762363433838,-0.05841950687447195,-0.007313728332519531,0.00700002908706665,-0.07121131556907301,-0.003803551197052002,0.0026302337646484375,-0.06704951810517912,0.019877970218658447,-0.005179941654205322,-0.06151681753674154,fist
0.0,0.0,0.0,-0.01738077402114868,-0.06343784928321838,-0.03114926066942303,-0.03511786460876465,-0.11135384440422058,-0.059295099198294565,-0.05302530527114868,-0.13382068276405334,-0.08308682960219471,-0.0552486777305603,-0.11315983533859253,-0.10326685380883305,0.066744863986969,-0.15402129292488098,-0.04717277359910099,-0.007437467575073242,-0.15492719411849976,-0.07643415403313725,-0.019957005977630615,-0.13192620873451233,-0.09418741238064854,-0.0003484487533569336,-0.12811428308486938,-0.1056720353359708,0.07600796222686768,-0.09659746289253235,-0.04775764417595951,-0.011142909526824951,-0.1001998782157898,-0.07063316923327534,-0.015838623046875,-0.08671990036964417,-0.07506802302546589,0.010171353816986084,-0.09203717112541199,-0.07798682522721379,0.07021129131317139,-0.03631025552749634,-0.051565092026663706,-0.01322847604751587,-0.04436767101287842,-0.07066394013114063,-0.015363216400146484,-0.041998326778411865,-0.06214473393507092,0.00828695297241211,-0.04822230339050293,-0.05498063561267941,0.055475473403930664,0.015038788318634033,-0.05917813253350346,-0.010934114456176758,0.005881965160369873,-0.0713305733794698,-0.009124815464019775,0.0024262666702270508,-0.06665928286261646,0.013553440570831299,-0.004345536231994629,-0.061040174185706064,fist
0.0,0.0,0.0,-0.017528653144836426,-0.0645955502986908,-0.03247762160464163,-0.03429579734802246,-0.11425760388374329,-0.06117857681675787,-0.05108845233917236,-0.1383167803287506,-0.08526722403331632,-0.05172538757324219,-0.11949619650840759,-0.10541053922935362,0.07071459293365479,-0.16276171803474426,-0.04874231727882261,-0.002525627613067627,-0.16654151678085327,-0.07888697149320478,-0.01654285192489624,-0.1416652798652649,-0.09689877988859052,0.0017294883728027344,-0.13766905665397644,-0.10840214105411405,0.08111941814422607,-0.10757115483283997,-0.04859442697926397,-0.00697636604309082,-0.11058294773101807,-0.07237792076631422,-0.013361454010009766,-0.0950576663017273,-0.07662250908180113,0.011157035827636719,-0.1003333330154419,-0.07893772484823103,0.07556480169296265,-0.0472903847694397,-0.05178264590068693,-0.008861541748046875,-0.052851319313049316,-0.07132241191430921,-0.011375069618225098,-0.048088908195495605,-0.06228315519257421,0.011776208877563477,-0.052980124950408936,-0.05445531444712515,0.0609244704246521,0.0048642754554748535,-0.05889396431012983,-0.005265653133392334,-0.0029221177101135254,-0.07157303454442854,-0.00397723913192749,-0.005314171314239502,-0.06686399938627119,0.018246591091156006,-0.011016130447387695,-0.06078768583103056,fist
0.0,0.0,0.0,-0.015003502368927002,-0.06962442398071289,-0.027230851865994055,-0.028954803943634033,-0.11745119094848633,-0.05348741687058123,-0.04246002435684204,-0.13773244619369507,-0.07662448710917147,-0.04901367425918579,-0.12079024314880371,-0.09661310590027483,0.07374697923660278,-0.15441107749938965,-0.04072186402200373,-1.2993812561035156e-05,-0.1630041003227234,-0.07094753212450655,-0.011811017990112305,-0.13815107941627502,-0.09119706279753359,0.008230149745941162,-0.1324201226234436,-0.10390091366289766,0.08250284194946289,-0.09923326969146729,-0.04321935451744707,-0.0056607723236083984,-0.10940605401992798,-0.06502359039305361,-0.009543240070343018,-0.0949144959449768,-0.0697761071395746,0.015992343425750732,-0.09946498274803162,-0.07277322239397677,0.07535845041275024,-0.04043400287628174,-0.04913346893309267,-0.009784817695617676,-0.05397516489028931,-0.06758687324045809,-0.010850191116333008,-0.050345152616500854,-0.05946801281689318,0.012272179126739502,-0.05447623133659363,-0.052218210465895254,0.05878734588623047,0.009657084941864014,-0.058598656721102316,-0.008974134922027588,-0.004286050796508789,-0.06967378086565645,-0.00657808780670166,-0.007671356201171875,-0.06420393712042483,0.01587653160095215,-0.012854456901550293,-0.05790122277258547,fist
0.0,0.0,0.0,-0.017699062824249268,-0.0562080442905426,-0.024814902096267133,-0.03434997797012329,-0.09997177124023438,-0.04622153773831883,-0.054048240184783936,-0.12340006232261658,-0.06485031753706494,-0.07577675580978394,-0.1335083246231079,-0.0802237784855322,0.051993370056152344,-0.14054635167121887,-0.037676988392348676,-0.011491358280181885,-0.15852290391921997,-0.06381943285393277,-0.02250438928604126,-0.14550793170928955,-0.0792261308424429,-0.009099483489990234,-0.14255821704864502,-0.0883704891793684,0.06482934951782227,-0.09329122304916382,-0.03959958463835278,-0.027943015098571777,-0.10243839025497437,-0.05759752750324765,-0.030934810638427734,-0.09073746204376221,-0.058604592680211454,-0.005857110023498535,-0.096792072057724,-0.058288878052707105,0.06015515327453613,-0.0390600860118866,-0.04461260721015492,-0.032467424869537354,-0.04770180583000183,-0.060252005457158475,-0.031486690044403076,-0.04486915469169617,-0.0486230573050932,-0.009384393692016602,-0.04948696494102478,-0.03867156639623204,0.044887542724609375,0.007970869541168213,-0.05326553270148793,-0.03210407495498657,0.001674354076385498,-0.06586005747246304,-0.02640002965927124,0.002012908458709717,-0.0604476428024725,-0.0017077326774597168,-0.00048291683197021484,-0.05309129342364827,fist
0.0,0.0,0.0,-0.014561235904693604,-0.05973315238952637,-0.023439726356116353,-0.03286212682723999,-0.10157155990600586,-0.045702003437725125,-0.05720210075378418,-0.12093403935432434,-0.06530158643766981,-0.0788908302783966,-0.12203711271286011,-0.08265322868868452,0.046861112117767334,-0.13336986303329468,-0.04306929980560881,-0.02692180871963501,-0.14838051795959473,-0.0681470153216992,-0.0410580039024353,-0.1312272548675537,-0.08100503360077482,-0.02632725238800049,-0.1242646872997284,-0.08828245525404554,0.053461551666259766,-0.08284547924995422,-0.04606865768477064,-0.038738369941711426,-0.09095016121864319,-0.06441751544520002,-0.04533267021179199,-0.0803796648979187,-0.0649254736785565,-0.02404242753982544,-0.08412861824035645,-0.06475409542366606,0.04510009288787842,-0.02805599570274353,-0.051324844855514584,-0.04421883821487427,-0.0386938750743866,-0.06733666037365538,-0.04599893093109131,-0.03824755549430847,-0.057661187398878155,-0.025677204132080078,-0.04377296566963196,-0.04968184282228094,0.027782559394836426,0.019498229026794434,-0.059622332948890744,-0.04377293586730957,0.010610878467559814,-0.0720450398807202,-0.04360461235046387,0.004808366298675537,-0.06682026808306318,-0.025552034378051758,-0.0006719827651977539,-0.06025771473690611,fist
0.0,0.0,0.0,-0.012016713619232178,-0.061180949211120605,-0.024417801125537153,-0.030410587787628174,-0.10580134391784668,-0.04827991343904614,-0.053752899169921875,-0.13014167547225952,-0.06957194425035595,-0.07192081212997437,-0.12686306238174438,-0.08809595771003842,0.05533105134963989,-0.145249605178833,-0.04305710114408612,-0.019999980926513672,-0.15728485584259033,-0.06990774936843991,-0.036325037479400635,-0.1367964744567871,-0.08357437170911908,-0.021729350090026855,-0.13160410523414612,-0.09183952428270459,0.06183314323425293,-0.09271365404129028,-0.04680502258111119,-0.028308749198913574,-0.10373806953430176,-0.06781374133993268,-0.040388524532318115,-0.08935326337814331,-0.06886259682346463,-0.021194875240325928,-0.09375801682472229,-0.0690951815979588,0.05290168523788452,-0.03718608617782593,-0.05337964959312558,-0.03353226184844971,-0.049467265605926514,-0.07293027855325818,-0.04241234064102173,-0.04679146409034729,-0.06489580340553402,-0.02611333131790161,-0.05332291126251221,-0.058008352591286894,0.03498643636703491,0.011536717414855957,-0.06291957415510296,-0.03218275308609009,0.004624426364898682,-0.07803407527376294,-0.03981375694274902,-0.00010818243026733398,-0.07487092383075833,-0.0292971134185791,-0.007100820541381836,-0.07004551060367703,fist
0.0,0.0,0.0,-0.010525226593017578,-0.06046336889266968,-0.023565445118435946,-0.028776168823242188,-0.09945517778396606,-0.04571240211356553,-0.05403620004653931,-0.11776116490364075,-0.06616562793482217,-0.07279500365257263,-0.11331760883331299,-0.08447776178348931,0.05199557542800903,-0.1324312388896942,-0.04109443912733468,-0.01440572738647461,-0.14906415343284607,-0.06573358366716775,-0.03618508577346802,-0.13629299402236938,-0.07552938351858529,-0.029595255851745605,-0.13056617975234985,-0.08034643719423684,0.05729705095291138,-0.08038011193275452,-0.04498671183813485,-0.028633415699005127,-0.09093379974365234,-0.06509426424730691,-0.04868382215499878,-0.07862827181816101,-0.06485761890638742,-0.034007132053375244,-0.08173927664756775,-0.06336049179066094,0.048436880111694336,-0.0250072181224823,-0.05150532165993127,-0.03832918405532837,-0.03258433938026428,-0.07116068343151483,-0.05324125289916992,-0.030026614665985107,-0.06316065231789025,-0.039041996002197266,-0.035662680864334106,-0.05533387328017625,0.031674325466156006,0.022768795490264893,-0.06086782927144441,-0.033827364444732666,0.01780998706817627,-0.07514752636183175,-0.04630798101425171,0.012235939502716064,-0.07065241972435388,-0.03803533315658569,0.0063683390617370605,-0.06439933369387063,fist
0.0,0.0,0.0,-0.009605348110198975,-0.05810007452964783,-0.0257309006127997,-0.028817951679229736,-0.0959269106388092,-0.04990741625162798,-0.05282562971115112,-0.11546951532363892,-0.07173635825249391,-0.06962117552757263,-0.11064910888671875,-0.09073834135863024,0.050502121448516846,-0.13241618871688843,-0.04482290163370806,-0.021775126457214355,-0.15223047137260437,-0.07284299298855501,-0.04050976037979126,-0.1303102672100067,-0.08475542083117205,-0.02743619680404663,-0.12023690342903137,-0.09071173533531862,0.05504107475280762,-0.08073112368583679,-0.04786983892056185,-0.03162020444869995,-0.09637489914894104,-0.0706200675639792,-0.04832303524017334,-0.07407528162002563,-0.06946175560089785,-0.027391016483306885,-0.07075190544128418,-0.06685263678166109,0.04605954885482788,-0.02575284242630005,-0.053916223493544635,-0.039177656173706055,-0.03523930907249451,-0.07503946885201174,-0.05256187915802002,-0.0282115638256073,-0.06456847503515917,-0.034261107444763184,-0.030147850513458252,-0.054807745066611346,0.02988278865814209,0.02210456132888794,-0.06300190105768877,-0.03625088930130005,0.014996707439422607,-0.07666921630236345,-0.04645270109176636,0.011548459529876709,-0.07084158077570635,-0.033191561698913574,0.007847189903259277,-0.06381434216829973,fist
0.0,0.0,0.0,-0.009073376655578613,-0.06037905812263489,-0.024721383544900277,-0.02990776300430298,-0.10003536939620972,-0.04863345572660194,-0.056612372398376465,-0.11912429332733154,-0.07024036297509895,-0.07369470596313477,-0.10834437608718872,-0.08908759007165656,0.046722352504730225,-0.13207048177719116,-0.046059034261205056,-0.025804102420806885,-0.15163731575012207,-0.07368743369291053,-0.04382789134979248,-0.13097068667411804,-0.08459346691081748,-0.031190454959869385,-0.12220889329910278,-0.08993837932059989,0.05112791061401367,-0.0793362557888031,-0.049649502578475335,-0.03747051954269409,-0.09500706195831299,-0.07261280665109382,-0.05253565311431885,-0.07465654611587524,-0.07129368135640846,-0.03131979703903198,-0.07395291328430176,-0.06870572218606696,0.04229259490966797,-0.023661881685256958,-0.056019201371171334,-0.045307695865631104,-0.03338298201560974,-0.0768300811381124,-0.05681401491165161,-0.02722415328025818,-0.06632029959867225,-0.03750652074813843,-0.030849546194076538,-0.05676027709553466,0.02633589506149292,0.0243380069732666,-0.06533541480014549,-0.041146695613861084,0.01696157455444336,-0.07892924496839271,-0.04994159936904907,0.013519287109375,-0.07320609638402686,-0.03550577163696289,0.009046673774719238,-0.06646724739978538,fist
0.0,0.0,0.0,-0.009878039360046387,-0.05867582559585571,-0.023428920452658986,-0.02992480993270874,-0.09777474403381348,-0.04520771445817218,-0.05597221851348877,-0.1124018132686615,-0.06559893282241092,-0.07123121619224548,-0.09696418046951294,-0.08437985720223651,0.04626941680908203,-0.11670565605163574,-0.04044084416813121,-0.015673816204071045,-0.1338469386100769,-0.06624316217488513,-0.03976255655288696,-0.12904903292655945,-0.07679881693906054,-0.04069739580154419,-0.12524545192718506,-0.08143689276761279,0.05166548490524292,-0.06567686796188354,-0.04379089715069995,-0.03812664747238159,-0.07379615306854248,-0.06517860086745486,-0.05503988265991211,-0.05888950824737549,-0.0640946531493114,-0.03596419095993042,-0.059953153133392334,-0.06117598133272395,0.04403465986251831,-0.011819064617156982,-0.049962354620163296,-0.04439079761505127,-0.01865208148956299,-0.06991518827265963,-0.05339241027832031,-0.015134662389755249,-0.05971896441764102,-0.03503155708312988,-0.01885625720024109,-0.04963443221635089,0.028028905391693115,0.0328524112701416,-0.05906096639222369,-0.039903223514556885,0.027275264263153076,-0.07299457283801303,-0.045870423316955566,0.022636473178863525,-0.06699525358266101,-0.02962791919708252,0.017728805541992188,-0.059248009492819165,fist
0.0,0.0,0.0,-0.0044381022453308105,-0.059145331382751465,-0.02358553730837798,-0.02005136013031006,-0.100359708070755,-0.0438874269365499,-0.04626554250717163,-0.11738815903663635,-0.0625012198924253,-0.06684225797653198,-0.10708349943161011,-0.07931924411050773,0.0459820032119751,-0.1032055914402008,-0.039476243638915776,-0.02270364761352539,-0.12255924940109253,-0.06322236903898215,-0.04110264778137207,-0.11793628334999084,-0.07303225793830848,-0.034397780895233154,-0.11568266153335571,-0.07786695458881354,0.04697000980377197,-0.0507698655128479,-0.04219445385925269,-0.04425609111785889,-0.06394410133361816,-0.06175922774664855,-0.05325591564178467,-0.053603142499923706,-0.06070203506342864,-0.027849018573760986,-0.05655783414840698,-0.058628545933885334,0.036781370639801025,0.0019421875476837158,-0.04768798672549224,-0.051728785037994385,-0.011515647172927856,-0.06549816378347373,-0.05433297157287598,-0.011703789234161377,-0.05484995418183303,-0.032091498374938965,-0.016143769025802612,-0.04521065750114417,0.02007472515106201,0.04431810975074768,-0.056429682159347294,-0.04839688539505005,0.03482601046562195,-0.06858636238567328,-0.047563254833221436,0.028891324996948242,-0.06277869441501593,-0.026372432708740234,0.025049656629562378,-0.055984100186748265,fist
0.0,0.0,0.0,-0.004267871379852295,-0.056487321853637695,-0.025762117230684112,-0.02109503746032715,-0.0984419584274292,-0.04779156925657446,-0.04886937141418457,-0.11680436134338379,-0.06747583928087408,-0.07090368866920471,-0.10442331433296204,-0.08483753981569464,0.03926742076873779,-0.10248711705207825,-0.04243193449953253,-0.034687161445617676,-0.12049272656440735,-0.07012370111921484,-0.047316670417785645,-0.1100282073020935,-0.0843057471750086,-0.03077644109725952,-0.10647338628768921,-0.09251584740856345,0.04030698537826538,-0.04897773265838623,-0.04472305508831198,-0.05176001787185669,-0.061921894550323486,-0.06709397467353995,-0.05601036548614502,-0.051683783531188965,-0.06846865149715597,-0.026579558849334717,-0.054632723331451416,-0.06842736037948782,0.03044813871383667,0.004265159368515015,-0.050143501484186004,-0.05840414762496948,-0.00895160436630249,-0.06956387194374258,-0.057675838470458984,-0.00832781195640564,-0.0592176530001467,-0.03210139274597168,-0.01167452335357666,-0.05000310646870787,0.014820992946624756,0.04695671796798706,-0.05918305250385458,-0.05637329816818237,0.03877454996109009,-0.07217109086492712,-0.0530855655670166,0.03470331430435181,-0.06718622031191046,-0.029057621955871582,0.03186160326004028,-0.061281832629234145,fist
0.0,0.0,0.0,-0.008527100086212158,-0.058257490396499634,-0.02490000704253248,-0.022343695163726807,-0.0991353690624237,-0.04590193087184957,-0.04120743274688721,-0.11608552932739258,-0.06500135639632276,-0.05408066511154175,-0.10026377439498901,-0.08182915577614835,0.03589051961898804,-0.09091338515281677,-0.039875089171772515,-0.04044383764266968,-0.10646268725395203,-0.06914180794680647,-0.052494049072265625,-0.09288474917411804,-0.08535363057578138,-0.03356039524078369,-0.08865407109260559,-0.09466056058133177,0.037222087383270264,-0.03709667921066284,-0.04256787428582243,-0.05498373508453369,-0.050629228353500366,-0.06605690250123075,-0.05651867389678955,-0.037310659885406494,-0.06785895207846693,-0.02540147304534912,-0.03927537798881531,-0.06794069239819578,0.029255330562591553,0.01476868987083435,-0.048585875872021234,-0.059766530990600586,0.0010080933570861816,-0.0690593747230821,-0.05780297517776489,0.0060461461544036865,-0.0586640192004495,-0.031009972095489502,0.0055644214153289795,-0.049140031430368936,0.016168713569641113,0.05702465772628784,-0.05819523239458135,-0.055069684982299805,0.05114006996154785,-0.07063686380112699,-0.051289379596710205,0.050364792346954346,-0.06496503481591276,-0.027127325534820557,0.0498805046081543,-0.05880276018703512,fist
0.0,0.0,0.0,5.155801773071289e-05,-0.05551820993423462,-0.026482760529390248,-0.0071947574615478516,-0.09974560141563416,-0.045974026988616856,-0.021264851093292236,-0.12273043394088745,-0.06282871551381675,-0.032291531562805176,-0.11665284633636475,-0.07678426391946402,0.048950791358947754,-0.09025561809539795,-0.03787228054868308,-0.02434450387954712,-0.09908384084701538,-0.06460229642259208,-0.03946959972381592,-0.08937126398086548,-0.0792104784356269,-0.024432778358459473,-0.0876275897026062,-0.08788164294826117,0.04974639415740967,-0.035617560148239136,-0.038760132710805806,-0.038897812366485596,-0.04253825545310974,-0.059340897570720585,-0.04441940784454346,-0.03535088896751404,-0.060089572887292775,-0.01422262191772461,-0.04131525754928589,-0.05969341434108344,0.04001420736312866,0.01712334156036377,-0.04319451339112845,-0.04475820064544678,0.007069945335388184,-0.061659775297513875,-0.04488551616668701,0.005392551422119141,-0.051180932294002446,-0.020199477672576904,0.0012889206409454346,-0.042001727591625126,0.025583326816558838,0.05950891971588135,-0.05137924439775077,-0.042108118534088135,0.05441451072692871,-0.06475007123815146,-0.03958839178085327,0.049662232398986816,-0.06055252961384383,-0.017030537128448486,0.04727369546890259,-0.05512565709220496,fist
0.0,0.0,0.0,0.0001354813575744629,-0.051172494888305664,-0.025397536072574667,-0.00940638780593872,-0.0965343713760376,-0.044750823367081694,-0.025118350982666016,-0.11940714716911316,-0.06155311568423372,-0.03727102279663086,-0.11244907975196838,-0.0753730225448237,0.04412871599197388,-0.09316638112068176,-0.03875492020293336,-0.026259005069732666,-0.10018625855445862,-0.06565167634531122,-0.0421142578125,-0.09539923071861267,-0.080369434047185,-0.028473258018493652,-0.09641769528388977,-0.08943620203777414,0.045178771018981934,-0.03767800331115723,-0.03982341169162851,-0.04404771327972412,-0.04147803783416748,-0.061095892179451994,-0.04928910732269287,-0.04146495461463928,-0.06223676978393655,-0.01867997646331787,-0.04975241422653198,-0.061872585404358915,0.036106646060943604,0.016008466482162476,-0.044069523650847486,-0.04991215467453003,0.007490009069442749,-0.06316273539110284,-0.0487518310546875,6.636977195739746e-05,-0.0515123966221438,-0.022417664527893066,-0.00819706916809082,-0.041297758657179884,0.02282947301864624,0.058987051248550415,-0.05208767085119348,-0.048865437507629395,0.05311569571495056,-0.0673185500387774,-0.04505503177642822,0.046735137701034546,-0.06302651642604928,-0.020151376724243164,0.04305204749107361,-0.05683811261101823,fist
0.0,0.0,0.0,-0.0018526911735534668,-0.05389416217803955,-0.02542964733991937,-0.0100250244140625,-0.09584274888038635,-0.04498403511796312,-0.02428901195526123,-0.11065980792045593,-0.06189452104125337,-0.034781694412231445,-0.09642720222473145,-0.07591507203731851,0.04337066411972046,-0.088509202003479,-0.04041604690108613,-0.02592623233795166,-0.10007461905479431,-0.06737738467607812,-0.0419352650642395,-0.09348595142364502,-0.08138749368343667,-0.029488742351531982,-0.09160646796226501,-0.0893185994759591,0.04507911205291748,-0.033112794160842896,-0.04125957928452806,-0.04415023326873779,-0.04036521911621094,-0.061655770911315244,-0.04738116264343262,-0.03736811876296997,-0.06079354502115564,-0.018725693225860596,-0.04167526960372925,-0.05858002595458345,0.03528636693954468,0.020526528358459473,-0.04526453085098581,-0.05054205656051636,0.007666915655136108,-0.06351530916843728,-0.047059059143066406,0.002127349376678467,-0.05011632658396081,-0.021651625633239746,-0.0030229687690734863,-0.03803005806956605,0.020372450351715088,0.06248202919960022,-0.05305352799449281,-0.049894630908966064,0.05363789200782776,-0.06779421485815362,-0.04399675130844116,0.04709097743034363,-0.062454286886790555,-0.019156455993652344,0.04392227530479431,-0.05479827143106775,fist
0.0,0.0,0.0,-0.0050553083419799805,-0.05165562033653259,-0.02501755936819805,-0.02010178565979004,-0.0928259789943695,-0.046759096745436324,-0.03883081674575806,-0.10545322299003601,-0.0653923245407988,-0.05171549320220947,-0.08988934755325317,-0.08111068031567825,0.02948695421218872,-0.08885681629180908,-0.04606211728233589,-0.04634946584701538,-0.09885185956954956,-0.07601375303048385,-0.04561781883239746,-0.09049499034881592,-0.09439178726453079,-0.022574424743652344,-0.08850052952766418,-0.10565920344371094,0.03078436851501465,-0.035097330808639526,-0.0473583618440081,-0.06317514181137085,-0.04040992259979248,-0.06918457320708526,-0.05083233118057251,-0.035493165254592896,-0.07064806095141662,-0.017406463623046875,-0.03866136074066162,-0.07122405043620361,0.021821260452270508,0.017467379570007324,-0.05138598925251259,-0.06706255674362183,0.006686031818389893,-0.06989830157536758,-0.051512837409973145,0.005319356918334961,-0.05712618849057449,-0.020642518997192383,0.0019256770610809326,-0.04616764358062042,0.00834566354751587,0.06292495131492615,-0.05935306272286667,-0.0644381046295166,0.053491443395614624,-0.07518428734320892,-0.05064195394515991,0.049994319677352905,-0.07100103220719589,-0.020129382610321045,0.047803908586502075,-0.06467603317279114,fist
0.0,0.0,0.0,-0.007366776466369629,-0.05762439966201782,-0.024563886145600122,-0.02035355567932129,-0.09898480772972107,-0.04497674099589233,-0.03649419546127319,-0.11564204096794128,-0.0626469812491024,-0.04761463403701782,-0.101805180311203,-0.07774945713067893,0.03161489963531494,-0.09035089612007141,-0.04228338218713645,-0.04549670219421387,-0.10245192050933838,-0.0720347500541294,-0.0449749231338501,-0.09271040558815002,-0.08991482473398094,-0.021326065063476562,-0.08976295590400696,-0.10008207328105811,0.033978164196014404,-0.03821444511413574,-0.043961819181689066,-0.06115007400512695,-0.0435808002948761,-0.06662112839008216,-0.04822748899459839,-0.036039143800735474,-0.06982583917165641,-0.01585286855697632,-0.03946414589881897,-0.07142676032567863,0.02658534049987793,0.013719737529754639,-0.04849980018521194,-0.06430321931838989,0.0044341981410980225,-0.06854473418975715,-0.04934132099151611,0.007055342197418213,-0.05976083121682052,-0.019342660903930664,0.00590968132019043,-0.05125621325755958,0.013840258121490479,0.058747172355651855,-0.056584566751965326,-0.05919921398162842,0.05250847339630127,-0.07169621802354698,-0.04550290107727051,0.051663994789123535,-0.06873260057950858,-0.016099095344543457,0.05037796497344971,-0.06379198647523765,fist
0.0,0.0,0.0,-0.013604521751403809,-0.05323287844657898,-0.02344234110112353,-0.03426939249038696,-0.0867866575717926,-0.045830437999917706,-0.05394786596298218,-0.09852224588394165,-0.06543624223466082,-0.06846219301223755,-0.08824023604393005,-0.08312471033330127,0.010369420051574707,-0.06899833679199219,-0.049422385257436474,-0.06525617837905884,-0.07571762800216675,-0.07776115657086535,-0.06123572587966919,-0.07102715969085693,-0.09416626216168567,-0.036903977394104004,-0.07122370600700378,-0.10376196922059222,0.013501763343811035,-0.017826974391937256,-0.0515222159146802,-0.07970255613327026,-0.020494282245635986,-0.07204242618079348,-0.06554341316223145,-0.016224920749664307,-0.07285317600960894,-0.03326314687728882,-0.02149111032485962,-0.07378652514214679,0.008539795875549316,0.030159860849380493,-0.055606575769139965,-0.08172598481178284,0.025364845991134644,-0.07321847797627612,-0.06514060497283936,0.025587260723114014,-0.062355252069188793,-0.035282135009765625,0.02204236388206482,-0.05362561540002986,-0.0013319849967956543,0.0714363157749176,-0.06322410525078936,-0.07471141219139099,0.07028552889823914,-0.07673817695374652,-0.06294697523117065,0.06833896040916443,-0.07236744285817309,-0.03706240653991699,0.06538388133049011,-0.06737349749798938,fist
0.0,0.0,0.0,-0.011005818843841553,-0.06011435389518738,-0.025164776460803395,-0.026548683643341064,-0.09684684872627258,-0.048041722716368085,-0.04358571767807007,-0.10603019595146179,-0.06768612468389357,-0.05532628297805786,-0.08877930045127869,-0.08528771901277388,0.025688529014587402,-0.08659243583679199,-0.05136820578721846,-0.053316205739974976,-0.0911291241645813,-0.0812455480709442,-0.04951959848403931,-0.08146089315414429,-0.09794068241266096,-0.024965524673461914,-0.08207964897155762,-0.10737023407367552,0.02879810333251953,-0.03606617450714111,-0.05326437482384527,-0.0656886100769043,-0.036524951457977295,-0.07529665434507216,-0.05073666572570801,-0.02936682105064392,-0.07627471441177214,-0.021074414253234863,-0.03518408536911011,-0.07688332998899305,0.022777915000915527,0.015123337507247925,-0.05749513113645399,-0.06880268454551697,0.012774467468261719,-0.07594691121724928,-0.0517430305480957,0.012923777103424072,-0.06483150178340757,-0.023221313953399658,0.009016722440719604,-0.05553314739612425,0.010607779026031494,0.060467034578323364,-0.06528614366201246,-0.0624547004699707,0.05665817856788635,-0.0800136765256294,-0.048704683780670166,0.05328455567359924,-0.07606459313777769,-0.02128887176513672,0.04977884888648987,-0.07080507928279722,fist
0.0,0.0,0.0,-0.007969558238983154,-0.05654597282409668,-0.024390841519888795,-0.02300816774368286,-0.09211936593055725,-0.04712741511171714,-0.04053133726119995,-0.10347667336463928,-0.0668847269028987,-0.054088056087493896,-0.09194454550743103,-0.08429157795613662,0.024970948696136475,-0.08076435327529907,-0.04988298626845733,-0.05246227979660034,-0.08707043528556824,-0.08087217869466201,-0.0482366681098938,-0.0782741904258728,-0.0983302152366008,-0.02313476800918579,-0.07783803343772888,-0.10810975792115585,0.02709585428237915,-0.028807729482650757,-0.05235096873944656,-0.06650206446647644,-0.03235703706741333,-0.07596027167743102,-0.05148094892501831,-0.0257493257522583,-0.07733986588424102,-0.020338356494903564,-0.03040778636932373,-0.07776205303376571,0.020250439643859863,0.022157132625579834,-0.05729861619180099,-0.0693930983543396,0.014973431825637817,-0.07732434632485763,-0.05238139629364014,0.014620870351791382,-0.06592185857003585,-0.022824585437774658,0.010267436504364014,-0.055882078281101144,0.00809478759765625,0.06721535325050354,-0.06583193006223098,-0.06406164169311523,0.06096270680427551,-0.08095900031035796,-0.04962778091430664,0.05751952528953552,-0.07673837306207076,-0.02099829912185669,0.05305466055870056,-0.0711031785816516,fist
0.0,0.0,0.0,-0.003692805767059326,-0.056851089000701904,-0.020639806790256898,-0.01579868793487549,-0.09713238477706909,-0.0399298181663994,-0.03619605302810669,-0.11534929275512695,-0.0571935621928219,-0.054788410663604736,-0.10452094674110413,-0.07260623927226106,0.027743995189666748,-0.0872989296913147,-0.04152407850136797,-0.046554386615753174,-0.09798502922058105,-0.0680725833307747,-0.044069886207580566,-0.09143528342247009,-0.08450588191857378,-0.02141129970550537,-0.0893610417842865,-0.09446090812792818,0.02949577569961548,-0.03789195418357849,-0.04495724271049539,-0.062382012605667114,-0.04529944062232971,-0.06499097849240343,-0.04826253652572632,-0.03909236192703247,-0.06826506908049623,-0.019397616386413574,-0.040619611740112305,-0.07065853829493562,0.022085905075073242,0.011986494064331055,-0.050400994522476594,-0.06657636165618896,0.0005960166454315186,-0.0676589121948723,-0.049823641777038574,0.0030423402786254883,-0.060330398185158174,-0.021734952926635742,0.0021923184394836426,-0.05368353406896631,0.009756743907928467,0.05679750442504883,-0.0590241363178734,-0.06227579712867737,0.04795616865158081,-0.07203200812449495,-0.04914945363998413,0.04555630683898926,-0.06941872443070451,-0.023038625717163086,0.043564677238464355,-0.06552108730187456,fist
0.0,0.0,0.0,-0.006857573986053467,-0.06017428636550903,-0.022166353110002368,-0.023648381233215332,-0.09697523713111877,-0.04417599217944035,-0.04559922218322754,-0.10319629311561584,-0.06378575267248043,-0.06279882788658142,-0.08159032464027405,-0.08221891375236401,0.02317821979522705,-0.08098065853118896,-0.047082605231331676,-0.054767459630966187,-0.0885607898235321,-0.07567757965974697,-0.050195515155792236,-0.08143141865730286,-0.09329510332994351,-0.02560025453567505,-0.08120220899581909,-0.10386653097324261,0.024055898189544678,-0.02927863597869873,-0.050082045066880077,-0.06769371032714844,-0.03611189126968384,-0.07036922724895367,-0.053451716899871826,-0.03012484312057495,-0.07295041384153256,-0.023339033126831055,-0.03551626205444336,-0.0754813239162434,0.01629650592803955,0.020872920751571655,-0.05504902305059323,-0.0715475082397461,0.01133832335472107,-0.07117913516216168,-0.055058836936950684,0.011500447988510132,-0.06249176936201939,-0.02594810724258423,0.007113099098205566,-0.05582296701125988,0.0034166574478149414,0.06480541825294495,-0.06332392098359951,-0.06765168905258179,0.059283703565597534,-0.07448163481407055,-0.053814053535461426,0.05584457516670227,-0.07039564700775036,-0.026106715202331543,0.0511648952960968,-0.06631155909948239,fist
0.0,0.0,0.0,-0.006963491439819336,-0.058799147605895996,-0.021836875628350683,-0.022648334503173828,-0.0946582555770874,-0.04343765291166157,-0.0445670485496521,-0.1014735996723175,-0.06269666614723057,-0.06238165497779846,-0.08171895146369934,-0.08070287170600743,0.02358299493789673,-0.0792982280254364,-0.046545088912962385,-0.052452802658081055,-0.0881856381893158,-0.07514142307233662,-0.048749446868896484,-0.08179697394371033,-0.09277474197339863,-0.02511197328567505,-0.08139142394065857,-0.10326982351732106,0.025276780128479004,-0.02812930941581726,-0.049642861511228986,-0.06601256132125854,-0.03535449504852295,-0.07043455603313298,-0.05216246843338013,-0.03018668293952942,-0.0731324112672791,-0.022343158721923828,-0.03444027900695801,-0.07543876084279866,0.017917215824127197,0.02161535620689392,-0.0547077699263081,-0.0692937970161438,0.010797947645187378,-0.07180856230449528,-0.05361992120742798,0.010881811380386353,-0.06298162850332112,-0.025208353996276855,0.008168905973434448,-0.055722114320515104,0.0055037736892700195,0.06514406204223633,-0.06305376502466054,-0.06555825471878052,0.05918651819229126,-0.07516668799114079,-0.05175793170928955,0.05625033378601074,-0.0710746577639565,-0.024052143096923828,0.0529787540435791,-0.0666050172109589,fist
0.0,0.0,0.0,-0.01108628511428833,-0.05044889450073242,-0.02086498755577182,-0.03237640857696533,-0.07835352420806885,-0.04266608301165675,-0.05771327018737793,-0.08228003978729248,-0.06199674848082637,-0.07846242189407349,-0.06636953353881836,-0.08139874953392123,0.007578849792480469,-0.056256234645843506,-0.05204910207155322,-0.06457078456878662,-0.06738221645355225,-0.07692936230066394,-0.06262433528900146,-0.0710565447807312,-0.09342549908521747,-0.04209446907043457,-0.07510951161384583,-0.10431042480829333,0.00946718454360962,-0.007319122552871704,-0.05511173400643443,-0.07891109585762024,-0.015767812728881836,-0.07251959461334323,-0.06757503747940063,-0.019729316234588623,-0.07593415099742984,-0.04010266065597534,-0.025550931692123413,-0.08025773036840533,0.0041675567626953125,0.03816378116607666,-0.05868850070598697,-0.08176213502883911,0.025598645210266113,-0.07241516727569675,-0.06789952516555786,0.019559025764465332,-0.0641992630398569,-0.04180353879928589,0.016238540410995483,-0.05875569004181003,-0.00576251745223999,0.07672429084777832,-0.06549091804388141,-0.07630476355552673,0.07082676887512207,-0.07600861955049609,-0.06573915481567383,0.0647231936454773,-0.07113380152347659,-0.04223829507827759,0.06131023168563843,-0.06696142423513507,fist
0.0,0.0,0.0,-0.011501193046569824,-0.046398043632507324,-0.0235740786973615,-0.033117592334747314,-0.07614359259605408,-0.045151202249922306,-0.05399352312088013,-0.08590948581695557,-0.06321624876896337,-0.06890422105789185,-0.0779423713684082,-0.08014194877783254,0.006510138511657715,-0.06014221906661987,-0.05344112800399259,-0.06666234135627747,-0.06798765063285828,-0.07949392707983449,-0.06355232000350952,-0.0698951780796051,-0.0957372656647344,-0.04138171672821045,-0.07253873348236084,-0.10609009327331975,0.009779095649719238,-0.010966122150421143,-0.05439632968942121,-0.0815596878528595,-0.014956176280975342,-0.0729401207152982,-0.06867474317550659,-0.020629525184631348,-0.07526096912065938,-0.038121581077575684,-0.028452038764953613,-0.07795294584671453,0.004931747913360596,0.03502094745635986,-0.05641786964575246,-0.08397981524467468,0.02604985237121582,-0.07216070057789281,-0.06787607073783875,0.015751570463180542,-0.06277119578758672,-0.038743674755096436,0.01001235842704773,-0.055577708650030644,-0.004676342010498047,0.07393079996109009,-0.061869243401684315,-0.07781344652175903,0.06638342142105103,-0.07670176984707311,-0.06642067432403564,0.056694984436035156,-0.07401063503662542,-0.04077106714248657,0.05182301998138428,-0.06995785446802572,fist
0.0,0.0,0.0,-0.01181107759475708,-0.024900078773498535,-0.023240993227190643,-0.03714489936828613,-0.035949110984802246,-0.047524746935195594,-0.0628466010093689,-0.04449230432510376,-0.06701485482913938,-0.0817861557006836,-0.035196006298065186,-0.08483847645980802,-0.002728104591369629,-0.003742396831512451,-0.06582323877078977,-0.08043056726455688,-0.018385082483291626,-0.08943091003162351,-0.07929441332817078,-0.027315467596054077,-0.09884557543260541,-0.058055877685546875,-0.033524155616760254,-0.10357895163757291,0.001596212387084961,0.013799309730529785,-0.06464596508008924,-0.09386420249938965,0.002979457378387451,-0.08287341562969175,-0.08210161328315735,-0.005570739507675171,-0.08029446421129194,-0.05662029981613159,-0.01085197925567627,-0.07997487155658689,0.0005944967269897461,0.0257226824760437,-0.06309310017091718,-0.09318223595619202,0.015463471412658691,-0.07613535640699354,-0.07770851254463196,0.003676682710647583,-0.06449434576494184,-0.050416767597198486,-0.0006167888641357422,-0.05732641411883321,-0.006100177764892578,0.033049970865249634,-0.06472732542020765,-0.08420512080192566,0.016420423984527588,-0.0782564249442288,-0.07758671045303345,0.004611015319824219,-0.07531142650110212,-0.056057631969451904,-0.0010365843772888184,-0.07197798458797422,fist
0.0,0.0,0.0,-0.018231332302093506,-0.09353750944137573,0.007453562312676354,-0.07002711296081543,-0.15930324792861938,0.0022924499054539638,-0.1288180947303772,-0.1789219081401825,-0.005340865261004524,-0.16762900352478027,-0.16518598794937134,-0.01446620459397252,-0.08549338579177856,-0.180283784866333,-0.016428175295786218,-0.17391276359558105,-0.17426550388336182,-0.028443724761800127,-0.1633886694908142,-0.14357537031173706,-0.03153894739885743,-0.1384880542755127,-0.13740694522857666,-0.032531342382625894,-0.08978378772735596,-0.12484371662139893,-0.02784300307472165,-0.1760711967945099,-0.11546650528907776,-0.03405870022912438,-0.15684688091278076,-0.09557318687438965,-0.029479025776581125,-0.13117867708206177,-0.09261292219161987,-0.02896352941830571,-0.0955740213394165,-0.066395103931427,-0.037585853512482004,-0.17299729585647583,-0.06688100099563599,-0.042766450817779855,-0.15130022168159485,-0.05317288637161255,-0.03282510014911111,-0.12550777196884155,-0.05115199089050293,-0.02810034426589425,-0.10184693336486816,-0.007963895797729492,-0.04609140651960786,-0.16548001766204834,-0.0226859450340271,-0.04924807968278344,-0.14726722240447998,-0.015461504459381104,-0.03884468125839646,-0.12307316064834595,-0.011938869953155518,-0.03112434307773526,fist
0.0,0.0,0.0,-0.027849018573760986,-0.08417218923568726,0.010056676989421476,-0.08020752668380737,-0.14696013927459717,0.003284545330330957,-0.13292139768600464,-0.1654483675956726,-0.005261450359597575,-0.16762876510620117,-0.14705803990364075,-0.015233644569292437,-0.08961635828018188,-0.16623836755752563,-0.032341535488143336,-0.1719534993171692,-0.1632671356201172,-0.04780835966207064,-0.15659096837043762,-0.14245253801345825,-0.05251553962565936,-0.13312137126922607,-0.1391506791114807,-0.053685582527890574,-0.09208250045776367,-0.10594162344932556,-0.045472177961841,-0.17385688424110413,-0.1069318950176239,-0.055054678866639506,-0.15771737694740295,-0.09190872311592102,-0.04835480014421023,-0.1313343048095703,-0.08795052766799927,-0.04524907777644671,-0.09751677513122559,-0.04655224084854126,-0.055779087642207514,-0.17052367329597473,-0.05574023723602295,-0.0630747557673601,-0.1537325382232666,-0.044898808002471924,-0.04842440346814669,-0.12780606746673584,-0.04121142625808716,-0.03930900181271113,-0.10400068759918213,0.009313046932220459,-0.06448576907254733,-0.16458597779273987,-0.011630058288574219,-0.06732023815251864,-0.15040075778961182,-0.0072533488273620605,-0.052757482329383265,-0.12829679250717163,-0.002724170684814453,-0.041988170990720164,fist
0.0,0.0,0.0,-0.028609633445739746,-0.07977294921875,0.008606443103445827,-0.08177465200424194,-0.13981419801712036,0.002603604612914978,-0.1326848864555359,-0.16184043884277344,-0.004727670069740952,-0.16641977429389954,-0.1503327190876007,-0.013324583958791436,-0.0924067497253418,-0.16022631525993347,-0.031518680121706666,-0.17360594868659973,-0.15733104944229126,-0.044452761378096284,-0.15916842222213745,-0.13414844870567322,-0.04745491695027226,-0.1361696720123291,-0.13079345226287842,-0.0479329387507903,-0.09457617998123169,-0.10218364000320435,-0.04301613670210713,-0.1749649941921234,-0.1009623110294342,-0.0510978075526225,-0.15873655676841736,-0.08339190483093262,-0.043835070993708314,-0.1324060559272766,-0.08034145832061768,-0.04024439033489102,-0.09971427917480469,-0.04334390163421631,-0.051740479733751954,-0.17133131623268127,-0.050702691078186035,-0.057816428210543336,-0.15326514840126038,-0.038711488246917725,-0.04290938850860471,-0.12707239389419556,-0.035410940647125244,-0.03379988398771161,-0.1054111123085022,0.012938737869262695,-0.05899582904200429,-0.1642526388168335,-0.006387233734130859,-0.061491617079781236,-0.14859691262245178,-0.0005255937576293945,-0.04696632650117749,-0.12636256217956543,0.004399776458740234,-0.036328152831600846,fist
0.0,0.0,0.0,-0.027227044105529785,-0.08005177974700928,0.012056250902816146,-0.07781767845153809,-0.1350804567337036,0.007203666805281728,-0.12740415334701538,-0.14770731329917908,0.0003833114670044324,-0.16135424375534058,-0.13134098052978516,-0.007921005752876908,-0.09266841411590576,-0.16045930981636047,-0.028513978389099748,-0.17371883988380432,-0.15561804175376892,-0.04078675915022245,-0.15775448083877563,-0.13448509573936462,-0.043614492905334146,-0.13324016332626343,-0.13165399432182312,-0.04388957579155317,-0.09495788812637329,-0.10222750902175903,-0.041029174965814263,-0.1731516718864441,-0.09889903664588928,-0.047705811602071435,-0.15584072470664978,-0.08240631222724915,-0.040336032551721246,-0.12968182563781738,-0.08048388361930847,-0.036915813726380975,-0.09972327947616577,-0.04343158006668091,-0.050493889641956,-0.16904419660568237,-0.0494803786277771,-0.054868553918794305,-0.15062230825424194,-0.037705838680267334,-0.039814786207870156,-0.1254410743713379,-0.03542745113372803,-0.031068527293399484,-0.10459262132644653,0.013418376445770264,-0.05817700285930982,-0.16167879104614258,-0.003401637077331543,-0.05945482213516584,-0.14515560865402222,0.0016192197799682617,-0.0443804535688912,-0.12341475486755371,0.004821658134460449,-0.033433464509442956,fist
0.0,0.0,0.0,-0.027497053146362305,-0.07894602417945862,0.015138650562988687,-0.07745492458343506,-0.13376963138580322,0.011561526235567499,-0.12542939186096191,-0.14914238452911377,0.0056393032599260096,-0.16042456030845642,-0.13428616523742676,-0.0017510738518069502,-0.09136062860488892,-0.1578896939754486,-0.03056389813460214,-0.1736956238746643,-0.1543990969657898,-0.043069699529183936,-0.1555342674255371,-0.13468506932258606,-0.04479134244061811,-0.12918347120285034,-0.13113582134246826,-0.04407208946682317,-0.0925951600074768,-0.10108298063278198,-0.04458416042066915,-0.1727605164051056,-0.09868276119232178,-0.05149829921461446,-0.15400883555412292,-0.08356735110282898,-0.043089320633185935,-0.1274096965789795,-0.08117878437042236,-0.038946682337297034,-0.09653466939926147,-0.043261170387268066,-0.05500275802947385,-0.16770660877227783,-0.04747694730758667,-0.05878751886226041,-0.14875876903533936,-0.03694039583206177,-0.042476257059348654,-0.12365764379501343,-0.035247087478637695,-0.03321183634139402,-0.10061931610107422,0.013801991939544678,-0.06337042686678274,-0.15983912348747253,-0.0015323162078857422,-0.06431015369631154,-0.1434832215309143,0.002385854721069336,-0.04848231909014089,-0.12175142765045166,0.0050157904624938965,-0.037142025056851935,fist
0.0,0.0,0.0,-0.026464998722076416,-0.08055299520492554,0.012879740718346966,-0.07898837327957153,-0.13485008478164673,0.008270712840896977,-0.13128149509429932,-0.14738506078720093,0.0016828688481496101,-0.16679176688194275,-0.13262152671813965,-0.006400976524162161,-0.09307324886322021,-0.15767201781272888,-0.03051073170121299,-0.1748189926147461,-0.15291795134544373,-0.0432332630347787,-0.15787076950073242,-0.1341383457183838,-0.04574138178344356,-0.13291332125663757,-0.1316908895969391,-0.045705592919546234,-0.0951465368270874,-0.09867396950721741,-0.04357263698096858,-0.1733454465866089,-0.0969199538230896,-0.0506453986358224,-0.1555589735507965,-0.08242905139923096,-0.0430114145469247,-0.12957286834716797,-0.07982328534126282,-0.039395316232401,-0.09923422336578369,-0.039801836013793945,-0.053330796499210464,-0.16864672303199768,-0.046611785888671875,-0.05783362566347705,-0.15022540092468262,-0.036772191524505615,-0.0423872533332883,-0.12523335218429565,-0.03436434268951416,-0.03340754537697421,-0.10311466455459595,0.01721048355102539,-0.06117438032146083,-0.1602184772491455,0.0001239776611328125,-0.06255616499896632,-0.14396941661834717,0.0035380125045776367,-0.047377223808723556,-0.12258660793304443,0.0065732598304748535,-0.03632275639887439,fist
0.0,0.0,0.0,-0.02761322259902954,-0.0791681706905365,0.013892127623478245,-0.08044910430908203,-0.13013330101966858,0.009995923800090623,-0.13173726201057434,-0.13898277282714844,0.00396935637451179,-0.16560563445091248,-0.12112849950790405,-0.003437854858418632,-0.09610718488693237,-0.15721631050109863,-0.026749804193457294,-0.17420285940170288,-0.15222793817520142,-0.03887038263150089,-0.15704220533370972,-0.13293424248695374,-0.041659887457569766,-0.13205257058143616,-0.13006016612052917,-0.041878383184155155,-0.09938228130340576,-0.0992019772529602,-0.04010714175768726,-0.17738953232765198,-0.09586140513420105,-0.046134955758532215,-0.15960031747817993,-0.08023235201835632,-0.03858102070756786,-0.133571058511734,-0.07750055193901062,-0.03487826841541164,-0.10404312610626221,-0.04049438238143921,-0.050245772624691654,-0.1727035939693451,-0.044927358627319336,-0.05370899247594707,-0.15441647171974182,-0.03433024883270264,-0.03843499677844875,-0.1302087903022766,-0.032083094120025635,-0.02962723704644077,-0.10771769285202026,0.016382813453674316,-0.05846491413780086,-0.16325169801712036,0.0012156963348388672,-0.058600589210470844,-0.14662721753120422,0.005188107490539551,-0.04298370661803119,-0.12591391801834106,0.008024871349334717,-0.03173434319563739,fist
0.0,0.0,0.0,-0.028384745121002197,-0.07835066318511963,0.012713328315840045,-0.08364719152450562,-0.13094228506088257,0.00806253434620885,-0.1382727324962616,-0.14142853021621704,0.0017826744215199142,-0.172783762216568,-0.12464210391044617,-0.005624096063002071,-0.09419673681259155,-0.15645483136177063,-0.030199791924133024,-0.1735146939754486,-0.15004393458366394,-0.0423162911692998,-0.15601110458374023,-0.13029393553733826,-0.04422814367808314,-0.1314602494239807,-0.12776190042495728,-0.043879486308469495,-0.09605711698532104,-0.09855812788009644,-0.04313951327003451,-0.17505156993865967,-0.09441328048706055,-0.04950020431078883,-0.15690100193023682,-0.07890480756759644,-0.041036411807908735,-0.13147887587547302,-0.07696899771690369,-0.03666296570099803,-0.10019576549530029,-0.04030042886734009,-0.052717353836669645,-0.1699577271938324,-0.04352515935897827,-0.056050479100122175,-0.15149983763694763,-0.03275495767593384,-0.0397351418296239,-0.12787726521492004,-0.030999302864074707,-0.030350681082381925,-0.10419458150863647,0.016609132289886475,-0.060502532557620725,-0.1597232222557068,0.0015422701835632324,-0.06044080077208491,-0.1433781385421753,0.005578517913818359,-0.04456713764466258,-0.12357619404792786,0.008587002754211426,-0.03328002585567447,fist
0.0,0.0,0.0,-0.030098557472229004,-0.07805073261260986,0.012297829023964368,-0.08541446924209595,-0.13104072213172913,0.007645151920087301,-0.1391638219356537,-0.1462431252002716,0.001264999729983174,-0.173604816198349,-0.1271461546421051,-0.006420278579525984,-0.09662973880767822,-0.15574079751968384,-0.028818525031738318,-0.17530325055122375,-0.15063688158988953,-0.04064674082451347,-0.15987133979797363,-0.13033795356750488,-0.042980214238696135,-0.13587236404418945,-0.12680622935295105,-0.04298426362925056,-0.09909272193908691,-0.09758445620536804,-0.04158259335213188,-0.17741239070892334,-0.09437745809555054,-0.04823269474559311,-0.16085940599441528,-0.07876470685005188,-0.040545807809166945,-0.13479915261268616,-0.0762280821800232,-0.03662862035685066,-0.10374695062637329,-0.03881484270095825,-0.05115673470550064,-0.1724899411201477,-0.04451698064804077,-0.055108917534880675,-0.15499743819236755,-0.03392726182937622,-0.03963164764695648,-0.13031518459320068,-0.03180813789367676,-0.03058229166322235,-0.10753536224365234,0.01754850149154663,-0.058967692435317076,-0.16368317604064941,0.0008894205093383789,-0.05932987633400444,-0.14782479405403137,0.005654633045196533,-0.043876846910052336,-0.12675178050994873,0.009105205535888672,-0.03282148915582184,fist
0.0,0.0,0.0,-0.02945268154144287,-0.0786389410495758,0.011971242343861377,-0.08607417345046997,-0.13187506794929504,0.007848375094908988,-0.14084327220916748,-0.14557617902755737,0.0018313575674255844,-0.17582625150680542,-0.12562847137451172,-0.005344434091966832,-0.09816920757293701,-0.1561809778213501,-0.026596118146699155,-0.17592686414718628,-0.14712375402450562,-0.03935392239145585,-0.15831002593040466,-0.12895482778549194,-0.04286596589736291,-0.13369989395141602,-0.12759500741958618,-0.04354248606614419,-0.09956663846969604,-0.09839269518852234,-0.0394155722206051,-0.17655953764915466,-0.09293705224990845,-0.04660555758528062,-0.15812650322914124,-0.07831704616546631,-0.03956788443974801,-0.13243675231933594,-0.07647675275802612,-0.03589898013524362,-0.10331368446350098,-0.039800941944122314,-0.049360484266799176,-0.17064914107322693,-0.04233813285827637,-0.053771805400174344,-0.15178847312927246,-0.03219723701477051,-0.0385082740431244,-0.12779104709625244,-0.03052842617034912,-0.02943094857982942,-0.10693365335464478,0.01714223623275757,-0.05768632554463693,-0.16196006536483765,0.002133607864379883,-0.05821825602106401,-0.1448623538017273,0.006783008575439453,-0.04276443683556863,-0.12423527240753174,0.010351598262786865,-0.0316251147633011,fist
0.0,0.0,0.0,-0.0292513370513916,-0.07680955529212952,0.013300709774853203,-0.08403277397155762,-0.12924611568450928,0.00935993005907676,-0.13730832934379578,-0.14475950598716736,0.0034793842343106007,-0.17262104153633118,-0.12743839621543884,-0.003754394478960421,-0.09591931104660034,-0.15417656302452087,-0.028454118059812572,-0.17482569813728333,-0.14590978622436523,-0.040548785241185215,-0.15736845135688782,-0.12719634175300598,-0.04306307307058432,-0.13260579109191895,-0.1249396800994873,-0.043044349761544254,-0.09690099954605103,-0.09760358929634094,-0.041526532383500125,-0.1752939522266388,-0.0917603075504303,-0.047512336285649326,-0.15743649005889893,-0.07682785391807556,-0.03949446103149512,-0.1320459246635437,-0.07511025667190552,-0.03557329124384978,-0.10049915313720703,-0.039598703384399414,-0.05130486434870818,-0.16997012495994568,-0.040870726108551025,-0.05464255681806662,-0.15144237875938416,-0.030126750469207764,-0.03872633224898436,-0.12760013341903687,-0.02874976396560669,-0.029743379564820316,-0.10394299030303955,0.01777172088623047,-0.059261410148678806,-0.16052603721618652,0.0035431981086730957,-0.059709510417519596,-0.14332354068756104,0.008479058742523193,-0.0439725952463732,-0.12237709760665894,0.01157313585281372,-0.032758249552784946,fist
0.0,0.0,0.0,-0.030024707317352295,-0.0771782398223877,0.014393503332797764,-0.08368909358978271,-0.12831026315689087,0.010090975577298877,-0.1361943483352661,-0.13920435309410095,0.003847393460858939,-0.1691957414150238,-0.11926436424255371,-0.004039814209278347,-0.0974053144454956,-0.15464505553245544,-0.029451556948657753,-0.17539682984352112,-0.14389953017234802,-0.04104901522183013,-0.1581222414970398,-0.1258145570755005,-0.04293955907010627,-0.13383004069328308,-0.12436026334762573,-0.04262369543098998,-0.09780746698379517,-0.09693315625190735,-0.04308345585846496,-0.17609912157058716,-0.08907154202461243,-0.04833224087738586,-0.15897366404533386,-0.07384863495826721,-0.03970934495114875,-0.13330093026161194,-0.07209023833274841,-0.03570497452997756,-0.10089927911758423,-0.037941038608551025,-0.0531694185712297,-0.16974014043807983,-0.03826022148132324,-0.055836640743251564,-0.15221309661865234,-0.027569353580474854,-0.039864656028981926,-0.1281512975692749,-0.026277363300323486,-0.031098528278704407,-0.10406029224395752,0.02018558979034424,-0.06127672686957908,-0.16058987379074097,0.007729589939117432,-0.06135229810857368,-0.1439162790775299,0.01180422306060791,-0.04559071779036117,-0.12316310405731201,0.013779282569885254,-0.0344526883938272,fist
0.0,0.0,0.0,-0.03005427122116089,-0.0778873860836029,0.013647945616668267,-0.08504945039749146,-0.12927144765853882,0.009335096013074917,-0.1387755572795868,-0.13941651582717896,0.0030464567433057255,-0.17219537496566772,-0.11805224418640137,-0.004608503523940044,-0.09669995307922363,-0.15536350011825562,-0.027959807757014232,-0.17447900772094727,-0.14531123638153076,-0.040276044029468494,-0.15639975666999817,-0.1276712417602539,-0.04315057488130947,-0.1315082311630249,-0.12668943405151367,-0.04337690116810222,-0.09792888164520264,-0.09788650274276733,-0.04123241545605083,-0.17493095993995667,-0.09147906303405762,-0.047056683320278125,-0.15804871916770935,-0.07707768678665161,-0.03937605859684368,-0.13278985023498535,-0.07525280117988586,-0.03575041981386562,-0.10178196430206299,-0.03956669569015503,-0.051206060666316944,-0.1694815456867218,-0.039849936962127686,-0.05398462804006954,-0.15219005942344666,-0.030024349689483643,-0.03865052478360553,-0.12848159670829773,-0.028750598430633545,-0.030115333366865116,-0.10552382469177246,0.017320334911346436,-0.059359048474306064,-0.16052618622779846,0.005429089069366455,-0.05889553667950054,-0.14435365796089172,0.008738994598388672,-0.04338644163655658,-0.12396261096000671,0.010587573051452637,-0.03241620676564594,fist
0.0,0.0,0.0,-0.02956300973892212,-0.07774686813354492,0.012792269872392126,-0.08481281995773315,-0.12920644879341125,0.00782301853027434,-0.1392594873905182,-0.13836392760276794,0.0011202347799041945,-0.17298674583435059,-0.11670315265655518,-0.006935382088755659,-0.0951228141784668,-0.15467822551727295,-0.029810312030946307,-0.17349016666412354,-0.14429199695587158,-0.042470970017944865,-0.15543046593666077,-0.12668085098266602,-0.0454102538657537,-0.13061818480491638,-0.12571346759796143,-0.04567091242793708,-0.09628480672836304,-0.09692844748497009,-0.04278827534440666,-0.17388984560966492,-0.09080776572227478,-0.048849605782066874,-0.15691927075386047,-0.07663428783416748,-0.04107853473547607,-0.13170349597930908,-0.0747537612915039,-0.03745822684291511,-0.10018229484558105,-0.038775742053985596,-0.05243746639612823,-0.1686318814754486,-0.039358317852020264,-0.05539235921028762,-0.15106788277626038,-0.029498696327209473,-0.03981701360467582,-0.1273670792579651,-0.028180301189422607,-0.03118545824113994,-0.10397011041641235,0.017904818058013916,-0.060311858369146876,-0.1595524549484253,0.005297183990478516,-0.060009856535231165,-0.14299669861793518,0.009035587310791016,-0.044341717673574976,-0.12243160605430603,0.011442363262176514,-0.03331679554108291,fist
0.0,0.0,0.0,-0.02917313575744629,-0.07773005962371826,0.012733240975933313,-0.08423572778701782,-0.13007527589797974,0.008392337142424822,-0.1389423906803131,-0.1375795602798462,0.002160240095975041,-0.1724224090576172,-0.11440780758857727,-0.005293273934228182,-0.09881502389907837,-0.15829569101333618,-0.026033709392947912,-0.17623072862625122,-0.1469019651412964,-0.03895411138336158,-0.158115416765213,-0.12858900427818298,-0.042853488222760916,-0.1329900622367859,-0.12733453512191772,-0.04371978958050704,-0.10097330808639526,-0.10082632303237915,-0.03916214276949859,-0.17760130763053894,-0.0932944118976593,-0.045078823910159826,-0.16034501791000366,-0.07791778445243835,-0.03804159034888244,-0.13518470525741577,-0.0756618082523346,-0.034730731145543814,-0.10500597953796387,-0.04220545291900635,-0.04930680860678649,-0.17190834879875183,-0.0413661003112793,-0.0526499139229486,-0.15413635969161987,-0.030529141426086426,-0.037699504391355276,-0.1303044557571411,-0.029025375843048096,-0.029161079422635794,-0.10846841335296631,0.01566314697265625,-0.057732744709653616,-0.16408365964889526,0.004203855991363525,-0.05778672789136863,-0.1471860706806183,0.009026169776916504,-0.04226675872604346,-0.1262873113155365,0.01157313585281372,-0.03106264826755023,fist
0.0,0.0,0.0,-0.02991044521331787,-0.07760575413703918,0.013427809670218949,-0.0843690037727356,-0.1296287178993225,0.009511402666220192,-0.13654792308807373,-0.13818198442459106,0.0036674969341845554,-0.168465256690979,-0.11357459425926208,-0.0035697707462816197,-0.09843498468399048,-0.15662714838981628,-0.026944289125850673,-0.17500227689743042,-0.14648845791816711,-0.03840388558094787,-0.15722480416297913,-0.1276664137840271,-0.040924677767208095,-0.13318082690238953,-0.12690478563308716,-0.04116750336473274,-0.09999364614486694,-0.09887281060218811,-0.040231907882144924,-0.1766844093799591,-0.09227633476257324,-0.04606544799392509,-0.15917640924453735,-0.07712480425834656,-0.03836283660714912,-0.13357466459274292,-0.0755678117275238,-0.03449282623117256,-0.1036686897277832,-0.04020565748214722,-0.050236923762014385,-0.17151165008544922,-0.040986597537994385,-0.05320595032756614,-0.1535387933254242,-0.030518949031829834,-0.037995712973526,-0.1296215057373047,-0.029254436492919922,-0.029293798052123066,-0.10677099227905273,0.01709645986557007,-0.05844519487803268,-0.16187548637390137,0.0029715299606323242,-0.05803585252945709,-0.1453808844089508,0.007203280925750732,-0.0423391369659214,-0.12485706806182861,0.009837508201599121,-0.03112479686026859,fist
0.0,0.0,0.0,-0.029958248138427734,-0.0782943069934845,0.014438858784075137,-0.08340984582901001,-0.13035821914672852,0.01058918104254758,-0.13499805331230164,-0.13955172896385193,0.00465573283591425,-0.1668592095375061,-0.11632347106933594,-0.002716880927522425,-0.09820002317428589,-0.15704745054244995,-0.0267799426174804,-0.17536252737045288,-0.14696663618087769,-0.03823781612581456,-0.15725654363632202,-0.12906509637832642,-0.04072894382542813,-0.1328284740447998,-0.12831538915634155,-0.04080212342805112,-0.09995615482330322,-0.0988416075706482,-0.04032470884985173,-0.17666485905647278,-0.09295135736465454,-0.045484012395803575,-0.15948030352592468,-0.07837435603141785,-0.03763809654182637,-0.13405153155326843,-0.07637104392051697,-0.03386609482831204,-0.10402965545654297,-0.04006093740463257,-0.05047458636826718,-0.1712721586227417,-0.041147708892822266,-0.05241916555232251,-0.15374523401260376,-0.031436145305633545,-0.03718086558646405,-0.13002201914787292,-0.03008931875228882,-0.028784282908503656,-0.10761350393295288,0.01700204610824585,-0.058760634095136766,-0.16246843338012695,0.003604412078857422,-0.057452088624899034,-0.14619207382202148,0.006911158561706543,-0.04160133603281224,-0.12592342495918274,0.00895845890045166,-0.030443348393504266,fist
0.0,0.0,0.0,-0.028971076011657715,-0.07726746797561646,0.015161255320236933,-0.08348006010055542,-0.1288297176361084,0.011854577755258333,-0.13670966029167175,-0.13924473524093628,0.006517280770168554,-0.1697535216808319,-0.1176195740699768,-0.00036584375968118366,-0.09886699914932251,-0.15747573971748352,-0.02711518952466463,-0.17675015330314636,-0.14599326252937317,-0.03773310320295309,-0.15896189212799072,-0.12705209851264954,-0.03922894136823629,-0.13496413826942444,-0.12572431564331055,-0.03879288123764013,-0.10012388229370117,-0.10016292333602905,-0.040786857771053064,-0.17773175239562988,-0.0922279953956604,-0.04515748755849813,-0.15996378660202026,-0.07651326060295105,-0.03631848754204725,-0.13472023606300354,-0.07452964782714844,-0.0320921717754743,-0.10338598489761353,-0.04133671522140503,-0.05087353201426481,-0.17189380526542664,-0.041519880294799805,-0.052581368999852884,-0.15354174375534058,-0.03049248456954956,-0.03642548905528997,-0.1298666000366211,-0.028985440731048584,-0.027615352588071573,-0.10607117414474487,0.016887307167053223,-0.05897605331458067,-0.16148647665977478,0.003485381603240967,-0.058150484280957926,-0.14464321732521057,0.008121013641357422,-0.042166299240960825,-0.12456774711608887,0.01060473918914795,-0.030920908840670336,fist
0.0,0.0,0.0,-0.02947598695755005,-0.07675695419311523,0.015181200658815897,-0.08178889751434326,-0.1260671317577362,0.011622255748051202,-0.13109144568443298,-0.13471725583076477,0.005574180824595487,-0.16331791877746582,-0.11479821801185608,-0.0020662859679134726,-0.0985877513885498,-0.15618878602981567,-0.025046998554927313,-0.17579463124275208,-0.14695686101913452,-0.036877546379429305,-0.15866678953170776,-0.12787723541259766,-0.039966966876846755,-0.1339552402496338,-0.12572041153907776,-0.04038245222912451,-0.10029000043869019,-0.0994178056716919,-0.03897996983872076,-0.17706197500228882,-0.09184467792510986,-0.04444312668786665,-0.15982156991958618,-0.07620647549629211,-0.037246543834072554,-0.1339537501335144,-0.07447639107704163,-0.03390948838935515,-0.10389935970306396,-0.04109179973602295,-0.049596205273729765,-0.17106562852859497,-0.04105168581008911,-0.05218912280545851,-0.15327367186546326,-0.029837071895599365,-0.0371427684222283,-0.12937217950820923,-0.028330504894256592,-0.028771491641265357,-0.10695302486419678,0.016364216804504395,-0.058269519278866255,-0.16193917393684387,0.004637241363525391,-0.05804871759758612,-0.14495810866355896,0.009108424186706543,-0.042327620009046996,-0.12403616309165955,0.011214971542358398,-0.030993034983140433,fist
0.0,0.0,0.0,-0.029651403427124023,-0.07681107521057129,0.01413993734550445,-0.08472603559494019,-0.12690505385398865,0.010314861421107935,-0.13762712478637695,-0.13447827100753784,0.004424692705839561,-0.17030036449432373,-0.1126907467842102,-0.002874281381622268,-0.09941691160202026,-0.15642651915550232,-0.026674083325445963,-0.1768806278705597,-0.14543038606643677,-0.03832371242660315,-0.15906941890716553,-0.12697792053222656,-0.04090023123043807,-0.13492760062217712,-0.1258297562599182,-0.041115359294593645,-0.1005672812461853,-0.09927457571029663,-0.04026182450670035,-0.17788627743721008,-0.09102380275726318,-0.04589499987977774,-0.15992340445518494,-0.07601988315582275,-0.03813576035517485,-0.13450703024864197,-0.07455494999885559,-0.03436592303532393,-0.10382699966430664,-0.0407978892326355,-0.0505054452301863,-0.17212355136871338,-0.04028058052062988,-0.05343825452345641,-0.1534835398197174,-0.029416203498840332,-0.03794304363745482,-0.1297859251499176,-0.028140544891357422,-0.029193228933394266,-0.1066100001335144,0.01707005500793457,-0.05886955268996985,-0.1616998314857483,0.004721403121948242,-0.05883662112373145,-0.14433503150939941,0.009309589862823486,-0.043124240714490725,-0.12393543124198914,0.011516571044921875,-0.03185665689724715,fist
0.0,0.0,0.0,-0.029072165489196777,-0.07777473330497742,0.01465545395336676,-0.08202803134918213,-0.12840545177459717,0.010783264282565597,-0.13318300247192383,-0.1383356750011444,0.004515476393919471,-0.1661415696144104,-0.11795419454574585,-0.0032958799419589013,-0.0972561240196228,-0.1567971110343933,-0.025954065975327012,-0.17485857009887695,-0.1472225785255432,-0.03812640173413229,-0.157186359167099,-0.12920022010803223,-0.04140272004582357,-0.1327989101409912,-0.12815529108047485,-0.04198406649805975,-0.09877574443817139,-0.09887221455574036,-0.03986051691748571,-0.17570289969444275,-0.09294801950454712,-0.045711744707602975,-0.15784355998039246,-0.07784143090248108,-0.03835537670232725,-0.13247457146644592,-0.0761706531047821,-0.034931190442819116,-0.10259652137756348,-0.03992438316345215,-0.05050444988586378,-0.17076385021209717,-0.04181492328643799,-0.05349857745744657,-0.15220829844474792,-0.030668139457702637,-0.03799487290956449,-0.12839174270629883,-0.029036760330200195,-0.029279559981603143,-0.10604631900787354,0.017957687377929688,-0.05926354615070295,-0.1618761420249939,0.0037654638290405273,-0.05899019924976301,-0.14469200372695923,0.008453547954559326,-0.04296135542966795,-0.12401461601257324,0.011172473430633545,-0.031553186607141015,fist
0.0,0.0,0.0,-0.029517292976379395,-0.07785123586654663,0.014644903485418581,-0.08185416460037231,-0.1281748116016388,0.010775950160564207,-0.13110461831092834,-0.13544240593910217,0.004547979571611904,-0.1626255214214325,-0.11378979682922363,-0.0032274342321443328,-0.098580002784729,-0.15654659271240234,-0.02560224907404063,-0.17571741342544556,-0.1461542844772339,-0.03753611782497046,-0.15793853998184204,-0.1270551085472107,-0.040683339926658846,-0.13335514068603516,-0.12559449672698975,-0.04119573125547049,-0.1000661849975586,-0.09904557466506958,-0.03937069291180251,-0.17650049924850464,-0.09114000201225281,-0.04498434776371596,-0.15894290804862976,-0.07606521248817444,-0.03769838774508116,-0.13334539532661438,-0.07478246092796326,-0.034306548181234575,-0.10382181406021118,-0.04043710231781006,-0.04988004976814864,-0.17076587677001953,-0.039928972721099854,-0.0525913533002722,-0.15248793363571167,-0.029169440269470215,-0.03743432426756499,-0.12863174080848694,-0.028141915798187256,-0.02895794214612124,-0.10711532831192017,0.01709192991256714,-0.0584851239055979,-0.16158446669578552,0.005324184894561768,-0.05806216562098143,-0.14410832524299622,0.010097920894622803,-0.042126994225441194,-0.12332576513290405,0.012054145336151123,-0.030707101914345003,fist
0.0,0.0,0.0,-0.02944350242614746,-0.07755175232887268,0.01289605035248087,-0.08356648683547974,-0.12988406419754028,0.00825676287325905,-0.13711965084075928,-0.13758617639541626,0.0018781819407536204,-0.1696712076663971,-0.11521753668785095,-0.005796908747527141,-0.09727084636688232,-0.15628916025161743,-0.028754228141281146,-0.17500513792037964,-0.14473310112953186,-0.04120355040964796,-0.15706318616867065,-0.12577226758003235,-0.043950218122574825,-0.13276192545890808,-0.12473735213279724,-0.04414578841266348,-0.09856408834457397,-0.09850287437438965,-0.04193062276777937,-0.17572695016860962,-0.09026038646697998,-0.04822596104082777,-0.1580033004283905,-0.07497715950012207,-0.04028449149069502,-0.1327134370803833,-0.07378482818603516,-0.03630668983993246,-0.10217928886413574,-0.040102601051330566,-0.05185959057149603,-0.16951856017112732,-0.03913038969039917,-0.055077965717885036,-0.15123170614242554,-0.02822554111480713,-0.039305127572390575,-0.12781089544296265,-0.027628004550933838,-0.030363326307508487,-0.10555291175842285,0.017199158668518066,-0.06003078387317373,-0.15942493081092834,0.005711674690246582,-0.059714819651219386,-0.14229226112365723,0.01071023941040039,-0.04380739421782209,-0.12237027287483215,0.012492597103118896,-0.032498545359942455,fist
0.0,0.0,0.0,-0.02891230583190918,-0.07804358005523682,0.015246824740160037,-0.08246660232543945,-0.12793377041816711,0.01200457700221591,-0.13328635692596436,-0.13909703493118286,0.006320340006340075,-0.16623824834823608,-0.11958444118499756,-0.0009247786652224477,-0.09914898872375488,-0.1573602855205536,-0.024387985089134645,-0.17655518651008606,-0.14803579449653625,-0.03610468990476079,-0.15925449132919312,-0.12892478704452515,-0.03917947746188588,-0.13470938801765442,-0.12660813331604004,-0.039588328072142076,-0.10135644674301147,-0.09957104921340942,-0.03820464349658437,-0.17730754613876343,-0.09212169051170349,-0.04315891824037976,-0.15974169969558716,-0.07668668031692505,-0.03561675138146825,-0.13471296429634094,-0.07512679696083069,-0.03221386633188672,-0.1055954098701477,-0.04061400890350342,-0.04880971051127858,-0.17168483138084412,-0.040901005268096924,-0.051347337284397554,-0.15335065126419067,-0.029950261116027832,-0.03617260194690175,-0.1298685371875763,-0.02878671884536743,-0.027785388374041986,-0.10896599292755127,0.01693040132522583,-0.05743041224152989,-0.16402193903923035,0.004513740539550781,-0.056990909942697954,-0.14627018570899963,0.009933710098266602,-0.04107977784545369,-0.12525224685668945,0.01213693618774414,-0.02971687875063367,fist
0.0,0.0,0.0,-0.028775930404663086,-0.07784673571586609,0.012315817820962138,-0.08409690856933594,-0.13047900795936584,0.0077534794724840594,-0.138820081949234,-0.13770490884780884,0.001478187102947004,-0.17153429985046387,-0.11379489302635193,-0.006003083948854737,-0.09865361452102661,-0.1569823920726776,-0.02764892979419642,-0.17620712518692017,-0.146294504404068,-0.03949821955418997,-0.1579827070236206,-0.127888023853302,-0.0422459415242713,-0.13424718379974365,-0.12746331095695496,-0.04264916322088652,-0.10039263963699341,-0.09773367643356323,-0.04054013854718619,-0.17603963613510132,-0.09184524416923523,-0.04636367997980528,-0.15773272514343262,-0.07727378606796265,-0.03863845608091765,-0.13297134637832642,-0.07574620842933655,-0.03490970871305876,-0.10398542881011963,-0.03885042667388916,-0.05027524224377089,-0.17064929008483887,-0.041126787662506104,-0.05318522295809203,-0.151797354221344,-0.03043454885482788,-0.03747425070858412,-0.1286190152168274,-0.028786420822143555,-0.02860192238247805,-0.10704141855239868,0.018437683582305908,-0.05836146167374068,-0.16078484058380127,0.002741396427154541,-0.057664143209223084,-0.14351841807365417,0.007842302322387695,-0.041574230705265336,-0.1238771378993988,0.011187493801116943,-0.03019666141724997,fist
0.0,0.0,0.0,-0.02811133861541748,-0.07861208915710449,0.012290806471838778,-0.0825909972190857,-0.13103386759757996,0.00802076138509733,-0.13690412044525146,-0.1386275291442871,0.001840588016904121,-0.16951504349708557,-0.11655712127685547,-0.00545507906051057,-0.09838777780532837,-0.16013526916503906,-0.024928786829576666,-0.17686128616333008,-0.14891967177391052,-0.03772341556893366,-0.15902471542358398,-0.12974917888641357,-0.04165711350785273,-0.13388770818710327,-0.1283111572265625,-0.04257410489069002,-0.10103607177734375,-0.10181576013565063,-0.03768921367870348,-0.17742115259170532,-0.09365639090538025,-0.04411091752396601,-0.15935811400413513,-0.0783318281173706,-0.03739161886321085,-0.13413769006729126,-0.07697105407714844,-0.034144100770816976,-0.10556036233901978,-0.042897939682006836,-0.047661625817880804,-0.17275509238243103,-0.04258227348327637,-0.051578138992653066,-0.1534590721130371,-0.03175455331802368,-0.03686163298831957,-0.1294601559638977,-0.030432939529418945,-0.028328255787954504,-0.109442800283432,0.01504606008529663,-0.055980038866863424,-0.16370874643325806,0.0032330751419067383,-0.056486335620746786,-0.14562571048736572,0.0082741379737854,-0.04138184435711878,-0.12495329976081848,0.010532498359680176,-0.030396078750953848,fist
0.0,0.0,0.0,-0.028593599796295166,-0.07753732800483704,0.0129671827606046,-0.08271503448486328,-0.12946727871894836,0.008363440138765554,-0.13592618703842163,-0.13580244779586792,0.001889901090891044,-0.16819903254508972,-0.1124887764453888,-0.005907861544272919,-0.09856218099594116,-0.1586185097694397,-0.02708593991630437,-0.17716461420059204,-0.14747226238250732,-0.039588517072132845,-0.15893876552581787,-0.12835600972175598,-0.04298857462637784,-0.13433969020843506,-0.12720465660095215,-0.04367427391045453,-0.1005563735961914,-0.09999725222587585,-0.04027016324036481,-0.1776108741760254,-0.09300091862678528,-0.04613616925709607,-0.15944993495941162,-0.07774370908737183,-0.038638236495188494,-0.13445615768432617,-0.07629847526550293,-0.03519788992636563,-0.1045040488243103,-0.04102116823196411,-0.05035719138615491,-0.17294993996620178,-0.04243731498718262,-0.05365923282735707,-0.15351253747940063,-0.03109133243560791,-0.03814349931710126,-0.1298006772994995,-0.029627203941345215,-0.029414700838259478,-0.10781538486480713,0.017022252082824707,-0.05869260666005971,-0.162345290184021,0.0030028223991394043,-0.058791487040451784,-0.1442682445049286,0.008681178092956543,-0.043024523677758,-0.12411335110664368,0.011479198932647705,-0.031785922619036455,fist
0.0,0.0,0.0,-0.029092907905578613,-0.07897889614105225,0.014159613352092038,-0.08449780941009521,-0.13108351826667786,0.01077259245124651,-0.13760524988174438,-0.1376451849937439,0.005105746507467757,-0.17042669653892517,-0.11432835459709167,-0.0018577416727225682,-0.10064059495925903,-0.16060477495193481,-0.022303931351927986,-0.17765608429908752,-0.15102660655975342,-0.03357624442520546,-0.1605047583580017,-0.13267329335212708,-0.03696180687489914,-0.13630390167236328,-0.13165009021759033,-0.03768303052726196,-0.10429877042770386,-0.10186120867729187,-0.03559572802129196,-0.17896655201911926,-0.09734433889389038,-0.040259556781677475,-0.16144639253616333,-0.081845223903656,-0.03331199468317436,-0.1363518238067627,-0.07918670773506165,-0.030083713989881744,-0.10934650897979736,-0.04297471046447754,-0.04587913111987518,-0.17510133981704712,-0.046138107776641846,-0.047614706617025604,-0.15642660856246948,-0.035084068775177,-0.032864687901167144,-0.1328682005405426,-0.03270453214645386,-0.02474411756935524,-0.11331236362457275,0.014482200145721436,-0.054426109355119934,-0.1668875515460968,-0.00018042325973510742,-0.052985025506643524,-0.14909034967422485,0.004849493503570557,-0.0372883881742041,-0.12870272994041443,0.007931709289550781,-0.026160096686510315,fist
0.0,0.0,0.0,-0.02896338701248169,-0.07869398593902588,0.013446214976454485,-0.08440369367599487,-0.1316831409931183,0.00972431655480932,-0.13745641708374023,-0.14048191905021667,0.0038927333845890644,-0.16967925429344177,-0.11588466167449951,-0.0032504099470429537,-0.10076749324798584,-0.15922990441322327,-0.024463832942103636,-0.17713326215744019,-0.14884868264198303,-0.03592647295937468,-0.1600550413131714,-0.13006731867790222,-0.03907318842158247,-0.13659921288490295,-0.12960880994796753,-0.03972549420342375,-0.10297679901123047,-0.10074010491371155,-0.03762586843714644,-0.17727038264274597,-0.0952197015285492,-0.04288737532243658,-0.15973922610282898,-0.07960477471351624,-0.0355340434287541,-0.13485172390937805,-0.07805320620536804,-0.032023549643611204,-0.10704195499420166,-0.04185628890991211,-0.047721621212815535,-0.172367125749588,-0.04453915357589722,-0.04985718112931181,-0.15395069122314453,-0.03283005952835083,-0.03465693872914244,-0.13063737750053406,-0.030935466289520264,-0.026222371128653776,-0.11046725511550903,0.015546798706054688,-0.05615839418516089,-0.16278749704360962,0.00022429227828979492,-0.05470761340603758,-0.14564082026481628,0.005815744400024414,-0.038865343299960387,-0.12585929036140442,0.009393155574798584,-0.027727155578588736,fist
0.0,0.0,0.0,-0.029260456562042236,-0.07914707064628601,0.010532223147208697,-0.08608520030975342,-0.1330319344997406,0.005331237793768651,-0.1421772539615631,-0.1389443278312683,-0.001318032045048767,-0.174555242061615,-0.11321645975112915,-0.00906865532243728,-0.09769296646118164,-0.15733593702316284,-0.027993219445590967,-0.17457017302513123,-0.14626756310462952,-0.04077199148679256,-0.15729805827140808,-0.12761646509170532,-0.04447308975005626,-0.13377398252487183,-0.12710338830947876,-0.04548765021110057,-0.10008060932159424,-0.09726700186729431,-0.040314212913756364,-0.17519378662109375,-0.09200486540794373,-0.04728613096023082,-0.15738731622695923,-0.07682350277900696,-0.04038566770697116,-0.132415771484375,-0.07480466365814209,-0.0369610604896593,-0.10471406579017639,-0.038136839866638184,-0.049797527964358324,-0.17018848657608032,-0.041129112243652344,-0.05351164239192485,-0.15155985951423645,-0.0301893949508667,-0.03832275467658519,-0.12854886054992676,-0.02837848663330078,-0.02960991347873687,-0.10912415385246277,0.019042909145355225,-0.05783257680678844,-0.1613420844078064,0.003879070281982422,-0.05712902593160152,-0.14389222860336304,0.009367227554321289,-0.041384503717665666,-0.124667227268219,0.012727797031402588,-0.030396119232420915,fist
0.0,0.0,0.0,-0.0290755033493042,-0.0793924331665039,0.012929198902355665,-0.08350592851638794,-0.13082852959632874,0.00938754865180158,-0.13891759514808655,-0.13542461395263672,0.003870538307609195,-0.17247307300567627,-0.11282527446746826,-0.0028277955834994373,-0.09963792562484741,-0.15961411595344543,-0.021920799638820654,-0.17505928874015808,-0.14924287796020508,-0.03298965039451218,-0.15809130668640137,-0.13001108169555664,-0.036254781659437185,-0.13429298996925354,-0.12860321998596191,-0.03706222715575791,-0.10353952646255493,-0.10141348838806152,-0.03472888412673569,-0.17692378163337708,-0.09620881080627441,-0.039650491799903875,-0.15948188304901123,-0.07993194460868835,-0.03295405152042008,-0.1346122920513153,-0.07711508870124817,-0.02968140634496308,-0.10829833149909973,-0.0427132248878479,-0.04467830004890061,-0.17152103781700134,-0.04433155059814453,-0.04663541856010056,-0.1531655192375183,-0.032887935638427734,-0.03198051768143273,-0.13019028306007385,-0.03101801872253418,-0.023805299203587538,-0.11172184348106384,0.014903485774993896,-0.05301745178897477,-0.16253966093063354,0.003058314323425293,-0.051577533956361776,-0.14509513974189758,0.008550822734832764,-0.03609171825249291,-0.12559005618095398,0.010836422443389893,-0.025105203862977987,fist
0.0,0.0,0.0,-0.02909994125366211,-0.07807111740112305,0.009801458705339883,-0.08688938617706299,-0.13012564182281494,0.004355671487871859,-0.14584437012672424,-0.13360869884490967,-0.00216631507674947,-0.1794339120388031,-0.11277425289154053,-0.00954187181952193,-0.09745293855667114,-0.15587306022644043,-0.027806028585757758,-0.17371878027915955,-0.14556002616882324,-0.039755510028328445,-0.1564987599849701,-0.12665635347366333,-0.0427637825271745,-0.13321247696876526,-0.12578856945037842,-0.04344417699786618,-0.10039681196212769,-0.09608647227287292,-0.03948093750688031,-0.17430582642555237,-0.09243723750114441,-0.04566331007691815,-0.15642961859703064,-0.07739880681037903,-0.038586711373056914,-0.13205599784851074,-0.07498878240585327,-0.03514820882293179,-0.10469862818717957,-0.037737905979156494,-0.04824585267516568,-0.16911274194717407,-0.04177826642990112,-0.051272695746149566,-0.15017884969711304,-0.03120487928390503,-0.03576514669867947,-0.1274929940700531,-0.02923983335494995,-0.027011003207292106,-0.10825294256210327,0.018523335456848145,-0.05559247159573033,-0.15867364406585693,0.0031130313873291016,-0.054725954171146896,-0.14097607135772705,0.008600771427154541,-0.039024488862480666,-0.12224385142326355,0.012279331684112549,-0.028022853519644286,fist
0.0,0.0,0.0,-0.028467297554016113,-0.07687079906463623,0.010249145638226764,-0.08526325225830078,-0.12884995341300964,0.006190042320667999,-0.1429421305656433,-0.13636371493339539,0.0007387013938568998,-0.17627927660942078,-0.11651167273521423,-0.005497540503711207,-0.0993272066116333,-0.1575559675693512,-0.02262099056315492,-0.1731765866279602,-0.1483273208141327,-0.0336544678248174,-0.15736287832260132,-0.12772443890571594,-0.03670492923629354,-0.1346345841884613,-0.12564155459403992,-0.03752979419004987,-0.10266843438148499,-0.0995340645313263,-0.034280167583347065,-0.1748594045639038,-0.09442365169525146,-0.040117768261552555,-0.15710118412971497,-0.07711169123649597,-0.03336905843389104,-0.13259831070899963,-0.07422709465026855,-0.029789844218612416,-0.10710740089416504,-0.04124182462692261,-0.043390782240749104,-0.16938984394073486,-0.04368603229522705,-0.04670269197595189,-0.15074971318244934,-0.03129088878631592,-0.031879765603662236,-0.12803637981414795,-0.02884197235107422,-0.02321668497097562,-0.11061331629753113,0.01584833860397339,-0.05112382179868291,-0.160226970911026,0.0032182931900024414,-0.05075830003988813,-0.14259576797485352,0.01031261682510376,-0.035692767862201435,-0.1236412525177002,0.013617932796478271,-0.024885836679459317,fist
0.0,0.0,0.0,-0.02920818328857422,-0.07817167043685913,0.008097036393365897,-0.08736991882324219,-0.13070645928382874,0.0028152695167875663,-0.1463184356689453,-0.13554221391677856,-0.003385971648611985,-0.17901214957237244,-0.11230778694152832,-0.010010639553883038,-0.10240814089775085,-0.15922802686691284,-0.02289261331222292,-0.17435100674629211,-0.14766842126846313,-0.0346525799240851,-0.15730369091033936,-0.12730926275253296,-0.038722988566377126,-0.13424715399742126,-0.1263902187347412,-0.04027818923256632,-0.10707435011863708,-0.1006254255771637,-0.03390480240247484,-0.17823824286460876,-0.09538063406944275,-0.04024429654143091,-0.16026976704597473,-0.07796716690063477,-0.03406159242055651,-0.13544303178787231,-0.07479655742645264,-0.030739397158839665,-0.11231860518455505,-0.04180896282196045,-0.04266843607089754,-0.1733599305152893,-0.04515570402145386,-0.046367254456498586,-0.15394651889801025,-0.03302288055419922,-0.03169351478479143,-0.13072556257247925,-0.030249416828155518,-0.022961674606420956,-0.11585357785224915,0.014827609062194824,-0.05033263598940607,-0.16280069947242737,0.0008048415184020996,-0.04986831580660578,-0.1446140706539154,0.00817728042602539,-0.034760598441579305,-0.12596097588539124,0.012404084205627441,-0.023870712494471036,fist
0.0,0.0,0.0,-0.028936564922332764,-0.0781373679637909,0.007271093083630831,-0.08793330192565918,-0.13332518935203552,0.0022299571429300613,-0.14664092659950256,-0.14653417468070984,-0.003434452460993498,-0.18137913942337036,-0.1283029317855835,-0.009561015525747507,-0.10151109099388123,-0.1565745770931244,-0.02480464545070049,-0.1737261712551117,-0.14639097452163696,-0.03630861383854267,-0.15768378973007202,-0.1270313560962677,-0.040000864537347525,-0.13509544730186462,-0.1259014904499054,-0.04120571282683727,-0.10583224892616272,-0.09790748357772827,-0.03492494788943645,-0.17642909288406372,-0.0935954749584198,-0.04102393356143352,-0.15883827209472656,-0.07746687531471252,-0.034653918119062155,-0.13400039076805115,-0.07453909516334534,-0.03132509556590435,-0.11085295677185059,-0.039406418800354004,-0.0426985782104623,-0.17164668440818787,-0.043632328510284424,-0.045783874811519354,-0.15310758352279663,-0.03242677450180054,-0.03111817804156658,-0.13001874089241028,-0.029835522174835205,-0.022658665897239416,-0.1145215630531311,0.016391754150390625,-0.04944758606134769,-0.16106316447257996,0.001130223274230957,-0.04863276821552631,-0.1436832845211029,0.00828087329864502,-0.03386268508612034,-0.12516850233078003,0.01299053430557251,-0.023361371131528585,fist
0.0,0.0,0.0,-0.030012547969818115,-0.07908976078033447,0.009077122636981017,-0.0869835615158081,-0.12892040610313416,0.00440880257347942,-0.14192098379135132,-0.13425785303115845,-0.0015273124753463208,-0.17126202583312988,-0.11104846000671387,-0.008199913225226396,-0.10301575064659119,-0.15488535165786743,-0.021867992154412264,-0.17343547940254211,-0.14470744132995605,-0.03284154812162399,-0.15720030665397644,-0.12419596314430237,-0.03657979870503425,-0.13457804918289185,-0.12249574065208435,-0.0378563327557373,-0.10719308257102966,-0.09704592823982239,-0.0327068490750122,-0.17420002818107605,-0.09117671847343445,-0.0377819647855091,-0.15660732984542847,-0.07471957802772522,-0.031310099906377786,-0.1326613426208496,-0.07274103164672852,-0.028122231162242883,-0.11172190308570862,-0.038705289363861084,-0.04118575135534286,-0.16871434450149536,-0.04187631607055664,-0.04325566793148994,-0.14970234036445618,-0.030778706073760986,-0.028928836605601305,-0.1268330216407776,-0.02854055166244507,-0.02085614929264068,-0.11468952894210815,0.016805827617645264,-0.04855654368465423,-0.15928012132644653,0.004899322986602783,-0.046700261331253046,-0.14167654514312744,0.010518014430999756,-0.03166850263541221,-0.12353891134262085,0.01334160566329956,-0.02109774926965713,fist
0.0,0.0,0.0,-0.029086589813232422,-0.08033883571624756,0.008750667304624926,-0.08430683612823486,-0.12805435061454773,0.004106497366805684,-0.13725191354751587,-0.13445058465003967,-0.002009567131395329,-0.16904950141906738,-0.11507752537727356,-0.008751997283766855,-0.10488414764404297,-0.15512195229530334,-0.020890230803857435,-0.1744726300239563,-0.14535489678382874,-0.032051209851275075,-0.15652629733085632,-0.12791591882705688,-0.03673981179214536,-0.13296303153038025,-0.12726172804832458,-0.03848428328252851,-0.11014038324356079,-0.09687769412994385,-0.031222178160319913,-0.1752530336380005,-0.09433019161224365,-0.03632365588761388,-0.1577276587486267,-0.0802268385887146,-0.0309856985948187,-0.1335800290107727,-0.07722452282905579,-0.028503636389146436,-0.11529150605201721,-0.038535475730895996,-0.039279494925509084,-0.17072808742523193,-0.04583728313446045,-0.04058484037138044,-0.1520693302154541,-0.03579521179199219,-0.02669229034997045,-0.12917786836624146,-0.032597124576568604,-0.018963074802528013,-0.1179455816745758,0.0158311128616333,-0.04636476983047544,-0.16214653849601746,-0.000613868236541748,-0.04356104184604703,-0.14489176869392395,0.004630744457244873,-0.02831570108152448,-0.12658005952835083,0.008370518684387207,-0.017576706155310262,fist
0.0,0.0,0.0,-0.030070185661315918,-0.0794670581817627,0.008249267395214588,-0.08557412028312683,-0.12764501571655273,0.003909911885486395,-0.13845640420913696,-0.13632893562316895,-0.0017601591119529303,-0.17008471488952637,-0.11609050631523132,-0.007878129911048859,-0.1046765148639679,-0.15041881799697876,-0.020094262976570576,-0.17089954018592834,-0.14301860332489014,-0.02969600500576064,-0.15315741300582886,-0.12486708164215088,-0.03349789472333953,-0.13095888495445251,-0.12475007772445679,-0.035045603830738514,-0.11019653081893921,-0.09312403202056885,-0.029809171874447316,-0.17202997207641602,-0.0933871865272522,-0.033878835458679646,-0.15499335527420044,-0.07873880863189697,-0.028075704891605824,-0.13160452246665955,-0.07565322518348694,-0.02540206218175456,-0.11561918258666992,-0.03556478023529053,-0.037208376992865055,-0.16824772953987122,-0.046009957790374756,-0.037388260085506886,-0.1504824161529541,-0.03553122282028198,-0.023507169057054966,-0.1284533143043518,-0.03143495321273804,-0.01607082651965186,-0.11848831176757812,0.017245113849639893,-0.04375613721124694,-0.15874075889587402,-0.0028987526893615723,-0.03986850621215865,-0.1420157253742218,0.0022203922271728516,-0.024767673183603733,-0.1243332028388977,0.0074495673179626465,-0.014421480317039936,fist
0.0,0.0,0.0,-0.02970057725906372,-0.07999280095100403,0.008282945297096944,-0.08393251895904541,-0.12990233302116394,0.004943208109025932,-0.13779032230377197,-0.13965383172035217,0.0004753506313051048,-0.1707283854484558,-0.12031984329223633,-0.0042508525854003665,-0.10584098100662231,-0.1503874659538269,-0.017349420309628272,-0.17077994346618652,-0.14151328802108765,-0.02588100192006948,-0.1534717082977295,-0.12524288892745972,-0.02937320639249208,-0.13116466999053955,-0.12490308284759521,-0.03059930746313455,-0.11218127608299255,-0.09350985288619995,-0.02632711474653604,-0.1733475625514984,-0.09353706240653992,-0.029165545672739768,-0.15634557604789734,-0.07979342341423035,-0.023576144323314452,-0.13282358646392822,-0.07557675242424011,-0.02092397604938867,-0.1177608072757721,-0.03642028570175171,-0.03305747006889703,-0.16963082551956177,-0.046335816383361816,-0.03201493640300157,-0.15229326486587524,-0.03672605752944946,-0.018577156782711768,-0.13047707080841064,-0.032631754875183105,-0.011509069435859942,-0.12037113308906555,0.016261279582977295,-0.0389641488051069,-0.16021132469177246,-0.004254758358001709,-0.0341922679996145,-0.14417752623558044,0.0013046860694885254,-0.019271409333313727,-0.12701278924942017,0.00655752420425415,-0.00902729407754066,fist
0.0,0.0,0.0,-0.028084635734558105,-0.07983404397964478,0.00983089279260696,-0.07972660660743713,-0.1267160177230835,0.007123163210863481,-0.12899631261825562,-0.1360570192337036,0.002538415844256292,-0.15964901447296143,-0.11439639329910278,-0.0023341118277215855,-0.10524803400039673,-0.15110421180725098,-0.013333610483741154,-0.16718271374702454,-0.1457413136959076,-0.02086242962751328,-0.1505381166934967,-0.1284906268119812,-0.024236782678698887,-0.1296011209487915,-0.12759718298912048,-0.025493527987336506,-0.11330890655517578,-0.09538546204566956,-0.022873015367721905,-0.1700730323791504,-0.09626659750938416,-0.02477211993310391,-0.1537386178970337,-0.08155643939971924,-0.019355689400171627,-0.1312224566936493,-0.07758194208145142,-0.016757457741832127,-0.1200750470161438,-0.03825873136520386,-0.030245944151019444,-0.16762548685073853,-0.048352718353271484,-0.02780285406980454,-0.15130245685577393,-0.03744363784790039,-0.015092173816000809,-0.1300177276134491,-0.03250211477279663,-0.008702134006952633,-0.12360262870788574,0.01374596357345581,-0.03680415194604336,-0.15951520204544067,-0.004744470119476318,-0.03055212203535973,-0.14412659406661987,0.0011622309684753418,-0.015858183839654316,-0.1270584762096405,0.006367206573486328,-0.0058849661064499514,fist
0.0,0.0,0.0,-0.02945077419281006,-0.07969930768013,0.010443993697052179,-0.08088210225105286,-0.12779438495635986,0.008420850934570012,-0.13096654415130615,-0.14078593254089355,0.0047304456514467574,-0.16320472955703735,-0.12172877788543701,0.0009699700443235315,-0.10624325275421143,-0.15021729469299316,-0.012238993456477942,-0.16919127106666565,-0.14418676495552063,-0.01895359452616674,-0.1519642472267151,-0.12789922952651978,-0.021881424968952956,-0.13018181920051575,-0.12746775150299072,-0.022694167828078093,-0.11484739184379578,-0.09469279646873474,-0.021360348125810447,-0.17180535197257996,-0.09725919365882874,-0.02192157242249948,-0.1550503373146057,-0.08355548977851868,-0.016248700356001677,-0.132572740316391,-0.07899555563926697,-0.013574226906413855,-0.12205061316490173,-0.0383639931678772,-0.028224893992657485,-0.1687486469745636,-0.04965651035308838,-0.02431662302267057,-0.15200409293174744,-0.0398905873298645,-0.011614751217777552,-0.13117623329162598,-0.035112082958221436,-0.0054735002646992825,-0.12583425641059875,0.012705504894256592,-0.034263742303366485,-0.16015854477882385,-0.008273899555206299,-0.026891376038904014,-0.14467597007751465,-0.0022530555725097656,-0.012160889951402964,-0.12849542498588562,0.003560006618499756,-0.0022483388035396956,fist
0.0,0.0,0.0,-0.0290067195892334,-0.08078128099441528,0.011707927706368082,-0.07919323444366455,-0.12303519248962402,0.009399730386860483,-0.12569397687911987,-0.1278458833694458,0.0050000791910065345,-0.15416061878204346,-0.10226777195930481,0.00015020687197875304,-0.10574483871459961,-0.1495783030986786,-0.009428537776045687,-0.16560041904449463,-0.14200225472450256,-0.015042682503633387,-0.14944183826446533,-0.12751910090446472,-0.018339448002450354,-0.1292044222354889,-0.12713265419006348,-0.019598106247656233,-0.11566627025604248,-0.0938652753829956,-0.01870544659840334,-0.16866683959960938,-0.09449175000190735,-0.017440367815368063,-0.15275529026985168,-0.0824626088142395,-0.012296140519254095,-0.13127440214157104,-0.07814556360244751,-0.010462249954514391,-0.1232038140296936,-0.03723949193954468,-0.02561329710232485,-0.16652598977088928,-0.04844498634338379,-0.019374328059427626,-0.15126952528953552,-0.03935295343399048,-0.0076014607672618695,-0.13149476051330566,-0.03337293863296509,-0.002657764683760888,-0.12730881571769714,0.012855291366577148,-0.03167997146891821,-0.15896371006965637,-0.006826579570770264,-0.02210225383686293,-0.1446123719215393,-0.002381265163421631,-0.007442067236922867,-0.12920138239860535,0.0032137632369995117,0.002097198414332979,fist
0.0,0.0,0.0,-0.02931833267211914,-0.07929190993309021,0.013478870114219887,-0.07807117700576782,-0.11836868524551392,0.013340392691922887,-0.12175965309143066,-0.1202126145362854,0.01068565862430404,-0.1488754153251648,-0.0937705934047699,0.007787116879505618,-0.10946103930473328,-0.14617645740509033,-0.001763233140202658,-0.16530942916870117,-0.14128774404525757,-0.004193631390201347,-0.15033692121505737,-0.1251417100429535,-0.006270342895852821,-0.13110166788101196,-0.1228589415550232,-0.006974987143742339,-0.12129199504852295,-0.09246701002120972,-0.010537751408385532,-0.16918689012527466,-0.09365493059158325,-0.005564106552021997,-0.15403315424919128,-0.08134394884109497,-4.8156867826776306e-05,-0.13402462005615234,-0.0764758288860321,0.0016792127461187079,-0.12867462635040283,-0.036666274070739746,-0.017021786810921924,-0.16804975271224976,-0.04752928018569946,-0.00781560076223542,-0.15357562899589539,-0.038710594177246094,0.0030574950686670377,-0.13482564687728882,-0.031823575496673584,0.006989108940494759,-0.13171181082725525,0.012653946876525879,-0.02255526223974158,-0.16003048419952393,-0.0061293840408325195,-0.0107790021394365,-0.14672541618347168,-0.0027155280113220215,0.003710418783036573,-0.13198888301849365,0.0026177167892456055,0.013029013371003373,fist
0.0,0.0,0.0,-0.029017925262451172,-0.07989433407783508,0.013017649770233675,-0.07921922206878662,-0.12154698371887207,0.012950952172730013,-0.12463259696960449,-0.13147994875907898,0.010649000302407785,-0.15281832218170166,-0.1107105016708374,0.008166924126896902,-0.10795068740844727,-0.14357289671897888,-0.00490663199826713,-0.16579711437225342,-0.13856291770935059,-0.00894539243682857,-0.14906954765319824,-0.12505942583084106,-0.01142043992086883,-0.12765991687774658,-0.12418472766876221,-0.011811961411979155,-0.11802533268928528,-0.08942064642906189,-0.013371051281239943,-0.16777747869491577,-0.09179136157035828,-0.009801576837446646,-0.1518370509147644,-0.08066096901893616,-0.004435117348577933,-0.13082227110862732,-0.0760040283203125,-0.0025172058879547876,-0.12533023953437805,-0.033732712268829346,-0.01955716776802774,-0.16565179824829102,-0.04509812593460083,-0.011223297558274226,-0.15060263872146606,-0.03663754463195801,-0.00017262958073160917,-0.13144022226333618,-0.030095458030700684,0.004006992102119966,-0.12915074825286865,0.015156030654907227,-0.024796151548173384,-0.15963214635849,-0.0051119327545166016,-0.013444975010600047,-0.14602893590927124,-0.0005314946174621582,0.0010330065931043464,-0.13105368614196777,0.005885422229766846,0.01029061340585713,fist
0.0,0.0,0.0,-0.029207289218902588,-0.0770745575428009,0.015548637394857678,-0.07664769887924194,-0.11467254161834717,0.01700165521080521,-0.11939844489097595,-0.12082311511039734,0.015417224054289136,-0.1469293236732483,-0.09967273473739624,0.013368036856007848,-0.11212867498397827,-0.14363554120063782,0.0010240546214106416,-0.16528469324111938,-0.13783583045005798,-0.0005288012655739749,-0.149720698595047,-0.12379306554794312,-0.002316597358259287,-0.13033825159072876,-0.12263244390487671,-0.0029049308252808714,-0.12359350919723511,-0.09157174825668335,-0.008448725308227267,-0.16775333881378174,-0.0911528468132019,-0.002293506612005558,-0.1520596146583557,-0.07868298888206482,0.0034097419372471904,-0.13243451714515686,-0.07405942678451538,0.005089775451523337,-0.13014090061187744,-0.03643643856048584,-0.015549218955385413,-0.16710013151168823,-0.04524105787277222,-0.005609153046208348,-0.15252557396888733,-0.03560948371887207,0.005087313965958629,-0.13428449630737305,-0.0287131667137146,0.008723450151336465,-0.1320846676826477,0.013303279876708984,-0.021552368740486827,-0.16114896535873413,-0.0035039186477661133,-0.009798845949518409,-0.14754825830459595,0.0017781853675842285,0.004606438127410684,-0.13247859477996826,0.008764803409576416,0.013949246403825555,fist
0.0,0.0,0.0,-0.02986246347427368,-0.07627201080322266,0.01790774410515894,-0.07445314526557922,-0.10995012521743774,0.02105353010743727,-0.11414775252342224,-0.11306294798851013,0.020353771577774182,-0.1404227614402771,-0.09103351831436157,0.01908843202441801,-0.1096625030040741,-0.1406642496585846,0.007965707983075276,-0.1628473699092865,-0.13714146614074707,0.0082077345058309,-0.1484484076499939,-0.1214199960231781,0.006810430268942014,-0.1285722851753235,-0.11863097548484802,0.006523369177429572,-0.12316110730171204,-0.0907508134841919,-0.0014826949274180379,-0.1651066541671753,-0.09044310450553894,0.007414215541629687,-0.1502099335193634,-0.07661181688308716,0.012337217870353356,-0.13067102432250977,-0.07150903344154358,0.013239372353254453,-0.1309203803539276,-0.03689295053482056,-0.00855324620455633,-0.1643676459789276,-0.042503416538238525,0.0047026167802499685,-0.14994221925735474,-0.03195011615753174,0.013988599944113389,-0.13174062967300415,-0.024638652801513672,0.015889506618677274,-0.13379597663879395,0.01195448637008667,-0.014488597568870887,-0.15854597091674805,0.0003864765167236328,-0.000396642944124892,-0.14449471235275269,0.006331324577331543,0.013264845888315335,-0.12862053513526917,0.013176500797271729,0.021733674983678952,fist
0.0,0.0,0.0,-0.029871821403503418,-0.07659518718719482,0.017325744264667264,-0.07429778575897217,-0.11193400621414185,0.020151235395019285,-0.11424565315246582,-0.11743462085723877,0.019666102015321485,-0.14010721445083618,-0.09575596451759338,0.018677180864756338,-0.10825306177139282,-0.14022400975227356,0.005202376049851409,-0.16102898120880127,-0.13626977801322937,0.00624043191680812,-0.14757224917411804,-0.12064200639724731,0.006187881109212867,-0.12861791253089905,-0.1178739070892334,0.006631188792084686,-0.12200954556465149,-0.0911453366279602,-0.0037753039515564524,-0.16352617740631104,-0.09080880880355835,0.004936754935329191,-0.14885905385017395,-0.07791063189506531,0.010358564787452451,-0.12949958443641663,-0.07270830869674683,0.011637130052690736,-0.12990614771842957,-0.03783494234085083,-0.01012756838565565,-0.16170555353164673,-0.043093323707580566,0.00292971753412985,-0.1470753252506256,-0.033222079277038574,0.012097415746097795,-0.12890735268592834,-0.02611607313156128,0.013967300065701238,-0.13288065791130066,0.010456204414367676,-0.015288508265371092,-0.15694165229797363,-0.0012617707252502441,-0.0018273993638331376,-0.1433500349521637,0.004550814628601074,0.011122330323701135,-0.12775573134422302,0.011471986770629883,0.01914590620333456,fist
0.0,0.0,0.0,-0.02934211492538452,-0.07565250992774963,0.016398019439748168,-0.07152915000915527,-0.10864812135696411,0.01752864318268621,-0.10806545615196228,-0.10757273435592651,0.015087086989751697,-0.13233661651611328,-0.08236485719680786,0.011885454229286552,-0.10790154337882996,-0.13666817545890808,0.0017307475704910757,-0.15979912877082825,-0.13452985882759094,-1.951044168890803e-05,-0.14537113904953003,-0.11725303530693054,-0.0017545803652865288,-0.12487244606018066,-0.11312922835350037,-0.0022374339837369916,-0.12111157178878784,-0.08875051140785217,-0.007816833161541581,-0.16298028826713562,-0.08936858177185059,-0.0009278981101488171,-0.14764147996902466,-0.0748153030872345,0.004097734394690633,-0.1274237334728241,-0.06931990385055542,0.005148859045675636,-0.1282036006450653,-0.03669846057891846,-0.014805179738232255,-0.16173622012138367,-0.041173458099365234,-0.0035988518006888626,-0.14603185653686523,-0.030521094799041748,0.005837955328843236,-0.1267659068107605,-0.02369558811187744,0.00810437770860517,-0.13029417395591736,0.011004388332366943,-0.02064630454106009,-0.15503346920013428,0.0016654729843139648,-0.00931314071340239,-0.14052173495292664,0.005918979644775391,0.0036109469861003163,-0.12377738952636719,0.011223018169403076,0.011930434315672755,fist
0.0,0.0,0.0,-0.030526041984558105,-0.07272198796272278,0.01597955872040302,-0.07027113437652588,-0.10526737570762634,0.017544590427689855,-0.1059369444847107,-0.10814410448074341,0.015679220228605573,-0.13094782829284668,-0.08938124775886536,0.013192220150642697,-0.11125990748405457,-0.1317809820175171,0.002579400341176097,-0.1607169806957245,-0.12909865379333496,0.002130434408002202,-0.14744356274604797,-0.11117732524871826,0.0015440542736655516,-0.12762153148651123,-0.10624408721923828,0.0017365827478101892,-0.12457558512687683,-0.08626407384872437,-0.00618139884699076,-0.16261202096939087,-0.08392584323883057,0.0013668015852204007,-0.14744707942008972,-0.06749850511550903,0.006023700839989488,-0.1266126036643982,-0.060775816440582275,0.007020539163761441,-0.13074547052383423,-0.03608059883117676,-0.012361361154205497,-0.15783485770225525,-0.03412240743637085,-0.0012383886825659829,-0.14214986562728882,-0.022613227367401123,0.0061570471405616445,-0.1218392550945282,-0.016077876091003418,0.007212879627161328,-0.1317223608493805,0.010619819164276123,-0.017339225367493327,-0.15090849995613098,0.008242011070251465,-0.007539173562861379,-0.1350976824760437,0.014394640922546387,0.0030280084136506957,-0.11601388454437256,0.020032405853271484,0.010172085396163766,fist
0.0,0.0,0.0,-0.028960049152374268,-0.06980672478675842,0.013401892473197563,-0.0690869688987732,-0.10572180151939392,0.013893110183275326,-0.10532060265541077,-0.11194893717765808,0.011228991178072079,-0.13146376609802246,-0.09418380260467529,0.008141803992188557,-0.10908851027488708,-0.13234391808509827,-9.855279451187471e-05,-0.16178426146507263,-0.1280808448791504,-0.003425285947301404,-0.1518336832523346,-0.11014404892921448,-0.005069405334793942,-0.1323665976524353,-0.10504105687141418,-0.0050015608135396405,-0.12146013975143433,-0.08809533715248108,-0.008757496746980564,-0.16613224148750305,-0.08517301082611084,-0.00589122858902158,-0.15260353684425354,-0.06862816214561462,-0.0028281768604898616,-0.13051852583885193,-0.062062621116638184,-0.0015656977480063006,-0.12729281187057495,-0.03873777389526367,-0.015203009853863136,-0.16017436981201172,-0.03512704372406006,-0.008623661967718022,-0.14494848251342773,-0.023460805416107178,-0.0021017093963706657,-0.12331008911132812,-0.018268585205078125,-0.00011779137959422314,-0.1281542181968689,0.007734239101409912,-0.02056958017011823,-0.15153324604034424,0.007073163986206055,-0.014364851201676743,-0.13708436489105225,0.012865543365478516,-0.005228783498310463,-0.11757543683052063,0.017493247985839844,0.001708601572758539,fist
0.0,0.0,0.0,-0.029802799224853516,-0.0705905556678772,0.014587452740130402,-0.0685502290725708,-0.1052173376083374,0.015912287973520733,-0.10463517904281616,-0.11175236105918884,0.014016806252953984,-0.13032284379005432,-0.09411603212356567,0.011698858917412736,-0.11081498861312866,-0.13115859031677246,0.0030765082805430666,-0.16043192148208618,-0.12816238403320312,0.0020550157527452484,-0.14981448650360107,-0.10978838801383972,0.0011118153228437677,-0.13140782713890076,-0.10404077172279358,0.0012049521205028668,-0.12434422969818115,-0.08723589777946472,-0.005384713306369804,-0.1635397970676422,-0.08368101716041565,0.0007531822660951093,-0.14951074123382568,-0.0675685703754425,0.004591155436543204,-0.12908193469047546,-0.061533331871032715,0.005533120699880101,-0.13035762310028076,-0.03831297159194946,-0.011536572954895519,-0.157599538564682,-0.03395789861679077,-0.0019385762394392714,-0.14231836795806885,-0.023335397243499756,0.004815538518784024,-0.12221592664718628,-0.018287241458892822,0.006021933269408919,-0.131087064743042,0.007623016834259033,-0.0166433480449939,-0.14983543753623962,0.007013499736785889,-0.008098297647478603,-0.13443735241889954,0.012706637382507324,0.0016023191741680876,-0.1159273087978363,0.0171394944190979,0.00846295721149204,fist
0.0,0.0,0.0,-0.02916198968887329,-0.07220110297203064,0.015593782492729247,-0.06844055652618408,-0.1045878529548645,0.016443310730906546,-0.10307684540748596,-0.1067984402179718,0.014106318780036986,-0.12780356407165527,-0.08454269170761108,0.010722585447879851,-0.10306984186172485,-0.13209640979766846,-0.0033671313833423255,-0.15563079714775085,-0.13245674967765808,-0.005857025313375175,-0.14958202838897705,-0.11340561509132385,-0.005046176764366805,-0.13221052289009094,-0.10635808110237122,-0.0035322276346363424,-0.11585700511932373,-0.08815321326255798,-0.013134531251338899,-0.16326209902763367,-0.09017574787139893,-0.00997480800673145,-0.15267005562782288,-0.072010338306427,-0.005290293640641153,-0.13099801540374756,-0.06413194537162781,-0.0031922848831840156,-0.12101584672927856,-0.038364529609680176,-0.020073754287508905,-0.1605568826198578,-0.04052126407623291,-0.014869231305269182,-0.14690935611724854,-0.026145458221435547,-0.008014088071135461,-0.12476536631584167,-0.018823862075805664,-0.005843011236933648,-0.12017163634300232,0.008414924144744873,-0.02529435376003164,-0.14744487404823303,0.005671858787536621,-0.02216172548308748,-0.13390862941741943,0.012967050075531006,-0.01389597965702194,-0.11360067129135132,0.01856929063796997,-0.007376407779005945,fist
0.0,0.0,0.0,-0.028818249702453613,-0.0710894763469696,0.01431328778501495,-0.0696682333946228,-0.10424041748046875,0.015066968960425697,-0.10488209128379822,-0.1013784408569336,0.012794000779948078,-0.12988179922103882,-0.07829272747039795,0.009693681014439903,-0.09771353006362915,-0.13018837571144104,-0.0049044795020307674,-0.15508022904396057,-0.13924825191497803,-0.009793412188329853,-0.15565726161003113,-0.12075647711753845,-0.009529621588328041,-0.13919931650161743,-0.11009013652801514,-0.00747183688569919,-0.11188405752182007,-0.08820590376853943,-0.01413915983054892,-0.16402667760849,-0.09560012817382812,-0.013515597457327999,-0.1575208306312561,-0.07655113935470581,-0.009940313423314251,-0.13644734025001526,-0.06702879071235657,-0.007814151482918419,-0.11950889229774475,-0.039450109004974365,-0.020846368992962994,-0.1640377640724182,-0.04307711124420166,-0.017588684583344616,-0.15264806151390076,-0.027121901512145996,-0.011746322984137691,-0.13059663772583008,-0.019166409969329834,-0.009570135982968964,-0.12157616019248962,0.007289409637451172,-0.025804123157897152,-0.1536369025707245,0.004437923431396484,-0.024176826948561825,-0.14279603958129883,0.011477470397949219,-0.017213845873513378,-0.12248322367668152,0.01619488000869751,-0.011287917631008781,fist
0.0,0.0,0.0,-0.029290080070495605,-0.07102766633033752,0.013861939674683299,-0.07245185971260071,-0.10563778877258301,0.013285037493773189,-0.1096683144569397,-0.10621041059494019,0.009566094158657279,-0.13526791334152222,-0.0860832929611206,0.005060975803502288,-0.10263776779174805,-0.13172274827957153,-0.006480074589632068,-0.15811195969581604,-0.13426896929740906,-0.012251051710478578,-0.15181046724319458,-0.11458078026771545,-0.013930179746381555,-0.13257750868797302,-0.10736420750617981,-0.013583655105463777,-0.1140214204788208,-0.08745244145393372,-0.01634494178884438,-0.16432058811187744,-0.09127292037010193,-0.015863306456736836,-0.15525758266448975,-0.07371795177459717,-0.012532933251492295,-0.13370546698570251,-0.06646230816841125,-0.011113147818974767,-0.11993438005447388,-0.03741878271102905,-0.023671138667992864,-0.16344130039215088,-0.04195356369018555,-0.019699830198220525,-0.15268251299858093,-0.02838456630706787,-0.012737915487520013,-0.13133317232131958,-0.020888864994049072,-0.01030019913756064,-0.12089911103248596,0.010050058364868164,-0.029529763021997724,-0.1525155007839203,0.004522800445556641,-0.025880906367234502,-0.14156773686408997,0.00934743881225586,-0.017140809082917485,-0.12221786379814148,0.014398515224456787,-0.010519961462847505,fist
0.0,0.0,0.0,-0.02885735034942627,-0.07052695751190186,0.01322058967105022,-0.0717584490776062,-0.10573223233222961,0.012532569531117588,-0.11033463478088379,-0.10905969142913818,0.008956314127658516,-0.13639095425605774,-0.08934038877487183,0.004697331756119638,-0.10619115829467773,-0.13308817148208618,-0.006877861388261408,-0.16045889258384705,-0.13339579105377197,-0.012178462866927475,-0.1538248360157013,-0.11567699909210205,-0.013404477324570507,-0.1344851851463318,-0.10885491967201233,-0.01280960713722834,-0.11724728345870972,-0.08887621760368347,-0.016696014378453583,-0.16690006852149963,-0.0918060839176178,-0.016002801183844895,-0.15705952048301697,-0.07584211230278015,-0.012386410434032769,-0.13485604524612427,-0.06882613897323608,-0.010640973162139744,-0.1219199001789093,-0.038909852504730225,-0.023963027570630402,-0.16357830166816711,-0.042072832584381104,-0.020415010798956246,-0.1508868932723999,-0.030578315258026123,-0.01329280150332579,-0.12847867608070374,-0.024628162384033203,-0.010530549969757885,-0.12114202976226807,0.009502887725830078,-0.029852882895852417,-0.1509181261062622,0.004412591457366943,-0.02743763004639277,-0.1375361979007721,0.008102118968963623,-0.018838350598002762,-0.11669784784317017,0.012241780757904053,-0.01188131694891581,fist
0.0,0.0,0.0,-0.028552234172821045,-0.0718340277671814,0.015101687441330114,-0.06992420554161072,-0.10725104808807373,0.01611868051693932,-0.10770204663276672,-0.11113068461418152,0.014037014375190893,-0.1334657371044159,-0.09194883704185486,0.011235900613229433,-0.10587415099143982,-0.1337992250919342,-0.003865840920497021,-0.15989646315574646,-0.13740289211273193,-0.0064737415698061795,-0.15596580505371094,-0.12130212783813477,-0.005586384405631861,-0.13863736391067505,-0.11296775937080383,-0.0037395205174277635,-0.11880797147750854,-0.09129604697227478,-0.013542571646411261,-0.1678439974784851,-0.09576684236526489,-0.010256379452783904,-0.15854689478874207,-0.0808904767036438,-0.005837841966439328,-0.13739365339279175,-0.07290160655975342,-0.0038796130858997913,-0.12438344955444336,-0.042864322662353516,-0.02038361186279758,-0.1639581024646759,-0.04534292221069336,-0.014214733225543341,-0.1507091522216797,-0.03510552644729614,-0.007298954838205418,-0.12873834371566772,-0.028996050357818604,-0.0053169001650701375,-0.1239919364452362,0.004839420318603516,-0.025724487920541605,-0.15131622552871704,0.0006579756736755371,-0.021525653620500407,-0.13736426830291748,0.003509700298309326,-0.013073056546289763,-0.1168508231639862,0.007491648197174072,-0.006552647409279189,fist
0.0,0.0,0.0,-0.031667470932006836,-0.07020878791809082,0.013736411027991835,-0.07559555768966675,-0.10471436381340027,0.011941640667998854,-0.11247953772544861,-0.10413512587547302,0.006791692257309023,-0.13702428340911865,-0.08160573244094849,0.0005980576690376438,-0.10778602957725525,-0.13153675198554993,-0.00806520317456716,-0.1634717583656311,-0.12899917364120483,-0.01503357660732263,-0.1539829969406128,-0.11144095659255981,-0.017777011699593004,-0.13403967022895813,-0.106835275888443,-0.01820113972536319,-0.11569741368293762,-0.08680698275566101,-0.018917637846982416,-0.16826224327087402,-0.08853253722190857,-0.01988711670747989,-0.15626150369644165,-0.0733879804611206,-0.016906992502129015,-0.13358458876609802,-0.0668606162071228,-0.015496434613680776,-0.11897015571594238,-0.036730825901031494,-0.02716696725002521,-0.16347676515579224,-0.039403557777404785,-0.024426032758867677,-0.14935517311096191,-0.030136287212371826,-0.016880393929397997,-0.12682420015335083,-0.024953484535217285,-0.013699427216863569,-0.11816850304603577,0.011802613735198975,-0.0340104335617184,-0.1509152054786682,0.006033003330230713,-0.031430114961779054,-0.13691061735153198,0.006788849830627441,-0.022061404741918977,-0.11632880568504333,0.009687960147857666,-0.014711298018312391,fist
0.0,0.0,0.0,-0.02991575002670288,-0.07285758852958679,0.014299836020526868,-0.07072991132736206,-0.10624021291732788,0.014422413903830034,-0.10634657740592957,-0.10933870077133179,0.011056111204979402,-0.13179898262023926,-0.09115219116210938,0.0069688325855707944,-0.11098772287368774,-0.13446810841560364,-0.0008583464551890074,-0.16243869066238403,-0.130304753780365,-0.004746422626467961,-0.1518789827823639,-0.11076992750167847,-0.0068406453248286425,-0.1327628195285797,-0.10520809888839722,-0.007309576020034569,-0.1229376494884491,-0.08985906839370728,-0.010555987235548514,-0.1677243709564209,-0.08764228224754333,-0.008074330155196208,-0.15355068445205688,-0.07042616605758667,-0.004698826454969662,-0.13122650980949402,-0.06377184391021729,-0.0033538278550082623,-0.12789630889892578,-0.039663612842559814,-0.01790875102246048,-0.16245031356811523,-0.03796488046646118,-0.011959943909587878,-0.14615356922149658,-0.02638643980026245,-0.004640367802622336,-0.12419620156288147,-0.02084404230117798,-0.0021814044922763287,-0.12725168466567993,0.008047103881835938,-0.024111068796756285,-0.1499985158443451,0.006096541881561279,-0.01906049902403595,-0.13460955023765564,0.010573387145996094,-0.00980303714835884,-0.11544334888458252,0.014270305633544922,-0.002684870258363503,fist
0.0,0.0,0.0,-0.02683711051940918,-0.0706280767917633,0.014314974815619053,-0.065270334482193,-0.1060221791267395,0.015262977377545894,-0.10145238041877747,-0.11567002534866333,0.012942293816280426,-0.12916550040245056,-0.10442972183227539,0.010184529394877018,-0.10713279247283936,-0.13365775346755981,-0.0017514833770349014,-0.1611766219139099,-0.1345309317111969,-0.005192292696762024,-0.15300408005714417,-0.11468705534934998,-0.006034045322763859,-0.13422346115112305,-0.10738176107406616,-0.005373543902265965,-0.12039640545845032,-0.09078079462051392,-0.010796443401801525,-0.16802847385406494,-0.0921335518360138,-0.007695994648116766,-0.15570026636123657,-0.07369744777679443,-0.003494970575872003,-0.13402771949768066,-0.06605526804924011,-0.0015916691217228163,-0.12673607468605042,-0.042441606521606445,-0.017438518657314717,-0.16290771961212158,-0.041960299015045166,-0.011027235380339562,-0.14812713861465454,-0.02957361936569214,-0.0036820956328540433,-0.1266510784626007,-0.023639321327209473,-0.0013142560664221037,-0.12742727994918823,0.003809511661529541,-0.02282084043227428,-0.15257719159126282,0.0011317729949951172,-0.017598370864021717,-0.13845914602279663,0.005848586559295654,-0.00863324555658096,-0.11920890212059021,0.00946873426437378,-0.0017704827068030227,fist
0.0,0.0,0.0,-0.03054863214492798,-0.0727081298828125,0.014351203177312755,-0.0722847580909729,-0.10499224066734314,0.014744469035605334,-0.10848477482795715,-0.10422813892364502,0.011733788136581325,-0.13308894634246826,-0.08308887481689453,0.007943145070413493,-0.11261570453643799,-0.13441917300224304,0.0005153875227108529,-0.16203632950782776,-0.1288847029209137,-0.001869504036193348,-0.14985761046409607,-0.1099543571472168,-0.0034265715384833584,-0.13134345412254333,-0.10594260692596436,-0.0039891790820263395,-0.1245192289352417,-0.0888424813747406,-0.008892157975395776,-0.166410893201828,-0.08579429984092712,-0.004791399393042184,-0.1511826515197754,-0.06895440816879272,-0.0010319264128781924,-0.12952765822410583,-0.06285011768341064,0.00014992381150591427,-0.12908896803855896,-0.03816032409667969,-0.015896276499887563,-0.16103211045265198,-0.0363384485244751,-0.009014199416895963,-0.14365744590759277,-0.024061501026153564,-0.001609366665405787,-0.12197965383529663,-0.018102586269378662,0.0007009816600032082,-0.1279783546924591,0.009307920932769775,-0.021737237389942266,-0.1498492956161499,0.0067427754402160645,-0.015872511010428525,-0.13375133275985718,0.012502968311309814,-0.006168417095949508,-0.11466053128242493,0.017498493194580078,0.0011183473525591126,fist
0.0,0.0,0.0,-0.03094315528869629,-0.07269054651260376,0.015676456431634733,-0.07215464115142822,-0.10615807771682739,0.01747321982193739,-0.10651004314422607,-0.10718640685081482,0.015768780301101515,-0.1292421817779541,-0.08261823654174805,0.013321009392626593,-0.11315807700157166,-0.13368558883666992,0.003574534247405836,-0.16192704439163208,-0.1291024386882782,0.0029095734215900393,-0.1501779556274414,-0.1108771562576294,0.0019878776955977173,-0.13190090656280518,-0.10630962252616882,0.001731524404846141,-0.12612542510032654,-0.08950486779212952,-0.005578858849816015,-0.16661706566810608,-0.08540335297584534,0.0009901306338235827,-0.15231293439865112,-0.06975290179252625,0.0051380190278962345,-0.13150355219841003,-0.06395810842514038,0.006083727276660511,-0.1313864290714264,-0.040251195430755615,-0.012297806401960543,-0.16120904684066772,-0.03672295808792114,-0.0024873798966780214,-0.14564064145088196,-0.026720643043518066,0.00422452476132662,-0.12507230043411255,-0.021538734436035156,0.005350596665181229,-0.13111603260040283,0.005924403667449951,-0.017873671909086397,-0.1513608694076538,0.005160927772521973,-0.00949163742106407,-0.13664200901985168,0.009021878242492676,2.318628585840088e-05,-0.11805227398872375,0.012727320194244385,0.006680306906588385,fist
0.0,0.0,0.0,-0.02978593111038208,-0.07211187481880188,0.01439524351980026,-0.07137155532836914,-0.10671183466911316,0.015216301226871565,-0.10724779963493347,-0.11062198877334595,0.012636805916088178,-0.13183355331420898,-0.09030169248580933,0.009393227318184927,-0.11050653457641602,-0.13363629579544067,0.0005171778927319792,-0.16145992279052734,-0.1291193664073944,-0.0026606237200326177,-0.15174338221549988,-0.11155414581298828,-0.004504722977173969,-0.13325148820877075,-0.1072084903717041,-0.004905187958968327,-0.12183237075805664,-0.08917313814163208,-0.009077640218777105,-0.16685080528259277,-0.08620694279670715,-0.005942416345817492,-0.15374299883842468,-0.07043355703353882,-0.0026127970461971017,-0.13163405656814575,-0.06503945589065552,-0.0014416395836747142,-0.12630492448806763,-0.03944551944732666,-0.016404040126246855,-0.16074270009994507,-0.03749275207519531,-0.009799742108327791,-0.14564895629882812,-0.027373015880584717,-0.0026112319586104604,-0.12414196133613586,-0.023614943027496338,-0.0003658845355971607,-0.12537267804145813,0.0077517032623291016,-0.02261925113026564,-0.1495322585105896,0.004668772220611572,-0.016554541854304716,-0.13500523567199707,0.00813150405883789,-0.006869903268409416,-0.11600545048713684,0.010812580585479736,0.0002954662510887829,fist
0.0,0.0,0.0,-0.02907264232635498,-0.07254624366760254,0.014375683908667725,-0.07112637162208557,-0.10804533958435059,0.015050342363622349,-0.10729116201400757,-0.11162438988685608,0.01235936587801234,-0.13169166445732117,-0.09051856398582458,0.008909576629605453,-0.1112794280052185,-0.13433223962783813,4.3522678254248603e-05,-0.16174358129501343,-0.13064759969711304,-0.0029152710350786037,-0.1509322226047516,-0.11318543553352356,-0.004848118814322788,-0.13265809416770935,-0.10913407802581787,-0.005495924445483524,-0.12247970700263977,-0.08952656388282776,-0.009632522183153469,-0.1672545075416565,-0.08803710341453552,-0.006202666031811077,-0.15303713083267212,-0.07241809368133545,-0.002679237805921275,-0.1310429573059082,-0.06646397709846497,-0.001458211162741918,-0.12671667337417603,-0.03965198993682861,-0.01693954499313577,-0.1613752841949463,-0.03918886184692383,-0.00987795641520961,-0.14536339044570923,-0.02905339002609253,-0.0021862752629999704,-0.12388673424720764,-0.024312376976013184,0.0002683488117440902,-0.1251419484615326,0.007577180862426758,-0.023145765009019215,-0.14928585290908813,0.0037621259689331055,-0.01639821933457597,-0.13431069254875183,0.007187068462371826,-0.00608035823205455,-0.1155814528465271,0.010665535926818848,0.0013887539378742986,fist
0.0,0.0,0.0,-0.029516935348510742,-0.07214710116386414,0.016239492640195863,-0.07287466526031494,-0.10882467031478882,0.019394202575384156,-0.1096760630607605,-0.11556974053382874,0.019008091137109773,-0.13444814085960388,-0.09610530734062195,0.018041599959431665,-0.11174583435058594,-0.1331140100955963,0.004198941354005115,-0.16361814737319946,-0.1325169801712036,0.0031650824922309084,-0.156152606010437,-0.11571663618087769,0.0030514357595876618,-0.13808518648147583,-0.10963153839111328,0.003911488641350047,-0.12396588921546936,-0.0899764895439148,-0.005148713525088056,-0.16944941878318787,-0.08842062950134277,0.0005632636121646328,-0.15722066164016724,-0.07313141226768494,0.0049615371491000815,-0.13614606857299805,-0.06766495108604431,0.006609165061561839,-0.12854793667793274,-0.04143589735031128,-0.012160963892640098,-0.16385239362716675,-0.03965651988983154,-0.0033937569723292427,-0.14902538061141968,-0.02969539165496826,0.0037769218425438567,-0.1279834806919098,-0.025390923023223877,0.005537797648756282,-0.12683677673339844,0.005189001560211182,-0.017892609864176734,-0.15113040804862976,0.0028908848762512207,-0.010172844446898921,-0.13665547966957092,0.00607454776763916,-0.0005012451337478296,-0.11759230494499207,0.008972644805908203,0.006358277935831325,fist
0.0,0.0,0.0,-0.029182791709899902,-0.07436823844909668,0.015220458341488552,-0.07201451063156128,-0.11018446087837219,0.01709279949004383,-0.10831809043884277,-0.11418038606643677,0.01537127206260891,-0.1330750584602356,-0.09493628144264221,0.012956362871179294,-0.11467266082763672,-0.13896411657333374,0.004049022869864416,-0.16382744908332825,-0.1333649456501007,0.0027268328254166363,-0.15284419059753418,-0.11586737632751465,0.0011544755675885199,-0.135163813829422,-0.11196339130401611,0.0005403867240119098,-0.12626278400421143,-0.09391844272613525,-0.005211550088873196,-0.16892343759536743,-0.09056267142295837,-0.0003022223404087754,-0.15456175804138184,-0.07464197278022766,0.0028755582884940623,-0.13312706351280212,-0.06868669390678406,0.003702664470026207,-0.1308128535747528,-0.04374784231185913,-0.012162043990841198,-0.16467741131782532,-0.04289352893829346,-0.0036403704884406807,-0.1494564414024353,-0.03179824352264404,0.0030603385080638645,-0.12852364778518677,-0.025822341442108154,0.004665500672260237,-0.12973833084106445,0.003446638584136963,-0.017994076291373062,-0.15277785062789917,0.0009832382202148438,-0.00996884265755682,-0.1387072503566742,0.004878878593444824,-0.00033629722152284103,-0.12046843767166138,0.0088043212890625,0.006543021836975527,fist
0.0,0.0,0.0,-0.030389070510864258,-0.07351458072662354,0.014683085239127536,-0.07284906506538391,-0.10913655161857605,0.015159658833042045,-0.10767710208892822,-0.11210280656814575,0.011885223655596633,-0.13198032975196838,-0.09337818622589111,0.007772986522510905,-0.11554616689682007,-0.13697931170463562,0.0005272444468999993,-0.1658363938331604,-0.13037359714508057,-0.002767196878224354,-0.15413150191307068,-0.11261007189750671,-0.005195015364691358,-0.13581043481826782,-0.10933500528335571,-0.006217805457666259,-0.12494674324989319,-0.09138533473014832,-0.009606110186680894,-0.1692001223564148,-0.08760318160057068,-0.006956739605769258,-0.1546928584575653,-0.07202494144439697,-0.004177264658167701,-0.13274827599525452,-0.06677058339118958,-0.003445632544710975,-0.12792134284973145,-0.04065603017807007,-0.01742970316986714,-0.1643516719341278,-0.040071725845336914,-0.011081688360675912,-0.14920729398727417,-0.029349863529205322,-0.003970684272601943,-0.12782150506973267,-0.0243108868598938,-0.001688996933765452,-0.12596407532691956,0.007556736469268799,-0.02411406419555817,-0.15305516123771667,0.003613591194152832,-0.017810753801271062,-0.13956472277641296,0.006536304950714111,-0.007938342423543077,-0.12103357911109924,0.00972449779510498,-0.0006535589563583244,fist
0.0,0.0,0.0,-0.02845752239227295,-0.0728001594543457,0.01706069816867739,-0.06851625442504883,-0.10798332095146179,0.019799792366427482,-0.10552781820297241,-0.11427932977676392,0.01897070852140814,-0.13111761212348938,-0.09492170810699463,0.017429919140738548,-0.10509127378463745,-0.13710099458694458,0.00222416703621775,-0.15759554505348206,-0.14324983954429626,0.0018032637148621689,-0.15647852420806885,-0.1260809302330017,0.002934854403463305,-0.14303046464920044,-0.1169881522655487,0.004419787014228405,-0.1204158365726471,-0.0966864824295044,-0.007285952409404217,-0.16754800081253052,-0.09854629635810852,-0.0008508221522447457,-0.15838852524757385,-0.08143511414527893,0.004394816393357814,-0.1389124095439911,-0.07397493720054626,0.006190249389362634,-0.12762805819511414,-0.04972487688064575,-0.014050193903642594,-0.16497954726219177,-0.04970681667327881,-0.004733767201798855,-0.15118920803070068,-0.036563992500305176,0.0028017237040671716,-0.13010582327842712,-0.029663026332855225,0.004400383839708866,-0.1280817985534668,-0.003643333911895752,-0.019409584654169976,-0.1518675684928894,-0.00563967227935791,-0.012370204394358097,-0.138431578874588,-0.0011368393898010254,-0.00344142721002072,-0.11958172917366028,0.0021952390670776367,0.002845300752994717,fist
0.0,0.0,0.0,-0.029322385787963867,-0.07296019792556763,0.015940949768292967,-0.07135775685310364,-0.1085769534111023,0.01702385440515286,-0.1095314621925354,-0.11219733953475952,0.014433577172923151,-0.13540974259376526,-0.09241771697998047,0.011114119999575678,-0.10918208956718445,-0.1374911069869995,0.0010661855158389244,-0.16077518463134766,-0.1357857882976532,-0.001749770501163539,-0.1515827178955078,-0.11520272493362427,-0.00331602224102312,-0.1334671974182129,-0.10948899388313293,-0.003638287093025383,-0.1215563714504242,-0.09385547041893005,-0.009241221956443724,-0.1673833727836609,-0.09280785918235779,-0.005047016795259651,-0.15506309270858765,-0.07416194677352905,-0.0008160311444669333,-0.13373181223869324,-0.06832453608512878,0.0005472078737795982,-0.1270245909690857,-0.044232308864593506,-0.01705694340122932,-0.1644868552684784,-0.04334664344787598,-0.009743579215836462,-0.14945092797279358,-0.02977573871612549,-0.001486947778147396,-0.1279246211051941,-0.0248415470123291,0.0010963808563531074,-0.12657803297042847,0.003558337688446045,-0.023595639988315043,-0.15329903364181519,-0.0006836652755737305,-0.017017183377873835,-0.139126718044281,0.004268467426300049,-0.006581288314890799,-0.12010088562965393,0.007019698619842529,0.0009513649092980359,fist
0.0,0.0,0.0,-0.0306016206741333,-0.07255792617797852,0.016368350444821544,-0.07200279831886292,-0.10533234477043152,0.018524578271893688,-0.10758775472640991,-0.10639184713363647,0.017118988989381023,-0.13089007139205933,-0.08547741174697876,0.015062468557147213,-0.11412709951400757,-0.13497182726860046,0.004792133776930996,-0.16270166635513306,-0.12981948256492615,0.005660855642048546,-0.15166422724723816,-0.11119168996810913,0.0055711501860002954,-0.13521403074264526,-0.10711193084716797,0.005479000939516254,-0.1264079213142395,-0.09081712365150452,-0.004678055213304333,-0.1657389998435974,-0.08686119318008423,0.0032047528889904697,-0.1517958641052246,-0.07025298476219177,0.007777543703554102,-0.1327952742576599,-0.06504204869270325,0.008587331010488697,-0.1312093734741211,-0.04181838035583496,-0.011556841933639816,-0.16038691997528076,-0.039652109146118164,4.615610814084903e-05,-0.14568409323692322,-0.028520166873931885,0.007846067158965297,-0.12696486711502075,-0.0233878493309021,0.009062529972283073,-0.1303577721118927,0.004595041275024414,-0.0173862832947691,-0.15152812004089355,0.0012421607971191406,-0.006652431131811909,-0.1374492049217224,0.005905508995056152,0.004296962136862703,-0.12075379490852356,0.009339511394500732,0.011383085011033245,fist
0.0,0.0,0.0,-0.030649125576019287,-0.07046067714691162,0.013138902686350207,-0.07303795218467712,-0.1044091284275055,0.012596860840730528,-0.11019530892372131,-0.10472139716148376,0.008750546105019907,-0.13566336035728455,-0.08341601490974426,0.0045142591333018345,-0.11257466673851013,-0.13693630695343018,0.00014387486577049913,-0.16363978385925293,-0.12950584292411804,-0.003635857872851034,-0.1515241265296936,-0.1099078357219696,-0.006308999996818443,-0.1327781081199646,-0.10617119073867798,-0.0075242474341763455,-0.12344267964363098,-0.09167096018791199,-0.009557537421770235,-0.1669524610042572,-0.08568090200424194,-0.007076593734510084,-0.15224462747573853,-0.06862321496009827,-0.004024907633848329,-0.13164612650871277,-0.06439322233200073,-0.0032098860612137514,-0.12820151448249817,-0.04128915071487427,-0.01719473177958264,-0.16166457533836365,-0.03924381732940674,-0.011304833613522192,-0.1458876132965088,-0.027233541011810303,-0.00340575297754242,-0.12595608830451965,-0.022758066654205322,-0.0005707149176856774,-0.12848970293998718,0.006154775619506836,-0.023927599810249944,-0.15356701612472534,0.0010404586791992188,-0.017571900658495565,-0.13859784603118896,0.006226837635040283,-0.006913005527295013,-0.1211290955543518,0.010064125061035156,0.0008605336405338448,fist
0.0,0.0,0.0,-0.031833767890930176,-0.07144194841384888,0.014615146407507495,-0.07419991493225098,-0.10389918088912964,0.014297870883368091,-0.10962933301925659,-0.10125565528869629,0.010298296773456173,-0.13368961215019226,-0.07672351598739624,0.005587160085909204,-0.11154627799987793,-0.13528379797935486,0.00030318158015063545,-0.16299372911453247,-0.1295628547668457,-0.0034105393927319483,-0.1509866714477539,-0.11007416248321533,-0.005822294427431984,-0.13184890151023865,-0.10585290193557739,-0.00686916712520258,-0.12206864356994629,-0.09010490775108337,-0.010160903482116623,-0.1670193374156952,-0.08559370040893555,-0.007407245261944695,-0.15239787101745605,-0.06910207867622375,-0.00405266651732461,-0.13132333755493164,-0.06476965546607971,-0.003241220524884625,-0.12627756595611572,-0.039725303649902344,-0.018396864680923386,-0.1633453369140625,-0.03899115324020386,-0.012580985239125653,-0.14739027619361877,-0.02722710371017456,-0.004649319256074591,-0.12690052390098572,-0.022579967975616455,-0.00191127011866854,-0.12594744563102722,0.007858991622924805,-0.025476428715862198,-0.15417757630348206,0.0014160871505737305,-0.01984527803806202,-0.13959309458732605,0.0054700374603271484,-0.009298504365958138,-0.12136510014533997,0.009254753589630127,-0.0015893755838050083,fist
0.0,0.0,0.0,-0.03012549877166748,-0.07111677527427673,0.016216805141652912,-0.07264229655265808,-0.10655832290649414,0.018539518054808468,-0.11047741770744324,-0.11117550730705261,0.01735133485146889,-0.1367122232913971,-0.09315744042396545,0.015769088577712864,-0.11122488975524902,-0.1408749222755432,0.004685485206778139,-0.1623738408088684,-0.13112202286720276,0.004087565869326681,-0.14977726340293884,-0.11256203055381775,0.003334210889647693,-0.13122227787971497,-0.1097622811794281,0.0033217425758493846,-0.12349286675453186,-0.09541839361190796,-0.0051007564810561234,-0.16519927978515625,-0.08651027083396912,0.0008455750017901664,-0.15124905109405518,-0.06908038258552551,0.005258863728727192,-0.1312972605228424,-0.06512320041656494,0.006462896179641575,-0.1297808587551117,-0.04414016008377075,-0.012582855362211376,-0.16230198740959167,-0.03958141803741455,-0.003765574253861814,-0.1480720043182373,-0.025281310081481934,0.004087214295054764,-0.12901872396469116,-0.02026134729385376,0.006322269264842362,-0.13145124912261963,0.004288017749786377,-0.018907655093585163,-0.15874886512756348,-0.0003133416175842285,-0.010161109331761509,-0.1456998586654663,0.008221566677093506,0.0008136177153801327,-0.12873446941375732,0.013981103897094727,0.008511972550536484,fist
0.0,0.0,0.0,-0.031177818775177002,-0.07184061408042908,0.017784284168300246,-0.07350301742553711,-0.10629084706306458,0.01890424799304924,-0.11220195889472961,-0.11076804995536804,0.016548221671399688,-0.13769418001174927,-0.09129601716995239,0.013525578865227317,-0.10557061433792114,-0.14562788605690002,0.0009374299285980214,-0.16031914949417114,-0.13439470529556274,0.0004979129614355315,-0.14683428406715393,-0.11719962954521179,0.0001865778346825664,-0.12959614396095276,-0.11616593599319458,0.0001802954090805997,-0.11597296595573425,-0.09740924835205078,-0.010286340749445344,-0.16287609934806824,-0.0911785364151001,-0.003860456662806655,-0.14856287837028503,-0.07481130957603455,0.001882412327830707,-0.12975645065307617,-0.07152625918388367,0.0033756396466912975,-0.12227600812911987,-0.04485797882080078,-0.018678643068852807,-0.15954014658927917,-0.04590985178947449,-0.008418279959442998,-0.14458328485488892,-0.03273117542266846,0.0022289952928247203,-0.12643128633499146,-0.028089523315429688,0.005509217475918149,-0.12395653128623962,0.004824399948120117,-0.025855900979223634,-0.15303421020507812,-0.006075859069824219,-0.015048285274389173,-0.1384025514125824,0.0018078088760375977,-0.00129588439929762,-0.12183010578155518,0.007224678993225098,0.007627852001604651,fist
0.0,0.0,0.0,-0.026709556579589844,-0.07049453258514404,0.011713484577015265,-0.07044023275375366,-0.11079168319702148,0.00949955665983282,-0.11132100224494934,-0.11816999316215515,0.004850413925126418,-0.13867932558059692,-0.09997326135635376,-0.00029255230201385984,-0.09557834267616272,-0.14869850873947144,-0.00947363554023184,-0.15590322017669678,-0.1387593150138855,-0.015808247686251775,-0.1408868432044983,-0.1199297308921814,-0.018833483294471876,-0.12157750129699707,-0.1191580593585968,-0.01991466498456873,-0.1034354567527771,-0.09967231750488281,-0.019299308494552747,-0.15811973810195923,-0.09422159194946289,-0.0196090831466762,-0.143081396818161,-0.07674574851989746,-0.014692620099410192,-0.12249445915222168,-0.07351630926132202,-0.012784658656343595,-0.11035710573196411,-0.04757338762283325,-0.026963750556930677,-0.15651530027389526,-0.04982820153236389,-0.023684539557322637,-0.14096122980117798,-0.03598111867904663,-0.012459766776188985,-0.1207292377948761,-0.03200596570968628,-0.007102300138100759,-0.11461001634597778,0.0018028020858764648,-0.033694044412001745,-0.15149450302124023,-0.01066821813583374,-0.02802149458311476,-0.1371530294418335,-0.0023822784423828125,-0.014831085414513723,-0.11962857842445374,0.0031137466430664062,-0.005630965535416976,fist
0.0,0.0,0.0,-0.026408374309539795,-0.07064378261566162,0.011856276769535157,-0.06966984272003174,-0.11112105846405029,0.009592202719645115,-0.11129847168922424,-0.11741262674331665,0.004929652665154549,-0.13889944553375244,-0.09898567199707031,-0.00034725579259031747,-0.09516587853431702,-0.1490311324596405,-0.008920998084946063,-0.15422368049621582,-0.1382308304309845,-0.014930894370777992,-0.13922366499900818,-0.11904323101043701,-0.01805228717218199,-0.12033957242965698,-0.11778485774993896,-0.01933347038517752,-0.10397949814796448,-0.10026651620864868,-0.0189346072782115,-0.15708881616592407,-0.09367156028747559,-0.018939584266050247,-0.14319130778312683,-0.07634150981903076,-0.014022838096721557,-0.12311336398124695,-0.07246023416519165,-0.012185537960036186,-0.1116146445274353,-0.04848715662956238,-0.026750920112831977,-0.1556803286075592,-0.04985007643699646,-0.02324185125122824,-0.14149034023284912,-0.03550964593887329,-0.01205313741753855,-0.12208712100982666,-0.03083956241607666,-0.00678859069536486,-0.11590418219566345,0.0007423758506774902,-0.03362926259229937,-0.15114551782608032,-0.00977092981338501,-0.027634842093689826,-0.13732171058654785,0.0004106760025024414,-0.01415215689281979,-0.1206713318824768,0.006969034671783447,-0.004733409039332059,fist
0.0,0.0,0.0,-0.023172378540039062,-0.07194536924362183,0.009020123328639329,-0.06669852137565613,-0.11990031599998474,0.0047302298951876764,-0.11072301864624023,-0.12987634539604187,-0.0013215663604455585,-0.13924768567085266,-0.11173713207244873,-0.007700547878073394,-0.08725446462631226,-0.1578606367111206,-0.016883977990971744,-0.1527673304080963,-0.1483457088470459,-0.027757042389737308,-0.13874122500419617,-0.12643659114837646,-0.03204620380364531,-0.11844825744628906,-0.124095618724823,-0.03347447637878531,-0.09423533082008362,-0.10789462924003601,-0.027341061573849856,-0.1568221151828766,-0.10160869359970093,-0.033032884192095935,-0.14171206951141357,-0.08187392354011536,-0.028024337556587398,-0.11964923143386841,-0.07842808961868286,-0.025022168945895373,-0.10164552927017212,-0.055657804012298584,-0.03594047699533576,-0.1526881456375122,-0.05569621920585632,-0.03806721169911498,-0.1374056041240692,-0.04063361883163452,-0.025970026221500575,-0.11697578430175781,-0.037986040115356445,-0.018811402213202655,-0.10718902945518494,-0.005285501480102539,-0.04363997776471251,-0.1468524932861328,-0.015740692615509033,-0.04171648372374648,-0.13155817985534668,-0.004944324493408203,-0.02851607773862952,-0.11382365226745605,0.00035494565963745117,-0.018779914196954905,fist
0.0,0.0,0.0,-0.01998603343963623,-0.07250028848648071,0.010829270808415004,-0.06119859218597412,-0.1232997477054596,0.0063475477419956405,-0.10646253824234009,-0.1346873641014099,-0.00047619161506418095,-0.13716906309127808,-0.11780238151550293,-0.008158982740326337,-0.08208748698234558,-0.16414374113082886,-0.019561657690985612,-0.15452098846435547,-0.15842270851135254,-0.032313782730682306,-0.1426536738872528,-0.13247191905975342,-0.03668076173363488,-0.12196272611618042,-0.12758511304855347,-0.03783495725093644,-0.08768776059150696,-0.11513027548789978,-0.03173241392670434,-0.15734755992889404,-0.111238032579422,-0.038824107506854943,-0.14372432231903076,-0.0890374481678009,-0.03322409466801446,-0.12185090780258179,-0.085868239402771,-0.03004645929632943,-0.09451451897621155,-0.06250983476638794,-0.041807804265602044,-0.15324431657791138,-0.06349685788154602,-0.04629788921175759,-0.13831889629364014,-0.0474395751953125,-0.033467806884630136,-0.11691093444824219,-0.04479414224624634,-0.02556211874781411,-0.10071855783462524,-0.009942770004272461,-0.0505700819283561,-0.14788904786109924,-0.02073514461517334,-0.051155772069080285,-0.13282474875450134,-0.011439800262451172,-0.037724960604293756,-0.11369460821151733,-0.007535815238952637,-0.027573239067180566,fist
0.0,0.0,0.0,-0.021628856658935547,-0.07344850897789001,0.010310078866723416,-0.06554010510444641,-0.12466859817504883,0.006344057980868456,-0.11164674162864685,-0.13367533683776855,1.893993726298504e-05,-0.14107215404510498,-0.11474877595901489,-0.007167779013570907,-0.08384230732917786,-0.1643771231174469,-0.01657155632233298,-0.15498125553131104,-0.16126501560211182,-0.027764548651930454,-0.1445278525352478,-0.1356925368309021,-0.031949914164897564,-0.12524953484535217,-0.13046982884407043,-0.03347436628496325,-0.08967465162277222,-0.1158725917339325,-0.028394832380172375,-0.15824836492538452,-0.11302947998046875,-0.03459611079847491,-0.14554038643836975,-0.09257414937019348,-0.029574898175951603,-0.1235133707523346,-0.0893276035785675,-0.026958589546438816,-0.09641653299331665,-0.06355461478233337,-0.038228950567599895,-0.1549874246120453,-0.06536108255386353,-0.04258552483474887,-0.14063218235969543,-0.04972195625305176,-0.030859219946023586,-0.11902609467506409,-0.04608088731765747,-0.023619853995796802,-0.10250106453895569,-0.01101142168045044,-0.04683188638841784,-0.14867177605628967,-0.023099541664123535,-0.04777553222334063,-0.13363948464393616,-0.013342142105102539,-0.03503048709785617,-0.11429375410079956,-0.008400261402130127,-0.02527609384810603,fist
0.0,0.0,0.0,-0.02206289768218994,-0.0694316029548645,0.011046586108278689,-0.06207519769668579,-0.11761191487312317,0.005614092123579439,-0.10849562287330627,-0.12492230534553528,-0.0026914556353574426,-0.1390160620212555,-0.10598582029342651,-0.012126591506529394,-0.07549500465393066,-0.1663886308670044,-0.018017709705162588,-0.15087026357650757,-0.17071545124053955,-0.03142901182465607,-0.14961019158363342,-0.13822942972183228,-0.03627695560746247,-0.13368046283721924,-0.12629809975624084,-0.03800540462427193,-0.07749301195144653,-0.1215699315071106,-0.031461414399672094,-0.15665718913078308,-0.11960706114768982,-0.04058685571246201,-0.14831027388572693,-0.09253451228141785,-0.03623020321421677,-0.1270299255847931,-0.08824682235717773,-0.033701599094200674,-0.08220714330673218,-0.0702289342880249,-0.04292707562737519,-0.15309196710586548,-0.07190114259719849,-0.05124056756787354,-0.1402987837791443,-0.0517696738243103,-0.03917908340983445,-0.11824095249176025,-0.048601627349853516,-0.03100748963944966,-0.08812716603279114,-0.017409682273864746,-0.052743453982401434,-0.14707323908805847,-0.02616506814956665,-0.05729245439462716,-0.13252177834510803,-0.014935612678527832,-0.04449093386821801,-0.11085855960845947,-0.011789798736572266,-0.03431460306339318,fist
0.0,0.0,0.0,-0.019835352897644043,-0.07185515761375427,0.012318721115946119,-0.06046628952026367,-0.13236963748931885,0.007408787571250741,-0.10665923357009888,-0.15556585788726807,0.00017932593101477323,-0.1416029930114746,-0.14369016885757446,-0.009040423594058211,-0.06554973125457764,-0.17035692930221558,-0.028868393897653277,-0.14587542414665222,-0.1857079267501831,-0.04258790045940941,-0.15157213807106018,-0.1569669246673584,-0.045087719261289294,-0.13946959376335144,-0.14097154140472412,-0.04528296545112198,-0.06476271152496338,-0.1253240406513214,-0.043306531309724505,-0.1502871811389923,-0.13105863332748413,-0.05418837994301384,-0.13954702019691467,-0.10718822479248047,-0.047672776430488284,-0.11540934443473816,-0.0996459424495697,-0.044008510112405475,-0.06841564178466797,-0.07400819659233093,-0.0548567193742997,-0.14749565720558167,-0.08160632848739624,-0.06594620823824471,-0.1307445764541626,-0.06544581055641174,-0.05215548530185288,-0.10539987683296204,-0.06120806932449341,-0.04299965679609841,-0.0753173828125,-0.01995718479156494,-0.0642125251885659,-0.1416093409061432,-0.033492207527160645,-0.07314277619087761,-0.12508264183998108,-0.023716986179351807,-0.060888389050603564,-0.10150563716888428,-0.01920849084854126,-0.05115335985982483,fist
0.0,0.0,0.0,-0.018997013568878174,-0.07294008135795593,0.009137291475525444,-0.05634868144989014,-0.13214033842086792,0.0013327631311028654,-0.10204628109931946,-0.15410774946212769,-0.00829074064702695,-0.13760897517204285,-0.14177289605140686,-0.019370860405871326,-0.06340992450714111,-0.17354938387870789,-0.0296798078200311,-0.14095449447631836,-0.18839478492736816,-0.04373627806515401,-0.1452229619026184,-0.16032692790031433,-0.04642963314861959,-0.1338486671447754,-0.1459270417690277,-0.046918812193581516,-0.06304627656936646,-0.12759506702423096,-0.0431131226798982,-0.1481240689754486,-0.1333502233028412,-0.05497701744050687,-0.13916310667991638,-0.11008897423744202,-0.04939130599112218,-0.11574527621269226,-0.10193890333175659,-0.04631243924112027,-0.0677681565284729,-0.07572686672210693,-0.05390245745391553,-0.14413896203041077,-0.08011838793754578,-0.06461925710053151,-0.1287516951560974,-0.06405884027481079,-0.051362219252297336,-0.10351774096488953,-0.06010472774505615,-0.04270555729479497,-0.07557368278503418,-0.022992432117462158,-0.06296947503895467,-0.13901644945144653,-0.0340123176574707,-0.0706501519164533,-0.12387332320213318,-0.02429497241973877,-0.05880817676396077,-0.10082405805587769,-0.020948290824890137,-0.049506488241860325,fist
0.0,0.0,0.0,-0.017517030239105225,-0.07270437479019165,0.005296323671785785,-0.05548816919326782,-0.14009889960289001,-0.006476758755894707,-0.10098415613174438,-0.17287662625312805,-0.01872379589840989,-0.13745427131652832,-0.1759517788887024,-0.03268783424064736,-0.048155009746551514,-0.1861191987991333,-0.04858555529281716,-0.12906557321548462,-0.20694005489349365,-0.06356200832888703,-0.15211200714111328,-0.18238693475723267,-0.06272919733092408,-0.15329602360725403,-0.16294509172439575,-0.061408622898312615,-0.044219017028808594,-0.13783013820648193,-0.0623200710491858,-0.1380385458469391,-0.1462026834487915,-0.07537362981602769,-0.13205572962760925,-0.12190616130828857,-0.06595888990923982,-0.10912296175956726,-0.11242130398750305,-0.06204027939602952,-0.047709882259368896,-0.08290311694145203,-0.07298430312440018,-0.13596099615097046,-0.09245443344116211,-0.08560849238202195,-0.1216549277305603,-0.07591021060943604,-0.06929008919760804,-0.09524708986282349,-0.07027822732925415,-0.06037594635054688,-0.05683177709579468,-0.028008699417114258,-0.08212299902007203,-0.13174539804458618,-0.04232150316238403,-0.09425697732731919,-0.12079495191574097,-0.03401857614517212,-0.0840129728989325,-0.09814155101776123,-0.030371367931365967,-0.07689483720824342,fist
0.0,0.0,0.0,-0.023862898349761963,-0.07312548160552979,0.002196665299322831,-0.06571084260940552,-0.14360696077346802,-0.00907951555660702,-0.11053422093391418,-0.1798229217529297,-0.02114475015065409,-0.14313280582427979,-0.18004381656646729,-0.034000071319553626,-0.05006510019302368,-0.18614327907562256,-0.042189566972467674,-0.13608890771865845,-0.19827771186828613,-0.06037998813650347,-0.1440148949623108,-0.1647149622440338,-0.06112597751877047,-0.12989437580108643,-0.1474655568599701,-0.059420733335230125,-0.04576539993286133,-0.1346747875213623,-0.05464729163310267,-0.14066290855407715,-0.1404832899570465,-0.07194326314589716,-0.13325738906860352,-0.11556604504585266,-0.06472981962821223,-0.10911676287651062,-0.10773739218711853,-0.06026395651957728,-0.04894685745239258,-0.07809826731681824,-0.06524873766562678,-0.1367792785167694,-0.08558323979377747,-0.0828009048428271,-0.12234348058700562,-0.06755095720291138,-0.07014160844943262,-0.09507870674133301,-0.06306236982345581,-0.060949398758623374,-0.0581013560295105,-0.023363053798675537,-0.07439755890032984,-0.13280954957008362,-0.038351476192474365,-0.0881959522094462,-0.1230776309967041,-0.028863251209259033,-0.08026542756221033,-0.0996478796005249,-0.02571547031402588,-0.0732072466935847,fist
0.0,0.0,0.0,-0.016144156455993652,-0.08286064863204956,0.001003824412805443,-0.050400614738464355,-0.1530689299106598,-0.01433776283545285,-0.0914679765701294,-0.18889892101287842,-0.029504675063321883,-0.11921870708465576,-0.1914013922214508,-0.04615131357593327,-0.02169334888458252,-0.19483643770217896,-0.058575186523626144,-0.10124993324279785,-0.215986430644989,-0.07737505772990971,-0.12439939379692078,-0.19573992490768433,-0.07813713291568547,-0.12551340460777283,-0.18129384517669678,-0.07727316358966618,-0.016491949558258057,-0.13899552822113037,-0.07168013194484502,-0.11386924982070923,-0.15757444500923157,-0.08826107868833333,-0.12897107005119324,-0.14677050709724426,-0.08015422860069066,-0.12098541855812073,-0.14154580235481262,-0.07642140576524525,-0.022642135620117188,-0.07867211103439331,-0.08196222374124318,-0.1156272292137146,-0.09859102964401245,-0.09853352943343907,-0.11519300937652588,-0.09118688106536865,-0.08284215966148167,-0.09353256225585938,-0.08529841899871826,-0.07195639202279835,-0.037071824073791504,-0.02120906114578247,-0.09112449327392369,-0.11558979749679565,-0.04742920398712158,-0.10727301577014714,-0.1275564730167389,-0.05491429567337036,-0.10021230915469914,-0.12069880962371826,-0.06218385696411133,-0.09355419466180592,fist
0.0,0.0,0.0,-0.0292971134185791,-0.0888400673866272,-0.007249092633998089,-0.05633187294006348,-0.1578461229801178,-0.02789417369959324,-0.08882194757461548,-0.19145607948303223,-0.04891545041201084,-0.11033040285110474,-0.2001064121723175,-0.07068271278140514,0.014951884746551514,-0.19904816150665283,-0.05625270767805546,-0.06760424375534058,-0.21560248732566833,-0.08314166306254833,-0.0770304799079895,-0.17992320656776428,-0.09211180447337597,-0.06120777130126953,-0.16387391090393066,-0.0969298788785693,0.02157813310623169,-0.13832253217697144,-0.06976554630992382,-0.08828437328338623,-0.15302464365959167,-0.09526043473479717,-0.08777415752410889,-0.13059589266777039,-0.09295270680186718,-0.063606858253479,-0.12532824277877808,-0.0922992014765498,0.01508110761642456,-0.07410085201263428,-0.08251221566197842,-0.09207206964492798,-0.09286177158355713,-0.10777628509995907,-0.08260238170623779,-0.07716900110244751,-0.09543231217858761,-0.05120474100112915,-0.07460194826126099,-0.08598566143510311,5.036592483520508e-05,-0.013532519340515137,-0.09493152885434597,-0.08595854043960571,-0.03852379322052002,-0.11720673828122585,-0.07997173070907593,-0.03187859058380127,-0.1102764764308688,-0.05158805847167969,-0.029141545295715332,-0.10279320268628567,fist
0.0,0.0,0.0,-0.020109117031097412,-0.07940220832824707,-0.018442027522638682,-0.040464937686920166,-0.13790032267570496,-0.0398121534571203,-0.07066231966018677,-0.17209607362747192,-0.059023058293774966,-0.09702396392822266,-0.1949678361415863,-0.07789926442356432,0.04622882604598999,-0.1632867455482483,-0.05287886622400606,-0.02267932891845703,-0.1922605037689209,-0.07558485331983888,-0.04845261573791504,-0.18103164434432983,-0.08428649070711458,-0.0477105975151062,-0.17764604091644287,-0.08969744506330812,0.051956236362457275,-0.10699445009231567,-0.058495084075644854,-0.03857421875,-0.12897226214408875,-0.07957677754612291,-0.060801684856414795,-0.1283404529094696,-0.08044991853685701,-0.05772101879119873,-0.13278836011886597,-0.08238172742576921,0.042753636837005615,-0.04943019151687622,-0.06459925535173738,-0.046592116355895996,-0.06131404638290405,-0.08410680505485857,-0.059819936752319336,-0.06717008352279663,-0.07635900589676226,-0.05028331279754639,-0.07522433996200562,-0.07118320676536882,0.02599555253982544,0.0028307437896728516,-0.07206195059271181,-0.04434347152709961,-0.011148452758789062,-0.09091517540664995,-0.0582464337348938,-0.01807016134262085,-0.08754947993011797,-0.053146421909332275,-0.02451455593109131,-0.08296705993862474,fist
0.0,0.0,0.0,-0.012556374073028564,-0.07645422220230103,-0.029049554838294966,-0.026795268058776855,-0.1298999786376953,-0.058473829178566916,-0.04805326461791992,-0.16274678707122803,-0.08407396823024271,-0.06704717874526978,-0.1675407886505127,-0.10739833116387842,0.07388991117477417,-0.16484728455543518,-0.05892274156069277,-0.007740497589111328,-0.1954081654548645,-0.0854685977086973,-0.027302145957946777,-0.1748887300491333,-0.09613826870774744,-0.01400601863861084,-0.16591814160346985,-0.10233096033191202,0.0767478346824646,-0.10795858502388,-0.06124302372192858,-0.020294547080993652,-0.1398073434829712,-0.08339781313991068,-0.031745851039886475,-0.12561854720115662,-0.08201037347173212,-0.013763129711151123,-0.12594914436340332,-0.08110550045823572,0.06370079517364502,-0.04884558916091919,-0.06552472710465906,-0.02882683277130127,-0.07920527458190918,-0.08529182523345469,-0.03273820877075195,-0.06969362497329712,-0.07377776503419398,-0.014246702194213867,-0.06421703100204468,-0.06489412486409663,0.04212433099746704,0.004286289215087891,-0.0727374553666067,-0.025654315948486328,-0.021359682083129883,-0.08745306730126856,-0.02993232011795044,-0.020229101181030273,-0.0809767171726179,-0.016176462173461914,-0.016407668590545654,-0.07388661056613444,fist
0.0,0.0,0.0,-0.0023566484451293945,-0.07643842697143555,-0.03186628889483245,-0.004242241382598877,-0.1337694227695465,-0.05718958299797805,-0.01478278636932373,-0.16880467534065247,-0.07766897898358138,-0.03017812967300415,-0.16078075766563416,-0.09510970037621291,0.09855926036834717,-0.14914470911026,-0.05059114765566619,0.03309321403503418,-0.1738109588623047,-0.07459232133072646,0.006146073341369629,-0.1618909239768982,-0.08469045829218658,0.012275159358978271,-0.16047757863998413,-0.09121795665663512,0.10377264022827148,-0.08949002623558044,-0.05023795288246902,0.01598381996154785,-0.11867749691009521,-0.07006937187355788,-0.006851494312286377,-0.1163434088230133,-0.06886811476391586,0.0018811225891113281,-0.12140083312988281,-0.06744678985518249,0.08973318338394165,-0.03107774257659912,-0.05272236388367446,0.002273857593536377,-0.06232476234436035,-0.07079028260153564,-0.013809442520141602,-0.06853967905044556,-0.05949603688162597,-0.0031467676162719727,-0.07146352529525757,-0.05014388185185226,0.0641668438911438,0.017773091793060303,-0.05881081070941718,-0.001850903034210205,-0.009726166725158691,-0.07249335121554168,-0.012034296989440918,-0.018763422966003418,-0.0664554379526976,-0.002791285514831543,-0.019198358058929443,-0.05908885892671378,fist
0.0,0.0,0.0,-0.003329455852508545,-0.06759530305862427,-0.031598923911218435,-0.003903508186340332,-0.12736225128173828,-0.05541306566155413,-0.00668102502822876,-0.16379201412200928,-0.0755174403981016,-0.004043281078338623,-0.15409600734710693,-0.09171971138275126,0.1100262999534607,-0.14050960540771484,-0.03890925850427607,0.049925386905670166,-0.16513827443122864,-0.067471439202194,0.0182303786277771,-0.15789347887039185,-0.08351138438737848,0.01949089765548706,-0.15736815333366394,-0.09357457812583903,0.11632061004638672,-0.0848734974861145,-0.03896120767748812,0.03544241189956665,-0.11442035436630249,-0.06381352450407007,0.0028877854347229004,-0.11196711659431458,-0.06794893201148966,0.00697857141494751,-0.11504766345024109,-0.06803424115932444,0.10465586185455322,-0.030029118061065674,-0.042837554772262365,0.022086501121520996,-0.059683382511138916,-0.06509854104078272,-0.0022701025009155273,-0.05943328142166138,-0.05730197410738924,0.005964696407318115,-0.0615389347076416,-0.048891032297973425,0.08192390203475952,0.016932547092437744,-0.050565136779908926,0.012338459491729736,-0.00359344482421875,-0.06534792687452295,-0.0004566311836242676,-0.004425346851348877,-0.060862349529628545,0.012340188026428223,-0.003929257392883301,-0.053700162281160146,fist
0.0,0.0,0.0,0.0007388591766357422,-0.06294065713882446,-0.027898417667643116,-0.0019603967666625977,-0.12154778838157654,-0.051016891257063435,-0.009498536586761475,-0.16209447383880615,-0.07143030117561011,-0.016267597675323486,-0.15934225916862488,-0.08841701398898749,0.10058146715164185,-0.14068683981895447,-0.03721118892838149,0.03995013236999512,-0.1681216061115265,-0.06509474466849952,0.010566651821136475,-0.16006755828857422,-0.08144037227441459,0.011920809745788574,-0.15622547268867493,-0.0915871987800756,0.10441386699676514,-0.08634734153747559,-0.039017157511011646,0.02371811866760254,-0.11523222923278809,-0.06314571003724723,-0.006531953811645508,-0.1142350435256958,-0.06867875705768256,-0.003944098949432373,-0.11522942781448364,-0.0701645890932241,0.09200358390808105,-0.03137296438217163,-0.04398954834152846,0.010452985763549805,-0.059747159481048584,-0.06539355765391974,-0.011775732040405273,-0.05905824899673462,-0.05897832836319594,-0.0036756396293640137,-0.05901056528091431,-0.051689097539679096,0.07070690393447876,0.017119526863098145,-0.052408980087534474,0.002454042434692383,-0.005005240440368652,-0.06504068325568824,-0.009917378425598145,-0.0060179829597473145,-0.05985554109622626,0.00145643949508667,-0.00413888692855835,-0.05276462237645774,fist
0.0,0.0,0.0,-0.005616366863250732,-0.06323760747909546,-0.03240471939091094,-0.005879402160644531,-0.12335246801376343,-0.05714939022902854,-0.004404008388519287,-0.16237854957580566,-0.07745718816761382,0.005880892276763916,-0.14171433448791504,-0.09298258880619414,0.12117427587509155,-0.13305926322937012,-0.03675884614233382,0.06458961963653564,-0.16985899209976196,-0.06521119783167251,0.03367495536804199,-0.14969104528427124,-0.08232308039907821,0.040278494358062744,-0.1359211504459381,-0.0931464270735205,0.12737435102462769,-0.07926791906356812,-0.03509216616396316,0.05096060037612915,-0.11641532182693481,-0.05896288762335189,0.02444446086883545,-0.09855413436889648,-0.06314360211138137,0.0350949764251709,-0.0879274308681488,-0.06375357369427093,0.11526638269424438,-0.026556432247161865,-0.03751743073109992,0.039416730403900146,-0.05928307771682739,-0.05704648653511413,0.01988828182220459,-0.04786562919616699,-0.04882828752045043,0.03201925754547119,-0.03975397348403931,-0.04088720912579902,0.09293019771575928,0.019514501094818115,-0.043998992540878135,0.028882324695587158,-0.004471719264984131,-0.05545629794244178,0.01914036273956299,0.004100322723388672,-0.050886834510606604,0.034521281719207764,0.013441383838653564,-0.0442122169816912,fist
0.0,0.0,0.0,-0.007012605667114258,-0.06665503978729248,-0.03571393795286326,-0.007231652736663818,-0.1354261040687561,-0.061910585388289974,-0.0003942251205444336,-0.17688357830047607,-0.08290388889585643,0.01623523235321045,-0.14357289671897888,-0.09803224809442668,0.12375158071517944,-0.1348397433757782,-0.03919424571071772,0.06821632385253906,-0.17053240537643433,-0.06800156541143565,0.03770202398300171,-0.1537950038909912,-0.08417808718954234,0.043436288833618164,-0.1393231749534607,-0.0940358460692039,0.13200914859771729,-0.0801573395729065,-0.03538270004068522,0.05484813451766968,-0.11559751629829407,-0.05945572338973193,0.029361248016357422,-0.10133162140846252,-0.06280794449125437,0.03970593214035034,-0.09050044417381287,-0.06269874878202586,0.12116307020187378,-0.02576124668121338,-0.036093220934020565,0.04549825191497803,-0.058170318603515625,-0.05558287061725764,0.026273369789123535,-0.05063509941101074,-0.04745969630752711,0.036788880825042725,-0.04254966974258423,-0.039540325179444835,0.1002267599105835,0.021937668323516846,-0.04134061641966014,0.03841578960418701,-0.0037488937377929688,-0.053670053258287,0.025990426540374756,0.00012630224227905273,-0.0503739015010467,0.03683483600616455,0.008014082908630371,-0.044258945509540126,fist
0.0,0.0,0.0,-0.0050733089447021484,-0.0738632082939148,-0.034988691895023294,-0.0021442174911499023,-0.14117485284805298,-0.06064725839974017,0.007289707660675049,-0.17987170815467834,-0.08138149404408068,0.023239612579345703,-0.15262901782989502,-0.09623181247593493,0.1328204870223999,-0.13802236318588257,-0.037981079756036706,0.07487040758132935,-0.17136067152023315,-0.06541425907494158,0.04204750061035156,-0.15607404708862305,-0.08085383647562594,0.044824421405792236,-0.14120635390281677,-0.09020802551390261,0.1396382451057434,-0.0808667540550232,-0.03483795547367663,0.06084328889846802,-0.1160811185836792,-0.0578700805592689,0.034601807594299316,-0.1045820415019989,-0.062159793316141077,0.04261082410812378,-0.09432312846183777,-0.06318179690720171,0.12828165292739868,-0.025764167308807373,-0.03589699217559428,0.050797998905181885,-0.05921286344528198,-0.055464120446458764,0.030418813228607178,-0.05193960666656494,-0.048177881031051584,0.039350807666778564,-0.04392188787460327,-0.04094194793583483,0.10688203573226929,0.02234971523284912,-0.04136269339801402,0.04412102699279785,-0.002857387065887451,-0.05283421078206629,0.029514670372009277,8.225440979003906e-05,-0.048828238486066766,0.03855925798416138,0.006687939167022705,-0.042455883561387964,fist
0.0,0.0,0.0,-0.0033501386642456055,-0.0695117712020874,-0.03279495878408056,0.001168966293334961,-0.14228811860084534,-0.056397615804172574,0.011512219905853271,-0.18224632740020752,-0.07575821770618063,0.02809441089630127,-0.14981764554977417,-0.08877976132819754,0.13239771127700806,-0.1401974856853485,-0.03431556267926794,0.09268808364868164,-0.1715562641620636,-0.06229600204417807,0.05471944808959961,-0.15941882133483887,-0.07610458774755102,0.043018221855163574,-0.14686301350593567,-0.08353688461969,0.14497101306915283,-0.0850224494934082,-0.03221656648705107,0.07813149690628052,-0.11507338285446167,-0.05682542814204794,0.04477345943450928,-0.10476988554000854,-0.06073431937286955,0.04360949993133545,-0.09728053212165833,-0.060342012776828824,0.13697820901870728,-0.029375016689300537,-0.03455117611477476,0.06526893377304077,-0.05779469013214111,-0.05396768344829184,0.038600265979766846,-0.05025750398635864,-0.04619501797745329,0.042308926582336426,-0.0438305139541626,-0.03855065895507437,0.11727601289749146,0.021010756492614746,-0.04136987297127348,0.05715298652648926,-0.0014671087265014648,-0.053403678222395,0.035562098026275635,-0.0010169148445129395,-0.049716564698911725,0.038284897804260254,0.0016303062438964844,-0.04345975337813002,fist
0.0,0.0,0.0,-0.0007436275482177734,-0.06935185194015503,-0.03316645821470843,0.006656289100646973,-0.13902026414871216,-0.05770369743842707,0.01878732442855835,-0.17937830090522766,-0.07865802323360072,0.03373312950134277,-0.14627474546432495,-0.09380874162454234,0.13586902618408203,-0.13230276107788086,-0.03427051504988299,0.11011970043182373,-0.16088420152664185,-0.06501385694284068,0.07864373922348022,-0.1648014485836029,-0.08098969733256922,0.05917060375213623,-0.16150391101837158,-0.08903737490911112,0.15000373125076294,-0.07780778408050537,-0.03254311283964739,0.08646255731582642,-0.10693338513374329,-0.06056959679264651,0.05293929576873779,-0.10275444388389587,-0.06576682751912699,0.04777330160140991,-0.09742820262908936,-0.06499259298581705,0.14179861545562744,-0.022582650184631348,-0.0356713806642972,0.07216084003448486,-0.05049705505371094,-0.05804757898587809,0.04567980766296387,-0.046525657176971436,-0.050930482651182274,0.046339452266693115,-0.04238235950469971,-0.04242520159024821,0.1215512752532959,0.02664130926132202,-0.04339449232358561,0.062181055545806885,0.006994128227233887,-0.05783407887358294,0.0415073037147522,0.0051972270011901855,-0.055209798122831444,0.04455459117889404,0.005284488201141357,-0.048857366050668816,fist
0.0,0.0,0.0,0.00033980607986450195,-0.07034057378768921,-0.03211609925568837,0.00766444206237793,-0.13830521702766418,-0.05591130908072728,0.019037365913391113,-0.17759385704994202,-0.07591979111970204,0.037347614765167236,-0.15882617235183716,-0.08989924098790425,0.1326284408569336,-0.14498749375343323,-0.03190598170698422,0.08371549844741821,-0.17724937200546265,-0.06126353423536557,0.04851716756820679,-0.1606164574623108,-0.07861091847956914,0.04350227117538452,-0.14337530732154846,-0.08857825304806966,0.14320874214172363,-0.0914924144744873,-0.030018269079334914,0.07457315921783447,-0.11919617652893066,-0.054958998220570265,0.04374086856842041,-0.10707992315292358,-0.06119649391115445,0.045981764793395996,-0.09677928686141968,-0.06253737862647313,0.13539904356002808,-0.03660851716995239,-0.03252781088889378,0.06446576118469238,-0.06281310319900513,-0.05262121837080258,0.0392148494720459,-0.05318892002105713,-0.04583477135241765,0.04465293884277344,-0.04354405403137207,-0.03865080605686444,0.11669200658798218,0.013537108898162842,-0.03941172640264767,0.057126522064208984,-0.008415281772613525,-0.05063580627978581,0.03838998079299927,-0.004640638828277588,-0.046454309480793654,0.04421722888946533,0.002648472785949707,-0.039944256650812804,fist
0.0,0.0,0.0,0.0008056163787841797,-0.06518721580505371,-0.031180711855114396,0.00985407829284668,-0.1300029158592224,-0.05357867145997375,0.022526562213897705,-0.16916245222091675,-0.07186497042042106,0.04863917827606201,-0.153631329536438,-0.08400307634931892,0.13966792821884155,-0.1236562728881836,-0.033376984690249856,0.0921887755393982,-0.1562865972518921,-0.0627682063923487,0.056088149547576904,-0.14489388465881348,-0.07796084174972862,0.049225568771362305,-0.13509029150009155,-0.08578825036150306,0.14946871995925903,-0.07155418395996094,-0.03206794375640243,0.08000200986862183,-0.10350945591926575,-0.05931975731712669,0.04769611358642578,-0.09522241353988647,-0.06453843453985542,0.04832535982131958,-0.09023374319076538,-0.0638847653017649,0.14000266790390015,-0.018511295318603516,-0.03493831345898002,0.06859606504440308,-0.051344215869903564,-0.05623076150280326,0.042157888412475586,-0.043646037578582764,-0.046523113195718224,0.04627341032028198,-0.0364001989364624,-0.03650146389466613,0.11821836233139038,0.029042422771453857,-0.04208661282521575,0.057865142822265625,0.004573464393615723,-0.055484574680150445,0.040011584758758545,0.00736767053604126,-0.05055216366511672,0.046637773513793945,0.014742493629455566,-0.04222395310264915,fist
0.0,0.0,0.0,0.006106734275817871,-0.07131844758987427,-0.02601640379049286,0.026588797569274902,-0.13709282875061035,-0.04333666047074303,0.04764401912689209,-0.17293637990951538,-0.05821678867556557,0.0735940933227539,-0.17412379384040833,-0.06663722997524246,0.14675724506378174,-0.1305570900440216,-0.021392729934234467,0.11720329523086548,-0.16538971662521362,-0.05147660603739723,0.07731473445892334,-0.15721017122268677,-0.06729682242490753,0.05452239513397217,-0.14721551537513733,-0.07423446035005554,0.16029298305511475,-0.08258554339408875,-0.02264736114062771,0.10175192356109619,-0.1112595796585083,-0.050755341406841126,0.0617409348487854,-0.10213857889175415,-0.05724414145566925,0.05166667699813843,-0.09389472007751465,-0.05638970142223343,0.15329504013061523,-0.03251385688781738,-0.02863084046163067,0.08653545379638672,-0.06100034713745117,-0.05008196165778145,0.05388742685317993,-0.05270904302597046,-0.04099218254901871,0.05168944597244263,-0.04466491937637329,-0.03131166180588707,0.134036123752594,0.014043450355529785,-0.03876523381092056,0.07571113109588623,-0.010499298572540283,-0.051779136862535324,0.05205506086349487,-0.006996273994445801,-0.04643593436099991,0.05461806058883667,-0.0005954504013061523,-0.037939560469169464,fist
0.0,0.0,0.0,0.0031200051307678223,-0.07054436206817627,-0.02728720779964533,0.01939535140991211,-0.137556791305542,-0.046733169140907194,0.03797405958175659,-0.1762133240699768,-0.06334957692274656,0.06380432844161987,-0.1749071180820465,-0.07402004513392058,0.1449664831161499,-0.1330915093421936,-0.025027515622468854,0.11181473731994629,-0.1713617742061615,-0.05671347517022696,0.07403784990310669,-0.1611049771308899,-0.07570938232788649,0.054187893867492676,-0.14869126677513123,-0.08496824863800612,0.15706861019134521,-0.08399966359138489,-0.025852842512222196,0.09999513626098633,-0.11638063192367554,-0.05431204873571005,0.061774373054504395,-0.10989350080490112,-0.06284558984884825,0.04986220598220825,-0.1024700403213501,-0.06390401932844725,0.14870667457580566,-0.031750380992889404,-0.03107024568566885,0.08401280641555786,-0.0634760856628418,-0.0519904068435153,0.052147626876831055,-0.057260096073150635,-0.044326028111072446,0.047243595123291016,-0.049681663513183594,-0.03595417577275839,0.12756305932998657,0.016315579414367676,-0.04050735223540869,0.07098937034606934,-0.00988161563873291,-0.053220911207290555,0.0505063533782959,-0.006363987922668457,-0.04858049217114058,0.05279827117919922,0.0011826157569885254,-0.040790500375123884,fist
0.0,0.0,0.0,0.005150139331817627,-0.06538170576095581,-0.022179378799734195,0.020034074783325195,-0.13003650307655334,-0.039781241349515994,0.03470277786254883,-0.1701768934726715,-0.05706861861759194,0.054197490215301514,-0.17271599173545837,-0.07047277563029297,0.132676899433136,-0.12287765741348267,-0.017163301489887317,0.1285051703453064,-0.16404181718826294,-0.05085261040144928,0.09381169080734253,-0.16909322142601013,-0.07270616912060746,0.06280648708343506,-0.16481423377990723,-0.08306636535340317,0.1476808786392212,-0.07600930333137512,-0.020863000906643947,0.11627316474914551,-0.11673569679260254,-0.05343026914411553,0.06959211826324463,-0.11735531687736511,-0.0636556582968808,0.046974897384643555,-0.11093434691429138,-0.06321246051007279,0.14266985654830933,-0.026364147663116455,-0.029485267258820613,0.09591317176818848,-0.06418585777282715,-0.054717405371008,0.05643868446350098,-0.059183359146118164,-0.04906571530514725,0.04469478130340576,-0.05003976821899414,-0.03931099050456055,0.12521880865097046,0.022080719470977783,-0.04147357367688187,0.08075588941574097,-0.007696390151977539,-0.0548966365378476,0.05420917272567749,-0.008334696292877197,-0.049277974895773013,0.05123072862625122,-0.0024660229682922363,-0.040239221088228305,fist
0.0,0.0,0.0,0.00610041618347168,-0.060948461294174194,-0.02268919481463172,0.034385085105895996,-0.12126904726028442,-0.037496117339799184,0.05630624294281006,-0.1533769965171814,-0.05236426873631217,0.08229637145996094,-0.16658306121826172,-0.06235274432725646,0.14157772064208984,-0.10422217845916748,-0.007599574444213886,0.13732624053955078,-0.13640177249908447,-0.049750932888457555,0.09381383657455444,-0.1352788507938385,-0.07771296559400298,0.06406408548355103,-0.13158521056175232,-0.09022083638734557,0.15324926376342773,-0.05975237488746643,-0.012930577085683126,0.14033788442611694,-0.09879198670387268,-0.05395098535842635,0.08864825963973999,-0.10316893458366394,-0.0659258714181874,0.06313031911849976,-0.10070046782493591,-0.06295252351588942,0.14729583263397217,-0.014075636863708496,-0.02524901127941348,0.11643379926681519,-0.049010634422302246,-0.057264601276585836,0.07161003351211548,-0.05030423402786255,-0.05040301142759063,0.059030890464782715,-0.04730862379074097,-0.03699346764511802,0.12918025255203247,0.02905130386352539,-0.041118306503960866,0.0917239785194397,0.004104256629943848,-0.057782286242911596,0.06404125690460205,0.002404510974884033,-0.051622652844855565,0.06410497426986694,0.007037937641143799,-0.04070282487697341,fist
0.0,0.0,0.0,0.00578838586807251,-0.060181617736816406,-0.024265517829519467,0.030836403369903564,-0.12151724100112915,-0.04006102995441552,0.052214622497558594,-0.15521866083145142,-0.055135916336041646,0.07896429300308228,-0.1649724245071411,-0.06548943684862252,0.13862991333007812,-0.10820499062538147,-0.013056330731672006,0.12944406270980835,-0.14487811923027039,-0.05495992244647141,0.09049355983734131,-0.1398213505744934,-0.08283584879205819,0.06438660621643066,-0.1346624195575714,-0.09608041809366341,0.15167182683944702,-0.0626157820224762,-0.017623207880717473,0.1326412558555603,-0.10347634553909302,-0.05871714220808144,0.08445048332214355,-0.10334545373916626,-0.07166970090435143,0.0617603063583374,-0.10007408261299133,-0.07059301750228997,0.1466670036315918,-0.014436006546020508,-0.02862347045407887,0.10693603754043579,-0.051445186138153076,-0.06129852624104615,0.06484830379486084,-0.049693524837493896,-0.055570117546778874,0.054724276065826416,-0.04640156030654907,-0.043809316469889836,0.12884271144866943,0.03040635585784912,-0.04333315358923073,0.08348309993743896,0.0031493306159973145,-0.06195963115857239,0.05706995725631714,0.0026807188987731934,-0.057622644467812734,0.05814087390899658,0.006555795669555664,-0.048310949815970616,fist
0.0,0.0,0.0,0.0009379982948303223,-0.06243276596069336,-0.026389914831753458,0.024179935455322266,-0.12684166431427002,-0.04337330841147491,0.04580479860305786,-0.16417598724365234,-0.059166430762644495,0.07343226671218872,-0.17387261986732483,-0.07043146275603362,0.13021880388259888,-0.11607185006141663,-0.011744482709701742,0.133963942527771,-0.15209409594535828,-0.05390097879492828,0.09853440523147583,-0.15552440285682678,-0.0821701356085498,0.0662851333618164,-0.1523958444595337,-0.09483610027157852,0.14701932668685913,-0.07245016098022461,-0.014569169177349295,0.1416623592376709,-0.11279875040054321,-0.05484760858738014,0.09143996238708496,-0.11619389057159424,-0.0667931654366214,0.06309974193572998,-0.11031454801559448,-0.06370308928811141,0.14578747749328613,-0.02659928798675537,-0.024378714418645586,0.11788290739059448,-0.06172764301300049,-0.056771117529507364,0.07256412506103516,-0.058934807777404785,-0.05036709018671104,0.058395981788635254,-0.05099982023239136,-0.03715381704890319,0.13155817985534668,0.01763814687728882,-0.03792000868045875,0.09312117099761963,-0.010141193866729736,-0.057265377870436396,0.06269913911819458,-0.007521092891693115,-0.05195726387822219,0.06074744462966919,0.0012221932411193848,-0.0411203496965129,fist
0.0,0.0,0.0,0.0016817450523376465,-0.058619141578674316,-0.027860988030141698,0.02541130781173706,-0.12614521384239197,-0.045030551129883634,0.052314162254333496,-0.16530990600585938,-0.06099978285462271,0.07929348945617676,-0.1522633135318756,-0.072372445935315,0.12711572647094727,-0.1299765408039093,-0.012759682821041451,0.13505512475967407,-0.16201910376548767,-0.052552284771508084,0.11082106828689575,-0.16699928045272827,-0.07807184206873785,0.08575940132141113,-0.16492456197738647,-0.09024103181988608,0.14661818742752075,-0.08307632803916931,-0.014739872986382352,0.13669079542160034,-0.11944127082824707,-0.053762158477610456,0.0874626636505127,-0.1169375479221344,-0.06419936018616568,0.06643277406692505,-0.10761642456054688,-0.060979129845208035,0.14674943685531616,-0.03297966718673706,-0.02366512837440382,0.11567586660385132,-0.06358790397644043,-0.0573403556886376,0.06999015808105469,-0.059930264949798584,-0.050306381756371366,0.06050670146942139,-0.05316096544265747,-0.036566155129975186,0.13378506898880005,0.014953672885894775,-0.036371985549038754,0.09436553716659546,-0.008195877075195312,-0.0562228393796147,0.06347107887268066,-0.009153962135314941,-0.051085377210682736,0.06371665000915527,-0.0054547786712646484,-0.04096624451310049,fist
0.0,0.0,0.0,0.0034482479095458984,-0.05699193477630615,-0.026908687931779696,0.025261759757995605,-0.11908981204032898,-0.04417311741161711,0.047548651695251465,-0.15889868140220642,-0.06042579902458556,0.07509899139404297,-0.15951764583587646,-0.07250646470237143,0.12910258769989014,-0.12769943475723267,-0.011963095200542284,0.13613057136535645,-0.15521240234375,-0.04893120346713431,0.1141466498374939,-0.1651342213153839,-0.07255023686337836,0.09088563919067383,-0.16482242941856384,-0.08400327680755026,0.14852845668792725,-0.08029699325561523,-0.014966077787164522,0.1376519799232483,-0.1145361065864563,-0.051360562128309084,0.08777123689651489,-0.11670199036598206,-0.060985661727670504,0.0683712363243103,-0.11032190918922424,-0.0579966452543772,0.14810574054718018,-0.02939903736114502,-0.024596685228232218,0.11567497253417969,-0.0584447979927063,-0.05622242732096083,0.07115203142166138,-0.059136033058166504,-0.050049610120538546,0.06315761804580688,-0.05413466691970825,-0.037897172999862505,0.1339501142501831,0.01951301097869873,-0.038012556416276766,0.09362971782684326,-0.004801452159881592,-0.05675205929327376,0.06309270858764648,-0.006935596466064453,-0.052019741070751024,0.06360864639282227,-0.0027686357498168945,-0.042876433265689684,fist
0.0,0.0,0.0,0.004320979118347168,-0.05892014503479004,-0.02798969235828963,0.03400391340255737,-0.13281261920928955,-0.04266445089689341,0.06982022523880005,-0.16847383975982666,-0.05643101532569972,0.09877932071685791,-0.13658416271209717,-0.06386318553796855,0.1264020800590515,-0.13992944359779358,-0.007950688084576996,0.13733923435211182,-0.16801583766937256,-0.044969273103390606,0.09870558977127075,-0.15440255403518677,-0.0648253237139329,0.08173710107803345,-0.14335471391677856,-0.07358807821384517,0.14725911617279053,-0.08759674429893494,-0.009325675969932945,0.13895106315612793,-0.11412104964256287,-0.04548901070467082,0.08700251579284668,-0.1062953770160675,-0.05067774776927081,0.07771843671798706,-0.10219386219978333,-0.04423630361071673,0.14894521236419678,-0.03205513954162598,-0.018417573837552936,0.11991572380065918,-0.05706989765167236,-0.050624815119419964,0.07267707586288452,-0.053177714347839355,-0.04218682770243731,0.07131427526473999,-0.05157989263534546,-0.028121567634855182,0.13944166898727417,0.021776556968688965,-0.031336588157330425,0.09838926792144775,-0.0017676949501037598,-0.048214507592831524,0.06550610065460205,-0.005517423152923584,-0.04307252292147723,0.06832283735275269,-0.005692183971405029,-0.033963521314774425,fist
0.0,0.0,0.0,0.0056934356689453125,-0.0627325177192688,-0.02620093776110366,0.0354190468788147,-0.13489070534706116,-0.040849196447169334,0.07217121124267578,-0.16886591911315918,-0.055388058258330375,0.1009683609008789,-0.13403892517089844,-0.06340134768012717,0.1328027844429016,-0.13692209124565125,-0.0032628741600717603,0.13792294263839722,-0.16863614320755005,-0.03917415319207862,0.1002812385559082,-0.15217149257659912,-0.058590220941340476,0.08969855308532715,-0.14018583297729492,-0.06763952104572013,0.15054792165756226,-0.08939477801322937,-0.005898727292304784,0.1414143443107605,-0.11750155687332153,-0.04209107412222579,0.09106379747390747,-0.10859951376914978,-0.047213027907645255,0.08439230918884277,-0.10466867685317993,-0.0406976628136988,0.15081435441970825,-0.03772836923599243,-0.01640455490175441,0.12280529737472534,-0.06299340724945068,-0.04845500989083007,0.0767025351524353,-0.05880206823348999,-0.040186161829268485,0.0775676965713501,-0.05705761909484863,-0.02605484118882373,0.1408103108406067,0.014100074768066406,-0.030766456110512763,0.10389935970306396,-0.009232580661773682,-0.04661424337152198,0.07292133569717407,-0.011970341205596924,-0.04169560475472167,0.07680267095565796,-0.011533856391906738,-0.03298063455346778,fist
0.0,0.0,0.0,0.00712895393371582,-0.0654556155204773,-0.025539136767037007,0.03551977872848511,-0.13681459426879883,-0.04068747097218761,0.07125741243362427,-0.16870903968811035,-0.05580574580991993,0.10085856914520264,-0.13512858748435974,-0.06464509972894916,0.13504141569137573,-0.13333764672279358,-0.003488250119261238,0.13453900814056396,-0.1671585738658905,-0.040190532147533986,0.09741300344467163,-0.15058934688568115,-0.06110190162027607,0.09022128582000732,-0.13770580291748047,-0.07141188839042911,0.15155625343322754,-0.08575719594955444,-0.0070364813279581995,0.13904350996017456,-0.1162773072719574,-0.04474420407379398,0.09020358324050903,-0.10727950930595398,-0.05178882116044292,0.08473622798919678,-0.10368090867996216,-0.0466929220553709,0.1510130763053894,-0.034034550189971924,-0.0181720622774435,0.12194454669952393,-0.061786532402038574,-0.050771246939547154,0.07678282260894775,-0.056771159172058105,-0.042531668483860585,0.07827645540237427,-0.05583751201629639,-0.028558279662973973,0.1398652195930481,0.016851365566253662,-0.033216710477717015,0.10093539953231812,-0.006562232971191406,-0.049187965035088155,0.07143473625183105,-0.00815814733505249,-0.044087170898563954,0.07745718955993652,-0.008037030696868896,-0.03528761425579319,fist
0.0,0.0,0.0,0.005826115608215332,-0.06123840808868408,-0.022730049059703106,0.037567198276519775,-0.13002711534500122,-0.03607836210818505,0.07508248090744019,-0.1548633575439453,-0.04975455844493126,0.104808509349823,-0.1207333505153656,-0.058344623387768024,0.13304388523101807,-0.12666788697242737,-0.0018609227491310776,0.14017975330352783,-0.15783074498176575,-0.035282316000177616,0.11680978536605835,-0.1551191508769989,-0.0535907282838366,0.1043163537979126,-0.14719584584236145,-0.0616199954757235,0.14954054355621338,-0.07823306322097778,-0.006029489763989204,0.14492803812026978,-0.10955429077148438,-0.03997605139107918,0.09761190414428711,-0.10727310180664062,-0.04567268708439087,0.08850520849227905,-0.09978201985359192,-0.03958756321759438,0.14814579486846924,-0.027008771896362305,-0.017365092725469822,0.12674480676651,-0.054590046405792236,-0.048641702474071735,0.0823512077331543,-0.058046042919158936,-0.04185354182214951,0.08170467615127563,-0.05510598421096802,-0.028531521872594112,0.13521575927734375,0.023745417594909668,-0.03191517511100983,0.10743999481201172,-0.0028331875801086426,-0.04797309482188439,0.07729005813598633,-0.010776638984680176,-0.0428085684189341,0.07969039678573608,-0.009976983070373535,-0.03371009075732445,fist
0.0,0.0,0.0,0.007079482078552246,-0.06402587890625,-0.026686079257132178,0.04609858989715576,-0.13473954796791077,-0.04027638343811191,0.08880150318145752,-0.15890049934387207,-0.053384994544984465,0.12226086854934692,-0.12638163566589355,-0.05941880998850024,0.1421818733215332,-0.13589590787887573,7.617588292418986e-05,0.13971614837646484,-0.1663845181465149,-0.0339076755726353,0.10909086465835571,-0.14989590644836426,-0.04965082315445102,0.10674309730529785,-0.13507503271102905,-0.05585358796358264,0.15885329246520996,-0.08892673254013062,-0.0020086147514746244,0.14233332872390747,-0.11552774906158447,-0.03474901748538173,0.09059005975723267,-0.10359525680541992,-0.03553974015355266,0.09597867727279663,-0.09711796045303345,-0.02619764713287509,0.1570425033569336,-0.03660082817077637,-0.0124065265217439,0.1304216980934143,-0.057534754276275635,-0.04398803172350085,0.08235132694244385,-0.05481511354446411,-0.032332157173158294,0.091147780418396,-0.05167281627655029,-0.015753283553721076,0.14444869756698608,0.015520811080932617,-0.02670048868000663,0.11357396841049194,-0.006407797336578369,-0.041911428251268035,0.08111870288848877,-0.010060131549835205,-0.03461629284262813,0.08849036693572998,-0.007259547710418701,-0.023872248285414344,fist
0.0,0.0,0.0,0.008368968963623047,-0.062200844287872314,-0.02787838214399585,0.04838532209396362,-0.13401374220848083,-0.041977950272581666,0.09096860885620117,-0.1621801257133484,-0.055743948457262604,0.12347602844238281,-0.1266496181488037,-0.062239152280113785,0.1435973048210144,-0.13690483570098877,-0.00012899725962256525,0.14055871963500977,-0.16937538981437683,-0.03342323088409671,0.10879123210906982,-0.1528559923171997,-0.04806738430025348,0.1085209846496582,-0.1379261314868927,-0.05372032606365451,0.16139209270477295,-0.09140172600746155,-0.0015687002041033793,0.14114439487457275,-0.11528828740119934,-0.033497360435745804,0.0905032753944397,-0.10242635011672974,-0.03369734146954784,0.09999507665634155,-0.09876924753189087,-0.024084188876173585,0.15972143411636353,-0.03850448131561279,-0.011392865230760663,0.12999773025512695,-0.056703388690948486,-0.04200998776914844,0.08405762910842896,-0.05297893285751343,-0.031076631409547417,0.09604614973068237,-0.051209092140197754,-0.015277631481609433,0.1479460597038269,0.014630675315856934,-0.025343208474538415,0.11481255292892456,-0.004094839096069336,-0.039426513848326294,0.08383369445800781,-0.008737802505493164,-0.03311140173437366,0.09214472770690918,-0.008780717849731445,-0.023379347187898247,fist
0.0,0.0,0.0,0.009193480014801025,-0.06528037786483765,-0.025513626335595063,0.05191755294799805,-0.13567349314689636,-0.03771218255016606,0.09684431552886963,-0.15756338834762573,-0.050361279098723344,0.12840521335601807,-0.1195993721485138,-0.056157312987778596,0.1418684720993042,-0.13373297452926636,0.004774872978742906,0.14770108461380005,-0.16066154837608337,-0.028831494672630242,0.11474323272705078,-0.14452964067459106,-0.04428733855340283,0.11177164316177368,-0.12935376167297363,-0.050197813360426835,0.15705323219299316,-0.08679676055908203,0.0019248402179812274,0.1529940366744995,-0.10929074883460999,-0.031629897354577,0.09909588098526001,-0.100533127784729,-0.032565921245549134,0.10177624225616455,-0.09416547417640686,-0.022467938883636407,0.15565180778503418,-0.034730613231658936,-0.009579873344335965,0.1402929425239563,-0.054468631744384766,-0.040972612498734406,0.0892828106880188,-0.053203582763671875,-0.029188230334256104,0.09582918882369995,-0.04869180917739868,-0.012052372729812078,0.14437437057495117,0.01847320795059204,-0.025032361669872216,0.11914706230163574,-0.004638493061065674,-0.03878907829377454,0.08637487888336182,-0.008950352668762207,-0.031079761384461335,0.09367620944976807,-0.004407823085784912,-0.020338540597293786,fist
0.0,0.0,0.0,0.011924564838409424,-0.06319242715835571,-0.02291311443326549,0.05336141586303711,-0.13201239705085754,-0.03505541317639427,0.09614413976669312,-0.15759903192520142,-0.048935975213623806,0.12774860858917236,-0.12425029277801514,-0.05758665062961654,0.13567441701889038,-0.13074851036071777,0.008245540517293648,0.14808982610702515,-0.16053736209869385,-0.023729204465723797,0.13366270065307617,-0.15324726700782776,-0.03843694486198501,0.13290446996688843,-0.1383756399154663,-0.04337123342332916,0.14982855319976807,-0.08522838354110718,0.004648359692566828,0.15294677019119263,-0.11021000146865845,-0.027668900122023388,0.10283267498016357,-0.10310110449790955,-0.027946830992675586,0.10408508777618408,-0.09548473358154297,-0.01692961462316589,0.14998376369476318,-0.033299267292022705,-0.007349565425045057,0.14228898286819458,-0.05583763122558594,-0.03890462525663452,0.09413838386535645,-0.05443209409713745,-0.027161321868277355,0.09705334901809692,-0.04718339443206787,-0.009227163423872753,0.140289306640625,0.020351707935333252,-0.022889419724322124,0.12459802627563477,-0.005321145057678223,-0.036572772343731685,0.0916367769241333,-0.011338353157043457,-0.02765583552894668,0.09417307376861572,-0.005938589572906494,-0.015590187427676483,fist
0.0,0.0,0.0,0.012053430080413818,-0.0651019811630249,-0.02242940353130507,0.054090023040771484,-0.13273248076438904,-0.03428048888122248,0.09741508960723877,-0.15469369292259216,-0.04796425873314547,0.12924504280090332,-0.1211303174495697,-0.05626097569142985,0.13471472263336182,-0.1315743327140808,0.008400873598702674,0.1498631238937378,-0.1586664617061615,-0.023869339990369554,0.13143736124038696,-0.15183019638061523,-0.03796939054404902,0.12877774238586426,-0.13845917582511902,-0.04220346981560397,0.14774632453918457,-0.08516377210617065,0.004310255256541495,0.1555018424987793,-0.10947638750076294,-0.02876053998147654,0.10327666997909546,-0.10430413484573364,-0.02873038561915564,0.10312139987945557,-0.09662842750549316,-0.0171896318522613,0.14759844541549683,-0.03303730487823486,-0.008229035566500897,0.1442716121673584,-0.055622756481170654,-0.040644148978344674,0.09375977516174316,-0.05588656663894653,-0.028509803730003114,0.09577900171279907,-0.048152804374694824,-0.009988219159595246,0.13795965909957886,0.02106308937072754,-0.024125543105355973,0.12589067220687866,-0.006516396999359131,-0.038061006608359094,0.09190648794174194,-0.012572109699249268,-0.02844325886940169,0.09430801868438721,-0.004978358745574951,-0.015801916512600656,fist
0.0,0.0,0.0,0.01283729076385498,-0.0677957534790039,-0.02121172014759054,0.056105196475982666,-0.1364995837211609,-0.03308606248484125,0.10045367479324341,-0.1563354730606079,-0.04728179153190126,0.13443589210510254,-0.12636801600456238,-0.05633276056633463,0.13562381267547607,-0.13110384345054626,0.009819927549500562,0.14653229713439941,-0.16338279843330383,-0.02518997442112436,0.13128626346588135,-0.15701603889465332,-0.04123076524720659,0.13294070959091187,-0.14408251643180847,-0.04635764759169092,0.14716029167175293,-0.08644053339958191,0.004806504043330051,0.15190553665161133,-0.1181296706199646,-0.03028542090342512,0.1005164384841919,-0.10719636082649231,-0.03038680281625261,0.1047239899635315,-0.09498050808906555,-0.01890294540808668,0.14714306592941284,-0.03503715991973877,-0.00899874240295162,0.14670610427856445,-0.06411343812942505,-0.04442898657308092,0.09646016359329224,-0.06026113033294678,-0.03107136961207857,0.09940332174301147,-0.049335598945617676,-0.01116667695478668,0.13838720321655273,0.0192033052444458,-0.026072909200053118,0.1303432583808899,-0.011752903461456299,-0.042544935905795,0.09552919864654541,-0.017714262008666992,-0.0325400094328927,0.09712958335876465,-0.009769439697265625,-0.019145879039029978,fist
0.0,0.0,0.0,0.010829508304595947,-0.06895279884338379,-0.017195593074973203,0.054405272006988525,-0.13615956902503967,-0.026185605184252836,0.09765064716339111,-0.15247607231140137,-0.037539090470488645,0.13104087114334106,-0.1256175935268402,-0.04505049760740576,0.13170576095581055,-0.1294979751110077,0.009425323015932463,0.14224261045455933,-0.16433221101760864,-0.02116656440597353,0.13618743419647217,-0.16405588388442993,-0.036186024055893995,0.14010542631149292,-0.15336096286773682,-0.04223694603246031,0.14402121305465698,-0.08415767550468445,0.0025541987520796283,0.15142029523849487,-0.1151711642742157,-0.03121726165812788,0.10270768404006958,-0.10971587896347046,-0.033719624833281614,0.1023869514465332,-0.0980600118637085,-0.02477827805381594,0.14460450410842896,-0.03278815746307373,-0.011704147302623369,0.14431458711624146,-0.061416685581207275,-0.04565191219847975,0.09532535076141357,-0.06058621406555176,-0.033608741567547895,0.09603077173233032,-0.049809157848358154,-0.015406480499621011,0.13564425706863403,0.02106916904449463,-0.028755910203869917,0.1278245449066162,-0.011009931564331055,-0.04547525520723639,0.09297323226928711,-0.017182469367980957,-0.03543012540143309,0.09376674890518188,-0.008243978023529053,-0.02251426081460295,fist
0.0,0.0,0.0,0.011372983455657959,-0.06382501125335693,-0.018139440299620446,0.05484527349472046,-0.1297021210193634,-0.028334501864065942,0.09766489267349243,-0.14704406261444092,-0.040731675656189736,0.13315820693969727,-0.12214314937591553,-0.049063410343279656,0.12896263599395752,-0.12611010670661926,0.007362350622514668,0.13978761434555054,-0.1613578498363495,-0.02399435053919774,0.1331062912940979,-0.164159893989563,-0.03825147795831185,0.13647198677062988,-0.15547508001327515,-0.04318663451229554,0.14248520135879517,-0.0822104811668396,0.0014150240797050628,0.15211910009384155,-0.11338573694229126,-0.030959931866874513,0.10202652215957642,-0.10766136646270752,-0.030626998947610673,0.10360336303710938,-0.09541603922843933,-0.019696635858764466,0.14446407556533813,-0.03144025802612305,-0.012083675445666131,0.14605426788330078,-0.05901247262954712,-0.045009586693396386,0.09585738182067871,-0.05898880958557129,-0.03112500320528966,0.09667080640792847,-0.048044681549072266,-0.01186684771781188,0.13665425777435303,0.021783530712127686,-0.028518959613194284,0.12833112478256226,-0.008279740810394287,-0.0447675955608986,0.09417027235031128,-0.016303837299346924,-0.03444584059869271,0.09544360637664795,-0.008319199085235596,-0.021344544099321183,fist
0.0,0.0,0.0,0.01101672649383545,-0.06958091259002686,-0.015609806444643937,0.05458158254623413,-0.13419800996780396,-0.02309892051309248,0.09240704774856567,-0.1525173783302307,-0.03246720604985853,0.1267707347869873,-0.13374704122543335,-0.03848838158339163,0.1288023591041565,-0.12366712093353271,0.009117427240909137,0.13523191213607788,-0.1542111039161682,-0.01841531791180273,0.12919682264328003,-0.15558701753616333,-0.034357545007168255,0.13500845432281494,-0.14899539947509766,-0.04235003613322874,0.14191901683807373,-0.08190906047821045,0.0024876633713404317,0.14918547868728638,-0.11486947536468506,-0.027234432328640423,0.10345238447189331,-0.1115068793296814,-0.031208065379559002,0.10289549827575684,-0.09859281778335571,-0.025046096224485837,0.14354217052459717,-0.03342330455780029,-0.010666510131358109,0.14469504356384277,-0.06513720750808716,-0.04127840422481199,0.0978592038154602,-0.0655476450920105,-0.030731237534581624,0.09776127338409424,-0.05306243896484375,-0.014933594543634854,0.13524234294891357,0.017171084880828857,-0.026355809573232136,0.12732666730880737,-0.016263365745544434,-0.04236381225675245,0.09490770101547241,-0.022479534149169922,-0.033081066835819684,0.09643107652664185,-0.012091577053070068,-0.021324534941612683,fist
0.0,0.0,0.0,0.012810885906219482,-0.0709030032157898,-0.015101013707976563,0.05747866630554199,-0.13495278358459473,-0.023606427016716225,0.10004901885986328,-0.14831045269966125,-0.034543512391906006,0.13384544849395752,-0.11908265948295593,-0.04223718308196567,0.1248731017112732,-0.12099871039390564,0.009736395438153522,0.13197970390319824,-0.15334203839302063,-0.018066737803678734,0.12725698947906494,-0.1515910029411316,-0.031866034495692475,0.1342676877975464,-0.1390622854232788,-0.03746345453248523,0.13634639978408813,-0.07679623365402222,0.0033882344113180807,0.14496243000030518,-0.10724145174026489,-0.025670604783158524,0.09947878122329712,-0.10198861360549927,-0.026566244664650185,0.10127907991409302,-0.08784550428390503,-0.017673151570420487,0.13721251487731934,-0.027980148792266846,-0.009733721616726143,0.14392989873886108,-0.058509230613708496,-0.04013584368215106,0.09731882810592651,-0.058529019355773926,-0.027657492089133484,0.09721928834915161,-0.04474639892578125,-0.009863673712175114,0.12935090065002441,0.02262967824935913,-0.025243749844889862,0.12973487377166748,-0.01228034496307373,-0.04043600894794963,0.09776467084884644,-0.01919686794281006,-0.029670968654613716,0.09697729349136353,-0.008019864559173584,-0.01639208756671451,fist
0.0,0.0,0.0,0.012020111083984375,-0.06833785772323608,-0.01465798962837539,0.05751979351043701,-0.13332146406173706,-0.022186658829213002,0.09886747598648071,-0.15064990520477295,-0.03198009498393617,0.13141262531280518,-0.12057429552078247,-0.03909221433079324,0.12439340353012085,-0.11761969327926636,0.012482865229486606,0.13044780492782593,-0.14355486631393433,-0.013163172192633965,0.12753629684448242,-0.14326781034469604,-0.02805703461146436,0.13458430767059326,-0.13672980666160583,-0.03538650415814004,0.13676035404205322,-0.0745013952255249,0.006432950478284738,0.14306318759918213,-0.10524970293045044,-0.02092023149108968,0.10225033760070801,-0.1014464795589447,-0.02439388215518079,0.1035650372505188,-0.09029904007911682,-0.01793122991895757,0.13818275928497314,-0.026750802993774414,-0.006070761959762194,0.14372658729553223,-0.057309508323669434,-0.03485949479019723,0.09873658418655396,-0.05601179599761963,-0.02477646946883283,0.09744662046432495,-0.04359471797943115,-0.00914377767568908,0.1313021183013916,0.02367377281188965,-0.0208787690100678,0.12809795141220093,-0.010977506637573242,-0.0360662318018683,0.09691917896270752,-0.015324831008911133,-0.026916542574525693,0.09710198640823364,-0.004624843597412109,-0.01508767951256118,fist
0.0,0.0,0.0,0.010394573211669922,-0.06731683015823364,-0.01652619718504411,0.05409038066864014,-0.13268452882766724,-0.025999820892934622,0.09599798917770386,-0.15140193700790405,-0.037583510493163885,0.12827742099761963,-0.12265515327453613,-0.04546796074998838,0.12015843391418457,-0.1200232207775116,0.009624624523098646,0.12967592477798462,-0.149175763130188,-0.018060610731367888,0.12420886754989624,-0.1483491063117981,-0.030254065160875143,0.1320214867591858,-0.1397642195224762,-0.034437514011983694,0.13220685720443726,-0.07745033502578735,0.004086308545197426,0.1424834132194519,-0.10837841033935547,-0.024298972551946463,0.09767794609069824,-0.10188400745391846,-0.02283967948449117,0.10283654928207397,-0.08846032619476318,-0.011813140576009573,0.13414663076400757,-0.028618812561035156,-0.008543486808662237,0.14222240447998047,-0.05825847387313843,-0.037607419406299414,0.09637731313705444,-0.05593681335449219,-0.023381163467888655,0.09834694862365723,-0.041542768478393555,-0.0045229081150637285,0.12784481048583984,0.02274376153945923,-0.02379621296120149,0.12842851877212524,-0.010146737098693848,-0.03751837006700498,0.0975373387336731,-0.014812290668487549,-0.026194808175091566,0.09862738847732544,-0.002328157424926758,-0.012727506560509028,fist
0.0,0.0,0.0,0.009942412376403809,-0.06196469068527222,-0.013023541110925407,0.04944676160812378,-0.1242944598197937,-0.019328963744811745,0.08277404308319092,-0.1509954333305359,-0.02856710440235588,0.11409330368041992,-0.14464622735977173,-0.03469743280427906,0.11506199836730957,-0.11115589737892151,0.01592824907285717,0.12928014993667603,-0.13125643134117126,-0.006494036677651138,0.1207849383354187,-0.1316739022731781,-0.01729098221974823,0.12674003839492798,-0.12373298406600952,-0.02157349771576378,0.12587612867355347,-0.07339739799499512,0.009933862101860313,0.1439780592918396,-0.0994853675365448,-0.01436034849601242,0.10065573453903198,-0.09747594594955444,-0.01431822011934969,0.10411322116851807,-0.08351185917854309,-0.005174923024497957,0.1295512318611145,-0.028971433639526367,-0.002487658325009079,0.144880473613739,-0.05607253313064575,-0.0290231246383712,0.1006128191947937,-0.05701613426208496,-0.016832331928782196,0.10010206699371338,-0.04249882698059082,0.0003119674454126198,0.1261412501335144,0.020092129707336426,-0.017038059222869606,0.1332341432571411,-0.01245415210723877,-0.029947313282065124,0.10182338953018188,-0.017943918704986572,-0.01873889638798687,0.09895718097686768,-0.00411754846572876,-0.005449433612994881,fist
0.0,0.0,0.0,0.008080899715423584,-0.06296956539154053,-0.011807946286012339,0.047934770584106445,-0.12360954284667969,-0.017122717371989893,0.07995396852493286,-0.1503894329071045,-0.025007560646940874,0.11250263452529907,-0.14479073882102966,-0.031073780528117823,0.1165614128112793,-0.11002600193023682,0.015596275420080019,0.1308954954147339,-0.13079699873924255,-0.006174399780888962,0.13084203004837036,-0.1359439194202423,-0.0211058517758147,0.1361016035079956,-0.13101953268051147,-0.029132665864040064,0.1292346715927124,-0.07112681865692139,0.00941642766554196,0.14366811513900757,-0.10170823335647583,-0.014990813827921556,0.10597473382949829,-0.10243907570838928,-0.02078579904775779,0.10189396142959595,-0.0882369875907898,-0.016468113086034464,0.13351619243621826,-0.02702432870864868,-0.002373697732423352,0.14253699779510498,-0.05557262897491455,-0.027433097160269426,0.10262250900268555,-0.05751150846481323,-0.019851205668260263,0.09906697273254395,-0.04385232925415039,-0.006698460581560539,0.1299058198928833,0.021843016147613525,-0.01613908985893886,0.13144361972808838,-0.010753750801086426,-0.028848832270909952,0.10150164365768433,-0.015259027481079102,-0.019809692895819353,0.09870100021362305,-0.0024333596229553223,-0.00858106164525907,fist
0.0,0.0,0.0,0.0077858567237854,-0.05913496017456055,-0.013116803772078356,0.045975565910339355,-0.12218049168586731,-0.02018562313847383,0.07749760150909424,-0.15256118774414062,-0.030623152672575316,0.10720783472061157,-0.15033939480781555,-0.0372643990509971,0.11978840827941895,-0.10763940215110779,0.01753216999836127,0.13373392820358276,-0.12788057327270508,-0.005937602657155594,0.12099260091781616,-0.12794005870819092,-0.01613240298561891,0.12282729148864746,-0.11981838941574097,-0.019242223172710737,0.13041889667510986,-0.07090252637863159,0.011362481110467115,0.14634275436401367,-0.09832707047462463,-0.012873992144392332,0.100178062915802,-0.09464514255523682,-0.010554448521958193,0.1043134331703186,-0.08010244369506836,0.0007432422183626386,0.13451027870178223,-0.027364611625671387,-0.0017386932692318169,0.1462874412536621,-0.05527472496032715,-0.02739939820699533,0.10061639547348022,-0.05404388904571533,-0.012723750255332789,0.10080164670944214,-0.039241135120391846,0.006031803500576416,0.13067418336868286,0.020413517951965332,-0.017310609861539206,0.13619977235794067,-0.010694265365600586,-0.029175363301561674,0.10476559400558472,-0.014702320098876953,-0.017080182030127844,0.10349440574645996,-0.0005867481231689453,-0.0030908673603846637,fist
0.0,0.0,0.0,0.00670623779296875,-0.062264442443847656,-0.016361722665919842,0.049774885177612305,-0.12787923216819763,-0.023681253138079228,0.09212464094161987,-0.14953792095184326,-0.03333103092302281,0.12535053491592407,-0.1284228265285492,-0.03723025875081021,0.12856966257095337,-0.11640524864196777,0.01453258382241529,0.13805383443832397,-0.1397133469581604,-0.015224773380055012,0.11096620559692383,-0.13114187121391296,-0.02770530799318749,0.10878396034240723,-0.12230771780014038,-0.03145092161287266,0.14062172174453735,-0.07767888903617859,0.00887502549301189,0.1477724313735962,-0.10471650958061218,-0.0217708236901899,0.0944375991821289,-0.09539157152175903,-0.019638655650510373,0.09721332788467407,-0.08315292000770569,-0.007205130475654187,0.1433519721031189,-0.032871782779693604,-0.004769452325149359,0.14363771677017212,-0.05726534128189087,-0.03479269700039822,0.09241259098052979,-0.05222439765930176,-0.018419280591501774,0.09491086006164551,-0.041196584701538086,0.002245195965201674,0.1371164321899414,0.015481770038604736,-0.021464575025333943,0.12905073165893555,-0.0105818510055542,-0.03501915739764172,0.09579843282699585,-0.011729061603546143,-0.02349310176361996,0.10026049613952637,-0.0007924437522888184,-0.009641011188818993,fist
0.0,0.0,0.0,0.008345365524291992,-0.06464231014251709,-0.014881555711639294,0.05188119411468506,-0.12991851568222046,-0.02165622522474564,0.09646838903427124,-0.14894706010818481,-0.031353390564930805,0.12972748279571533,-0.12428787350654602,-0.03537475203515328,0.13019335269927979,-0.1155925989151001,0.015675529116975895,0.14298808574676514,-0.14043042063713074,-0.013681730044794449,0.11318129301071167,-0.13357412815093994,-0.025490351741922268,0.10923415422439575,-0.12438273429870605,-0.02890129273177422,0.1408158540725708,-0.07663148641586304,0.009109869810032478,0.15089887380599976,-0.10435685515403748,-0.02133649473429955,0.09583830833435059,-0.09761989116668701,-0.018794080963147053,0.09821492433547974,-0.08510762453079224,-0.00618243289531506,0.14243042469024658,-0.03208261728286743,-0.005382232622963556,0.14650428295135498,-0.0582200288772583,-0.035553893795025715,0.09328871965408325,-0.05526471138000488,-0.01854735871197022,0.09522634744644165,-0.04315519332885742,0.0026100848114367636,0.1353563666343689,0.016328513622283936,-0.022777567406905064,0.13192224502563477,-0.012734770774841309,-0.03634998460651673,0.09706324338912964,-0.015400111675262451,-0.023981655737173924,0.09986042976379395,-0.0031833648681640625,-0.009509535295677551,fist
0.0,0.0,0.0,0.008835256099700928,-0.0672639012336731,-0.019515589998178484,0.053913414478302,-0.1311982274055481,-0.02505490668218613,0.0964236855506897,-0.15418821573257446,-0.03248905874889374,0.13132768869400024,-0.13206779956817627,-0.033390698210411074,0.12409096956253052,-0.117206871509552,0.018716056643910406,0.14721864461898804,-0.14005005359649658,-0.011219634861760142,0.11097097396850586,-0.13383829593658447,-0.024577292800955775,0.10288995504379272,-0.12232780456542969,-0.02835707664590359,0.132948637008667,-0.08134666085243225,0.015475182606763838,0.15770399570465088,-0.10582888126373291,-0.017342833058052065,0.10428428649902344,-0.1006876528263092,-0.019142043964080813,0.10092651844024658,-0.08428758382797241,-0.00823011454295397,0.13259780406951904,-0.039855122566223145,0.003643248741440175,0.15035516023635864,-0.06207454204559326,-0.028916868568472864,0.09925520420074463,-0.06158405542373657,-0.016248322279267313,0.09778285026550293,-0.047564923763275146,0.0037837576111030558,0.1253383755683899,0.006981611251831055,-0.011087362841777804,0.13555830717086792,-0.020380616188049316,-0.024919483066611292,0.10048502683639526,-0.02491229772567749,-0.013327026926987173,0.09810823202133179,-0.012602031230926514,0.0013613618667420724,fist
0.0,0.0,0.0,0.008214354515075684,-0.0665244460105896,-0.01376142401804259,0.05352210998535156,-0.13032591342926025,-0.017785572936730887,0.09741753339767456,-0.14888745546340942,-0.025017756527262236,0.13158684968948364,-0.13009542226791382,-0.026742076059775854,0.12189066410064697,-0.12062454223632812,0.01918749741653869,0.15029847621917725,-0.14292475581169128,-0.01065871820409825,0.11842352151870728,-0.14156848192214966,-0.022312890296774412,0.10774379968643188,-0.1303795874118805,-0.02424994066913655,0.13122659921646118,-0.0842636227607727,0.01261642340014646,0.16044676303863525,-0.11089876294136047,-0.018884023210006262,0.10704797506332397,-0.10688978433609009,-0.01819881380160382,0.10421240329742432,-0.08919036388397217,-0.005559925479786898,0.13202065229415894,-0.04105508327484131,-0.001938107564086522,0.15083616971969604,-0.06521755456924438,-0.0342684178854995,0.09863966703414917,-0.06442505121231079,-0.019603913208442236,0.09785079956054688,-0.04952055215835571,0.0015397761939368593,0.12587708234786987,0.007608652114868164,-0.018767755037146117,0.13707256317138672,-0.02227914333343506,-0.03274104513783982,0.10045439004898071,-0.025548696517944336,-0.019310604339437987,0.09771203994750977,-0.011869847774505615,-0.0034031414203070653,fist
0.0,0.0,0.0,0.0110434889793396,-0.06353294849395752,-0.01218129259706302,0.05797821283340454,-0.12742137908935547,-0.015544591780610517,0.10225141048431396,-0.1471366584300995,-0.022749063867934183,0.13637572526931763,-0.12386152148246765,-0.02453834128738208,0.12233126163482666,-0.12015533447265625,0.02017283688127236,0.15289437770843506,-0.1423833966255188,-0.009939084138579801,0.11747914552688599,-0.13898766040802002,-0.021309118095643953,0.10403186082839966,-0.12774765491485596,-0.022862098488815263,0.13170140981674194,-0.08222514390945435,0.012536462087325617,0.16337192058563232,-0.10813075304031372,-0.01966604528189464,0.1074761152267456,-0.10307741165161133,-0.01947773185730739,0.10273075103759766,-0.08607378602027893,-0.006717027474053339,0.1318267583847046,-0.03757733106613159,-0.0028283478057460343,0.1515207290649414,-0.059762775897979736,-0.03552729387939735,0.09767240285873413,-0.059375762939453125,-0.0209962030237989,0.096199631690979,-0.04713958501815796,0.0005385900551004852,0.12507951259613037,0.011259973049163818,-0.020194714266665414,0.13939392566680908,-0.016001462936401367,-0.03325438996017738,0.10272306203842163,-0.020645737648010254,-0.018798797700412706,0.0987594723701477,-0.009818315505981445,-0.0020542008167581116,fist
0.0,0.0,0.0,0.0116041898727417,-0.06950843334197998,-0.012766898020913686,0.05971580743789673,-0.13413852453231812,-0.015904610387792673,0.10529178380966187,-0.15110445022583008,-0.022841885097136583,0.13819384574890137,-0.12667611241340637,-0.024034216411223497,0.12163436412811279,-0.12213993072509766,0.02139650902915946,0.1524144411087036,-0.14608445763587952,-0.00917430535685071,0.11586016416549683,-0.13986214995384216,-0.021628546871056642,0.10481268167495728,-0.12638160586357117,-0.023959308273902025,0.13107961416244507,-0.08555993437767029,0.014782193705627833,0.16184556484222412,-0.11129233241081238,-0.017509497113337602,0.10972464084625244,-0.1049039363861084,-0.018641769297232713,0.10851418972015381,-0.08906984329223633,-0.007390847306510295,0.13280993700027466,-0.041805803775787354,0.00024761292240782495,0.15340709686279297,-0.06564593315124512,-0.03156512730549821,0.10211169719696045,-0.06308901309967041,-0.018120526678671922,0.10214710235595703,-0.04990619421005249,0.002052704228276525,0.1287633776664734,0.006914734840393066,-0.016545084647646036,0.14108532667160034,-0.021895647048950195,-0.02856817968915948,0.10527372360229492,-0.024926960468292236,-0.01520368025433072,0.1028795838356018,-0.012575328350067139,0.0002532993452177834,fist
0.0,0.0,0.0,0.011629700660705566,-0.07160669565200806,-0.013730842452844172,0.06120413541793823,-0.13713347911834717,-0.016337609682580023,0.10758328437805176,-0.15545251965522766,-0.022480862979193716,0.13876831531524658,-0.12687626481056213,-0.023375804368754416,0.12058496475219727,-0.12505924701690674,0.021105786021450967,0.14817792177200317,-0.1514357626438141,-0.005777838472624808,0.11737775802612305,-0.14478382468223572,-0.016213943083187132,0.11387801170349121,-0.13118195533752441,-0.018521931786438017,0.13021016120910645,-0.08666136860847473,0.01532641442457816,0.15874141454696655,-0.11245959997177124,-0.015700447205801993,0.10764378309249878,-0.10498449206352234,-0.016568817962308913,0.10813140869140625,-0.08874499797821045,-0.005369146652867585,0.13196158409118652,-0.04146432876586914,0.001955808773288936,0.15232640504837036,-0.066292405128479,-0.029387310911317854,0.10196924209594727,-0.06395387649536133,-0.017352438364525824,0.1029822826385498,-0.05006891489028931,0.0018229366323225804,0.12874913215637207,0.007977187633514404,-0.013654501010080367,0.1398249864578247,-0.02121180295944214,-0.026084779594441443,0.10575556755065918,-0.025211751461029053,-0.014372359793981104,0.10439491271972656,-0.012654602527618408,-0.00017624905018465142,fist
0.0,0.0,0.0,0.012910306453704834,-0.06977057456970215,-0.013634953876533018,0.06014889478683472,-0.13610541820526123,-0.017016958673991667,0.10712742805480957,-0.15714621543884277,-0.024099435885943876,0.14016276597976685,-0.12684187293052673,-0.025794113283552633,0.120708167552948,-0.12510749697685242,0.021606791535816683,0.1486191749572754,-0.15143132209777832,-0.00766574707398604,0.11146372556686401,-0.14136958122253418,-0.02040347852329205,0.10305070877075195,-0.12715637683868408,-0.023905340810813414,0.13076752424240112,-0.0868878960609436,0.015148330251179232,0.1607692837715149,-0.11330053210258484,-0.016891844799317823,0.10956370830535889,-0.10519784688949585,-0.01986196473757218,0.10551959276199341,-0.09010344743728638,-0.010232848343946443,0.1323031187057495,-0.04160261154174805,0.0010084733408461943,0.15344786643981934,-0.06742233037948608,-0.030942978566088186,0.10279405117034912,-0.06433022022247314,-0.01947979093114327,0.10083532333374023,-0.05288100242614746,-0.0005232876241620943,0.1277841329574585,0.008196234703063965,-0.015284888675012098,0.14015835523605347,-0.021749794483184814,-0.027698692163028227,0.10641813278198242,-0.02425915002822876,-0.015577045497991548,0.10387694835662842,-0.013207077980041504,-0.00101516441958438,fist
0.0,0.0,0.0,0.012883007526397705,-0.07379472255706787,-0.012825890821318353,0.058478593826293945,-0.13876277208328247,-0.01637871228615495,0.10336834192276001,-0.15738940238952637,-0.023936281357805456,0.13563096523284912,-0.1320544183254242,-0.026608696584503377,0.12106239795684814,-0.12726622819900513,0.021671518306334292,0.14736467599868774,-0.15627476572990417,-0.00432367055202576,0.12212717533111572,-0.15094777941703796,-0.014956283760170663,0.12069398164749146,-0.1398596167564392,-0.017708462108771528,0.13137924671173096,-0.08900311589241028,0.015378550249238288,0.1537591814994812,-0.11541500687599182,-0.014020282220940317,0.10444456338882446,-0.1064491868019104,-0.014700880651275838,0.10598647594451904,-0.09168168902397156,-0.00422213264266702,0.13381683826446533,-0.04375642538070679,0.0016455941089361659,0.1503332257270813,-0.0696413516998291,-0.028439533342520917,0.10074657201766968,-0.06584364175796509,-0.016294468571345533,0.1014140248298645,-0.05211442708969116,0.0022978946520879617,0.1301988959312439,0.0060307979583740234,-0.01438586824099275,0.1390920877456665,-0.023276984691619873,-0.026376748834650243,0.10586434602737427,-0.02752363681793213,-0.014755800743500913,0.10467767715454102,-0.015322744846343994,-0.0007925934320383021,fist
0.0,0.0,0.0,0.01084280014038086,-0.06666338443756104,-0.011369020743330793,0.05210697650909424,-0.13274192810058594,-0.01589139836843856,0.09234857559204102,-0.1576148271560669,-0.024425969524344282,0.12335121631622314,-0.13460403680801392,-0.028909257678350286,0.11724072694778442,-0.12761357426643372,0.017855922626296206,0.14465945959091187,-0.15413469076156616,-0.008441777033766584,0.12457281351089478,-0.1584835648536682,-0.019438884286245184,0.12069588899612427,-0.15568524599075317,-0.022645044205745535,0.12938153743743896,-0.08965277671813965,0.01008819689039342,0.15366089344024658,-0.11742907762527466,-0.020010962216218786,0.1048077940940857,-0.11261308193206787,-0.02143937076445468,0.10265511274337769,-0.10042241215705872,-0.011441249465605097,0.13336241245269775,-0.04391121864318848,-0.0043792073335851,0.14554888010025024,-0.07128322124481201,-0.03501308436509021,0.09677237272262573,-0.06772184371948242,-0.024069487182458715,0.0966564416885376,-0.05507475137710571,-0.006360201695969181,0.1306607723236084,0.006701111793518066,-0.020815388364752607,0.13563823699951172,-0.024548351764678955,-0.03329477186318286,0.10180795192718506,-0.02831977605819702,-0.02203543211336978,0.10003489255905151,-0.016448915004730225,-0.008602726338466482,fist
0.0,0.0,0.0,0.011190950870513916,-0.06922048330307007,-0.012811438424677135,0.050810039043426514,-0.13480639457702637,-0.01762180613556552,0.09248083829879761,-0.16122180223464966,-0.025841156264931442,0.12678968906402588,-0.14017021656036377,-0.02871829109469104,0.11401182413101196,-0.1298842430114746,0.016290157789200066,0.1392580270767212,-0.1613326072692871,-0.010555531142443897,0.10509753227233887,-0.15204283595085144,-0.020896118378431083,0.10089772939682007,-0.14072954654693604,-0.023868786415249588,0.12699419260025024,-0.09277209639549255,0.00982938309928727,0.1470966935157776,-0.12241458892822266,-0.01993969107249427,0.0973050594329834,-0.1107792854309082,-0.02065765323320079,0.09903794527053833,-0.0963636040687561,-0.011123885644764187,0.1316031813621521,-0.04751086235046387,-0.003507087251335861,0.14437007904052734,-0.07541245222091675,-0.03397452669420886,0.09414464235305786,-0.06817984580993652,-0.021637795737177612,0.09503793716430664,-0.05514734983444214,-0.0035825881754760758,0.12969374656677246,0.0024123191833496094,-0.018886024376541855,0.13399595022201538,-0.028048455715179443,-0.03153433116355586,0.10078626871109009,-0.02952110767364502,-0.020302094763309242,0.10130947828292847,-0.01736927032470703,-0.006979304609984638,fist
0.0,0.0,0.0,0.00838935375213623,-0.0644533634185791,-0.014628940577324556,0.041029274463653564,-0.13197487592697144,-0.02167079815518491,0.07522505521774292,-0.16466328501701355,-0.03128563457977407,0.1072571873664856,-0.1492774486541748,-0.03533560255419843,0.11814820766448975,-0.12754634022712708,0.011901278664652182,0.1338065266609192,-0.16217955946922302,-0.01682165855419271,0.09585720300674438,-0.15297150611877441,-0.02912403860938184,0.08907210826873779,-0.1404097080230713,-0.03347596371423833,0.13195717334747314,-0.0906713604927063,0.006112871376160456,0.1404748558998108,-0.12803873419761658,-0.024978248717900442,0.09018313884735107,-0.11628210544586182,-0.02665434436750047,0.09108680486679077,-0.10175320506095886,-0.01836640419315927,0.13670331239700317,-0.04675710201263428,-0.00664444206159942,0.13439971208572388,-0.08223894238471985,-0.03772536510479085,0.08517128229141235,-0.07316023111343384,-0.026616959216710256,0.08734554052352905,-0.05955028533935547,-0.009961341823157,0.13422006368637085,0.0013323426246643066,-0.02163372406613462,0.12471145391464233,-0.03590989112854004,-0.03519338587176435,0.09051501750946045,-0.035609424114227295,-0.02594890663277738,0.09147852659225464,-0.022829830646514893,-0.014317822026725935,fist
0.0,0.0,0.0,0.0004112124443054199,-0.06034451723098755,-0.012728413123397786,0.0278017520904541,-0.13131174445152283,-0.019308746348826844,0.056123554706573486,-0.1666492223739624,-0.028596455719082314,0.08470731973648071,-0.16196849942207336,-0.03360885803004976,0.1150583028793335,-0.13229259848594666,0.009903393198044341,0.1345733404159546,-0.16447484493255615,-0.021860445406048257,0.10485172271728516,-0.1673601269721985,-0.03853505153557535,0.08722090721130371,-0.16297736763954163,-0.04444659922620531,0.12816089391708374,-0.09330245852470398,0.0028335307503652984,0.13686150312423706,-0.13109973073005676,-0.02909569863578554,0.08521664142608643,-0.12470728158950806,-0.031818431358544785,0.07402259111404419,-0.11138656735420227,-0.02345776234170671,0.13073575496673584,-0.04927396774291992,-0.011096307564287144,0.12425488233566284,-0.08620953559875488,-0.04061974261304613,0.07499885559082031,-0.07899293303489685,-0.029206485043971497,0.06941717863082886,-0.06552267074584961,-0.012529340129106004,0.12409114837646484,-0.002280116081237793,-0.02736524727544065,0.11002504825592041,-0.037682294845581055,-0.04087537575861688,0.07539570331573486,-0.03560560941696167,-0.031210266541449982,0.07477766275405884,-0.022239387035369873,-0.019081123661010224,fist
0.0,0.0,0.0,0.0010360479354858398,-0.06488114595413208,-0.015350104295293932,0.029976248741149902,-0.13447025418281555,-0.0238496912500068,0.05997580289840698,-0.16902419924736023,-0.03429357240406716,0.0907101035118103,-0.16293248534202576,-0.03903524110523904,0.12068063020706177,-0.13713064789772034,0.006442262339760418,0.13267934322357178,-0.1733415126800537,-0.02596022280363286,0.09426939487457275,-0.16503912210464478,-0.042161776669900064,0.08091521263122559,-0.1549985110759735,-0.04820471907464707,0.1325719952583313,-0.09733802080154419,0.00020418927283571975,0.13136178255081177,-0.13499948382377625,-0.03146402070728982,0.0802735686302185,-0.12518838047981262,-0.033713760771433954,0.07532316446304321,-0.11342743039131165,-0.0262587638428613,0.13360333442687988,-0.05247443914413452,-0.013069229186157827,0.12075042724609375,-0.08806169033050537,-0.04200970659462655,0.07170653343200684,-0.07933631539344788,-0.029119328581373338,0.07061189413070679,-0.06778901815414429,-0.012540728770773057,0.12573140859603882,-0.0054291486740112305,-0.02905410247353757,0.10790574550628662,-0.0389062762260437,-0.04114052931277001,0.07395154237747192,-0.03652632236480713,-0.030507662319223527,0.07607251405715942,-0.02462029457092285,-0.018278135903756265,fist
0.0,0.0,0.0,0.0016220808029174805,-0.07560998201370239,-0.012559178880223953,0.021089494228363037,-0.14419469237327576,-0.024130973628530228,0.04078799486160278,-0.18340405821800232,-0.0378336679551694,0.06393522024154663,-0.19459646940231323,-0.04808280955887767,0.11769795417785645,-0.14958173036575317,-0.0007041498448643324,0.11461740732192993,-0.1897771954536438,-0.03112511303163501,0.08277541399002075,-0.19767987728118896,-0.0533835996303651,0.055976688861846924,-0.1935707926750183,-0.06493243168927165,0.13117212057113647,-0.11381402611732483,-0.008728538303444111,0.1102912425994873,-0.14959055185317993,-0.037600569090614044,0.06985092163085938,-0.14503046870231628,-0.04803220894075366,0.053435564041137695,-0.13274887204170227,-0.0489951108012292,0.12973368167877197,-0.07125818729400635,-0.021503081208834374,0.09729576110839844,-0.10291978716850281,-0.04223440181351634,0.06169021129608154,-0.09440124034881592,-0.0353411618981454,0.056095123291015625,-0.08241409063339233,-0.02651102434731456,0.11730635166168213,-0.027976155281066895,-0.03726362775898906,0.08489757776260376,-0.05417025089263916,-0.045607752761611664,0.06192028522491455,-0.05006676912307739,-0.038085363468894684,0.06531065702438354,-0.04032266139984131,-0.029564758426317894,fist
0.0,0.0,0.0,-0.00774914026260376,-0.07462674379348755,-0.015509422698301023,-0.002946019172668457,-0.1441364884376526,-0.028994116761964506,0.007963001728057861,-0.18787899613380432,-0.04330883158115739,0.026705801486968994,-0.20437613129615784,-0.055224995889943784,0.09467321634292603,-0.16873490810394287,-0.011043355630022234,0.08014082908630371,-0.20280516147613525,-0.037339001723807996,0.04276007413864136,-0.20045068860054016,-0.057721718975585645,0.01535576581954956,-0.189546138048172,-0.06872871128587121,0.11583960056304932,-0.13235434889793396,-0.016114894130510038,0.0766339898109436,-0.15685191750526428,-0.03640502674250001,0.036968767642974854,-0.1512366235256195,-0.04704790172843332,0.017404615879058838,-0.1423058807849884,-0.051360212096255964,0.11990559101104736,-0.08625292778015137,-0.024607186966818517,0.07185548543930054,-0.10783770680427551,-0.04213046638039941,0.036828458309173584,-0.09929335117340088,-0.04020428267983789,0.02172607183456421,-0.08939945697784424,-0.03607448173431749,0.11215454339981079,-0.038192689418792725,-0.03561549244193429,0.06610482931137085,-0.05603659152984619,-0.04628824053077096,0.038833022117614746,-0.05536681413650513,-0.04212919233111734,0.027595341205596924,-0.051054537296295166,-0.03562039864925737,fist
0.0,0.0,0.0,-0.008116543292999268,-0.06734961271286011,-0.014757535794046817,-0.0043607354164123535,-0.13506147265434265,-0.026868247800734935,0.00348740816116333,-0.1793154776096344,-0.039359164797929225,0.015418291091918945,-0.2011474370956421,-0.049797700160411296,0.09050703048706055,-0.15768560767173767,-0.012236173638370929,0.07721656560897827,-0.195438414812088,-0.039418601804641185,0.040458083152770996,-0.1933613121509552,-0.0607847472664389,0.009736597537994385,-0.1826419234275818,-0.07178355883922904,0.11197704076766968,-0.12412968277931213,-0.016973863729504046,0.0751158595085144,-0.1507149636745453,-0.03890812900033325,0.034586191177368164,-0.14687329530715942,-0.049955592864421305,0.009937584400177002,-0.13956782221794128,-0.05338242035475105,0.11684930324554443,-0.08051139116287231,-0.025027403050330577,0.06656509637832642,-0.10047811269760132,-0.04281710218754142,0.031053364276885986,-0.09285283088684082,-0.041182374024060664,0.01250547170639038,-0.08371579647064209,-0.03645274173584312,0.10997772216796875,-0.03388166427612305,-0.03543846812215179,0.06395810842514038,-0.05088639259338379,-0.04594186823931068,0.03612470626831055,-0.048473477363586426,-0.04124223571386665,0.022612273693084717,-0.04224616289138794,-0.033959512972501216,fist
0.0,0.0,0.0,-0.01245957612991333,-0.06828838586807251,-0.016432161361080944,-0.016745686531066895,-0.12745514512062073,-0.03143085996816808,-0.016758620738983154,-0.16781765222549438,-0.04640294323871785,-0.009697318077087402,-0.18042686581611633,-0.05898349072049314,0.07650011777877808,-0.1846787929534912,-0.013971517711979686,0.03783994913101196,-0.20834803581237793,-0.0386763074548071,0.0025666356086730957,-0.19788911938667297,-0.057182547554475605,-0.017537474632263184,-0.18689027428627014,-0.06739777039001638,0.09326684474945068,-0.1494540274143219,-0.01905421252558881,0.03562188148498535,-0.16451022028923035,-0.03838829036067182,-0.001068115234375,-0.1526137888431549,-0.047716692939502536,-0.01593548059463501,-0.14431259036064148,-0.05124653215716535,0.09581238031387329,-0.10379254817962646,-0.02703356455276662,0.03175008296966553,-0.11725166440010071,-0.042811767116290866,-5.02467155456543e-05,-0.10081714391708374,-0.039261315867406665,-0.007351934909820557,-0.08965539932250977,-0.034391899511319934,0.0884975790977478,-0.05480915307998657,-0.037781120196086704,0.03091484308242798,-0.066162109375,-0.04664514671276265,0.006279408931732178,-0.057003676891326904,-0.040828009054166614,0.0027577877044677734,-0.04768252372741699,-0.0333199844808405,fist
0.0,0.0,0.0,-0.018413662910461426,-0.08182239532470703,-0.010415359153341797,-0.021845757961273193,-0.1468299925327301,-0.019577979794632938,-0.021364212036132812,-0.1910935640335083,-0.02934156706083968,-0.022053658962249756,-0.21654418110847473,-0.03740450715173438,0.05160021781921387,-0.1931796371936798,-0.012995552956056144,0.005941152572631836,-0.20936933159828186,-0.03355788787354186,-0.02535390853881836,-0.20042815804481506,-0.05016305272926047,-0.042605042457580566,-0.19214755296707153,-0.06001478408921912,0.062368571758270264,-0.15601861476898193,-0.019796503460895565,-0.009035706520080566,-0.16224893927574158,-0.03356972312082007,-0.03433340787887573,-0.15717631578445435,-0.041043761870753315,-0.04354280233383179,-0.1561734974384308,-0.045492958030592945,0.05985969305038452,-0.10617852210998535,-0.028522398075949695,-0.01484072208404541,-0.10608881711959839,-0.03997110923279479,-0.026174068450927734,-0.09308910369873047,-0.03631228183854773,-0.020251572132110596,-0.08846086263656616,-0.033140215775858906,0.04646795988082886,-0.05560821294784546,-0.03938199555028632,-0.014129400253295898,-0.051000237464904785,-0.04815437620032981,-0.018966257572174072,-0.04307150840759277,-0.04385463496197417,-0.006716132164001465,-0.04012209177017212,-0.03814055373419478,fist
0.0,0.0,0.0,-0.02235966920852661,-0.08273488283157349,-0.013358963509148225,-0.032524943351745605,-0.15044403076171875,-0.025801603538042173,-0.03788667917251587,-0.19160190224647522,-0.03811968755448447,-0.03762948513031006,-0.20288538932800293,-0.04892337587202178,0.044152677059173584,-0.19589519500732422,-0.020607066196447477,-0.02268540859222412,-0.20795589685440063,-0.0428546879860221,-0.046186983585357666,-0.1930643916130066,-0.058149046120291814,-0.046806156635284424,-0.1845647692680359,-0.06727246087515937,0.050327956676483154,-0.15067410469055176,-0.02712304223800288,-0.029171288013458252,-0.15582644939422607,-0.04541434240067588,-0.04251152276992798,-0.14386910200119019,-0.05135836717212783,-0.037747323513031006,-0.13988423347473145,-0.054607136962061986,0.04474353790283203,-0.09716218709945679,-0.035785085377341375,-0.03292304277420044,-0.09637635946273804,-0.051952301380282506,-0.039110422134399414,-0.08225136995315552,-0.0477181178005992,-0.027333617210388184,-0.0775371789932251,-0.043160120812302694,0.02917259931564331,-0.04365050792694092,-0.04641395699704276,-0.02758079767227173,-0.040917038917541504,-0.05664681908214675,-0.029480397701263428,-0.034381866455078125,-0.05247131627524482,-0.01447904109954834,-0.03392153978347778,-0.04697447162592994,fist
0.0,0.0,0.0,-0.022379636764526367,-0.07376033067703247,-0.0157777053654371,-0.037337541580200195,-0.13006487488746643,-0.031693460547941754,-0.05392497777938843,-0.15888771414756775,-0.046982692682760785,-0.05680114030838013,-0.14211279153823853,-0.059962546581047604,0.042059123516082764,-0.18586191534996033,-0.02104899113776071,-0.019594430923461914,-0.19169539213180542,-0.04034599860908372,-0.03755974769592285,-0.17340895533561707,-0.05164154818059785,-0.03461313247680664,-0.16520646214485168,-0.058256494009512494,0.05288839340209961,-0.14490744471549988,-0.025976553687470982,-0.029596149921417236,-0.14060696959495544,-0.041275659704226086,-0.03518134355545044,-0.12497425079345703,-0.04503953283430917,-0.021992862224578857,-0.12871238589286804,-0.04732103472353799,0.052652835845947266,-0.09378206729888916,-0.033165687823313306,-0.0280645489692688,-0.09012162685394287,-0.046708712482470105,-0.026824235916137695,-0.07701224088668823,-0.04259185319544656,-0.01000434160232544,-0.07849103212356567,-0.038452325516956876,0.04354292154312134,-0.042236387729644775,-0.04255249922873361,-0.017402052879333496,-0.041991472244262695,-0.050272027158754895,-0.014866352081298828,-0.03571438789367676,-0.046086879575270245,0.00213700532913208,-0.036488354206085205,-0.04091580411197526,fist
0.0,0.0,0.0,-0.03483545780181885,-0.06556975841522217,-0.02205376638130474,-0.05473506450653076,-0.11857062578201294,-0.042627715822618484,-0.06684297323226929,-0.1539635956287384,-0.06153852989928055,-0.05336189270019531,-0.13453713059425354,-0.07707777744190025,0.03625607490539551,-0.19052299857139587,-0.023386664074223518,-0.023247838020324707,-0.19159644842147827,-0.0450487372841053,-0.03427541255950928,-0.16222256422042847,-0.05935957035080719,-0.022310912609100342,-0.1566781997680664,-0.06877674287215996,0.053303301334381104,-0.15407836437225342,-0.02561482725695896,-0.02275252342224121,-0.14803668856620789,-0.04294029003040123,-0.026532649993896484,-0.12433362007141113,-0.04713475456492233,-0.010463714599609375,-0.12495952844619751,-0.04915596297041702,0.05846637487411499,-0.10578650236129761,-0.031055004652898788,-0.016928911209106445,-0.09818059206008911,-0.04462756341354179,-0.01887524127960205,-0.0809025764465332,-0.040401016678970336,-0.0010672807693481445,-0.08175194263458252,-0.03651682784811783,0.053138792514801025,-0.05515557527542114,-0.03962692370669174,-0.008181214332580566,-0.04843330383300781,-0.04609236991063881,-0.010101377964019775,-0.039571523666381836,-0.04290516799346733,0.005039513111114502,-0.04010593891143799,-0.03891475250975418,fist
0.0,0.0,0.0,-0.03274428844451904,-0.053329527378082275,-0.024732411980352254,-0.05266624689102173,-0.10862374305725098,-0.04382884237142548,-0.05541861057281494,-0.1441938579082489,-0.06046171593638405,-0.03422766923904419,-0.12288448214530945,-0.07255466762157425,0.03997009992599487,-0.18647977709770203,-0.021289683088383526,-0.007985115051269531,-0.1870795488357544,-0.040959888279161305,-0.020433664321899414,-0.1538396179676056,-0.05159709337326035,-0.011595606803894043,-0.14503124356269836,-0.058249619930705876,0.06396079063415527,-0.15759208798408508,-0.021511106893143506,0.0005480051040649414,-0.14316779375076294,-0.03873034673901543,-0.006265223026275635,-0.11252278089523315,-0.040411495744905324,0.00748676061630249,-0.10948285460472107,-0.03949779751869187,0.07635617256164551,-0.11461594700813293,-0.025630570158085675,0.014546632766723633,-0.10015061497688293,-0.04002588722082123,0.006200551986694336,-0.07545328140258789,-0.033960660129508824,0.01806694269180298,-0.07207387685775757,-0.0279304712560986,0.07951825857162476,-0.0669335126876831,-0.03333891290398583,0.02782493829727173,-0.05364251136779785,-0.0414312343594645,0.021297037601470947,-0.03812873363494873,-0.03868812802406296,0.03190988302230835,-0.03454184532165527,-0.03412730726572022,fist
0.0,0.0,0.0,-0.03256511688232422,-0.0562097430229187,-0.026368946900447554,-0.05284881591796875,-0.11177390813827515,-0.047081512531121916,-0.05404233932495117,-0.14413735270500183,-0.06498813362964029,-0.02982717752456665,-0.11822572350502014,-0.07819748403676385,0.04392129182815552,-0.1873924732208252,-0.023872778883060164,-0.007115423679351807,-0.18931040167808533,-0.046131284108241744,-0.02034205198287964,-0.15431493520736694,-0.05919735239990587,-0.009474098682403564,-0.14706295728683472,-0.06756230922587747,0.06715810298919678,-0.1567835807800293,-0.02372930491515035,0.002665281295776367,-0.14632916450500488,-0.0433424237573945,-0.0064907073974609375,-0.1139954924583435,-0.045953334441264815,0.007613122463226318,-0.10994169116020203,-0.04539965199478502,0.07811468839645386,-0.11347660422325134,-0.02770349117167825,0.015258073806762695,-0.10358095169067383,-0.04428371520884866,0.0055786967277526855,-0.07784420251846313,-0.03801015498288507,0.0182802677154541,-0.07425600290298462,-0.031415634920676894,0.07989048957824707,-0.06607294082641602,-0.035348718186696715,0.02724587917327881,-0.05589979887008667,-0.044524212499936766,0.020011723041534424,-0.03962075710296631,-0.041588255336364455,0.031336307525634766,-0.03622078895568848,-0.03663580225952501,fist
0.0,0.0,0.0,-0.0286138653755188,-0.046511709690093994,-0.019785100966117852,-0.04984641075134277,-0.10197168588638306,-0.03641020357551383,-0.0504266619682312,-0.1440674066543579,-0.052614620327375405,-0.021433889865875244,-0.14638951420783997,-0.0660510830575447,0.01180797815322876,-0.18249526619911194,-0.011649450659177774,-1.633167266845703e-05,-0.19908016920089722,-0.03545234575810241,-0.015357136726379395,-0.19512617588043213,-0.05179222524108695,-0.02968275547027588,-0.1895616054534912,-0.06094949543418693,0.04081308841705322,-0.17140838503837585,-0.01348579525890159,0.013022780418395996,-0.16822072863578796,-0.03359187245311546,-0.004589855670928955,-0.1291627287864685,-0.03919995799603271,-0.00719141960144043,-0.1085008978843689,-0.03908415362181472,0.06131088733673096,-0.1440226137638092,-0.01937134973647403,0.030462205410003662,-0.13186794519424438,-0.03875984474959182,0.014080464839935303,-0.09264376759529114,-0.03223974108638572,0.01396787166595459,-0.07275229692459106,-0.023750435932896607,0.07496583461761475,-0.10578590631484985,-0.02809209227504539,0.04771631956100464,-0.09224331378936768,-0.03909205868782806,0.03096473217010498,-0.06416946649551392,-0.03228340893926429,0.028843998908996582,-0.048360466957092285,-0.02384392395558166,fist
0.0,0.0,0.0,-0.02935612201690674,-0.04083782434463501,-0.020041381685928172,-0.05276983976364136,-0.10105019807815552,-0.03378476363320715,-0.05027306079864502,-0.14755293726921082,-0.046506585298971004,-0.01863694190979004,-0.14310523867607117,-0.05651384380360014,0.01305544376373291,-0.1818828582763672,-0.008910964920119113,-0.0027523040771484375,-0.19627293944358826,-0.029968986033395595,-0.016897737979888916,-0.1904524862766266,-0.0431554706086672,-0.02754676342010498,-0.1899111568927765,-0.0503220127214945,0.0421680212020874,-0.16877341270446777,-0.009783470748857326,0.01151740550994873,-0.16617345809936523,-0.028552805750564403,-0.004981279373168945,-0.12744349241256714,-0.03099611003597147,-0.004443466663360596,-0.11440324783325195,-0.028081116943553752,0.06291180849075317,-0.14034119248390198,-0.014984488232926196,0.030877113342285156,-0.13354769349098206,-0.03494566094775564,0.015178859233856201,-0.09470120072364807,-0.027627998708680934,0.01686561107635498,-0.07983684539794922,-0.017586284994081325,0.07779765129089355,-0.10256543755531311,-0.02281790946324236,0.04875504970550537,-0.09782540798187256,-0.03484350603719122,0.03198409080505371,-0.06871533393859863,-0.028323141603664226,0.030974388122558594,-0.05337536334991455,-0.019382647915676898,fist
0.0,0.0,0.0,-0.03965282440185547,-0.03848278522491455,-0.020052933919799898,-0.07054424285888672,-0.10376858711242676,-0.03269814871586618,-0.06502461433410645,-0.1575935184955597,-0.04496464677490053,-0.02844947576522827,-0.16363602876663208,-0.05179493673480806,-0.03160589933395386,-0.17937961220741272,-0.004509946651381824,-0.046170592308044434,-0.20238062739372253,-0.03420566566623506,-0.05202651023864746,-0.14960995316505432,-0.04882656582034883,-0.043237268924713135,-0.13688361644744873,-0.05606651105321703,0.0024424195289611816,-0.17456531524658203,-0.00763852320946512,-0.01349729299545288,-0.19712290167808533,-0.03842322700060663,-0.023621737957000732,-0.13679450750350952,-0.04071948103941736,-0.013760507106781006,-0.12716349959373474,-0.0343804525617486,0.03172093629837036,-0.15766695141792297,-0.016813056397808168,0.011524736881256104,-0.1671026349067688,-0.04464156352318582,-0.0006631612777709961,-0.1119806170463562,-0.03360493652857599,0.00984048843383789,-0.10700279474258423,-0.01900244489647207,0.0586237907409668,-0.1307867467403412,-0.028651414293420885,0.03171861171722412,-0.12837716937065125,-0.04128664903677759,0.022638261318206787,-0.0942986011505127,-0.03341432459987459,0.0337529182434082,-0.0935676097869873,-0.023741079348695848,fist
0.0,0.0,0.0,-0.04074299335479736,-0.033916592597961426,-0.01071775060520963,-0.07225576043128967,-0.09517139196395874,-0.01777230117843942,-0.06743815541267395,-0.15272396802902222,-0.026958760883672994,-0.036060631275177,-0.17659825086593628,-0.032392558719976705,-0.0540984570980072,-0.15614694356918335,0.006519220691160399,-0.05954134464263916,-0.1991356611251831,-0.022927141826613706,-0.06029325723648071,-0.16137179732322693,-0.038127684112652105,-0.05529466271400452,-0.13776162266731262,-0.04376743834839658,-0.022192716598510742,-0.15874972939491272,-0.00013961355401193032,-0.028600096702575684,-0.19962573051452637,-0.028973954807980817,-0.033581674098968506,-0.1441631019115448,-0.03300636735187368,-0.02747321128845215,-0.1264646053314209,-0.02739936400578813,0.010092079639434814,-0.14951163530349731,-0.012397477481528085,0.0018057823181152344,-0.18024367094039917,-0.03974369641767339,-0.005154013633728027,-0.12485143542289734,-0.029385558407767576,0.001565396785736084,-0.11199614405632019,-0.014447390180094999,0.04435455799102783,-0.1300889551639557,-0.026234106238945287,0.028367042541503906,-0.14825302362442017,-0.038761139925583166,0.018947124481201172,-0.11000669002532959,-0.02885473620520429,0.023125767707824707,-0.10022759437561035,-0.017435048785074514,fist
0.0,0.0,0.0,-0.04052412509918213,-0.033719003200531006,-0.00909277985351764,-0.07206201553344727,-0.09765356779098511,-0.015545847849125494,-0.06629857420921326,-0.15641441941261292,-0.025009423517758478,-0.034422457218170166,-0.17987984418869019,-0.03163590284543716,-0.055062711238861084,-0.15662291646003723,0.007009609578972231,-0.06151890754699707,-0.2017253041267395,-0.020305743464405168,-0.062196701765060425,-0.17306101322174072,-0.03483163940268241,-0.05651456117630005,-0.15044209361076355,-0.04039151596384727,-0.022449195384979248,-0.15879559516906738,-0.0008273497458048951,-0.028572499752044678,-0.19958820939064026,-0.026896996447021593,-0.03340315818786621,-0.14482906460762024,-0.028994945832664598,-0.02855861186981201,-0.1263580024242401,-0.022393666231209863,0.010070323944091797,-0.14898556470870972,-0.014014896960134138,0.0025216341018676758,-0.18127208948135376,-0.03842921184855186,-0.0032341480255126953,-0.12708592414855957,-0.026583988242919077,0.0020294189453125,-0.11245155334472656,-0.011332776420886148,0.04405546188354492,-0.13019829988479614,-0.02898532899575912,0.02983766794204712,-0.14990520477294922,-0.03950899841743194,0.020295262336730957,-0.11157464981079102,-0.027961106994325746,0.022293448448181152,-0.09967970848083496,-0.015923166670972932,fist
0.0,0.0,0.0,-0.041113853454589844,-0.031478285789489746,-0.013070258300530213,-0.07615122199058533,-0.08934193849563599,-0.021090199228154916,-0.0750609040260315,-0.14971542358398438,-0.031506600778328675,-0.04725983738899231,-0.18276819586753845,-0.038261058728920716,-0.06375283002853394,-0.14952558279037476,0.005983691208285791,-0.07673847675323486,-0.19556885957717896,-0.023025353427755135,-0.07241278886795044,-0.17305997014045715,-0.03417725766800572,-0.06052076816558838,-0.15933984518051147,-0.03604675362609555,-0.03228628635406494,-0.15395665168762207,0.00040198249601530733,-0.040532052516937256,-0.19771212339401245,-0.029077735718118447,-0.03919076919555664,-0.13696041703224182,-0.027695094223844308,-0.031200706958770752,-0.12664669752120972,-0.016460449423419732,0.0012346506118774414,-0.14869269728660583,-0.011413954186963338,-0.0077939629554748535,-0.18284010887145996,-0.042526620428787965,-0.009084761142730713,-0.12131273746490479,-0.02869248109661271,-0.0013914704322814941,-0.11106055974960327,-0.009138113807665604,0.037082135677337646,-0.13488343358039856,-0.024862126435863274,0.021252095699310303,-0.15803202986717224,-0.04021275321744611,0.015093624591827393,-0.1146818995475769,-0.02828265073500802,0.019608616828918457,-0.10294681787490845,-0.013819529663550156,fist
0.0,0.0,0.0,-0.042513132095336914,-0.02562582492828369,-0.01334050280618726,-0.0814848244190216,-0.08208739757537842,-0.02036153135466634,-0.08136844635009766,-0.14316412806510925,-0.029355928130627262,-0.051184237003326416,-0.17674651741981506,-0.03454184142518102,-0.06633007526397705,-0.1456792950630188,0.003808119971125734,-0.07856929302215576,-0.19315096735954285,-0.025985320858836758,-0.07316380739212036,-0.15580353140830994,-0.03912541253137647,-0.06266814470291138,-0.142704576253891,-0.042814899064779866,-0.03492778539657593,-0.15025433897972107,-0.002168354174301612,-0.044291913509368896,-0.19918334484100342,-0.032762799240828144,-0.042672544717788696,-0.1372530460357666,-0.033867459573031056,-0.034455329179763794,-0.12509450316429138,-0.024609355084777462,-0.001722097396850586,-0.1449260115623474,-0.014034756288111794,-0.012122035026550293,-0.18364134430885315,-0.04577155021596013,-0.013095080852508545,-0.12061914801597595,-0.03342154977488576,-0.0060288310050964355,-0.10979706048965454,-0.014785964802086937,0.03407394886016846,-0.13194742798805237,-0.027443226255655873,0.017726004123687744,-0.16055738925933838,-0.04243661073613225,0.0118674635887146,-0.11486375331878662,-0.02987645176816045,0.016146183013916016,-0.1008417010307312,-0.015124214641929257,fist
0.0,0.0,0.0,-0.0415995717048645,-0.029517412185668945,-0.01101088229958691,-0.07930955290794373,-0.08595138788223267,-0.016910518374487538,-0.081655353307724,-0.14578458666801453,-0.025557827990695614,-0.05301770567893982,-0.17932268977165222,-0.03033110578004994,-0.06561154127120972,-0.14838024973869324,0.007409786950603348,-0.07796072959899902,-0.19628211855888367,-0.020493135642453808,-0.07313966751098633,-0.1552138328552246,-0.03269177567605652,-0.06313967704772949,-0.13815340399742126,-0.036050955619856495,-0.03431069850921631,-0.15236109495162964,0.0009054720572123642,-0.04283413290977478,-0.2012348175048828,-0.027000871341869015,-0.041431963443756104,-0.13836976885795593,-0.027695192810341496,-0.034240901470184326,-0.12495070695877075,-0.018922072690173763,-0.0016958117485046387,-0.14686429500579834,-0.01128521360848822,-0.010618150234222412,-0.18778479099273682,-0.040108485933586735,-0.011380374431610107,-0.12493336200714111,-0.027455611940666813,-0.004718661308288574,-0.1117171049118042,-0.009423475567444939,0.033122241497039795,-0.13368472456932068,-0.02495427135770001,0.018597006797790527,-0.16396743059158325,-0.03818362098579087,0.01327526569366455,-0.11984431743621826,-0.025551023747965473,0.017479240894317627,-0.10516500473022461,-0.011203767586692948,fist
0.0,0.0,0.0,-0.044732362031936646,-0.02387446165084839,-0.01254597686983061,-0.0849856436252594,-0.08231616020202637,-0.017992194823989394,-0.08847519755363464,-0.14730983972549438,-0.02586276092387152,-0.05782824754714966,-0.18185758590698242,-0.028577230952748778,-0.06968474388122559,-0.14470568299293518,0.008211010053685186,-0.08439624309539795,-0.19667458534240723,-0.021931132383713248,-0.07754004001617432,-0.14288988709449768,-0.03409185082472277,-0.06809577345848083,-0.12550944089889526,-0.03682774499810648,-0.03783044219017029,-0.1491674780845642,0.003373750636285422,-0.0492861270904541,-0.19354933500289917,-0.02686037131405783,-0.04446789622306824,-0.1262887716293335,-0.026965331368216994,-0.03681573271751404,-0.12060898542404175,-0.017256699584493163,-0.004875242710113525,-0.14620521664619446,-0.007817377418348315,-0.0178108811378479,-0.1858261227607727,-0.03851607263840151,-0.015759289264678955,-0.11896288394927979,-0.024750473059782507,-0.007202565670013428,-0.11149585247039795,-0.0053648022823722386,0.030970871448516846,-0.13829824328422546,-0.020630417473682883,0.013172149658203125,-0.16548937559127808,-0.03433599517501307,0.009822607040405273,-0.11890709400177002,-0.021740093909272673,0.01622074842453003,-0.10782790184020996,-0.007001081097939732,fist
0.0,0.0,0.0,-0.04423022270202637,-0.02211219072341919,-0.012881853408657662,-0.08647686243057251,-0.08131825923919678,-0.01826294118120586,-0.0919150710105896,-0.14817950129508972,-0.02629563191487705,-0.060056596994400024,-0.17886099219322205,-0.029189005285047642,-0.07226911187171936,-0.14730829000473022,0.00789199138478125,-0.08789676427841187,-0.19954153895378113,-0.021881293296360127,-0.07960885763168335,-0.14588743448257446,-0.03318696261897003,-0.06999146938323975,-0.12771537899971008,-0.035330610140704266,-0.04027143120765686,-0.1518949270248413,0.0026536760614135346,-0.05263456702232361,-0.19679847359657288,-0.028167873411916844,-0.046289652585983276,-0.12831741571426392,-0.027583045675896756,-0.03836140036582947,-0.12104767560958862,-0.016822425439499966,-0.006928861141204834,-0.14862406253814697,-0.008980016946338765,-0.020377814769744873,-0.18458819389343262,-0.0397175566996566,-0.017140686511993408,-0.11788266897201538,-0.025392846926592938,-0.009071171283721924,-0.11080962419509888,-0.005289602815651051,0.029075682163238525,-0.14046171307563782,-0.022340032994293324,0.011169254779815674,-0.1678369641304016,-0.03531136901631271,0.008720219135284424,-0.12192171812057495,-0.022079305514239422,0.01524287462234497,-0.11127907037734985,-0.00686127205892717,fist
0.0,0.0,0.0,-0.045656681060791016,-0.022227585315704346,-0.011925250889305516,-0.08891496062278748,-0.07875245809555054,-0.017244728879575177,-0.09628617763519287,-0.14452943205833435,-0.02546870395684664,-0.06904429197311401,-0.18226563930511475,-0.028541517110113546,-0.07818850874900818,-0.14411136507987976,0.009212191550489024,-0.09514936804771423,-0.19540247321128845,-0.020120118410829946,-0.08537372946739197,-0.1399361789226532,-0.031209746973161145,-0.0753568708896637,-0.12287196516990662,-0.03325222678626005,-0.04713878035545349,-0.15044093132019043,0.003868364364336685,-0.06149902939796448,-0.19484731554985046,-0.025855798871759816,-0.05331060290336609,-0.1270695924758911,-0.025332283826116964,-0.04491853713989258,-0.12122392654418945,-0.015201833696607991,-0.01396554708480835,-0.14924782514572144,-0.0077731261416715824,-0.02781212329864502,-0.18537873029708862,-0.0381472768648905,-0.023137450218200684,-0.11909675598144531,-0.024251079784278318,-0.014885008335113525,-0.11196166276931763,-0.004798637369219705,0.021686553955078125,-0.14294347167015076,-0.020965945573095723,0.003475666046142578,-0.17036843299865723,-0.03354892753208105,0.0024332404136657715,-0.12453991174697876,-0.02033128835404341,0.009505748748779297,-0.11369001865386963,-0.005371428226624175,fist
0.0,0.0,0.0,-0.0481337308883667,-0.025859355926513672,-0.010981028703866968,-0.08926132321357727,-0.08071839809417725,-0.01645650695067502,-0.09677517414093018,-0.1440962851047516,-0.025264452947197924,-0.07073447108268738,-0.1815338134765625,-0.029246527505932818,-0.07824313640594482,-0.1444239616394043,0.011775184618414869,-0.09499013423919678,-0.19662636518478394,-0.01651814746659852,-0.08505913615226746,-0.1447044312953949,-0.028225915310798655,-0.07449308037757874,-0.1255188286304474,-0.030677133975444804,-0.046998441219329834,-0.15076065063476562,0.006158974683017959,-0.06013840436935425,-0.1963358223438263,-0.02206603045564748,-0.05273398756980896,-0.1316547691822052,-0.02288850191038705,-0.04488575458526611,-0.12286937236785889,-0.014071432677923212,-0.014194667339324951,-0.14929965138435364,-0.005604999875544081,-0.026928842067718506,-0.18600893020629883,-0.03335869851511575,-0.02317291498184204,-0.12298983335494995,-0.02057894485992051,-0.015534043312072754,-0.11287820339202881,-0.002469166219128738,0.021272778511047363,-0.14287978410720825,-0.018989668963371287,0.003298342227935791,-0.17168039083480835,-0.028988029612122546,0.0014973878860473633,-0.12739935517311096,-0.01549221462559558,0.008229434490203857,-0.11449277400970459,-0.0008020470057488183,fist
0.0,0.0,0.0,-0.046764910221099854,-0.02275460958480835,-0.01171745725520168,-0.08865806460380554,-0.07599729299545288,-0.01767791707612787,-0.09840121865272522,-0.14032205939292908,-0.026332230238097054,-0.07132163643836975,-0.1792052984237671,-0.02934832025863443,-0.08039712905883789,-0.14211562275886536,0.009221744792682784,-0.09844058752059937,-0.19295728206634521,-0.018779811380284173,-0.08659440279006958,-0.13804566860198975,-0.029689521459715706,-0.07719579339027405,-0.12371936440467834,-0.03235326421059881,-0.04930835962295532,-0.15007564425468445,0.004343512071443456,-0.06457573175430298,-0.1890348196029663,-0.02315114897288595,-0.05322808027267456,-0.12216922640800476,-0.022096273420231682,-0.04594328999519348,-0.12014621496200562,-0.01299845513500486,-0.016421496868133545,-0.14971405267715454,-0.006622228236722094,-0.03177770972251892,-0.18593710660934448,-0.03396339800752912,-0.02451878786087036,-0.12089130282402039,-0.018788362784164292,-0.015846610069274902,-0.11488622426986694,7.771275335244354e-05,0.019282758235931396,-0.14476191997528076,-0.019332268206255776,0.0007437467575073242,-0.17085790634155273,-0.02983117376066957,0.00048655271530151367,-0.12581920623779297,-0.016066255910175187,0.007572352886199951,-0.11644047498703003,-0.001484643715286893,fist
0.0,0.0,0.0,-0.049049824476242065,-0.02436894178390503,-0.0116119115693607,-0.08994433283805847,-0.076465904712677,-0.017450293627206293,-0.09794113039970398,-0.13828647136688232,-0.026286214691225496,-0.07311958074569702,-0.1770721971988678,-0.03009760762435576,-0.0787971019744873,-0.14133712649345398,0.010602274808462653,-0.09714457392692566,-0.19155210256576538,-0.017358414929930177,-0.08663702011108398,-0.1388937532901764,-0.02873180071694037,-0.07618248462677002,-0.12226510047912598,-0.03120740513188025,-0.048158079385757446,-0.1482025682926178,0.0053834234284124705,-0.06315681338310242,-0.19040340185165405,-0.022510981288377252,-0.054457396268844604,-0.12599804997444153,-0.02294595735949656,-0.04550600051879883,-0.11978691816329956,-0.014195527051214185,-0.01582348346710205,-0.14756470918655396,-0.005962831069354024,-0.030515551567077637,-0.1842571496963501,-0.03365935209077975,-0.025688737630844116,-0.12081381678581238,-0.02086819532198092,-0.016767799854278564,-0.11200404167175293,-0.0028906165236719517,0.01911032199859619,-0.1424633264541626,-0.01895319494289538,-0.00021153688430786133,-0.16924604773521423,-0.029366910558763948,-0.0017906427383422852,-0.1250917613506317,-0.016387889262858835,0.005632519721984863,-0.11319214105606079,-0.0020097087683268455,fist
0.0,0.0,0.0,-0.049737632274627686,-0.020779728889465332,-0.009509948555887604,-0.09296011924743652,-0.0727548599243164,-0.013445657220245266,-0.10151898860931396,-0.13611936569213867,-0.020673403990031147,-0.07203292846679688,-0.1707729697227478,-0.022627920385957623,-0.08163571357727051,-0.1351499855518341,0.01369735271805439,-0.10049766302108765,-0.1859501302242279,-0.01260048198378172,-0.0894431471824646,-0.13412275910377502,-0.023146635395050907,-0.07926422357559204,-0.11864221096038818,-0.025761895355344677,-0.051461249589920044,-0.14355048537254333,0.007984007235108947,-0.06697216629981995,-0.1839292049407959,-0.01868289942717638,-0.05599662661552429,-0.11873641610145569,-0.018522767823696995,-0.04769331216812134,-0.11433178186416626,-0.009826342117548847,-0.019309043884277344,-0.1444019079208374,-0.0036956735500552895,-0.03522732853889465,-0.18028634786605835,-0.03000097769177046,-0.027842670679092407,-0.11648130416870117,-0.0161422644821414,-0.018536090850830078,-0.10934442281723022,0.0019011225006124732,0.016511380672454834,-0.14100196957588196,-0.017034413766623402,-0.002871394157409668,-0.16588672995567322,-0.02667601081407156,-0.0029442906379699707,-0.1215050220489502,-0.013422945056618119,0.004760921001434326,-0.11166062951087952,0.000695996502372509,fist
0.0,0.0,0.0,-0.0498238205909729,-0.024529635906219482,-0.010649751378053907,-0.0936727523803711,-0.0758599042892456,-0.015794525360519174,-0.10303550958633423,-0.13586324453353882,-0.024376046350056413,-0.07506522536277771,-0.17136463522911072,-0.027971445089036706,-0.08184632658958435,-0.13563403487205505,0.012018454754894492,-0.1008906364440918,-0.18794679641723633,-0.015647307475859407,-0.090110182762146,-0.1360311508178711,-0.026679974486881974,-0.08013007044792175,-0.12060755491256714,-0.029312009429389718,-0.05163538455963135,-0.14419648051261902,0.005994042875414607,-0.06718719005584717,-0.18851670622825623,-0.022403629934245828,-0.058421939611434937,-0.1236148476600647,-0.023079429259354356,-0.05012872815132141,-0.11799022555351257,-0.01435316211527038,-0.019429564476013184,-0.14578738808631897,-0.006157111814076188,-0.03534194827079773,-0.1844455897808075,-0.033588763763958696,-0.029779642820358276,-0.12031123042106628,-0.020647585829550508,-0.02120077610015869,-0.11218193173408508,-0.0026219696456735164,0.015832245349884033,-0.14326471090316772,-0.02001949629729438,-0.003977477550506592,-0.16940030455589294,-0.029927669530565026,-0.004996836185455322,-0.12484794855117798,-0.016843412509018663,0.0024326443672180176,-0.11350387334823608,-0.0025806193890218765,fist
