0.0,0.0,0.0,-0.04150187969207764,-0.061814308166503906,0.0002606014136290469,-0.09081810712814331,-0.09865894913673401,-0.015266045334556111,-0.13536113500595093,-0.09377461671829224,-0.032484100538113125,-0.16123366355895996,-0.07969653606414795,-0.05288620420060397,-0.05352252721786499,-0.14798271656036377,-0.03128702320418597,-0.06727927923202515,-0.16882848739624023,-0.05363383271060229,-0.08450496196746826,-0.19560644030570984,-0.06986048572025538,-0.10075157880783081,-0.21323740482330322,-0.08228245131931544,-0.038953542709350586,-0.11022645235061646,-0.04623783134184123,-0.12862104177474976,-0.09355714917182922,-0.06781657539568187,-0.1316041350364685,-0.08200991153717041,-0.07062079511842967,-0.11857038736343384,-0.07310765981674194,-0.07329481594524623,-0.03564023971557617,-0.05579090118408203,-0.060447455721714505,-0.13164252042770386,-0.03487163782119751,-0.08035808556041957,-0.11689066886901855,-0.0296938419342041,-0.06975041829309703,-0.08907461166381836,-0.03115946054458618,-0.06100326903424502,-0.04064732789993286,0.0016028285026550293,-0.07434011750183345,-0.11971813440322876,0.010699331760406494,-0.09091415755710841,-0.1075848937034607,0.00835949182510376,-0.08388687424621821,-0.0808759331703186,7.039308547973633e-05,-0.07713208101949931,pointing
0.0,0.0,0.0,-0.040344834327697754,-0.061618685722351074,-0.0011150492349543129,-0.0888601541519165,-0.09855720400810242,-0.016866732038920418,-0.13245552778244019,-0.09437009692192078,-0.03395168448275854,-0.15702950954437256,-0.07837653160095215,-0.0541798357147627,-0.05130302906036377,-0.14712104201316833,-0.033700093277161614,-0.06743526458740234,-0.16998302936553955,-0.05741353670543958,-0.08359283208847046,-0.1984316110610962,-0.07482625509089758,-0.09918850660324097,-0.21647995710372925,-0.08760178799218465,-0.03723055124282837,-0.11038076877593994,-0.04751906881517698,-0.12635445594787598,-0.09482094645500183,-0.06939820910281469,-0.13061481714248657,-0.08733522891998291,-0.07274842972344686,-0.12032270431518555,-0.08064678311347961,-0.07576703245229055,-0.0345647931098938,-0.057208359241485596,-0.06059392879194547,-0.1307511329650879,-0.03651171922683716,-0.07986493373698522,-0.11582857370376587,-0.03386545181274414,-0.06904183293170263,-0.08810317516326904,-0.035232484340667725,-0.06014963949508001,-0.04022127389907837,-0.0004552006721496582,-0.0735781114775591,-0.11888813972473145,0.009166181087493896,-0.08956799621171285,-0.1062893271446228,0.005104780197143555,-0.08240434492415716,-0.07950103282928467,-0.0038388967514038086,-0.07557209546155264,pointing
0.0,0.0,0.0,-0.03995180130004883,-0.06086075305938721,-0.002410944476878285,-0.08898752927780151,-0.09711763262748718,-0.019452647930165767,-0.13308566808700562,-0.09345445036888123,-0.037576729124566555,-0.15987271070480347,-0.08260530233383179,-0.05876427671887541,-0.05206954479217529,-0.14713135361671448,-0.03678907237031126,-0.06704998016357422,-0.17048195004463196,-0.06184814653374815,-0.08268052339553833,-0.19964319467544556,-0.08020347884871626,-0.09870171546936035,-0.21824687719345093,-0.09357459626176023,-0.038102149963378906,-0.1110047996044159,-0.050272935694238186,-0.12549394369125366,-0.0973345935344696,-0.07380685738303328,-0.13365590572357178,-0.08930516242980957,-0.07799509695746565,-0.12776941061019897,-0.080943763256073,-0.08138540915228987,-0.03544503450393677,-0.05865758657455444,-0.06302770755269194,-0.13121092319488525,-0.03832608461380005,-0.0827237271425929,-0.11671322584152222,-0.03448522090911865,-0.0715918370244708,-0.08965390920639038,-0.03487735986709595,-0.06262197128512526,-0.04108959436416626,-0.0030629634857177734,-0.07586265138365889,-0.11930924654006958,0.007124781608581543,-0.09205843291260862,-0.10747265815734863,0.004159390926361084,-0.08474666408278608,-0.08145815134048462,-0.0043427348136901855,-0.07782408378102446,pointing
0.0,0.0,0.0,-0.039704978466033936,-0.060397326946258545,-0.003968212438053342,-0.08670604228973389,-0.09933006763458252,-0.020271790364063236,-0.12885057926177979,-0.09704947471618652,-0.03712039549020574,-0.1560969352722168,-0.0848555862903595,-0.057246160843646976,-0.05063986778259277,-0.14619877934455872,-0.038550661095655414,-0.06457597017288208,-0.17132550477981567,-0.06236334998277471,-0.0805625319480896,-0.1992623507976532,-0.0800204660382633,-0.09674417972564697,-0.2180524468421936,-0.09286613870528981,-0.034968018531799316,-0.110694020986557,-0.04976328943041608,-0.11417675018310547,-0.10289931297302246,-0.07308341670898244,-0.1334347128868103,-0.0974530577659607,-0.07994064796832845,-0.13795971870422363,-0.08873817324638367,-0.08541908223298833,-0.032167673110961914,-0.05924171209335327,-0.05984717715648458,-0.12437105178833008,-0.04384422302246094,-0.07823851067689702,-0.11568278074264526,-0.03777492046356201,-0.06928259987500951,-0.09105491638183594,-0.03458768129348755,-0.061790910699642154,-0.039648354053497314,-0.0043375492095947266,-0.07000526148942754,-0.11686521768569946,0.0032719969749450684,-0.08475609231857106,-0.10862642526626587,0.0006239414215087891,-0.0785427700367336,-0.0831957459449768,-0.005484879016876221,-0.07248750437167928,pointing
0.0,0.0,0.0,-0.03981053829193115,-0.060504376888275146,-0.003008256154473088,-0.0881270170211792,-0.09996175765991211,-0.01942700003307607,-0.13184064626693726,-0.09869378805160522,-0.036774218501861355,-0.1588062047958374,-0.0863625705242157,-0.05743635487776544,-0.05131220817565918,-0.1471095085144043,-0.036798485042865536,-0.06594043970108032,-0.17115026712417603,-0.059844270767982266,-0.08259701728820801,-0.1992865800857544,-0.07664122846942689,-0.09892868995666504,-0.21936309337615967,-0.08913723793845918,-0.036281049251556396,-0.11105495691299438,-0.048946928652341626,-0.11541140079498291,-0.10563212633132935,-0.07161684748750474,-0.13561546802520752,-0.09811881184577942,-0.07754958835464265,-0.14087414741516113,-0.08903953433036804,-0.08225027886253145,-0.03396415710449219,-0.05927419662475586,-0.06002514106255319,-0.12636011838912964,-0.0450817346572876,-0.07800499764304902,-0.11839127540588379,-0.03677767515182495,-0.0689468946776941,-0.09407734870910645,-0.03326767683029175,-0.061497915955598614,-0.04178828001022339,-0.004211068153381348,-0.07117103454690721,-0.11878436803817749,0.0026055574417114258,-0.08549480554681566,-0.11070775985717773,0.0008608102798461914,-0.07935198065858629,-0.08524328470230103,-0.004801809787750244,-0.07349857357364442,pointing
0.0,0.0,0.0,-0.040975093841552734,-0.059784889221191406,-0.002201800251910413,-0.09067779779434204,-0.10093894600868225,-0.015814290632093275,-0.13351130485534668,-0.1013687252998352,-0.03046651675232681,-0.15854167938232422,-0.09210175275802612,-0.04793523742684158,-0.05171269178390503,-0.15360760688781738,-0.030773771245563353,-0.06720858812332153,-0.17699146270751953,-0.05144648744591507,-0.08454102277755737,-0.20265543460845947,-0.06687046705611976,-0.1018795371055603,-0.2216905951499939,-0.07847245155700477,-0.037465691566467285,-0.11854514479637146,-0.042991166253173674,-0.11252260208129883,-0.11461234092712402,-0.06411804376968178,-0.13655948638916016,-0.10524916648864746,-0.07101160406001839,-0.1467854380607605,-0.09452047944068909,-0.07606451331504616,-0.034569621086120605,-0.06778860092163086,-0.05419778941997322,-0.12468510866165161,-0.05333811044692993,-0.07188361256250175,-0.11804467439651489,-0.04366391897201538,-0.06494033454784187,-0.09650349617004395,-0.039515018463134766,-0.05840310945042404,-0.04078727960586548,-0.012796521186828613,-0.0653282639277819,-0.11690497398376465,-0.006045520305633545,-0.07924770681985649,-0.10933637619018555,-0.005572199821472168,-0.07327909885772499,-0.08508598804473877,-0.009706556797027588,-0.06716772287019523,pointing
0.0,0.0,0.0,-0.0420224666595459,-0.06009870767593384,-0.000408564646505738,-0.0918203592300415,-0.1025659441947937,-0.013869226804246182,-0.13644295930862427,-0.10207447409629822,-0.028706968656052823,-0.16199511289596558,-0.09086501598358154,-0.04634717748152184,-0.054113566875457764,-0.15491867065429688,-0.02927680396126675,-0.06899911165237427,-0.178757905960083,-0.049020065820087666,-0.08673226833343506,-0.20293492078781128,-0.06259820506559777,-0.10453146696090698,-0.2211034893989563,-0.07301990584122109,-0.04035317897796631,-0.11902427673339844,-0.042437835490574116,-0.11994141340255737,-0.1123015284538269,-0.0637328465341227,-0.13655930757522583,-0.09865406155586243,-0.06863845781074929,-0.1390170454978943,-0.08609429001808167,-0.071748538768162,-0.03773796558380127,-0.06696724891662598,-0.054472709900011296,-0.12863582372665405,-0.05113905668258667,-0.07310507342802453,-0.11983251571655273,-0.04064333438873291,-0.06534420595156121,-0.09764939546585083,-0.03854089975357056,-0.057843669211735005,-0.04416036605834961,-0.011139452457427979,-0.06610757008778023,-0.12003660202026367,-0.004567265510559082,-0.08042937413441109,-0.1111956238746643,-0.00410991907119751,-0.07415195450769829,-0.08694303035736084,-0.009787023067474365,-0.06762282446609902,pointing
0.0,0.0,0.0,-0.04696691036224365,-0.06045454740524292,0.0023585053013128743,-0.09464406967163086,-0.10313743352890015,-0.009386747578023602,-0.13561302423477173,-0.1048189103603363,-0.024146289067207505,-0.1586446762084961,-0.09112817049026489,-0.04145069091194742,-0.04774123430252075,-0.15719282627105713,-0.020927070142565896,-0.0677599310874939,-0.18759262561798096,-0.03983468605750673,-0.08590751886367798,-0.21430125832557678,-0.05360224886411302,-0.10162544250488281,-0.23308292031288147,-0.06414519666308038,-0.035961925983428955,-0.1253899335861206,-0.03629891245239847,-0.12066662311553955,-0.1189022958278656,-0.056224596189199616,-0.1282275915145874,-0.1042742133140564,-0.06006418584459894,-0.11952924728393555,-0.09301257133483887,-0.06253324119919412,-0.033025920391082764,-0.07585465908050537,-0.051117454158006836,-0.12543869018554688,-0.06100648641586304,-0.06960545151108377,-0.1126718521118164,-0.05014258623123169,-0.06204241930121057,-0.08586609363555908,-0.04692202806472778,-0.054946519868313004,-0.03773379325866699,-0.020350217819213867,-0.0656388294565069,-0.11330491304397583,-0.011895418167114258,-0.08077411769503229,-0.10250848531723022,-0.008417129516601562,-0.07510147659653299,-0.07555627822875977,-0.01045924425125122,-0.06916027186983698,pointing
0.0,0.0,0.0,-0.04796171188354492,-0.06423389911651611,0.0007818295696964128,-0.09581565856933594,-0.10874435305595398,-0.010774867799391075,-0.13719743490219116,-0.10874760150909424,-0.024903541621078773,-0.16010254621505737,-0.09325927495956421,-0.041400807168592735,-0.05055737495422363,-0.16076192259788513,-0.022322617661465927,-0.06870532035827637,-0.18877553939819336,-0.04120502826224737,-0.0871536135673523,-0.21106356382369995,-0.05415567215930395,-0.1046762466430664,-0.2272137999534607,-0.06401298772941999,-0.03800857067108154,-0.12639272212982178,-0.03679799493800573,-0.11857086420059204,-0.12102839350700378,-0.0579145310486453,-0.13029247522354126,-0.10301432013511658,-0.06268269401441984,-0.12651503086090088,-0.0888625979423523,-0.06519478392254285,-0.035363614559173584,-0.0754847526550293,-0.05069434103022985,-0.1250339150428772,-0.05999898910522461,-0.07070408594261579,-0.1126602292060852,-0.04784506559371948,-0.06430490892778806,-0.08738178014755249,-0.04563784599304199,-0.0572218356693881,-0.040706753730773926,-0.01963067054748535,-0.06420694869409971,-0.11515229940414429,-0.011265575885772705,-0.07973948698889188,-0.10464680194854736,-0.007385671138763428,-0.0738580284680026,-0.07862633466720581,-0.010981857776641846,-0.0672345144714015,pointing
0.0,0.0,0.0,-0.04324233531951904,-0.06195998191833496,-0.0018695688201653127,-0.09072750806808472,-0.1073489785194397,-0.01367705360526017,-0.1318974494934082,-0.11218225955963135,-0.026776979197801865,-0.15723693370819092,-0.10659772157669067,-0.041958818663896835,-0.050498008728027344,-0.16644811630249023,-0.025896674473823822,-0.06424605846405029,-0.19743159413337708,-0.045914622475446976,-0.07829993963241577,-0.22496038675308228,-0.060050739427151,-0.09277790784835815,-0.2495650053024292,-0.07105731823021344,-0.034407734870910645,-0.1362048089504242,-0.03802108996087483,-0.10898536443710327,-0.12947684526443481,-0.05901413269812039,-0.1368241310119629,-0.11339378356933594,-0.06532367177778653,-0.14902806282043457,-0.1045461893081665,-0.06989440180832318,-0.02983856201171875,-0.08705627918243408,-0.04975583263212613,-0.11590749025344849,-0.0684700608253479,-0.06922470637136868,-0.11385613679885864,-0.05602681636810303,-0.06377875663811139,-0.09562265872955322,-0.056215763092041016,-0.057998909135402954,-0.03387194871902466,-0.03350996971130371,-0.06138566740328244,-0.10890060663223267,-0.019110500812530518,-0.07788515694910458,-0.10691386461257935,-0.015736103057861328,-0.07434413440996579,-0.08694148063659668,-0.023059308528900146,-0.06956773110205106,pointing
0.0,0.0,0.0,-0.04616379737854004,-0.06443458795547485,0.0011451306120981997,-0.09476351737976074,-0.11485368013381958,-0.010268429869643825,-0.13906466960906982,-0.12066781520843506,-0.024467983858517783,-0.1655300259590149,-0.10963660478591919,-0.04095539787583746,-0.05503886938095093,-0.17220854759216309,-0.01856245437436499,-0.06797909736633301,-0.20101016759872437,-0.036363973857692855,-0.08173835277557373,-0.2284688949584961,-0.048192951472334045,-0.09469127655029297,-0.25124627351760864,-0.05764462390714087,-0.03932839632034302,-0.14095982909202576,-0.03317463734918036,-0.11937505006790161,-0.13237455487251282,-0.05383668804340758,-0.14161503314971924,-0.11453902721405029,-0.05952127614789404,-0.14918088912963867,-0.10506975650787354,-0.06266408750586905,-0.03371143341064453,-0.09112322330474854,-0.04738872090154089,-0.12328344583511353,-0.07227343320846558,-0.06751982459597983,-0.11399555206298828,-0.05648523569107056,-0.06264502147012152,-0.09208625555038452,-0.05691772699356079,-0.05655693599753775,-0.03625810146331787,-0.036843717098236084,-0.06114234367185034,-0.11173856258392334,-0.0228918194770813,-0.07672380992942252,-0.1034591794013977,-0.01699894666671753,-0.07219519058041968,-0.07957214117050171,-0.023321092128753662,-0.06650834122472205,pointing
0.0,0.0,0.0,-0.04875481128692627,-0.05818378925323486,-0.004097751376718861,-0.08506184816360474,-0.11151087284088135,-0.01669598839947639,-0.11318808794021606,-0.12773340940475464,-0.031048831564874035,-0.12263089418411255,-0.11566781997680664,-0.047358079848379475,-0.032190144062042236,-0.18203085660934448,-0.025334180367678982,-0.04190915822982788,-0.22460231184959412,-0.04675548806557117,-0.0490991473197937,-0.2605264186859131,-0.06205449163684307,-0.05471307039260864,-0.2926703095436096,-0.0743203005171722,-0.007913410663604736,-0.15861225128173828,-0.03733159512051998,-0.08020198345184326,-0.14454251527786255,-0.06185639187464176,-0.10210615396499634,-0.11961227655410767,-0.06774104296931682,-0.10712581872940063,-0.11007517576217651,-0.07054502427348552,0.0026820898056030273,-0.11314070224761963,-0.04949151634940563,-0.08086049556732178,-0.08569574356079102,-0.07151614784964977,-0.0780377984046936,-0.06786751747131348,-0.06430289059647976,-0.05924338102340698,-0.06908935308456421,-0.05625579043993412,0.0019801855087280273,-0.06114780902862549,-0.06215222090253292,-0.06922298669815063,-0.037236571311950684,-0.08000266462335048,-0.06812399625778198,-0.02627432346343994,-0.07575711518296657,-0.04968714714050293,-0.031441450119018555,-0.06961803793677745,pointing
0.0,0.0,0.0,-0.05504506826400757,-0.059931397438049316,-0.0032806924817296856,-0.09118646383285522,-0.11285972595214844,-0.017248505474362075,-0.12289595603942871,-0.13243436813354492,-0.03465101656440228,-0.13793140649795532,-0.11618196964263916,-0.053856035442385375,-0.0465317964553833,-0.1820518672466278,-0.019699480132493674,-0.060709357261657715,-0.2298755943775177,-0.037973718465599715,-0.06642210483551025,-0.2690856158733368,-0.050969144077334105,-0.07090330123901367,-0.30596768856048584,-0.06305614647391766,-0.023686766624450684,-0.16173139214515686,-0.03372387376550168,-0.10593360662460327,-0.13900071382522583,-0.05834007424238652,-0.11257869005203247,-0.10674595832824707,-0.0628484913421008,-0.10122478008270264,-0.09972161054611206,-0.06402396199229687,-0.012659251689910889,-0.1178814172744751,-0.04831003186229199,-0.09823411703109741,-0.08667278289794922,-0.06837939259532422,-0.09130817651748657,-0.06597679853439331,-0.061991268516812026,-0.07025563716888428,-0.0691104531288147,-0.055775103838476836,-0.010943174362182617,-0.06696838140487671,-0.06394038882974118,-0.0820159912109375,-0.039703547954559326,-0.07794721958163708,-0.07943540811538696,-0.02960360050201416,-0.07382885155204266,-0.06180912256240845,-0.0372314453125,-0.06891538736346692,pointing
0.0,0.0,0.0,-0.04969513416290283,-0.044285714626312256,-0.007287299107862855,-0.07994449138641357,-0.09437572956085205,-0.02278011835749283,-0.10403329133987427,-0.12261056900024414,-0.04131070695455208,-0.1121167540550232,-0.11470174789428711,-0.06101109258468285,-0.030514836311340332,-0.18570557236671448,-0.019522890295936013,-0.03722649812698364,-0.2485131025314331,-0.04175277970368996,-0.04167461395263672,-0.29343321919441223,-0.0546042079442276,-0.042185842990875244,-0.33365488052368164,-0.06477973781163826,-0.002119898796081543,-0.17119812965393066,-0.03131377122933998,-0.07813960313796997,-0.1551033854484558,-0.058295881223036194,-0.08154183626174927,-0.11235952377319336,-0.05803344197209015,-0.06355196237564087,-0.10435616970062256,-0.053741110336138154,0.012907326221466064,-0.1329057812690735,-0.04502128608162537,-0.06613665819168091,-0.10148411989212036,-0.06850949100787773,-0.0614965558052063,-0.07396835088729858,-0.05715320802862778,-0.04045063257217407,-0.07510483264923096,-0.045525753717972184,0.01671665906906128,-0.08627671003341675,-0.060264846157385255,-0.04699152708053589,-0.05535149574279785,-0.07576367430026665,-0.04279226064682007,-0.03549349308013916,-0.06852474979694023,-0.024353742599487305,-0.036655426025390625,-0.0598747970872654,pointing
0.0,0.0,0.0,-0.0555424690246582,-0.0467337965965271,-0.00871833098618513,-0.08603310585021973,-0.09895437955856323,-0.024956907718761023,-0.11154639720916748,-0.13131076097488403,-0.044367877408249434,-0.1194380521774292,-0.12220865488052368,-0.06429996119378334,-0.04106992483139038,-0.19206470251083374,-0.017628321065886077,-0.0478249192237854,-0.25679999589920044,-0.038249319061024245,-0.04966771602630615,-0.30074217915534973,-0.05032314883111244,-0.048664867877960205,-0.34011924266815186,-0.060782482489330825,-0.011279642581939697,-0.18042641878128052,-0.028864947720749434,-0.08618807792663574,-0.16372457146644592,-0.05501973779438263,-0.08745044469833374,-0.11906450986862183,-0.055456025167686995,-0.06813931465148926,-0.10926121473312378,-0.05181659908531433,0.004897594451904297,-0.14324116706848145,-0.04222222940562492,-0.07456040382385254,-0.10886329412460327,-0.06303326563475853,-0.06901288032531738,-0.0793728232383728,-0.05236789362071281,-0.047496140003204346,-0.08008468151092529,-0.04242106305001503,0.008785545825958252,-0.09677630662918091,-0.05764854849813705,-0.05786794424057007,-0.06482231616973877,-0.07011272536156898,-0.05405223369598389,-0.044942498207092285,-0.06347936914799934,-0.03608298301696777,-0.046445369720458984,-0.05616085381744629,pointing
0.0,0.0,0.0,-0.055613696575164795,-0.04263126850128174,-0.01078299630020041,-0.0889204740524292,-0.08874332904815674,-0.027630227725545353,-0.11168462038040161,-0.12429916858673096,-0.046983891274372525,-0.10710412263870239,-0.1242946982383728,-0.06690383806411404,-0.03657728433609009,-0.1939621865749359,-0.022647277559677548,-0.04153561592102051,-0.266083687543869,-0.044546139534155316,-0.044463932514190674,-0.31465527415275574,-0.057955806251207775,-0.04368579387664795,-0.3551816940307617,-0.0691285665291943,-0.003606438636779785,-0.18234682083129883,-0.03296999364678044,-0.07571077346801758,-0.16596537828445435,-0.06376218899671215,-0.08373284339904785,-0.11848288774490356,-0.06709975853149075,-0.06926357746124268,-0.10071057081222534,-0.06444352969113964,0.015374541282653809,-0.14771991968154907,-0.04507473960105557,-0.061423540115356445,-0.11483848094940186,-0.07011589511815686,-0.0614849328994751,-0.08209031820297241,-0.05920803650800366,-0.04422205686569214,-0.07658243179321289,-0.047379990215937084,0.0221177339553833,-0.10280197858810425,-0.059217658932844586,-0.042856454849243164,-0.07082140445709229,-0.07385332986299176,-0.04460102319717407,-0.047350406646728516,-0.0656757365125813,-0.03050917387008667,-0.04490518569946289,-0.055932686771789975,pointing
0.0,0.0,0.0,-0.05943155288696289,-0.0465969443321228,-0.011555301021768827,-0.09507936239242554,-0.09822952747344971,-0.02966254669798829,-0.11860299110412598,-0.13689666986465454,-0.05065714660657861,-0.10833555459976196,-0.1262127161026001,-0.07206380832566239,-0.04219949245452881,-0.199880450963974,-0.022349483329787034,-0.04570150375366211,-0.2712230682373047,-0.045326382849349756,-0.04549884796142578,-0.3183703124523163,-0.0591330537535093,-0.041932880878448486,-0.35868942737579346,-0.07038033473862626,-0.008735239505767822,-0.1870705485343933,-0.032208380285634775,-0.08008497953414917,-0.16669273376464844,-0.0627658637203119,-0.0862964391708374,-0.11880320310592651,-0.06486162263525941,-0.07016587257385254,-0.1025664210319519,-0.06138806137813546,0.011446952819824219,-0.15025973320007324,-0.044245169494285363,-0.06379657983779907,-0.11565351486206055,-0.06780220288409211,-0.06284552812576294,-0.08456403017044067,-0.05633241030944802,-0.04438704252243042,-0.07975542545318604,-0.0443785274363897,0.018939852714538574,-0.10331523418426514,-0.05870840418709733,-0.04389762878417969,-0.0764002799987793,-0.0710680829323671,-0.04721105098724365,-0.05702418088912964,-0.06295255291832902,-0.033821284770965576,-0.055530667304992676,-0.053653181526794214,pointing
0.0,0.0,0.0,-0.0624774694442749,-0.04778033494949341,-0.013179459917601832,-0.0953221321105957,-0.0977892279624939,-0.03234309640830446,-0.11770248413085938,-0.1383192539215088,-0.05411896792357851,-0.10878920555114746,-0.12972944974899292,-0.0763636262447207,-0.040169596672058105,-0.2051360309123993,-0.022762847441491374,-0.04135257005691528,-0.2756901979446411,-0.04538885441726137,-0.04322999715805054,-0.3236643373966217,-0.05912518439000536,-0.04129338264465332,-0.3624957799911499,-0.07065602702206064,-0.004210829734802246,-0.1931707262992859,-0.0322243267030089,-0.07576519250869751,-0.1715317964553833,-0.06149593678420473,-0.08282053470611572,-0.12194198369979858,-0.06279767614906717,-0.06594812870025635,-0.10732954740524292,-0.05898424920743395,0.016299009323120117,-0.15511858463287354,-0.04411409360474039,-0.06127220392227173,-0.11550021171569824,-0.06785852772301126,-0.06266903877258301,-0.08292073011398315,-0.05697208580678392,-0.04424870014190674,-0.07937455177307129,-0.045408628258165606,0.022394239902496338,-0.10617655515670776,-0.058504644158539065,-0.04331934452056885,-0.07446998357772827,-0.07233621490305353,-0.04866832494735718,-0.05497390031814575,-0.06531595748966623,-0.036188602447509766,-0.05461609363555908,-0.05658589986270357,pointing
0.0,0.0,0.0,-0.062414705753326416,-0.04731428623199463,-0.01319344323004401,-0.09521174430847168,-0.09590601921081543,-0.03266244735444701,-0.11843204498291016,-0.13539248704910278,-0.055097918769966725,-0.11052179336547852,-0.13215768337249756,-0.07803639005745566,-0.043907999992370605,-0.20610123872756958,-0.02185295317197955,-0.04424560070037842,-0.27682462334632874,-0.04423035289968169,-0.04459315538406372,-0.32608288526535034,-0.05834022890652335,-0.040991127490997314,-0.36509162187576294,-0.07011684011543906,-0.006940782070159912,-0.1947934627532959,-0.03143302332485831,-0.07653135061264038,-0.17138487100601196,-0.061300929448258046,-0.08601140975952148,-0.12127685546875,-0.06426982562864936,-0.07127112150192261,-0.10389506816864014,-0.0615073924871794,0.015287339687347412,-0.15766173601150513,-0.043299991449963215,-0.06065016984939575,-0.11813050508499146,-0.06701937299097693,-0.0644950270652771,-0.08405506610870361,-0.0565802602084986,-0.04840940237045288,-0.07775610685348511,-0.0453023238095156,0.023087143898010254,-0.10929840803146362,-0.05772143211091674,-0.04162275791168213,-0.07789421081542969,-0.07094259541357673,-0.049249231815338135,-0.05778855085372925,-0.06369805317248023,-0.03850841522216797,-0.05594867467880249,-0.05476102214182532,pointing
0.0,0.0,0.0,-0.059614479541778564,-0.04784870147705078,-0.013204663388364679,-0.09168261289596558,-0.0979498028755188,-0.03177449233078278,-0.11120820045471191,-0.1372983455657959,-0.05313328034424103,-0.09783899784088135,-0.12939453125,-0.07515237233781136,-0.03750717639923096,-0.2079983949661255,-0.02338753021501816,-0.03724396228790283,-0.2813737690448761,-0.046932169564001924,-0.036177992820739746,-0.3322884440422058,-0.06240105754875458,-0.03121572732925415,-0.3721705675125122,-0.07511097691201485,0.0005533099174499512,-0.1964319348335266,-0.033078228451245195,-0.06543952226638794,-0.17565655708312988,-0.06455716244124687,-0.07800930738449097,-0.1243320107460022,-0.06786430380486763,-0.0660557746887207,-0.10374128818511963,-0.06479694447659767,0.024206101894378662,-0.15911787748336792,-0.04502798742794312,-0.049282073974609375,-0.1204330325126648,-0.06924876324080742,-0.05528002977371216,-0.08682125806808472,-0.05828512585901535,-0.04112708568572998,-0.07868075370788574,-0.04622955001138962,0.033642709255218506,-0.11000174283981323,-0.059646130867236025,-0.0297277569770813,-0.07857978343963623,-0.07317699245356835,-0.038034260272979736,-0.05896967649459839,-0.06526464722298897,-0.027332842350006104,-0.05708730220794678,-0.055547398842804796,pointing
0.0,0.0,0.0,-0.06265836954116821,-0.0491182804107666,-0.01462540549876934,-0.09635967016220093,-0.10160183906555176,-0.03402869177701717,-0.11631166934967041,-0.14278632402420044,-0.056208012231614646,-0.10247433185577393,-0.13420146703720093,-0.07872751874568706,-0.041092097759246826,-0.20917433500289917,-0.023015886151220855,-0.04142874479293823,-0.28351640701293945,-0.047375285604026374,-0.04045701026916504,-0.33358025550842285,-0.06277484966161495,-0.03539121150970459,-0.3736605644226074,-0.07536209894063717,-0.003915548324584961,-0.19781368970870972,-0.03235890490653759,-0.07005500793457031,-0.18220633268356323,-0.06515247149112469,-0.08209228515625,-0.12944966554641724,-0.0685161627614761,-0.06925064325332642,-0.10772532224655151,-0.06504415495040661,0.01918816566467285,-0.1616673469543457,-0.044321784355666694,-0.05479544401168823,-0.12384146451950073,-0.06952719909789806,-0.05901545286178589,-0.08745014667510986,-0.05839856115820652,-0.04308891296386719,-0.07878923416137695,-0.04608212185743099,0.02816087007522583,-0.11352938413619995,-0.05919119862559086,-0.035353004932403564,-0.08079022169113159,-0.07255461586358791,-0.0414276123046875,-0.05791085958480835,-0.06462339831235653,-0.028856754302978516,-0.054552435874938965,-0.05513041240813976,pointing
0.0,0.0,0.0,-0.05518162250518799,-0.04350173473358154,-0.016845104399688893,-0.0856059193611145,-0.09449273347854614,-0.03802067891097849,-0.10282856225967407,-0.1415300965309143,-0.061797519329555683,-0.08395344018936157,-0.13730096817016602,-0.08571992174125498,-0.03119903802871704,-0.2131463885307312,-0.0228222898427326,-0.028216123580932617,-0.2925749123096466,-0.0476598563823778,-0.026777148246765137,-0.3472678065299988,-0.06304787204004114,-0.020924508571624756,-0.3886232376098633,-0.0752150426838476,0.0079268217086792,-0.2033485770225525,-0.03095452592111414,-0.049117863178253174,-0.1939234733581543,-0.06270376697517221,-0.0615503191947937,-0.14017635583877563,-0.06378381803966349,-0.04876989126205444,-0.11965799331665039,-0.05822859064079111,0.0344582200050354,-0.1693834662437439,-0.042188664082058125,-0.03078824281692505,-0.1415080428123474,-0.06644988909698313,-0.03820228576660156,-0.10411286354064941,-0.053413626852997,-0.023869216442108154,-0.0943535566329956,-0.03974208712912386,0.04754906892776489,-0.12234914302825928,-0.05669022083617037,-0.009235799312591553,-0.09361976385116577,-0.07010591134763544,-0.01696687936782837,-0.06997597217559814,-0.061612543765075856,-0.004576206207275391,-0.06554263830184937,-0.05142385617233103,pointing
0.0,0.0,0.0,-0.0569491982460022,-0.04244619607925415,-0.018146033074682322,-0.0883101224899292,-0.09238654375076294,-0.03971422151846227,-0.10540318489074707,-0.13590383529663086,-0.06400618017834958,-0.08667594194412231,-0.13784068822860718,-0.08814768553895291,-0.03783649206161499,-0.2148423194885254,-0.024851782854621973,-0.033815205097198486,-0.2948535680770874,-0.05265363739055928,-0.02982431650161743,-0.3484402000904083,-0.06961770416421231,-0.02224332094192505,-0.3902839720249176,-0.08258704901856717,0.0030542612075805664,-0.2056294083595276,-0.03248566822332677,-0.05362069606781006,-0.19535958766937256,-0.06698003472012815,-0.06484079360961914,-0.14000672101974487,-0.06965211094540891,-0.050796329975128174,-0.12006151676177979,-0.06499200375003156,0.031912386417388916,-0.17184197902679443,-0.04342132494968709,-0.03396320343017578,-0.14309078454971313,-0.06994722844285306,-0.040240705013275146,-0.10206878185272217,-0.05628578798097905,-0.024205029010772705,-0.09379333257675171,-0.041970756512110796,0.046739816665649414,-0.12520474195480347,-0.05780900702995595,-0.011210083961486816,-0.09592241048812866,-0.07293457598609265,-0.01663362979888916,-0.06911963224411011,-0.0640005773417407,-0.0010901689529418945,-0.06549406051635742,-0.05309207425636586,pointing
0.0,0.0,0.0,-0.052785396575927734,-0.037417471408843994,-0.02120241343627427,-0.08573848009109497,-0.09061437845230103,-0.04369655072341416,-0.10087072849273682,-0.1405124068260193,-0.06812750368962739,-0.08009833097457886,-0.1447640061378479,-0.09211182415137742,-0.039948463439941406,-0.2175399661064148,-0.027638020064930657,-0.037100017070770264,-0.30427151918411255,-0.05712121545920823,-0.03410583734512329,-0.3618202209472656,-0.07488464384923432,-0.027643680572509766,-0.4064297080039978,-0.08808763146052812,0.002141416072845459,-0.21194946765899658,-0.033329384472470025,-0.05093306303024292,-0.20456093549728394,-0.06933429658065293,-0.05924922227859497,-0.14719194173812866,-0.07109077840695832,-0.04493677616119385,-0.12858909368515015,-0.06539093523869965,0.03315192461013794,-0.18340462446212769,-0.04275788187633012,-0.028340458869934082,-0.15967333316802979,-0.07119603275905106,-0.03296393156051636,-0.1151314377784729,-0.05623226061115716,-0.018219172954559326,-0.10407239198684692,-0.04055698409328912,0.05158567428588867,-0.14176923036575317,-0.05591193779955361,-0.0028722286224365234,-0.11614316701889038,-0.07333299338469956,-0.006865024566650391,-0.0864037275314331,-0.06456287771115754,0.00811624526977539,-0.07996338605880737,-0.053155852552752236,pointing
0.0,0.0,0.0,-0.05522418022155762,-0.04088515043258667,-0.021148847341859067,-0.0882866382598877,-0.09427642822265625,-0.0443853623423216,-0.10260754823684692,-0.1453813910484314,-0.06972202278705808,-0.08523565530776978,-0.15555357933044434,-0.09451010443302366,-0.04468369483947754,-0.22213345766067505,-0.02787750765713426,-0.0432354211807251,-0.3096061646938324,-0.05760036774011823,-0.03908646106719971,-0.3667911887168884,-0.07547924287649366,-0.032077670097351074,-0.41226720809936523,-0.0887826345119116,-0.0012621879577636719,-0.21705663204193115,-0.034233242199146474,-0.05575859546661377,-0.2120400071144104,-0.07053028412195417,-0.062358975410461426,-0.15367835760116577,-0.07271457828613492,-0.047048330307006836,-0.13495707511901855,-0.0673764831575987,0.030596494674682617,-0.1892338991165161,-0.04429395861955854,-0.03227543830871582,-0.16675275564193726,-0.07342058785291883,-0.036475181579589844,-0.11990505456924438,-0.05846827469798299,-0.021404683589935303,-0.10809928178787231,-0.04277614124151441,0.049894630908966064,-0.14847975969314575,-0.058019678965532506,-0.006230652332305908,-0.12406349182128906,-0.07574063904615613,-0.01008528470993042,-0.09247052669525146,-0.06670803196760389,0.00492781400680542,-0.08537799119949341,-0.05518297098609182,pointing
0.0,0.0,0.0,-0.0573652982711792,-0.041968703269958496,-0.017706653470085598,-0.09446215629577637,-0.09884530305862427,-0.038222756603644825,-0.1101151704788208,-0.1525949239730835,-0.06141816488830898,-0.08793866634368896,-0.16932600736618042,-0.08363944701282833,-0.044005393981933594,-0.22788530588150024,-0.019822908932255245,-0.05028778314590454,-0.3130375146865845,-0.04688906333772991,-0.05254685878753662,-0.3686217665672302,-0.06350918523399685,-0.05007433891296387,-0.4151633381843567,-0.07651915065376613,-0.003910183906555176,-0.2272058129310608,-0.028157387295649983,-0.06349414587020874,-0.22172939777374268,-0.06364895812599514,-0.07089579105377197,-0.16003882884979248,-0.06614486537306163,-0.0544392466545105,-0.13975006341934204,-0.06130098588197086,0.02534550428390503,-0.20262348651885986,-0.04022620655028675,-0.041943252086639404,-0.18262451887130737,-0.06956117264358852,-0.04601854085922241,-0.1303619146347046,-0.05397221482722614,-0.02851259708404541,-0.11871951818466187,-0.037998963514255024,0.04278099536895752,-0.1629306674003601,-0.0557377230319247,-0.0178031325340271,-0.14064550399780273,-0.07347761503784511,-0.021519064903259277,-0.10563910007476807,-0.0638142343553767,-0.0051209330558776855,-0.09777188301086426,-0.05218865386574123,pointing
0.0,0.0,0.0,-0.05845528841018677,-0.04536062479019165,-0.0172727729467681,-0.09502995014190674,-0.10287594795227051,-0.03833854080122023,-0.1098979115486145,-0.15818774700164795,-0.06266134486477881,-0.08721542358398438,-0.17637330293655396,-0.08614909903090506,-0.04619002342224121,-0.22987079620361328,-0.018312629991584117,-0.05272102355957031,-0.31650495529174805,-0.046299795368128116,-0.053878605365753174,-0.3752369284629822,-0.06269290552418738,-0.05054473876953125,-0.42138969898223877,-0.07461431131642371,-0.006214141845703125,-0.22770357131958008,-0.026696848431043918,-0.06321084499359131,-0.2228022813796997,-0.06321168945115119,-0.07182765007019043,-0.16027039289474487,-0.06541697935145407,-0.05757749080657959,-0.14179390668869019,-0.05906989679616004,0.024482429027557373,-0.20569807291030884,-0.038844379344396884,-0.0396077036857605,-0.18178606033325195,-0.06842681274693518,-0.0433773398399353,-0.12933886051177979,-0.05242942900341063,-0.027543962001800537,-0.1184760332107544,-0.03513675437253028,0.04536604881286621,-0.16945141553878784,-0.05448982373755484,-0.012607216835021973,-0.14570844173431396,-0.07023848847430259,-0.01725482940673828,-0.10887938737869263,-0.0586485478369525,-0.0023453831672668457,-0.10059374570846558,-0.0451101350871852,pointing
0.0,0.0,0.0,-0.061869919300079346,-0.04269731044769287,-0.01898555501142596,-0.10434412956237793,-0.10204291343688965,-0.039745942193661676,-0.12337583303451538,-0.16234958171844482,-0.06331909863988017,-0.09636193513870239,-0.18744146823883057,-0.08526739149132823,-0.056361377239227295,-0.22579950094223022,-0.01719022585788821,-0.0641595721244812,-0.314369261264801,-0.04549846469203089,-0.07321280241012573,-0.3693511486053467,-0.06103533922473048,-0.07818722724914551,-0.4158407747745514,-0.07266259609500025,-0.01857060194015503,-0.2274932861328125,-0.02423973797598933,-0.07877200841903687,-0.2264731526374817,-0.06136920719185923,-0.0836939811706543,-0.15794503688812256,-0.06170944168010806,-0.06561851501464844,-0.13845819234848022,-0.054057017404232965,0.009594917297363281,-0.2094058394432068,-0.03573629303613757,-0.05573153495788574,-0.19277524948120117,-0.06763625561038111,-0.05786418914794922,-0.13111013174057007,-0.049818199563418375,-0.0396043062210083,-0.11844140291213989,-0.030802814725433336,0.02718251943588257,-0.17516177892684937,-0.05081448747554873,-0.03106677532196045,-0.15052556991577148,-0.06897650330105876,-0.033357977867126465,-0.10930383205413818,-0.05825969247857188,-0.01624429225921631,-0.100860595703125,-0.04526867388526057,pointing
0.0,0.0,0.0,-0.062324345111846924,-0.04749792814254761,-0.015098231279978336,-0.10148215293884277,-0.10644304752349854,-0.03457595537764746,-0.12095361948013306,-0.16286325454711914,-0.05813814084393698,-0.09397017955780029,-0.19086307287216187,-0.0807801833317967,-0.0507429838180542,-0.2293294072151184,-0.010338220180699409,-0.05880039930343628,-0.3139563202857971,-0.03777308519346434,-0.067851722240448,-0.36883431673049927,-0.053765324311086715,-0.07286518812179565,-0.415403813123703,-0.06565759833318907,-0.014028847217559814,-0.22831135988235474,-0.019963515357801498,-0.07371842861175537,-0.22813153266906738,-0.05797695498330313,-0.08025026321411133,-0.1603381633758545,-0.061323681281635345,-0.06315875053405762,-0.1400977373123169,-0.05523767079574782,0.013774871826171875,-0.20951956510543823,-0.03366761411888319,-0.05039548873901367,-0.19311481714248657,-0.06702616568071562,-0.05225890874862671,-0.1331436038017273,-0.050960665004083694,-0.03391861915588379,-0.1200413703918457,-0.032165297673770965,0.03316551446914673,-0.17502176761627197,-0.050361910270282806,-0.024542808532714844,-0.1572914719581604,-0.06756020094616133,-0.028921544551849365,-0.11548745632171631,-0.05510977412922102,-0.012483775615692139,-0.10492175817489624,-0.040718288527557434,pointing
0.0,0.0,0.0,-0.05837523937225342,-0.04231297969818115,-0.015173204939429752,-0.0964619517326355,-0.10369473695755005,-0.03294529649204492,-0.11757135391235352,-0.1569802165031433,-0.054666845824186794,-0.1003183126449585,-0.18587732315063477,-0.07513643684572457,-0.05400645732879639,-0.22401833534240723,-0.009425850350027076,-0.06358301639556885,-0.3133065104484558,-0.03650194662398576,-0.07101613283157349,-0.3673143982887268,-0.0507257084805417,-0.07209688425064087,-0.4112270772457123,-0.06027183937615632,-0.019346237182617188,-0.22246110439300537,-0.018192517336075298,-0.07070988416671753,-0.24456608295440674,-0.058615433748428813,-0.07994282245635986,-0.17526686191558838,-0.06269931676573037,-0.06520640850067139,-0.14637988805770874,-0.05474414559787988,0.008458733558654785,-0.20753026008605957,-0.03098342078513383,-0.05122917890548706,-0.20068907737731934,-0.06605890276617288,-0.053873419761657715,-0.1381261944770813,-0.051851375724737636,-0.03597360849380493,-0.12068629264831543,-0.03248309599942445,0.02898651361465454,-0.1786109209060669,-0.04644011589473962,-0.024664103984832764,-0.16740179061889648,-0.06344493361896753,-0.028512299060821533,-0.12473618984222412,-0.051329719598953716,-0.012833595275878906,-0.11159765720367432,-0.03646586346215486,pointing
0.0,0.0,0.0,-0.05921626091003418,-0.04135441780090332,-0.010342884277207531,-0.09941822290420532,-0.10209530591964722,-0.025653186653954663,-0.1196826696395874,-0.15851998329162598,-0.04578740655372826,-0.09670567512512207,-0.18629586696624756,-0.06510620324800698,-0.056331098079681396,-0.22308349609375,-0.005611266874922194,-0.06511449813842773,-0.3110387325286865,-0.03020690328369824,-0.07225197553634644,-0.3649657368659973,-0.044004490067464985,-0.07534545660018921,-0.41112786531448364,-0.05422758444140641,-0.02147585153579712,-0.22232455015182495,-0.01661722495148865,-0.0737120509147644,-0.23838883638381958,-0.05371575190613953,-0.07914966344833374,-0.17254596948623657,-0.05811733140538422,-0.06327223777770996,-0.1457650065422058,-0.051892125447494664,0.006268918514251709,-0.2072572112083435,-0.030903845493895687,-0.05333280563354492,-0.1977388858795166,-0.06381312518308846,-0.05493730306625366,-0.13767629861831665,-0.05044838174174515,-0.037541747093200684,-0.12006747722625732,-0.03268541901300637,0.026111900806427002,-0.17781740427017212,-0.047410180260641255,-0.027876317501068115,-0.16634494066238403,-0.06381600110719887,-0.031457364559173584,-0.12428009510040283,-0.05217485635469643,-0.016014516353607178,-0.11020094156265259,-0.03815104200432984,pointing
0.0,0.0,0.0,-0.05534929037094116,-0.04043698310852051,-0.009327014293020852,-0.09730696678161621,-0.10594481229782104,-0.0237548745604812,-0.11998260021209717,-0.1634727120399475,-0.04361508259499658,-0.09753149747848511,-0.19496750831604004,-0.06251878509247888,-0.05510967969894409,-0.22065603733062744,-0.002112926067283638,-0.0640336275100708,-0.3094029426574707,-0.027273796814924367,-0.07196849584579468,-0.3641245663166046,-0.03946764239991296,-0.07485324144363403,-0.40942537784576416,-0.047833932879811414,-0.023454248905181885,-0.22000277042388916,-0.01422665486062158,-0.07303935289382935,-0.25052332878112793,-0.05483735943163026,-0.08038252592086792,-0.17913341522216797,-0.058429709020501264,-0.06584292650222778,-0.14883559942245483,-0.04920706743324388,0.003344237804412842,-0.2080870270729065,-0.029973903987055905,-0.053412437438964844,-0.20452570915222168,-0.06627448866093744,-0.05401378870010376,-0.14031308889389038,-0.05204599568570245,-0.03562217950820923,-0.12346541881561279,-0.031659229043370374,0.024630486965179443,-0.18370479345321655,-0.0477128721209823,-0.028421461582183838,-0.18109822273254395,-0.06425737807477105,-0.03235578536987305,-0.1365315318107605,-0.05104837039435495,-0.016715049743652344,-0.12312853336334229,-0.035418244394904264,pointing
0.0,0.0,0.0,-0.054877638816833496,-0.037794649600982666,-0.00825167682216943,-0.09614288806915283,-0.10163247585296631,-0.02177424311832965,-0.11743706464767456,-0.1586397886276245,-0.04055376865164817,-0.09341239929199219,-0.1912250518798828,-0.058382706271572715,-0.05491042137145996,-0.21600127220153809,-0.0031553278882938685,-0.063556969165802,-0.3076273202896118,-0.027663584353490478,-0.07034909725189209,-0.3605214059352875,-0.039643143789930946,-0.07241576910018921,-0.4057368040084839,-0.04789857335583747,-0.02252882719039917,-0.21492749452590942,-0.015358364695771343,-0.06992626190185547,-0.24515920877456665,-0.05523825206057609,-0.07506346702575684,-0.17571425437927246,-0.059405387865467674,-0.06003403663635254,-0.1446230411529541,-0.050911837743683463,0.0046923160552978516,-0.203086256980896,-0.030719954075379974,-0.05062371492385864,-0.20022356510162354,-0.06675387315647185,-0.05049258470535278,-0.13624966144561768,-0.052891311721964485,-0.033018290996551514,-0.11717510223388672,-0.03280480347768844,0.026038646697998047,-0.17892354726791382,-0.0477706208099562,-0.027082502841949463,-0.17520034313201904,-0.06474050276176513,-0.03011345863342285,-0.12962466478347778,-0.05143202610508979,-0.015271186828613281,-0.11484503746032715,-0.035557398127480155,pointing
0.0,0.0,0.0,-0.05581313371658325,-0.04073458909988403,-0.006541114351676924,-0.09819573163986206,-0.10822612047195435,-0.017341604507493003,-0.11890053749084473,-0.16819500923156738,-0.033938100612687094,-0.09592980146408081,-0.20295560359954834,-0.04955541161351107,-0.056383609771728516,-0.21891164779663086,0.0031145875761637853,-0.06398022174835205,-0.3036404848098755,-0.019365841574000342,-0.07124155759811401,-0.3546367287635803,-0.030364882252143843,-0.07377773523330688,-0.3991825580596924,-0.0381897260015478,-0.025527656078338623,-0.22000360488891602,-0.00918653985016249,-0.07411384582519531,-0.24550044536590576,-0.04723403421692751,-0.07808315753936768,-0.1779090166091919,-0.05181273264341257,-0.06176251173019409,-0.15011954307556152,-0.04405638021879099,0.000668942928314209,-0.21091604232788086,-0.024806480905937178,-0.05474495887756348,-0.2067396640777588,-0.060623301244305594,-0.05342364311218262,-0.14387333393096924,-0.048523152298258765,-0.034825921058654785,-0.1259242296218872,-0.029588587633298857,0.021304547786712646,-0.19026309251785278,-0.04198385221414469,-0.03200632333755493,-0.18695729970932007,-0.05949222115330599,-0.0342252254486084,-0.14264798164367676,-0.0478310976689329,-0.018664896488189697,-0.127635657787323,-0.03303737757258318,pointing
0.0,0.0,0.0,-0.05369722843170166,-0.038108766078948975,-0.008072191138722928,-0.09551048278808594,-0.10527747869491577,-0.019690714997210534,-0.11542826890945435,-0.16477495431900024,-0.03642281725720409,-0.09223788976669312,-0.19792068004608154,-0.05219361394361499,-0.05189216136932373,-0.2166229486465454,-0.0006711347256498357,-0.061198294162750244,-0.30345678329467773,-0.023127118346252473,-0.06771612167358398,-0.3536416292190552,-0.0339610336692715,-0.06920945644378662,-0.39782893657684326,-0.04168717026428226,-0.02037280797958374,-0.2175896167755127,-0.012179265950777562,-0.0692451000213623,-0.24619454145431519,-0.05022843390420917,-0.07313507795333862,-0.17879211902618408,-0.05430114477590564,-0.05776280164718628,-0.147799551486969,-0.04616524114922527,0.005617082118988037,-0.20727765560150146,-0.026905365508952173,-0.05145138502120972,-0.20556581020355225,-0.06254387855247501,-0.04957544803619385,-0.1422332525253296,-0.05000452160552982,-0.031819045543670654,-0.12072557210922241,-0.030874073726096185,0.0254518985748291,-0.1847292184829712,-0.04325570374444965,-0.029425382614135742,-0.18157285451889038,-0.061431253549613984,-0.031642019748687744,-0.13743650913238525,-0.05023193940238002,-0.017180204391479492,-0.1216779351234436,-0.03581619471029285,pointing
0.0,0.0,0.0,-0.05543738603591919,-0.038624584674835205,-0.007448684360952029,-0.09884780645370483,-0.10775512456893921,-0.017950961303085933,-0.11948871612548828,-0.16874724626541138,-0.0342356822752663,-0.09912550449371338,-0.20895713567733765,-0.04947949939605678,-0.05871844291687012,-0.21349185705184937,0.0028402310031196976,-0.07014572620391846,-0.3027023375034332,-0.01924265728530372,-0.0775766372680664,-0.35676857829093933,-0.02944434427854503,-0.08002227544784546,-0.40281763672828674,-0.0365012399220177,-0.02830815315246582,-0.21528536081314087,-0.00894541380193914,-0.07533437013626099,-0.24183964729309082,-0.047820087459058414,-0.07806015014648438,-0.17596155405044556,-0.05258047946927036,-0.062014639377593994,-0.1481316089630127,-0.044780313905448565,-0.0017637014389038086,-0.2085895538330078,-0.024201461982102046,-0.055176615715026855,-0.21059876680374146,-0.06040140607592548,-0.05243343114852905,-0.14842534065246582,-0.04825812571880306,-0.03371959924697876,-0.129255473613739,-0.02943240472313846,0.02043968439102173,-0.19180095195770264,-0.04113714018103565,-0.03183412551879883,-0.19497156143188477,-0.05909979709622348,-0.034199059009552,-0.15280193090438843,-0.047811996128530154,-0.0192834734916687,-0.13790756464004517,-0.03334326290723766,pointing
0.0,0.0,0.0,-0.054801881313323975,-0.03947937488555908,-0.007173503482121646,-0.09728759527206421,-0.10738009214401245,-0.017607476760971963,-0.11627644300460815,-0.16793906688690186,-0.03378078361355108,-0.09421443939208984,-0.21111398935317993,-0.04915875216327947,-0.05718958377838135,-0.2155226469039917,0.003677338861521662,-0.0666007399559021,-0.2999277412891388,-0.018413450767624795,-0.07184302806854248,-0.3504526913166046,-0.029652534251439988,-0.07156360149383545,-0.39615803956985474,-0.03761161138616842,-0.02599203586578369,-0.21828556060791016,-0.008235354175198495,-0.07124686241149902,-0.24465465545654297,-0.04665701483689588,-0.07389789819717407,-0.17815721035003662,-0.05246243273221296,-0.05803614854812622,-0.1465529203414917,-0.04561127742134374,0.0011010169982910156,-0.21033108234405518,-0.023496000294912278,-0.05175882577896118,-0.21148419380187988,-0.05981741492949766,-0.05014389753341675,-0.14706695079803467,-0.04853513484202665,-0.0324627161026001,-0.12305235862731934,-0.0301014261444692,0.023500382900238037,-0.19086211919784546,-0.04027695973717016,-0.0295141339302063,-0.1917920708656311,-0.05897740667067808,-0.032820284366607666,-0.14904582500457764,-0.048416104366410195,-0.018888652324676514,-0.13255023956298828,-0.034379422863352715,pointing
0.0,0.0,0.0,-0.0548703670501709,-0.03883051872253418,-0.006025244542371411,-0.09694433212280273,-0.10630601644515991,-0.015976388999234814,-0.11751425266265869,-0.1658840775489807,-0.03201980242968716,-0.0986672043800354,-0.20607399940490723,-0.047377766170512814,-0.059282660484313965,-0.21218425035476685,0.005292192040968757,-0.06999307870864868,-0.2976728677749634,-0.016187761970769543,-0.07793164253234863,-0.3505670726299286,-0.026546157025705952,-0.08053523302078247,-0.39620524644851685,-0.0340915071451775,-0.02928835153579712,-0.21533554792404175,-0.007000347659896988,-0.07615363597869873,-0.23990178108215332,-0.04509027028919377,-0.07944989204406738,-0.17160433530807495,-0.04963091487528004,-0.06311482191085815,-0.1440449357032776,-0.04215991596223034,-0.0019257068634033203,-0.2085886001586914,-0.02271301212252297,-0.055354177951812744,-0.21210020780563354,-0.05896271491886296,-0.052381932735443115,-0.14679700136184692,-0.0460907342517487,-0.03285634517669678,-0.12732982635498047,-0.02711826848329224,0.021715283393859863,-0.19040906429290771,-0.039919071891318936,-0.03065389394760132,-0.1920819878578186,-0.058852688469897885,-0.03201109170913696,-0.14791834354400635,-0.047503561773311276,-0.014809787273406982,-0.13430523872375488,-0.033189461627017636,pointing
0.0,0.0,0.0,-0.054440319538116455,-0.03784686326980591,-0.00685833536113023,-0.09659826755523682,-0.10621362924575806,-0.017791219074524633,-0.11418116092681885,-0.16821682453155518,-0.0345211010615003,-0.09204655885696411,-0.21299749612808228,-0.05035016501346945,-0.0593189001083374,-0.21468615531921387,0.004587030485026844,-0.06832510232925415,-0.2993248403072357,-0.01788312012354254,-0.07588881254196167,-0.35183870792388916,-0.02807744594315409,-0.07837671041488647,-0.3967893123626709,-0.03522309104005217,-0.028406143188476562,-0.21731668710708618,-0.008071354609228365,-0.0729483962059021,-0.24708354473114014,-0.04615473190347075,-0.07539701461791992,-0.1746138334274292,-0.048536030594505064,-0.057777583599090576,-0.14556080102920532,-0.03893874773780226,-1.9669532775878906e-06,-0.20892179012298584,-0.02443584801653742,-0.05082559585571289,-0.21397924423217773,-0.06065613964597105,-0.05038934946060181,-0.14567726850509644,-0.045468984190620176,-0.031547486782073975,-0.1264665722846985,-0.02463239433268427,0.024593710899353027,-0.18779337406158447,-0.04237408751646399,-0.026323914527893066,-0.1889389157295227,-0.06087478065887808,-0.028815090656280518,-0.1417180299758911,-0.04787444138924002,-0.011572122573852539,-0.12815731763839722,-0.0322722625176084,pointing
0.0,0.0,0.0,-0.05359625816345215,-0.03700733184814453,-0.008490556034047358,-0.09613633155822754,-0.10477685928344727,-0.020517207796473258,-0.11646783351898193,-0.16577839851379395,-0.03798425767828917,-0.09786325693130493,-0.21006250381469727,-0.05449884582569098,-0.06066340208053589,-0.2134426236152649,0.0014766138067727752,-0.07207459211349487,-0.30016323924064636,-0.02195537846793627,-0.08036494255065918,-0.35433870553970337,-0.03273081604649519,-0.08339190483093262,-0.40066665410995483,-0.04017427016307806,-0.02951568365097046,-0.21667242050170898,-0.010288227463860267,-0.07610124349594116,-0.2397410273551941,-0.0495246631305406,-0.07860708236694336,-0.1695626974105835,-0.052891934404868834,-0.062364041805267334,-0.14324051141738892,-0.04418110672642683,-0.0011882185935974121,-0.20890861749649048,-0.02575028885414099,-0.054007649421691895,-0.21071559190750122,-0.06279718328525519,-0.05095791816711426,-0.14467501640319824,-0.04856323648502325,-0.03175210952758789,-0.1276630163192749,-0.028462713698644393,0.023211896419525146,-0.18944478034973145,-0.04290921066214537,-0.029497087001800537,-0.18851697444915771,-0.06241899553944563,-0.030245661735534668,-0.1431102156639099,-0.050395595024127715,-0.012845039367675781,-0.13101959228515625,-0.035298599044580214,pointing
0.0,0.0,0.0,-0.05426442623138428,-0.03876906633377075,-0.008014123510236004,-0.09732174873352051,-0.10758060216903687,-0.01978100612353728,-0.11728847026824951,-0.1693599820137024,-0.037120166789406994,-0.09537792205810547,-0.21322208642959595,-0.053572523962373,-0.06236112117767334,-0.2133433222770691,0.0023707443888838498,-0.07233220338821411,-0.3016711473464966,-0.020845874767417172,-0.0805254578590393,-0.3555220663547516,-0.031286075334662655,-0.08386802673339844,-0.40105772018432617,-0.0384161803830807,-0.030984044075012207,-0.21605634689331055,-0.009446659680122593,-0.07633614540100098,-0.24149346351623535,-0.04894847385179446,-0.07815760374069214,-0.170643150806427,-0.052222124855632046,-0.061295270919799805,-0.14303427934646606,-0.043127573649996975,-0.0025441646575927734,-0.20861482620239258,-0.024956747512931088,-0.05375641584396362,-0.2111913561820984,-0.06211915202032969,-0.05043679475784302,-0.14464426040649414,-0.04788375235688136,-0.03129845857620239,-0.12704330682754517,-0.02753915972601817,0.022616147994995117,-0.1896604299545288,-0.04205109513890193,-0.029003262519836426,-0.18831056356430054,-0.060943420599812725,-0.02872413396835327,-0.14193040132522583,-0.04850076101314471,-0.010842502117156982,-0.1298866868019104,-0.033151574056262234,pointing
0.0,0.0,0.0,-0.055186569690704346,-0.03950834274291992,-0.008367750271375485,-0.09900355339050293,-0.1066974401473999,-0.020805159061367817,-0.11899226903915405,-0.16851282119750977,-0.0389678771040991,-0.09562724828720093,-0.21316373348236084,-0.05632916785698683,-0.0661778450012207,-0.2110578417778015,0.0017540399551734254,-0.07762300968170166,-0.30191943049430847,-0.022208125739510365,-0.08725148439407349,-0.3571821451187134,-0.03319059632640631,-0.09177196025848389,-0.40279027819633484,-0.04041010834198744,-0.03486490249633789,-0.214097261428833,-0.009757471679861851,-0.0779234766960144,-0.24194735288619995,-0.05018191359859259,-0.07948070764541626,-0.17162317037582397,-0.05387688003402502,-0.0636301040649414,-0.14171773195266724,-0.04473938368182928,-0.006356298923492432,-0.207430899143219,-0.024990967883880444,-0.0560760498046875,-0.21391749382019043,-0.062372963353212185,-0.052904486656188965,-0.14731580018997192,-0.04841530643325598,-0.03476196527481079,-0.12679320573806763,-0.027932784929092236,0.01919323205947876,-0.18915969133377075,-0.04179237358194143,-0.03128427267074585,-0.1897134780883789,-0.06026784278374464,-0.030613601207733154,-0.14493054151535034,-0.04786755464893133,-0.01315295696258545,-0.1326705813407898,-0.032431780769641705,pointing
0.0,0.0,0.0,-0.05562227964401245,-0.03793376684188843,-0.007373308752050889,-0.09816771745681763,-0.10595256090164185,-0.01917867501111914,-0.11699706315994263,-0.16777831315994263,-0.03682807226510931,-0.09672707319259644,-0.21595698595046997,-0.05357439954610754,-0.06287503242492676,-0.21184754371643066,0.002761904161104667,-0.07457739114761353,-0.30029332637786865,-0.021528196975907576,-0.08312535285949707,-0.35311928391456604,-0.03255712007018019,-0.08589911460876465,-0.3976224958896637,-0.039578137442788375,-0.03247690200805664,-0.2134002447128296,-0.010085327074250472,-0.07648897171020508,-0.24611222743988037,-0.05167838697167326,-0.07787716388702393,-0.1747828722000122,-0.05582218755813528,-0.0608256459236145,-0.14443808794021606,-0.046238040075024855,-0.004559874534606934,-0.2058485746383667,-0.026567475393733275,-0.0543595552444458,-0.21247732639312744,-0.06499461968275,-0.05124717950820923,-0.14516431093215942,-0.050345805928429854,-0.031890809535980225,-0.12630444765090942,-0.028758786142191184,0.020850658416748047,-0.1870381236076355,-0.04452155669065405,-0.029660463333129883,-0.19065320491790771,-0.06306880851121832,-0.030220329761505127,-0.14457422494888306,-0.04914983500572134,-0.012757956981658936,-0.13200825452804565,-0.03238527987929274,pointing
0.0,0.0,0.0,-0.05338704586029053,-0.03530895709991455,-0.007729864334621084,-0.09719663858413696,-0.10170644521713257,-0.01900181000114287,-0.11703234910964966,-0.16191810369491577,-0.0360915829706272,-0.09684896469116211,-0.20700794458389282,-0.05236796860576476,-0.06587100028991699,-0.20791083574295044,0.0036324254424044966,-0.07832491397857666,-0.29642465710639954,-0.019551353650101078,-0.08683896064758301,-0.3491828441619873,-0.030647486569293392,-0.09019726514816284,-0.3941917419433594,-0.038012096779354465,-0.03518611192703247,-0.21072804927825928,-0.00821823266328181,-0.07632672786712646,-0.24196076393127441,-0.04845002491951789,-0.07930713891983032,-0.17389917373657227,-0.05387759034515227,-0.06527495384216309,-0.14241081476211548,-0.04590902303338851,-0.006938278675079346,-0.20452278852462769,-0.02359071013511027,-0.05499953031539917,-0.21274715662002563,-0.06063055817962493,-0.05330580472946167,-0.14635640382766724,-0.04771764402271117,-0.03651309013366699,-0.1253843903541565,-0.02788719919503535,0.01895672082901001,-0.18656784296035767,-0.04044547130347098,-0.02910691499710083,-0.189106285572052,-0.05838269193650092,-0.02941751480102539,-0.14369404315948486,-0.045797472940691364,-0.012705862522125244,-0.13053089380264282,-0.03030658897937144,pointing
0.0,0.0,0.0,-0.05327874422073364,-0.03612130880355835,-0.008187888266263599,-0.09587395191192627,-0.10199671983718872,-0.020900148043153877,-0.1156434416770935,-0.1636996865272522,-0.039395184332249755,-0.09567880630493164,-0.2130221128463745,-0.05706981297743141,-0.06320571899414062,-0.20710152387619019,0.0032902920323181206,-0.07538765668869019,-0.29393261671066284,-0.020700088778255576,-0.08386969566345215,-0.34695300459861755,-0.03161917727601349,-0.08657878637313843,-0.39223507046699524,-0.03876976024520218,-0.03237283229827881,-0.2102142572402954,-0.009070334100840682,-0.07617604732513428,-0.24265533685684204,-0.05060660567295372,-0.07713586091995239,-0.1719672679901123,-0.05516238611352264,-0.060386836528778076,-0.141648530960083,-0.045846478158352966,-0.003785848617553711,-0.20390117168426514,-0.0251604384572488,-0.05345684289932251,-0.21112072467803955,-0.0634816783310157,-0.050051093101501465,-0.1439228653907776,-0.0499030473471862,-0.030921995639801025,-0.1258794069290161,-0.02915625747453987,0.0225754976272583,-0.1863763928413391,-0.04271260377180397,-0.02816110849380493,-0.1873491406440735,-0.06164934586894333,-0.02730238437652588,-0.1417667269706726,-0.049136133009312744,-0.008862733840942383,-0.13106542825698853,-0.033457287663338775,pointing
0.0,0.0,0.0,-0.05140048265457153,-0.03374123573303223,-0.008122258963837226,-0.09456878900527954,-0.09923994541168213,-0.01973455972488125,-0.11356663703918457,-0.15999019145965576,-0.03683068058903416,-0.09383231401443481,-0.20588654279708862,-0.05308425999696453,-0.06345969438552856,-0.2066977620124817,0.0020819928917745756,-0.07637345790863037,-0.29303497076034546,-0.02110487423355778,-0.08520716428756714,-0.3446066975593567,-0.031969892005278666,-0.08913379907608032,-0.3892403244972229,-0.03929093308265408,-0.03178393840789795,-0.20925801992416382,-0.009803484338178237,-0.07260710000991821,-0.23600977659225464,-0.0499812421899577,-0.07419288158416748,-0.16734743118286133,-0.05493368409092625,-0.05963641405105591,-0.13711613416671753,-0.046816067914321025,-0.00308150053024292,-0.20192015171051025,-0.025192499304964144,-0.05095165967941284,-0.20666992664337158,-0.062351262341096,-0.0483512282371521,-0.14015305042266846,-0.04924006588275631,-0.031468212604522705,-0.12090039253234863,-0.029460042859270175,0.023483991622924805,-0.18324649333953857,-0.042035853634430964,-0.02565944194793701,-0.18443381786346436,-0.06048139012868603,-0.025834202766418457,-0.1387559175491333,-0.04806931517536839,-0.009406030178070068,-0.12667036056518555,-0.03272254965717991,pointing
0.0,0.0,0.0,-0.05122655630111694,-0.03342616558074951,-0.008105437915133962,-0.09383958578109741,-0.09913885593414307,-0.019906570847439298,-0.1132889986038208,-0.15928250551223755,-0.0371627972380395,-0.09378969669342041,-0.20491212606430054,-0.053482984836506375,-0.06239032745361328,-0.2064681053161621,0.0014720927539144668,-0.07568293809890747,-0.29329150915145874,-0.022001398439812192,-0.08453863859176636,-0.345403790473938,-0.032667213763403424,-0.08854848146438599,-0.3904561400413513,-0.03969691851298762,-0.03075045347213745,-0.20844227075576782,-0.010346796076106557,-0.0720146894454956,-0.23528802394866943,-0.050660742159294614,-0.07317870855331421,-0.16671764850616455,-0.055173029835628995,-0.05798327922821045,-0.1378190517425537,-0.04659365275065852,-0.00222015380859375,-0.20085811614990234,-0.02563313924829913,-0.05010724067687988,-0.20483499765396118,-0.06295634963672114,-0.04732638597488403,-0.1390487551689148,-0.04939511575858546,-0.029888272285461426,-0.12160181999206543,-0.029154251973437795,0.024178802967071533,-0.18214941024780273,-0.04232562863390399,-0.02536672353744507,-0.18354535102844238,-0.06032959156792117,-0.02539163827896118,-0.1379285454750061,-0.04724070214788867,-0.008401691913604736,-0.12657636404037476,-0.03137202718417598,pointing
0.0,0.0,0.0,-0.050896644592285156,-0.034268856048583984,-0.01002667654660172,-0.09357321262359619,-0.09734374284744263,-0.023441616412071653,-0.11276203393936157,-0.15710479021072388,-0.04198955368605084,-0.09201884269714355,-0.2034202218055725,-0.059440825100807615,-0.0627899169921875,-0.20641624927520752,-0.0006716802262758392,-0.07690304517745972,-0.29381608963012695,-0.025120610337523885,-0.08578163385391235,-0.34680598974227905,-0.03663749244418568,-0.08939063549041748,-0.3916502594947815,-0.04419790577497906,-0.03163647651672363,-0.2087833285331726,-0.011916646700171896,-0.07179105281829834,-0.23834967613220215,-0.053065098788408704,-0.07338547706604004,-0.1708962321281433,-0.058035585995583006,-0.05946314334869385,-0.14036250114440918,-0.04960795116033978,-0.002889096736907959,-0.20133978128433228,-0.026805274154810377,-0.05043143033981323,-0.20737886428833008,-0.06417918201890416,-0.04818302392959595,-0.14230877161026,-0.050986945595411726,-0.03147757053375244,-0.12312167882919312,-0.031033465605048605,0.023749709129333496,-0.18210846185684204,-0.043360918726591535,-0.02497464418411255,-0.1817716360092163,-0.061805400963692136,-0.0249747633934021,-0.13749492168426514,-0.0496979951521439,-0.008333563804626465,-0.12656962871551514,-0.03450129922833867,pointing
0.0,0.0,0.0,-0.051931023597717285,-0.03513193130493164,-0.011730469464865223,-0.09491324424743652,-0.09596240520477295,-0.027606882787850395,-0.11408555507659912,-0.15408796072006226,-0.04834845166614343,-0.09347546100616455,-0.20183956623077393,-0.0680941331010132,-0.06782478094100952,-0.20557904243469238,-0.004785318094846502,-0.08122164011001587,-0.29553812742233276,-0.0319489712636738,-0.08889901638031006,-0.3518352806568146,-0.045191622040775314,-0.09102433919906616,-0.3976414203643799,-0.053397315255907074,-0.035738587379455566,-0.20742124319076538,-0.015652537978795067,-0.0735662579536438,-0.2366107702255249,-0.05838800843766023,-0.07478702068328857,-0.16663473844528198,-0.06271364416888048,-0.060405850410461426,-0.1366177797317505,-0.053301087282207504,-0.0050925612449646,-0.19858473539352417,-0.0303607216846018,-0.04977792501449585,-0.20800745487213135,-0.06789680447390367,-0.04864096641540527,-0.1423550844192505,-0.05295907583048631,-0.032565951347351074,-0.1245962381362915,-0.03182342525532533,0.023892700672149658,-0.1765155792236328,-0.04693303134253313,-0.021544456481933594,-0.17325729131698608,-0.06508179631045152,-0.021292448043823242,-0.12980246543884277,-0.05176499362995912,-0.004421889781951904,-0.12208366394042969,-0.0355522173266678,pointing
0.0,0.0,0.0,-0.053442418575286865,-0.034465253353118896,-0.011725779964223193,-0.09582722187042236,-0.0962679386138916,-0.02672934566308527,-0.114449143409729,-0.15293383598327637,-0.046624033121958064,-0.09395992755889893,-0.1989598274230957,-0.06561840546001463,-0.0695810317993164,-0.20285385847091675,-0.004847638650431918,-0.08100742101669312,-0.29256388545036316,-0.032094175337448405,-0.0882156491279602,-0.34671229124069214,-0.045615693895712184,-0.09007865190505981,-0.39243513345718384,-0.05407008749116926,-0.03748607635498047,-0.204082190990448,-0.015972024171247767,-0.07453233003616333,-0.23317426443099976,-0.05992326360811262,-0.07559877634048462,-0.16141068935394287,-0.06499121558536558,-0.060570478439331055,-0.13066673278808594,-0.056014383553161906,-0.006789982318878174,-0.19538140296936035,-0.03091473166514902,-0.04914754629135132,-0.2055208683013916,-0.0701663292633441,-0.04774594306945801,-0.13794249296188354,-0.05535495129097967,-0.03143233060836792,-0.11942321062088013,-0.03383262303341894,0.023201584815979004,-0.1750505566596985,-0.047616677700176524,-0.019941866397857666,-0.17501944303512573,-0.06619763594736128,-0.020274221897125244,-0.1291966438293457,-0.05207237449158697,-0.004117429256439209,-0.11957228183746338,-0.035306079654588984,pointing
0.0,0.0,0.0,-0.050765812397003174,-0.03043752908706665,-0.015328384296537934,-0.09166038036346436,-0.08590269088745117,-0.0329959609671846,-0.11074525117874146,-0.13946408033370972,-0.054416361556889115,-0.08991563320159912,-0.18452471494674683,-0.07484954531634003,-0.0643506646156311,-0.20557677745819092,-0.012887527526856957,-0.07765626907348633,-0.2980532646179199,-0.04201479937279373,-0.08607864379882812,-0.3555485010147095,-0.058203908906818924,-0.08927905559539795,-0.4031861424446106,-0.06889095838511139,-0.030069470405578613,-0.20700085163116455,-0.022657973052503166,-0.06979453563690186,-0.2227136492729187,-0.0666880899235025,-0.07165497541427612,-0.1543092131614685,-0.07255239720785767,-0.05728805065155029,-0.1235312819480896,-0.0652719208165422,0.0005107522010803223,-0.19402849674224854,-0.036157085852266846,-0.04537820816040039,-0.19327056407928467,-0.07441648031914383,-0.04490906000137329,-0.12979429960250854,-0.05952100019300133,-0.02951127290725708,-0.11069053411483765,-0.03891654248678833,0.028513431549072266,-0.16748136281967163,-0.05195967789137512,-0.016630887985229492,-0.15782535076141357,-0.07165662135327011,-0.018539249897003174,-0.11373299360275269,-0.0585244030817762,-0.0038376450538635254,-0.10362327098846436,-0.04227541695678383,pointing
0.0,0.0,0.0,-0.05215197801589966,-0.03170377016067505,-0.014059919636551399,-0.09354621171951294,-0.08968544006347656,-0.029843683127168674,-0.108024001121521,-0.14605355262756348,-0.049514052230719585,-0.08630943298339844,-0.1872338056564331,-0.06827258016527082,-0.06355589628219604,-0.20723354816436768,-0.010655000578466911,-0.07751506567001343,-0.2986794114112854,-0.037656594771746654,-0.08519607782363892,-0.35628369450569153,-0.05149488966524984,-0.08781957626342773,-0.40268272161483765,-0.06072906102598097,-0.02822929620742798,-0.20704680681228638,-0.020624412927631397,-0.06950467824935913,-0.22960728406906128,-0.06215364556372549,-0.07352328300476074,-0.15754002332687378,-0.0656527176088133,-0.059578001499176025,-0.12504589557647705,-0.057196707237366695,0.002755880355834961,-0.19317662715911865,-0.03437138791740324,-0.043733417987823486,-0.1981501579284668,-0.07153576310336973,-0.04641544818878174,-0.13111603260040283,-0.05535626109302427,-0.031890273094177246,-0.10997879505157471,-0.03446111898482229,0.0298117995262146,-0.16553634405136108,-0.05039841752112295,-0.014639198780059814,-0.15848380327224731,-0.0696110397166052,-0.018957793712615967,-0.11338210105895996,-0.056331948149804134,-0.004886806011199951,-0.10232347249984741,-0.040638887096051235,pointing
0.0,0.0,0.0,-0.05632597208023071,-0.03234928846359253,-0.018110002595207675,-0.09669137001037598,-0.08307737112045288,-0.0375759165913081,-0.11545747518539429,-0.13424450159072876,-0.05984350779952763,-0.09221786260604858,-0.16773051023483276,-0.08095308879317997,-0.06128585338592529,-0.21183347702026367,-0.019594659301660045,-0.07634133100509644,-0.30164670944213867,-0.04911233225764988,-0.08430135250091553,-0.3590809106826782,-0.066248384508512,-0.0876089334487915,-0.40579432249069214,-0.07813197860421894,-0.024002254009246826,-0.21308773756027222,-0.027648202347776873,-0.07291752099990845,-0.21462708711624146,-0.06788243839444874,-0.07641088962554932,-0.14818042516708374,-0.07165793815555332,-0.06157201528549194,-0.12212580442428589,-0.06503217408361195,0.006816208362579346,-0.19533485174179077,-0.039524358901402934,-0.04684710502624512,-0.17629772424697876,-0.07348458209933995,-0.04961007833480835,-0.11829406023025513,-0.05774258935751675,-0.03534197807312012,-0.10269922018051147,-0.03878003099860905,0.031058907508850098,-0.16221356391906738,-0.05457193890514134,-0.01647549867630005,-0.13789522647857666,-0.07230626532735585,-0.022753238677978516,-0.0978509783744812,-0.06020087117256878,-0.010667264461517334,-0.08814209699630737,-0.045649935695550425,pointing
0.0,0.0,0.0,-0.06217271089553833,-0.03238803148269653,-0.016294839869971156,-0.1030229926109314,-0.07859504222869873,-0.03533367541038501,-0.12558311223983765,-0.12383425235748291,-0.05671570551001537,-0.10541212558746338,-0.13329273462295532,-0.0777306157013129,-0.06887876987457275,-0.20745855569839478,-0.02537870135509479,-0.07781797647476196,-0.2945704162120819,-0.05254619669520366,-0.08256548643112183,-0.35035890340805054,-0.06964818861686695,-0.08478808403015137,-0.39804697036743164,-0.08282927897178638,-0.027793586254119873,-0.20936018228530884,-0.033286665644283175,-0.08083176612854004,-0.1857510209083557,-0.06836577233278263,-0.0848436951637268,-0.12915295362472534,-0.07203355905019748,-0.07093232870101929,-0.10811489820480347,-0.068412345912094,0.0037574172019958496,-0.18529069423675537,-0.04391452025973308,-0.05398041009902954,-0.14163976907730103,-0.0705621364375304,-0.055496275424957275,-0.09740036725997925,-0.05711038884126651,-0.04134565591812134,-0.08947873115539551,-0.043093514706725955,0.025018632411956787,-0.14646339416503906,-0.057754472907419085,-0.026224374771118164,-0.10204887390136719,-0.07131471213304508,-0.028503596782684326,-0.07129579782485962,-0.061386355276937365,-0.014233708381652832,-0.06881088018417358,-0.05014422264301288,pointing
0.0,0.0,0.0,-0.05888497829437256,-0.03229552507400513,-0.014971327265726586,-0.0976264476776123,-0.07892411947250366,-0.032988335235046407,-0.12271851301193237,-0.12033683061599731,-0.05369835276715662,-0.10950005054473877,-0.13181889057159424,-0.07433923636190798,-0.06741076707839966,-0.20868349075317383,-0.022365805922078152,-0.07646113634109497,-0.2949485182762146,-0.050037834091114064,-0.08043813705444336,-0.351937472820282,-0.06775678251497652,-0.08169907331466675,-0.3998558223247528,-0.08095499430410769,-0.027598440647125244,-0.20941275358200073,-0.03107344661466982,-0.08032947778701782,-0.19009381532669067,-0.06690097157471087,-0.08618253469467163,-0.13222509622573853,-0.07138518546335604,-0.07402235269546509,-0.10928082466125488,-0.06765726510994341,0.0035396218299865723,-0.1852034330368042,-0.04252892662398722,-0.05485624074935913,-0.14367365837097168,-0.0700718045663109,-0.05627661943435669,-0.09927964210510254,-0.05712537397258188,-0.042497098445892334,-0.09029757976531982,-0.04289621417038347,0.024857759475708008,-0.1465364694595337,-0.05701010976545717,-0.026770830154418945,-0.10337382555007935,-0.07153032277338411,-0.029642879962921143,-0.0709916353225708,-0.061342924131082555,-0.016727566719055176,-0.06691253185272217,-0.04941905592195894,pointing
0.0,0.0,0.0,-0.06826072931289673,-0.04791605472564697,-0.009751732434580163,-0.10481113195419312,-0.09771531820297241,-0.026087780456492737,-0.12762266397476196,-0.13214915990829468,-0.045698893229911164,-0.12876856327056885,-0.12899935245513916,-0.06553859726662381,-0.06662321090698242,-0.2128582000732422,-0.02033789918894513,-0.07775592803955078,-0.28804266452789307,-0.043748066734025315,-0.08312058448791504,-0.3405744433403015,-0.05916340367073758,-0.08512955904006958,-0.38342517614364624,-0.07174339608425839,-0.029274284839630127,-0.20727652311325073,-0.03198243023032887,-0.09237504005432129,-0.1753128170967102,-0.06287553624386533,-0.09648692607879639,-0.12755364179611206,-0.067051422755668,-0.08208125829696655,-0.11283320188522339,-0.06549657599205716,-0.004075765609741211,-0.1727563738822937,-0.04561156497473462,-0.07349807024002075,-0.12163656949996948,-0.06930509672636731,-0.0721590518951416,-0.0905793309211731,-0.0591020816671346,-0.05548393726348877,-0.09008127450942993,-0.04860997290487035,0.007445931434631348,-0.12488514184951782,-0.06162253857726796,-0.05263102054595947,-0.07987445592880249,-0.07436390684122784,-0.05522191524505615,-0.05942493677139282,-0.06623681352610333,-0.042125403881073,-0.06282079219818115,-0.057173960815617875,pointing
0.0,0.0,0.0,-0.06771284341812134,-0.043981313705444336,-0.011679793152481466,-0.1020195484161377,-0.09174507856369019,-0.028881000730663686,-0.12397968769073486,-0.12542027235031128,-0.04905398786392823,-0.1275390386581421,-0.12815093994140625,-0.06921369806256905,-0.06341850757598877,-0.20929694175720215,-0.021282758939534574,-0.07377040386199951,-0.2829592227935791,-0.04583089277473107,-0.07945215702056885,-0.3353841304779053,-0.06154916286793366,-0.08147847652435303,-0.3780165910720825,-0.07382057085958138,-0.02580726146697998,-0.20470905303955078,-0.03182361126270905,-0.08949512243270874,-0.17158150672912598,-0.06321692690578118,-0.09525609016418457,-0.1215435266494751,-0.06655887738195077,-0.08176159858703613,-0.10738581418991089,-0.06393082663741723,-0.0005853772163391113,-0.17200767993927002,-0.044716475907236486,-0.0697171688079834,-0.1192626953125,-0.06863282099691048,-0.06995642185211182,-0.08803451061248779,-0.05702709257927552,-0.05453842878341675,-0.08844691514968872,-0.04525287300673142,0.010735273361206055,-0.12584525346755981,-0.06028003841963425,-0.04812514781951904,-0.08063638210296631,-0.07301936522451058,-0.05252277851104736,-0.06131875514984131,-0.06434465423551217,-0.04115539789199829,-0.06638127565383911,-0.0545365646514,pointing
0.0,0.0,0.0,-0.06250220537185669,-0.05921703577041626,-0.007249878276709865,-0.09965908527374268,-0.11036086082458496,-0.021855449792568038,-0.1273735761642456,-0.13512027263641357,-0.039521430176321815,-0.1316339373588562,-0.12493139505386353,-0.057756696384970496,-0.04851412773132324,-0.2050715684890747,-0.018662501615111182,-0.059721410274505615,-0.26672178506851196,-0.038841277849499534,-0.06518739461898804,-0.3105706572532654,-0.05211325411183054,-0.06782102584838867,-0.34937167167663574,-0.06332702983600313,-0.018290400505065918,-0.18775087594985962,-0.03090923328382189,-0.09112846851348877,-0.16359692811965942,-0.060045175742928336,-0.09721958637237549,-0.12735915184020996,-0.06553852606994326,-0.08370733261108398,-0.11649203300476074,-0.06557187486869509,-0.002817392349243164,-0.14699113368988037,-0.04454417948109324,-0.08073407411575317,-0.10657340288162231,-0.06888037223798449,-0.07832813262939453,-0.08626306056976318,-0.06237280790192301,-0.060293614864349365,-0.09181082248687744,-0.05398690004331286,-0.0020509958267211914,-0.09717285633087158,-0.05957816962582285,-0.06833785772323608,-0.05887192487716675,-0.07319621045571978,-0.06968748569488525,-0.047037720680236816,-0.06724897820932085,-0.05513817071914673,-0.05630367994308472,-0.06009096701127703,pointing
0.0,0.0,0.0,-0.05435371398925781,-0.05413222312927246,-0.00701021232304555,-0.08982264995574951,-0.097922682762146,-0.024534679638570367,-0.11771363019943237,-0.11838746070861816,-0.04475397399288994,-0.1265820860862732,-0.10987508296966553,-0.06589192307216507,-0.04053419828414917,-0.1956981122493744,-0.02647202803415638,-0.05421489477157593,-0.25606751441955566,-0.04886388561350685,-0.05890917778015137,-0.3028581738471985,-0.06348085558635574,-0.06179606914520264,-0.341878741979599,-0.07573140567762238,-0.010724902153015137,-0.1795821189880371,-0.0387287863217054,-0.09036743640899658,-0.14624208211898804,-0.06533061123115402,-0.09336340427398682,-0.10848790407180786,-0.06738612956029755,-0.07627320289611816,-0.102439284324646,-0.0666521430633722,0.003688216209411621,-0.13776803016662598,-0.0521429494641481,-0.07749909162521362,-0.09386807680130005,-0.07382872110826355,-0.07387548685073853,-0.07468831539154053,-0.06346500075084549,-0.05505871772766113,-0.08035790920257568,-0.05435490018350464,0.005373537540435791,-0.08780878782272339,-0.06707947111350876,-0.06200516223907471,-0.04975438117980957,-0.08209514773113114,-0.0630914568901062,-0.0389174222946167,-0.07566361284477097,-0.05009031295776367,-0.04904884099960327,-0.06841030127031189,pointing
0.0,0.0,0.0,-0.05065798759460449,-0.07230877876281738,-0.006149654097720614,-0.0933883786201477,-0.13019537925720215,-0.023431797798588505,-0.12988728284835815,-0.13678687810897827,-0.04249236854524874,-0.14631015062332153,-0.10462749004364014,-0.06328768404932283,-0.03358471393585205,-0.18600541353225708,-0.034103815730526676,-0.05561685562133789,-0.23291438817977905,-0.056485315140202275,-0.0605962872505188,-0.2694185972213745,-0.07167750718803667,-0.06378728151321411,-0.3066377639770508,-0.0847891059777286,-0.011059403419494629,-0.15694624185562134,-0.04669414954991602,-0.10452514886856079,-0.12394493818283081,-0.07182151946039461,-0.10622060298919678,-0.0974544882774353,-0.07475858303518557,-0.08631306886672974,-0.09839808940887451,-0.07683044048757814,-0.004360616207122803,-0.10597068071365356,-0.059603655066206684,-0.09803259372711182,-0.07234340906143188,-0.08029724779339098,-0.09199291467666626,-0.06082421541213989,-0.07231065007658266,-0.06818252801895142,-0.0694165825843811,-0.06596876802654528,-0.00943756103515625,-0.05321550369262695,-0.07351181032867693,-0.08433949947357178,-0.02756190299987793,-0.08886452886076235,-0.08154582977294922,-0.025014519691467285,-0.08409462990970873,-0.062256693840026855,-0.03756922483444214,-0.07920483621568941,pointing
0.0,0.0,0.0,-0.05115765333175659,-0.07597929239273071,-0.007014612716588431,-0.0975348949432373,-0.13265591859817505,-0.025300856263342553,-0.13750404119491577,-0.1338028907775879,-0.044520970017615014,-0.15656763315200806,-0.10608446598052979,-0.06520891892999714,-0.03978925943374634,-0.17671960592269897,-0.03784646424740856,-0.06364589929580688,-0.21495455503463745,-0.06278982716888493,-0.06992584466934204,-0.2470942735671997,-0.07964850920528477,-0.07462650537490845,-0.28088468313217163,-0.09373485255331104,-0.021615564823150635,-0.14498886466026306,-0.049936137677136117,-0.11713677644729614,-0.12065356969833374,-0.07576458114475315,-0.11543762683868408,-0.09454822540283203,-0.07819117564052647,-0.09392327070236206,-0.097278892993927,-0.08032797235340183,-0.018143892288208008,-0.09346646070480347,-0.062482617379131966,-0.11248427629470825,-0.0690457820892334,-0.08439608621687,-0.10383182764053345,-0.05912601947784424,-0.07574666249841755,-0.07871174812316895,-0.06940227746963501,-0.06909801769346302,-0.024339377880096436,-0.040590643882751465,-0.07590114283651417,-0.09975743293762207,-0.023501813411712646,-0.0939938794383437,-0.09942048788070679,-0.025110960006713867,-0.09088394004196232,-0.0837181806564331,-0.03855621814727783,-0.08730770605892246,pointing
0.0,0.0,0.0,-0.04844546318054199,-0.07146686315536499,-0.008962769073725951,-0.09559935331344604,-0.12649953365325928,-0.027120587428392184,-0.13374948501586914,-0.12772923707962036,-0.04514350091415764,-0.14756733179092407,-0.10113018751144409,-0.06493703370291115,-0.037589073181152344,-0.16943812370300293,-0.040378754039586795,-0.060167789459228516,-0.206018328666687,-0.0655063474674833,-0.06722712516784668,-0.24134287238121033,-0.08336529975134255,-0.07277601957321167,-0.2742738425731659,-0.09801644926267983,-0.019180774688720703,-0.137076735496521,-0.0504069114227903,-0.11443060636520386,-0.11190468072891235,-0.07618593518930794,-0.11577916145324707,-0.09095966815948486,-0.07988639270264031,-0.09763938188552856,-0.09283256530761719,-0.0832045981784475,-0.01570814847946167,-0.08515161275863647,-0.06078597252565743,-0.1094139814376831,-0.059814274311065674,-0.08349052165943505,-0.1043400764465332,-0.054190635681152344,-0.07569967304664971,-0.08143788576126099,-0.0637291669845581,-0.06917761360603691,-0.022171437740325928,-0.03235328197479248,-0.07184738760191323,-0.09721797704696655,-0.017836570739746094,-0.09095741902786614,-0.09833312034606934,-0.021568596363067627,-0.08831485455232979,-0.08296656608581543,-0.035985708236694336,-0.08486306761700035,pointing
0.0,0.0,0.0,-0.048344969749450684,-0.074055016040802,-0.008517842681541765,-0.09720933437347412,-0.12605279684066772,-0.02487813675536188,-0.13734310865402222,-0.12712931632995605,-0.04092205310000452,-0.15207993984222412,-0.10646408796310425,-0.05831852921976122,-0.042166829109191895,-0.16770845651626587,-0.036669533641472185,-0.05799168348312378,-0.19750240445137024,-0.060742523462906206,-0.06515324115753174,-0.22685709595680237,-0.0773172042681125,-0.071757972240448,-0.2550184428691864,-0.09064825990928682,-0.023205935955047607,-0.13335570693016052,-0.04601216682924303,-0.11550724506378174,-0.11420691013336182,-0.070524159760609,-0.12185633182525635,-0.09307897090911865,-0.07409063348306688,-0.1095348596572876,-0.09204351902008057,-0.07665418455137285,-0.01951766014099121,-0.08050364255905151,-0.055783059389725054,-0.112651526927948,-0.05932646989822388,-0.07811563828720125,-0.1092841625213623,-0.05338609218597412,-0.07117547461523088,-0.08908474445343018,-0.06168895959854126,-0.06413025775684389,-0.024998605251312256,-0.026401281356811523,-0.06606588879360231,-0.10075706243515015,-0.017428696155548096,-0.08479556808008226,-0.10723710060119629,-0.02282118797302246,-0.08281967410577806,-0.09777164459228516,-0.03701883554458618,-0.07909291604293855,pointing
0.0,0.0,0.0,-0.04600769281387329,-0.07176148891448975,-0.006478411817429475,-0.09577333927154541,-0.12187868356704712,-0.021295377725241593,-0.13716989755630493,-0.12283957004547119,-0.03605765264618199,-0.15406697988510132,-0.10660123825073242,-0.05210635226356786,-0.04289603233337402,-0.16759410500526428,-0.03406748335945409,-0.06038546562194824,-0.19857880473136902,-0.05828625124084752,-0.07009220123291016,-0.22793564200401306,-0.0752903872369508,-0.08058637380599976,-0.2537320852279663,-0.08880296137320798,-0.025766372680664062,-0.1359427273273468,-0.04394987385856908,-0.1190539002418518,-0.11731678247451782,-0.06832161333548825,-0.12273234128952026,-0.09422969818115234,-0.07198641237008374,-0.10912889242172241,-0.09128862619400024,-0.07477883782374661,-0.02305823564529419,-0.08497267961502075,-0.05422596048700612,-0.11625367403030396,-0.06408488750457764,-0.07639309551703732,-0.11247456073760986,-0.05515319108963013,-0.06974702861296933,-0.09267902374267578,-0.06107217073440552,-0.06321459051358502,-0.028898537158966064,-0.03193843364715576,-0.064786052071927,-0.10347235202789307,-0.020638585090637207,-0.0831898578642587,-0.10947036743164062,-0.021979808807373047,-0.08143505241858762,-0.10028141736984253,-0.0331418514251709,-0.07814789351212781,pointing
0.0,0.0,0.0,-0.042114436626434326,-0.07537186145782471,-0.003321268760615226,-0.09160542488098145,-0.12460434436798096,-0.01924970320148134,-0.13577181100845337,-0.1254013180732727,-0.0356689760713067,-0.157487690448761,-0.11255937814712524,-0.054192218395897385,-0.04519706964492798,-0.16596275568008423,-0.03419563493413591,-0.062129318714141846,-0.18903598189353943,-0.05865990689677858,-0.07247275114059448,-0.21644175052642822,-0.07577544397396707,-0.08308637142181396,-0.23937538266181946,-0.0887950057415452,-0.031226754188537598,-0.12793689966201782,-0.04613011649531984,-0.12483566999435425,-0.11273705959320068,-0.06917478090805673,-0.12937527894973755,-0.09573483467102051,-0.07200246250910425,-0.11754417419433594,-0.09355300664901733,-0.07454609817547464,-0.031057298183441162,-0.07333457469940186,-0.05791297129077577,-0.1268404722213745,-0.05862361192703247,-0.07906056142134332,-0.11855512857437134,-0.052039146423339844,-0.07096645927710199,-0.09540033340454102,-0.05729329586029053,-0.06362825578732156,-0.03899484872817993,-0.018574655055999756,-0.06948596185726785,-0.11774909496307373,-0.0145646333694458,-0.08654937094730997,-0.11800491809844971,-0.017738640308380127,-0.08227556145472192,-0.10250240564346313,-0.02961862087249756,-0.07730501091761255,pointing
0.0,0.0,0.0,-0.04217737913131714,-0.07398480176925659,-0.0030745885332308376,-0.09250712394714355,-0.12168729305267334,-0.019221728713922914,-0.13633942604064941,-0.12157788872718811,-0.035863716201596674,-0.15481358766555786,-0.10634833574295044,-0.054424386517816004,-0.042378902435302734,-0.1664140224456787,-0.03281448413591903,-0.0572434663772583,-0.18993544578552246,-0.058148834900670465,-0.06835514307022095,-0.21760627627372742,-0.07659691949348968,-0.0794450044631958,-0.23960602283477783,-0.09042068202953857,-0.028715312480926514,-0.12916815280914307,-0.04525900264244598,-0.12219524383544922,-0.11559206247329712,-0.06884470214109939,-0.12420225143432617,-0.09591376781463623,-0.0720357113049559,-0.10995107889175415,-0.09216123819351196,-0.0745630749033026,-0.028593778610229492,-0.07486599683761597,-0.057590629951768335,-0.12511307001113892,-0.05987358093261719,-0.07939864327173751,-0.11548590660095215,-0.050295352935791016,-0.07059099157314819,-0.0903361439704895,-0.05323368310928345,-0.062287334399037775,-0.036565959453582764,-0.019329190254211426,-0.06978405644159835,-0.11626732349395752,-0.015748798847198486,-0.08736195792418044,-0.1159176230430603,-0.015790343284606934,-0.08269039918642562,-0.0986560583114624,-0.02422797679901123,-0.0772045515940718,pointing
0.0,0.0,0.0,-0.04726201295852661,-0.07519406080245972,-0.006777333347692149,-0.09726238250732422,-0.124056875705719,-0.02347612313051428,-0.13858062028884888,-0.12419682741165161,-0.04027338258047308,-0.15215235948562622,-0.10217136144638062,-0.05881890214104857,-0.04083913564682007,-0.16047650575637817,-0.03416192463655676,-0.05542147159576416,-0.18149539828300476,-0.058184578335477966,-0.06799602508544922,-0.2044440507888794,-0.07471417195220198,-0.07971805334091187,-0.22293537855148315,-0.08739098466057982,-0.02690589427947998,-0.12082964181900024,-0.045320938593341964,-0.11839026212692261,-0.10746252536773682,-0.06879400021453108,-0.12417364120483398,-0.08948200941085815,-0.07215053892750944,-0.11188805103302002,-0.08659225702285767,-0.07496728307624068,-0.025958120822906494,-0.0654558539390564,-0.05682143128533568,-0.12142801284790039,-0.052773892879486084,-0.08010947263856139,-0.11539912223815918,-0.04547989368438721,-0.07345868951697554,-0.09167009592056274,-0.04898756742477417,-0.06628197736163344,-0.033853232860565186,-0.009577572345733643,-0.06840903616566862,-0.11285662651062012,-0.007811605930328369,-0.08739473975320067,-0.11555713415145874,-0.011614203453063965,-0.08467597073931898,-0.09983348846435547,-0.020768165588378906,-0.0805688977899095,pointing
0.0,0.0,0.0,-0.04323983192443848,-0.07561814785003662,-0.008262357427028633,-0.09328895807266235,-0.12018826603889465,-0.027984535074082828,-0.13663488626480103,-0.11703762412071228,-0.04721959283038757,-0.1528390645980835,-0.09634751081466675,-0.0682449263839402,-0.03719174861907959,-0.15508681535720825,-0.04396029537006996,-0.053637027740478516,-0.17853224277496338,-0.07239321594521186,-0.06887978315353394,-0.20165735483169556,-0.09127475296541832,-0.08320295810699463,-0.21660757064819336,-0.10477913146301887,-0.023910939693450928,-0.11405181884765625,-0.0547847261039891,-0.11842083930969238,-0.10062474012374878,-0.08034704600855491,-0.12142962217330933,-0.08215206861495972,-0.08269868766352317,-0.10556501150131226,-0.07954764366149902,-0.08499658828064582,-0.02481788396835327,-0.05748164653778076,-0.06580588196798942,-0.12228989601135254,-0.04793727397918701,-0.08980135594889305,-0.11634969711303711,-0.04162865877151489,-0.08113454257532737,-0.09204214811325073,-0.04474020004272461,-0.07302105402037284,-0.03414183855056763,-0.0016204118728637695,-0.07700417166039131,-0.11276966333389282,-0.002639293670654297,-0.09705051754995964,-0.11629271507263184,-0.009034931659698486,-0.09380400156065605,-0.1017884612083435,-0.018405020236968994,-0.08932015275046012,pointing
0.0,0.0,0.0,-0.0436016321182251,-0.07430493831634521,-0.009233932761588903,-0.09409666061401367,-0.11863559484481812,-0.029206450848022314,-0.13827413320541382,-0.11816444993019104,-0.04834107477788052,-0.15529537200927734,-0.10360240936279297,-0.06935606692556462,-0.03997677564620972,-0.1520366072654724,-0.046832574350872846,-0.05631101131439209,-0.17788341641426086,-0.07608677987579426,-0.0722007155418396,-0.20242184400558472,-0.09474231843475422,-0.08677268028259277,-0.21753740310668945,-0.10751709137682042,-0.026586592197418213,-0.1107243001461029,-0.05665612016443333,-0.12081325054168701,-0.10017180442810059,-0.08309110049728474,-0.12595582008361816,-0.0825965404510498,-0.08481166307453236,-0.11061888933181763,-0.07817751169204712,-0.08605219219450078,-0.027315497398376465,-0.0550462007522583,-0.06671508942369542,-0.12479376792907715,-0.04749441146850586,-0.09183288906339726,-0.11976802349090576,-0.04251527786254883,-0.08301921729568562,-0.09478837251663208,-0.045265138149261475,-0.07413265649799428,-0.036349713802337646,-0.0007157325744628906,-0.07683976535324177,-0.1156817078590393,-0.0033866167068481445,-0.09752639178756795,-0.11822587251663208,-0.009937167167663574,-0.09408656303409657,-0.10140717029571533,-0.01842021942138672,-0.0889571288657578,pointing
0.0,0.0,0.0,-0.04450756311416626,-0.0765942931175232,-0.006961883163441485,-0.09562957286834717,-0.11898332834243774,-0.026411275497068232,-0.14024895429611206,-0.11382827162742615,-0.04601600684820539,-0.1568089723587036,-0.09167182445526123,-0.06735081516801245,-0.03883981704711914,-0.15115249156951904,-0.04126571037470228,-0.05496978759765625,-0.17383411526679993,-0.07061300717889196,-0.06867516040802002,-0.19766131043434143,-0.09013086848555929,-0.08147990703582764,-0.21383845806121826,-0.10395512275992758,-0.025947272777557373,-0.1102113425731659,-0.053952000221599405,-0.12410682439804077,-0.09825640916824341,-0.08093841665088064,-0.1200188398361206,-0.07775825262069702,-0.08307695679961569,-0.09749597311019897,-0.0739593505859375,-0.08487825386821157,-0.027474045753479004,-0.052851200103759766,-0.06710142188369161,-0.1273667812347412,-0.04661005735397339,-0.09312440746127493,-0.11578446626663208,-0.03922069072723389,-0.08298200660048849,-0.08708465099334717,-0.04065442085266113,-0.07314738922416097,-0.03703731298446655,0.004340827465057373,-0.08046341978608496,-0.11664652824401855,-0.002332150936126709,-0.10169227712451345,-0.11682373285293579,-0.007188200950622559,-0.09744345687924749,-0.0990527868270874,-0.012172996997833252,-0.09197694354354269,pointing
0.0,0.0,0.0,-0.046096861362457275,-0.07436990737915039,-0.0074410818696861725,-0.09738129377365112,-0.11529284715652466,-0.02783883346178584,-0.14054548740386963,-0.10844168066978455,-0.0482026299641376,-0.15537422895431519,-0.08299398422241211,-0.0705439148650413,-0.03980284929275513,-0.14808961749076843,-0.04416159896113925,-0.05594354867935181,-0.17104193568229675,-0.07434107346394114,-0.06874024868011475,-0.196182519197464,-0.09481529129602961,-0.08082395792007446,-0.21275454759597778,-0.10921703262188487,-0.026484131813049316,-0.10642567276954651,-0.056473385374332,-0.12335807085037231,-0.094707190990448,-0.08316323144295268,-0.11935287714004517,-0.07643729448318481,-0.08527169359781794,-0.09773802757263184,-0.07301777601242065,-0.08734363300659709,-0.02789592742919922,-0.048808276653289795,-0.06913125498154216,-0.12745457887649536,-0.04240840673446655,-0.09416754526951365,-0.11516636610031128,-0.03641730546951294,-0.08369925601341777,-0.0862153172492981,-0.03797668218612671,-0.0740597544417625,-0.03757905960083008,0.008347153663635254,-0.08206432295897059,-0.11722254753112793,0.0009803175926208496,-0.10266190005400233,-0.1161540150642395,-0.004439294338226318,-0.0980957372293716,-0.0975341796875,-0.009334921836853027,-0.09263444675066523,pointing
0.0,0.0,0.0,-0.041737914085388184,-0.07861107587814331,-0.006653882345787565,-0.09286612272262573,-0.11745920777320862,-0.026526234826675932,-0.1379677653312683,-0.10526403784751892,-0.04625514872991232,-0.15400254726409912,-0.07853478193283081,-0.0684829016836801,-0.03672325611114502,-0.14430269598960876,-0.04481808446966795,-0.0508536696434021,-0.1638699471950531,-0.07508422785126356,-0.06334042549133301,-0.1881134808063507,-0.09583117418610243,-0.0747765302658081,-0.2044716775417328,-0.10994626187407164,-0.02379584312438965,-0.09854328632354736,-0.05691779755674986,-0.12261581420898438,-0.08919411897659302,-0.08283326380573897,-0.11850816011428833,-0.07390445470809937,-0.08452120774113325,-0.09518164396286011,-0.0702773928642273,-0.08632038139425902,-0.02689671516418457,-0.03933310508728027,-0.06917205803715376,-0.1282203197479248,-0.03873997926712036,-0.09362171941124586,-0.11624282598495483,-0.03673034906387329,-0.082681562534205,-0.08576548099517822,-0.03823864459991455,-0.07236606978499083,-0.038815200328826904,0.018345654010772705,-0.08145547263943342,-0.12146925926208496,0.005271553993225098,-0.10158299260460524,-0.11779159307479858,-0.003906548023223877,-0.09608223640047697,-0.09465193748474121,-0.008248448371887207,-0.08968034737431196,pointing
0.0,0.0,0.0,-0.04023212194442749,-0.07366126775741577,-0.00927650447503936,-0.09210211038589478,-0.11308130621910095,-0.03016663420514476,-0.13683122396469116,-0.1023520827293396,-0.05016446563915622,-0.1500532627105713,-0.07440710067749023,-0.07255017462686908,-0.03645199537277222,-0.13896048069000244,-0.048236467722219345,-0.05180919170379639,-0.16108572483062744,-0.07834611538366687,-0.06335598230361938,-0.18546074628829956,-0.09899151775555026,-0.07316857576370239,-0.19988352060317993,-0.11308083388523471,-0.024124503135681152,-0.09605124592781067,-0.05846609998063457,-0.12082356214523315,-0.08795380592346191,-0.08375133279280078,-0.11690008640289307,-0.07177501916885376,-0.0852861374946059,-0.09396940469741821,-0.06644266843795776,-0.08701041046099078,-0.026674985885620117,-0.03857225179672241,-0.06883419755415332,-0.12636148929595947,-0.03646695613861084,-0.09239044490770709,-0.11522728204727173,-0.03321218490600586,-0.08159409168676746,-0.08530843257904053,-0.0336003303527832,-0.0718000054688872,-0.03836798667907715,0.01849806308746338,-0.07940890345291507,-0.11832791566848755,0.00680309534072876,-0.09965631071047198,-0.11575901508331299,-0.00010919570922851562,-0.0947315588922919,-0.09407466650009155,-0.00344008207321167,-0.08885822150425327,pointing
0.0,0.0,0.0,-0.040734946727752686,-0.07483971118927002,-0.00901030104419931,-0.09163802862167358,-0.1116473376750946,-0.02944908577761396,-0.1339293122291565,-0.09631791710853577,-0.04907394859752401,-0.1415601372718811,-0.06392860412597656,-0.07136021096071943,-0.03350764513015747,-0.13538789749145508,-0.048330566918465934,-0.04978668689727783,-0.15440267324447632,-0.0779736443217729,-0.061492741107940674,-0.17823800444602966,-0.0984058855827783,-0.07084274291992188,-0.19120854139328003,-0.11237379450163587,-0.021013319492340088,-0.08980926871299744,-0.05827299047074064,-0.11578428745269775,-0.08008354902267456,-0.08246796864828809,-0.11220115423202515,-0.06969892978668213,-0.08400069463810667,-0.08955550193786621,-0.06748872995376587,-0.08614307183584913,-0.024172961711883545,-0.03016972541809082,-0.06828251767716154,-0.12313234806060791,-0.028031349182128906,-0.09102856654486402,-0.11248469352722168,-0.0293428897857666,-0.08044866759142622,-0.08240312337875366,-0.0316963791847229,-0.07083390939793333,-0.036803245544433594,0.028616368770599365,-0.07843579638561948,-0.11653286218643188,0.01502293348312378,-0.09892986256441816,-0.11290591955184937,0.00421673059463501,-0.09433941084704145,-0.08989590406417847,-0.0003541111946105957,-0.08859939414820417,pointing
0.0,0.0,0.0,-0.04140383005142212,-0.07583296298980713,-0.00946041839536349,-0.09488123655319214,-0.11613941192626953,-0.02852010904219071,-0.14042514562606812,-0.10376995801925659,-0.04675267069008271,-0.15252602100372314,-0.07676035165786743,-0.06771281538870255,-0.03959387540817261,-0.14172634482383728,-0.045503036960624854,-0.05388987064361572,-0.16306209564208984,-0.07528367815878312,-0.06608730554580688,-0.18895965814590454,-0.09639065889980714,-0.07756763696670532,-0.20308107137680054,-0.11077853469517152,-0.028326869010925293,-0.09662202000617981,-0.05512775658037583,-0.12324053049087524,-0.09122312068939209,-0.08034801660444657,-0.12082964181900024,-0.0798521637916565,-0.08382027028467576,-0.10049659013748169,-0.07286447286605835,-0.0867995041456453,-0.03183484077453613,-0.03746223449707031,-0.06489574341442506,-0.13247036933898926,-0.037998735904693604,-0.08788077710535447,-0.11989951133728027,-0.03728240728378296,-0.07819254128601472,-0.08939456939697266,-0.036872029304504395,-0.06887997864153306,-0.04440128803253174,0.021679162979125977,-0.07490005521442811,-0.1254069209098816,0.007385849952697754,-0.09457268743183533,-0.11789965629577637,-0.0011265277862548828,-0.08977242736484925,-0.09161257743835449,-0.004044234752655029,-0.0837755966034166,pointing
0.0,0.0,0.0,-0.04211139678955078,-0.07432138919830322,-0.007270463743623168,-0.09349411725997925,-0.10918205976486206,-0.025765773375894696,-0.13788878917694092,-0.09493881464004517,-0.04375607008245197,-0.1492840051651001,-0.07099568843841553,-0.06458733836319652,-0.039228856563568115,-0.13805308938026428,-0.044249764179255635,-0.052892208099365234,-0.15816938877105713,-0.07314628968146053,-0.06711667776107788,-0.18189141154289246,-0.09347240487244335,-0.07875651121139526,-0.19395864009857178,-0.10709225991871563,-0.026619136333465576,-0.09156358242034912,-0.0545819946577808,-0.12201899290084839,-0.08257901668548584,-0.07820503274109569,-0.11988562345504761,-0.07348811626434326,-0.0809678346863052,-0.0989031195640564,-0.0695490837097168,-0.08398845652249065,-0.029189467430114746,-0.03144526481628418,-0.06476911017801967,-0.13011306524276733,-0.030092597007751465,-0.08659092197325435,-0.11784642934799194,-0.030118107795715332,-0.07601342210676876,-0.08670902252197266,-0.030329585075378418,-0.06633984157946315,-0.04143649339675903,0.029101788997650146,-0.07496202597525325,-0.12408435344696045,0.014748930931091309,-0.0937461988082191,-0.11698257923126221,0.006002545356750488,-0.08784814039375988,-0.0901869535446167,0.003727436065673828,-0.08114673057701793,pointing
0.0,0.0,0.0,-0.04063063859939575,-0.07785874605178833,-0.009469557771097925,-0.08988863229751587,-0.11621305346488953,-0.028679707305144575,-0.13092106580734253,-0.1030765175819397,-0.04646043035538128,-0.14221864938735962,-0.07446283102035522,-0.06740449670107296,-0.032848060131073,-0.13483282923698425,-0.04833352121860912,-0.04594576358795166,-0.1550021469593048,-0.07655436846764019,-0.06117141246795654,-0.18181848526000977,-0.09666890952141216,-0.0720665454864502,-0.19687294960021973,-0.11014495346100261,-0.02055644989013672,-0.0883309543132782,-0.05626314807088306,-0.117095947265625,-0.08397349715232849,-0.07956607940943172,-0.11815488338470459,-0.07900106906890869,-0.08242736312897136,-0.0966523289680481,-0.07267475128173828,-0.08549999001772335,-0.024965643882751465,-0.030006885528564453,-0.06373286548407009,-0.12566357851028442,-0.03257697820663452,-0.08477576378137996,-0.11652708053588867,-0.03548711538314819,-0.07485428008587292,-0.08458667993545532,-0.032656311988830566,-0.06528403911144665,-0.03945857286453247,0.02784210443496704,-0.07123636755497387,-0.12143135070800781,0.012073755264282227,-0.08862165662796428,-0.11677080392837524,-0.0023528337478637695,-0.08357214483768871,-0.08972388505935669,-0.006870746612548828,-0.07765229347498348,pointing
0.0,0.0,0.0,-0.039417564868927,-0.07624933123588562,-0.011926438178534227,-0.08905196189880371,-0.11203241348266602,-0.03292104926299544,-0.13208460807800293,-0.09353983402252197,-0.052263780947441774,-0.13834398984909058,-0.06042134761810303,-0.07503833946179839,-0.029790818691253662,-0.1315082311630249,-0.05225374129008742,-0.04494291543960571,-0.14505311846733093,-0.08172127183865996,-0.05671507120132446,-0.1716378927230835,-0.10315092977475615,-0.06491416692733765,-0.18686330318450928,-0.11768917318772765,-0.018015146255493164,-0.08108559250831604,-0.05980581742119284,-0.11371976137161255,-0.07526236772537231,-0.08316730287265273,-0.11343973875045776,-0.07451257109642029,-0.08657138374042006,-0.09145885705947876,-0.07217264175415039,-0.09064116653394194,-0.022756099700927734,-0.02029252052307129,-0.06714972433042021,-0.12310600280761719,-0.02329885959625244,-0.08897615548562499,-0.1140487790107727,-0.030088722705841064,-0.07994620826434584,-0.08232998847961426,-0.030818402767181396,-0.07128970649432631,-0.037332773208618164,0.03796350955963135,-0.07470265355300398,-0.11934679746627808,0.018399596214294434,-0.09403220143508406,-0.11413097381591797,0.0022333860397338867,-0.08955055799674483,-0.08700662851333618,-0.0021709799766540527,-0.08402973737906905,pointing
0.0,0.0,0.0,-0.03895145654678345,-0.0753975510597229,-0.011606139981424235,-0.09073978662490845,-0.11591404676437378,-0.03108464732137861,-0.13552767038345337,-0.10524210333824158,-0.04846448443201723,-0.1431483030319214,-0.07555580139160156,-0.06851401171950044,-0.032705068588256836,-0.13712549209594727,-0.051245249727045916,-0.046857595443725586,-0.15527793765068054,-0.08124863348272982,-0.060254693031311035,-0.18272724747657776,-0.10271539531019869,-0.07142466306686401,-0.20071154832839966,-0.11811810723808946,-0.021677792072296143,-0.09046930074691772,-0.05885666973260584,-0.11857998371124268,-0.08712604641914368,-0.08413169524935427,-0.12075787782669067,-0.07803618907928467,-0.08709360651043596,-0.10123926401138306,-0.07258415222167969,-0.09047356984881105,-0.026700973510742188,-0.031066417694091797,-0.06646585456398668,-0.12771236896514893,-0.033333420753479004,-0.08926966033247652,-0.11968833208084106,-0.03417694568634033,-0.07922279081610384,-0.08866149187088013,-0.03303873538970947,-0.06992583713797274,-0.04121643304824829,0.026601552963256836,-0.07446535668638887,-0.12174749374389648,0.01011735200881958,-0.09547404936817827,-0.12022286653518677,-0.0014243125915527344,-0.0927392765071744,-0.09703874588012695,-0.005803585052490234,-0.088391221978938,pointing
0.0,0.0,0.0,-0.037797391414642334,-0.07372832298278809,-0.011313227462778741,-0.08627122640609741,-0.11190572381019592,-0.031074411693225557,-0.12987428903579712,-0.10309603810310364,-0.0489572486758334,-0.1416361927986145,-0.07882750034332275,-0.06958891590238636,-0.029240071773529053,-0.13412272930145264,-0.05138528485895222,-0.042939603328704834,-0.15353712439537048,-0.0814657299697501,-0.05682927370071411,-0.1805962324142456,-0.10312356938720768,-0.06858950853347778,-0.19694846868515015,-0.11842535575033253,-0.018010437488555908,-0.08744409680366516,-0.05970534821153706,-0.11316293478012085,-0.08489012718200684,-0.08530336012245243,-0.11607420444488525,-0.07588464021682739,-0.0893368436873061,-0.09786230325698853,-0.06979513168334961,-0.09338442375064915,-0.022268295288085938,-0.028361856937408447,-0.06784454872013157,-0.12193924188613892,-0.030803263187408447,-0.09096207608581608,-0.11437201499938965,-0.03103584051132202,-0.08133649219871586,-0.08414888381958008,-0.029564082622528076,-0.07239601899982517,-0.0359501838684082,0.029063701629638672,-0.07632348080278462,-0.11507099866867065,0.014264166355133057,-0.0973881422460181,-0.11489248275756836,0.0030937790870666504,-0.09429048885704105,-0.09315109252929688,-0.0018976330757141113,-0.08966540684104984,pointing
0.0,0.0,0.0,-0.0381699800491333,-0.07537662982940674,-0.011545371343402167,-0.08747655153274536,-0.11680608987808228,-0.03129404511770417,-0.13136321306228638,-0.10887271165847778,-0.049277392295209665,-0.14791229367256165,-0.08416944742202759,-0.06991019201001336,-0.03199201822280884,-0.14065200090408325,-0.04977687549313714,-0.04472172260284424,-0.1599230170249939,-0.08002720874270608,-0.055699050426483154,-0.1882750689983368,-0.10132340442856957,-0.06527131795883179,-0.20716306567192078,-0.11612802099904229,-0.020325303077697754,-0.09676793217658997,-0.05795384299477746,-0.11755716800689697,-0.09266474843025208,-0.08327064764222314,-0.11942243576049805,-0.0777234435081482,-0.08512711626013925,-0.09999394416809082,-0.06849724054336548,-0.08712747049054315,-0.024166643619537354,-0.03889578580856323,-0.06649731945714166,-0.12453639507293701,-0.03932631015777588,-0.09078514677008798,-0.11558347940444946,-0.03720688819885254,-0.08095375549515893,-0.0848696231842041,-0.03438597917556763,-0.07139057022055795,-0.03714942932128906,0.017901957035064697,-0.07536167007407357,-0.11780178546905518,0.00366055965423584,-0.09714950722178628,-0.1151018738746643,-0.0038270950317382812,-0.09388098221739938,-0.09117275476455688,-0.006168544292449951,-0.08888208222111871,pointing
0.0,0.0,0.0,-0.03684091567993164,-0.07582134008407593,-0.011281199330539948,-0.08667033910751343,-0.11453285813331604,-0.03165695028945947,-0.13005101680755615,-0.10163319110870361,-0.0501471455638125,-0.1465645730495453,-0.07203531265258789,-0.07160893412873293,-0.02888011932373047,-0.13451310992240906,-0.053655229086132294,-0.04359406232833862,-0.15204393863677979,-0.08398801418587709,-0.05446964502334595,-0.18015706539154053,-0.1050804886464789,-0.0637139081954956,-0.19982898235321045,-0.11993825765893007,-0.01856374740600586,-0.0884215235710144,-0.06214057239338899,-0.11543667316436768,-0.08485108613967896,-0.08778435322091127,-0.1132206916809082,-0.07287251949310303,-0.08965921732232118,-0.09132224321365356,-0.0657191276550293,-0.0920501905922606,-0.024210214614868164,-0.030133724212646484,-0.07057306500718141,-0.12450778484344482,-0.03241175413131714,-0.09494319888398195,-0.11274230480194092,-0.03317916393280029,-0.08507661851689363,-0.08114248514175415,-0.03169369697570801,-0.07576044979140306,-0.038858234882354736,0.025377333164215088,-0.07919224681899095,-0.119823157787323,0.00865018367767334,-0.1012861240153029,-0.11418533325195312,-0.0008318424224853516,-0.09800925436064745,-0.08860760927200317,-0.003487706184387207,-0.0932033318524077,pointing
0.0,0.0,0.0,-0.03661024570465088,-0.07405030727386475,-0.009501787333249467,-0.0854872465133667,-0.10849562287330627,-0.03008443719005527,-0.129938006401062,-0.09695035219192505,-0.04932923471784534,-0.1456584334373474,-0.06977570056915283,-0.07132783388948383,-0.029923975467681885,-0.13009652495384216,-0.05061479887223186,-0.04507589340209961,-0.14893198013305664,-0.08089171951866092,-0.057121217250823975,-0.17529058456420898,-0.10149273878192844,-0.06675928831100464,-0.19178268313407898,-0.11573286956405582,-0.01932227611541748,-0.08472433686256409,-0.06031204616880359,-0.11568659543991089,-0.07955342531204224,-0.0862156361923212,-0.11623048782348633,-0.06533551216125488,-0.08781813686942996,-0.09564453363418579,-0.057976603507995605,-0.08965028679227771,-0.024688243865966797,-0.026664137840270996,-0.07007991379356326,-0.12392967939376831,-0.02622687816619873,-0.0944815487251276,-0.11526232957839966,-0.026272952556610107,-0.08421181744193973,-0.08519625663757324,-0.026373863220214844,-0.07458764916515292,-0.039385199546813965,0.02945476770401001,-0.07995142644500675,-0.11928391456604004,0.016016781330108643,-0.10180441892003955,-0.11648917198181152,0.006215095520019531,-0.09834553158140125,-0.09272366762161255,0.001073002815246582,-0.093346087692737,pointing
0.0,0.0,0.0,-0.037830352783203125,-0.07161897420883179,-0.013746930506613353,-0.0889328122138977,-0.10570347309112549,-0.03782040927239905,-0.13360702991485596,-0.09462854266166687,-0.05943970311113844,-0.1466744840145111,-0.0706644058227539,-0.08417147326895247,-0.034758031368255615,-0.13127243518829346,-0.06212164763041983,-0.04500061273574829,-0.14784803986549377,-0.09408860582539091,-0.05759251117706299,-0.17443588376045227,-0.11491255391069899,-0.06895160675048828,-0.18923187255859375,-0.12866678762861739,-0.023577988147735596,-0.08370006084442139,-0.07005044001766692,-0.11472213268280029,-0.07890349626541138,-0.09729362953135023,-0.12757247686386108,-0.07257920503616333,-0.10033066499659071,-0.11909747123718262,-0.06289231777191162,-0.10307903516718397,-0.02766740322113037,-0.024520695209503174,-0.07737407017179976,-0.12808865308761597,-0.021777033805847168,-0.10104490745493422,-0.12053507566452026,-0.024580836296081543,-0.0901591547174121,-0.0916370153427124,-0.023816585540771484,-0.08029144186207304,-0.04159426689147949,0.03289437294006348,-0.08498807180353651,-0.12411510944366455,0.023229598999023438,-0.10513586479851256,-0.12127423286437988,0.009709179401397705,-0.09999109733530531,-0.09730422496795654,0.0002703666687011719,-0.09389419037529478,pointing
0.0,0.0,0.0,-0.03829312324523926,-0.07706654071807861,-0.00917511324661291,-0.09033256769180298,-0.11145216226577759,-0.02874964553194559,-0.13455986976623535,-0.09763941168785095,-0.046518127278261545,-0.14699283242225647,-0.06707292795181274,-0.06737018640416181,-0.0314784049987793,-0.1296192705631256,-0.051529208973818186,-0.0461001992225647,-0.1481136977672577,-0.08141471709387815,-0.057665884494781494,-0.17631158232688904,-0.10310027267115629,-0.06643927097320557,-0.19587835669517517,-0.11822323764937437,-0.02048170566558838,-0.08305448293685913,-0.06052093844192541,-0.1179686188697815,-0.08005660772323608,-0.0850718643822006,-0.1193351149559021,-0.07230764627456665,-0.08798905725853956,-0.09887844324111938,-0.06629031896591187,-0.09125049676077879,-0.024786651134490967,-0.023242831230163574,-0.06892955567019499,-0.12537133693695068,-0.025161325931549072,-0.0913456481255821,-0.11701959371566772,-0.027755260467529297,-0.08124610300438917,-0.08610314130783081,-0.02691650390625,-0.07184513177054441,-0.03833162784576416,0.036242127418518066,-0.07729275788443601,-0.11897081136703491,0.021561622619628906,-0.09756879027264631,-0.11603003740310669,0.008882880210876465,-0.09360506649392164,-0.09157454967498779,0.0037017464637756348,-0.08840275819676435,pointing
0.0,0.0,0.0,-0.03781861066818237,-0.07543545961380005,-0.010154360382784944,-0.0907929539680481,-0.1115545928478241,-0.0309083586921588,-0.1367456316947937,-0.09688299894332886,-0.04974416963659678,-0.14850440621376038,-0.06236541271209717,-0.07183466054402743,-0.033934950828552246,-0.12876221537590027,-0.05446476064525996,-0.050816237926483154,-0.14713239669799805,-0.08399576641522799,-0.06081932783126831,-0.1755518913269043,-0.10544333554707919,-0.06851845979690552,-0.19525420665740967,-0.12063313223325167,-0.023395657539367676,-0.08100342750549316,-0.06306932069264803,-0.12210023403167725,-0.07764559984207153,-0.08659125067197238,-0.12115478515625,-0.0715491771697998,-0.08865068055592928,-0.1003267765045166,-0.06786251068115234,-0.0919971535345212,-0.028074026107788086,-0.021784722805023193,-0.07107715256415759,-0.12918567657470703,-0.024732351303100586,-0.09268028981887255,-0.11807030439376831,-0.02827596664428711,-0.08241458929978762,-0.08660423755645752,-0.027532517910003662,-0.07358811743461047,-0.04192286729812622,0.03598666191101074,-0.07915040053330813,-0.12364953756332397,0.01987844705581665,-0.09903562016688738,-0.11783677339553833,0.008618056774139404,-0.09475765325032626,-0.09210872650146484,0.005789995193481445,-0.08976349182330523,pointing
0.0,0.0,0.0,-0.03701508045196533,-0.07373189926147461,-0.007404713797399154,-0.08780550956726074,-0.11071133613586426,-0.02576181935054933,-0.13277333974838257,-0.10392382740974426,-0.042470327484437576,-0.14629346132278442,-0.08060294389724731,-0.06239064680320894,-0.03772532939910889,-0.1340465545654297,-0.050954605358668914,-0.052407145500183105,-0.1543464958667755,-0.07991420375091707,-0.06611889600753784,-0.18242797255516052,-0.10082621769888078,-0.07646894454956055,-0.200413316488266,-0.11532048778516923,-0.025872766971588135,-0.08851468563079834,-0.060087981539794555,-0.12237083911895752,-0.08800238370895386,-0.0833243493912903,-0.12915146350860596,-0.08072084188461304,-0.0859260921357361,-0.11364483833312988,-0.0736432671546936,-0.08907530354244386,-0.028891801834106445,-0.029533803462982178,-0.0682772536752907,-0.12969356775283813,-0.03262454271316528,-0.08905748175365602,-0.12226539850234985,-0.03272157907485962,-0.07837245510799562,-0.09180909395217896,-0.029952049255371094,-0.06883347676975404,-0.04132300615310669,0.0294644832611084,-0.07624222980720674,-0.12275439500808716,0.01431429386138916,-0.09539419310075914,-0.11934268474578857,0.005063652992248535,-0.09071506457311784,-0.0943295955657959,0.0025540590286254883,-0.08489741282446062,pointing
0.0,0.0,0.0,-0.03531116247177124,-0.07362747192382812,-0.007668231525784108,-0.08466124534606934,-0.10977020859718323,-0.026109244586294267,-0.1293385624885559,-0.10349690914154053,-0.04309263816601572,-0.1435728371143341,-0.08233374357223511,-0.06335229790336427,-0.03703773021697998,-0.13334700465202332,-0.05061957231289682,-0.051101744174957275,-0.15358343720436096,-0.07954430943853197,-0.06508558988571167,-0.1808060109615326,-0.10003479933864412,-0.07596814632415771,-0.19737225770950317,-0.1139537579429799,-0.02544623613357544,-0.08709067106246948,-0.06011041617519197,-0.12017989158630371,-0.08872723579406738,-0.08350416636592684,-0.1338244080543518,-0.08362394571304321,-0.0871535277975255,-0.12519317865371704,-0.07480400800704956,-0.09094677484161195,-0.028041064739227295,-0.027879536151885986,-0.06863823151714143,-0.1278170943260193,-0.030712485313415527,-0.08967513954765138,-0.12119054794311523,-0.03050863742828369,-0.07957738256580171,-0.09204256534576416,-0.026234447956085205,-0.07020358359939394,-0.04016023874282837,0.031340062618255615,-0.07697531199580965,-0.12119334936141968,0.017171382904052734,-0.09605221814042864,-0.11875605583190918,0.0075876712799072266,-0.09132317072278795,-0.09503418207168579,0.003842473030090332,-0.08531992501146135,pointing
0.0,0.0,0.0,-0.03803408145904541,-0.0743367075920105,-0.006302489143365619,-0.08805382251739502,-0.10889917612075806,-0.0246283395109117,-0.13190734386444092,-0.09855818748474121,-0.042038507935160396,-0.14365869760513306,-0.07401388883590698,-0.06271904724513888,-0.03611636161804199,-0.13198718428611755,-0.048150766816490886,-0.0502050518989563,-0.15202701091766357,-0.07704740035211444,-0.06355714797973633,-0.1785394549369812,-0.09759853052770495,-0.07362568378448486,-0.19520950317382812,-0.11166106182014346,-0.0240786075592041,-0.08660703897476196,-0.0585976840821445,-0.12090951204299927,-0.08255761861801147,-0.08203762042199969,-0.1276913285255432,-0.07501798868179321,-0.0846468360987842,-0.11197400093078613,-0.06837034225463867,-0.08763382601415515,-0.02649027109146118,-0.027767062187194824,-0.06830387580072284,-0.127211332321167,-0.028322458267211914,-0.08973620849525332,-0.12041622400283813,-0.028998613357543945,-0.07891496288453936,-0.09088718891143799,-0.02771759033203125,-0.06904914247667193,-0.03792041540145874,0.0308302640914917,-0.07774117606555819,-0.11975353956222534,0.01807934045791626,-0.0967959837881267,-0.11711269617080688,0.009127259254455566,-0.09133429097806811,-0.09306865930557251,0.005770623683929443,-0.08488389122163653,pointing
0.0,0.0,0.0,-0.039777934551239014,-0.07584589719772339,-0.008647916205376305,-0.09013277292251587,-0.11167401075363159,-0.028208308220058598,-0.13311070203781128,-0.09946486353874207,-0.04653176322594277,-0.14200359582901,-0.06966352462768555,-0.06806660845890633,-0.03385460376739502,-0.13275068998336792,-0.05032872810974709,-0.04793524742126465,-0.15183508396148682,-0.07971635118141762,-0.05975687503814697,-0.1802041232585907,-0.10085887119188897,-0.0684322714805603,-0.19728100299835205,-0.1152722950281202,-0.021704673767089844,-0.08514857292175293,-0.059718370735794224,-0.1176038384437561,-0.0815015435218811,-0.08375350043192498,-0.12590396404266357,-0.07726919651031494,-0.08725347772255532,-0.11116349697113037,-0.06996345520019531,-0.09098811849966637,-0.024496376514434814,-0.024760901927947998,-0.06843790069237343,-0.12521809339523315,-0.025983750820159912,-0.09012615337982766,-0.1180693507194519,-0.029493391513824463,-0.079663109332472,-0.08798176050186157,-0.028133273124694824,-0.0699883367122709,-0.03681933879852295,0.03468543291091919,-0.07715531840935341,-0.1180601716041565,0.01979231834411621,-0.09615018621101967,-0.11572086811065674,0.006900489330291748,-0.09092858836069695,-0.0914914608001709,0.001907944679260254,-0.08473866090193383,pointing
0.0,0.0,0.0,-0.03840017318725586,-0.07604914903640747,-0.009462761629436045,-0.09010595083236694,-0.11330294609069824,-0.029652140971336394,-0.13635092973709106,-0.10281911492347717,-0.04823977866402629,-0.14893537759780884,-0.07422256469726562,-0.07033783191076282,-0.03820830583572388,-0.13534358143806458,-0.052484031703386336,-0.05106699466705322,-0.15258651971817017,-0.08232244842878345,-0.06407511234283447,-0.18000388145446777,-0.1036238446199036,-0.07463222742080688,-0.1964816451072693,-0.11801955842605594,-0.02717602252960205,-0.0867125391960144,-0.061374433275375395,-0.12223410606384277,-0.08544260263442993,-0.08587921404472354,-0.1288570761680603,-0.08182299137115479,-0.08906551444164279,-0.11451685428619385,-0.07509422302246094,-0.09229278558126452,-0.031029999256134033,-0.02677255868911743,-0.06955959641567233,-0.13137078285217285,-0.030550122261047363,-0.0911171882711983,-0.12208014726638794,-0.03434586524963379,-0.08089175068965915,-0.09193301200866699,-0.03158456087112427,-0.0713679491840935,-0.04375070333480835,0.03178828954696655,-0.07774301612010959,-0.12598001956939697,0.015124857425689697,-0.09669956558576587,-0.12103486061096191,0.0015564560890197754,-0.09172710770002368,-0.09554755687713623,-0.0033036470413208008,-0.08567977690330508,pointing
0.0,0.0,0.0,-0.036540448665618896,-0.07181054353713989,-0.006664671777542708,-0.08561694622039795,-0.10816848278045654,-0.024818554828669903,-0.13080692291259766,-0.10586273670196533,-0.04169492826869714,-0.14643526077270508,-0.08947908878326416,-0.06149474934747445,-0.03848230838775635,-0.13509559631347656,-0.0486564304034971,-0.050848424434661865,-0.15812402963638306,-0.0775110240381025,-0.06674975156784058,-0.1851871907711029,-0.09737298295905816,-0.07859992980957031,-0.19936895370483398,-0.11043082580974328,-0.027869462966918945,-0.09125208854675293,-0.05852938846757638,-0.12379539012908936,-0.09194332361221313,-0.08208281950166452,-0.13174307346343994,-0.08418816328048706,-0.08382924304416406,-0.1162872314453125,-0.07464563846588135,-0.08574913100412118,-0.030775845050811768,-0.03303498029708862,-0.06767581806590783,-0.12992238998413086,-0.035605013370513916,-0.08946384147813546,-0.12245416641235352,-0.03597205877304077,-0.07849361405780542,-0.09224569797515869,-0.032751500606536865,-0.06829900697877633,-0.041740238666534424,0.025301754474639893,-0.07655213431527841,-0.12312972545623779,0.010578334331512451,-0.09608356312921273,-0.12137776613235474,0.0009105205535888672,-0.09105787829568612,-0.09789860248565674,-0.002579033374786377,-0.08472986922672021,pointing
0.0,0.0,0.0,-0.03419184684753418,-0.0775098204612732,-0.009571039182276309,-0.08390569686889648,-0.11601117253303528,-0.029275740561217845,-0.1273840069770813,-0.1063302755355835,-0.04683472129437405,-0.1415691375732422,-0.07896310091018677,-0.06804295915100056,-0.03583097457885742,-0.1337551474571228,-0.055918528762788355,-0.05095791816711426,-0.15256595611572266,-0.08610981988641697,-0.06533020734786987,-0.18162626028060913,-0.10760207760068852,-0.07542562484741211,-0.19799089431762695,-0.12164494681093174,-0.026193857192993164,-0.0845831036567688,-0.06389186817142445,-0.12235105037689209,-0.08688342571258545,-0.08758906560871083,-0.1307780146598816,-0.08607280254364014,-0.0907910494777866,-0.11599045991897583,-0.07649576663970947,-0.09423262166711766,-0.030895352363586426,-0.02390146255493164,-0.07072893070909458,-0.13178497552871704,-0.030653178691864014,-0.0921231611344524,-0.12326037883758545,-0.03512740135192871,-0.08178204583856541,-0.09181350469589233,-0.03126257658004761,-0.07208024251195866,-0.04366785287857056,0.0354841947555542,-0.07734244602653462,-0.12554121017456055,0.016956627368927002,-0.09592935728761631,-0.12115997076034546,0.0028352737426757812,-0.09045814263555485,-0.09501510858535767,-0.001856088638305664,-0.08403294074270207,pointing
0.0,0.0,0.0,-0.03394722938537598,-0.0770990252494812,-0.006808156502501106,-0.08517372608184814,-0.1162339448928833,-0.02541608817975316,-0.13145536184310913,-0.10574215650558472,-0.04274226807157788,-0.14568239450454712,-0.07741069793701172,-0.06356895797054563,-0.03734898567199707,-0.1364918351173401,-0.049198643193648195,-0.0548022985458374,-0.15827366709709167,-0.0773297780017117,-0.06901895999908447,-0.1854202151298523,-0.0974987380961636,-0.07904869318008423,-0.19977664947509766,-0.11078546278278623,-0.028610408306121826,-0.08863198757171631,-0.05851826898853574,-0.1262892484664917,-0.08840376138687134,-0.08033394150535855,-0.12513285875320435,-0.08581334352493286,-0.0822586201886395,-0.10363620519638062,-0.08031761646270752,-0.08499544940988812,-0.03361994028091431,-0.028586268424987793,-0.066904165671275,-0.13327640295028687,-0.03529202938079834,-0.08761169098417554,-0.12095075845718384,-0.038451552391052246,-0.0778074049214581,-0.0888833999633789,-0.03544759750366211,-0.06876556657354627,-0.04632633924484253,0.03111344575881958,-0.07482586138050351,-0.12835818529129028,0.011328935623168945,-0.09293586097757611,-0.12086987495422363,0.0007987618446350098,-0.08728804521362576,-0.09391576051712036,0.0003873109817504883,-0.08099896542827878,pointing
0.0,0.0,0.0,-0.03334909677505493,-0.0750572681427002,-0.008184862673914495,-0.0829629898071289,-0.11252573132514954,-0.028032954201734128,-0.1283179521560669,-0.10427603125572205,-0.04599457176092869,-0.14768284559249878,-0.0825192928314209,-0.06777112127903706,-0.03847992420196533,-0.13634690642356873,-0.054633054301774564,-0.055268168449401855,-0.15476739406585693,-0.08529020787838704,-0.0693521499633789,-0.18361711502075195,-0.10782539041403538,-0.07893365621566772,-0.2016322910785675,-0.1226704636371494,-0.02886021137237549,-0.08877170085906982,-0.06344448717001683,-0.12508243322372437,-0.09094667434692383,-0.08758973272207982,-0.126714289188385,-0.08666175603866577,-0.09113593341473347,-0.10702073574066162,-0.07886558771133423,-0.09471891017321354,-0.0332145094871521,-0.02903527021408081,-0.07101384492281682,-0.13332444429397583,-0.03559887409210205,-0.09263869316939122,-0.12235194444656372,-0.036609649658203125,-0.0824441605961681,-0.08997613191604614,-0.03170377016067505,-0.07306186051729924,-0.045711636543273926,0.03066164255142212,-0.07821971120003468,-0.1270279884338379,0.011643409729003906,-0.09711389185551411,-0.12119275331497192,0.0023738741874694824,-0.09122313501003987,-0.09472930431365967,0.0018673539161682129,-0.08453465940121418,pointing
0.0,0.0,0.0,-0.034780681133270264,-0.07535982131958008,-0.010379148170784447,-0.08437073230743408,-0.11335983872413635,-0.030187343702152702,-0.1287369728088379,-0.10429447889328003,-0.04775810566587779,-0.15094605088233948,-0.08023601770401001,-0.0690343971256766,-0.03923630714416504,-0.13381677865982056,-0.05558807355208728,-0.05351489782333374,-0.15466269850730896,-0.08575015467448566,-0.06849628686904907,-0.18275713920593262,-0.10723719698233936,-0.07892638444900513,-0.19866353273391724,-0.1209964151386771,-0.03001612424850464,-0.08675634860992432,-0.06287068080945346,-0.1236080527305603,-0.09203177690505981,-0.08617676001830432,-0.13558971881866455,-0.08985543251037598,-0.08997446996016834,-0.12492412328720093,-0.07998138666152954,-0.09389142644448611,-0.03381079435348511,-0.028020203113555908,-0.06909945559544894,-0.1323331594467163,-0.03427177667617798,-0.08973382365746829,-0.12331300973892212,-0.03665417432785034,-0.08038798672004077,-0.0921010971069336,-0.030876874923706055,-0.07166310352130267,-0.04562962055206299,0.030067265033721924,-0.07522237998290393,-0.12613773345947266,0.012259066104888916,-0.09256690692944858,-0.1216820478439331,0.0019058585166931152,-0.08690351945205066,-0.09577339887619019,0.0007774829864501953,-0.08066929829163882,pointing
0.0,0.0,0.0,-0.035998523235321045,-0.07677245140075684,-0.01021457144508986,-0.0858684778213501,-0.11306768655776978,-0.03046386463086037,-0.13040852546691895,-0.10275018215179443,-0.04850521271566777,-0.1496037244796753,-0.07632619142532349,-0.06993441989163784,-0.036454081535339355,-0.13265618681907654,-0.055487032583755536,-0.051097869873046875,-0.15307122468948364,-0.08633740951756863,-0.06616485118865967,-0.181719571352005,-0.10826595087985424,-0.07642441987991333,-0.19841313362121582,-0.1225012909386578,-0.027122855186462402,-0.08635276556015015,-0.06323357631902127,-0.12347841262817383,-0.08721697330474854,-0.08754084219674496,-0.13145166635513306,-0.08490878343582153,-0.09104025324324994,-0.11609071493148804,-0.07798343896865845,-0.09474913736323742,-0.0315169095993042,-0.027097582817077637,-0.07005786856154828,-0.13081026077270508,-0.03109431266784668,-0.09167487134675412,-0.12162435054779053,-0.034690260887145996,-0.08142698516587643,-0.08970236778259277,-0.03148841857910156,-0.07182304521541027,-0.04342693090438843,0.03164762258529663,-0.07681070228557019,-0.12488096952438354,0.01468348503112793,-0.09519831051568417,-0.12189596891403198,0.003010690212249756,-0.08962264617423443,-0.09725809097290039,0.0006989836692810059,-0.08325776418189434,pointing
0.0,0.0,0.0,-0.035641610622406006,-0.07541733980178833,-0.010218897834249674,-0.08501535654067993,-0.11378559470176697,-0.030460430309005915,-0.12868016958236694,-0.10349002480506897,-0.048489388078280626,-0.14624103903770447,-0.0773128867149353,-0.06993916630727881,-0.0360720157623291,-0.1332778036594391,-0.056434765457936464,-0.049446284770965576,-0.15316644310951233,-0.08780956268293494,-0.06458520889282227,-0.18182343244552612,-0.11048670858127707,-0.07480978965759277,-0.1989641785621643,-0.1256080940364086,-0.025769948959350586,-0.086711585521698,-0.06403455883247489,-0.118999183177948,-0.08991855382919312,-0.08908067643625373,-0.13001304864883423,-0.08659714460372925,-0.09338433295471305,-0.11779850721359253,-0.07755529880523682,-0.09760734438879126,-0.029850125312805176,-0.027833282947540283,-0.07063611596805686,-0.12946617603302002,-0.033541738986968994,-0.09195573627931708,-0.12170326709747314,-0.03445404767990112,-0.08122184872610205,-0.09038472175598145,-0.029343366622924805,-0.07143921405059928,-0.042384326457977295,0.030534327030181885,-0.07728494703752631,-0.12399494647979736,0.015285849571228027,-0.09565973281843299,-0.12184149026870728,0.0037271976470947266,-0.09053390473110312,-0.09690731763839722,0.0003460049629211426,-0.0845447555182659,pointing
0.0,0.0,0.0,-0.03568577766418457,-0.07432001829147339,-0.011114653360010607,-0.08374834060668945,-0.11309915781021118,-0.03128773176288746,-0.12619143724441528,-0.10363727807998657,-0.049002470608712656,-0.1439264416694641,-0.07594788074493408,-0.07015400954699658,-0.03284573554992676,-0.1306767463684082,-0.057505490418435556,-0.04601001739501953,-0.15076428651809692,-0.08833640643572949,-0.06144678592681885,-0.1787867546081543,-0.11023362555718563,-0.07181847095489502,-0.19477218389511108,-0.12460265883422039,-0.02336519956588745,-0.08323109149932861,-0.06437904962515972,-0.11525982618331909,-0.0872616171836853,-0.08876596220946453,-0.12918704748153687,-0.08474785089492798,-0.09298389979815624,-0.11869078874588013,-0.07574349641799927,-0.09708398410296581,-0.027768433094024658,-0.025084853172302246,-0.07019920476889752,-0.12607985734939575,-0.03151249885559082,-0.09111809560275219,-0.12198108434677124,-0.03327667713165283,-0.08100109377122067,-0.0929517149925232,-0.028859972953796387,-0.07159324565148495,-0.04066199064254761,0.03179585933685303,-0.07606801220393322,-0.12123733758926392,0.016648828983306885,-0.09404519030070446,-0.1211579442024231,0.005066812038421631,-0.08896743335938595,-0.0975760817527771,0.0015918612480163574,-0.08293396064257763,pointing
0.0,0.0,0.0,-0.03741419315338135,-0.07443839311599731,-0.010793943729453304,-0.08786582946777344,-0.11342370510101318,-0.030903107326679446,-0.12977886199951172,-0.10127204656600952,-0.04868869746869109,-0.14564821124076843,-0.07020598649978638,-0.06991404558365844,-0.03375887870788574,-0.12880414724349976,-0.05793398882096312,-0.048557817935943604,-0.14817184209823608,-0.08865092958157561,-0.06206756830215454,-0.17546546459197998,-0.11045623089020751,-0.07095372676849365,-0.19243589043617249,-0.1252437260264685,-0.023581504821777344,-0.08104199171066284,-0.06544439758008025,-0.11734133958816528,-0.08267331123352051,-0.08978414053862593,-0.1261538863182068,-0.07824712991714478,-0.09319757188504241,-0.11233222484588623,-0.07035279273986816,-0.09704811389391921,-0.028031885623931885,-0.021850228309631348,-0.0719639014715483,-0.12718349695205688,-0.026368796825408936,-0.09255762661641143,-0.11954706907272339,-0.02833855152130127,-0.081996667038851,-0.08927780389785767,-0.025629162788391113,-0.07277130598967574,-0.04116928577423096,0.036189913749694824,-0.07861997450535796,-0.12151139974594116,0.02053678035736084,-0.09706568981354735,-0.11815434694290161,0.008617043495178223,-0.09244786466305754,-0.0926814079284668,0.0043256282806396484,-0.08701364214365981,pointing
0.0,0.0,0.0,-0.03698420524597168,-0.07456934452056885,-0.010448053253114153,-0.08871585130691528,-0.11210209131240845,-0.031966721412956645,-0.13407915830612183,-0.1064714789390564,-0.05073511764150851,-0.15018758177757263,-0.08585363626480103,-0.07265165984374278,-0.03623539209365845,-0.1374126672744751,-0.06069066911679499,-0.05005228519439697,-0.15454822778701782,-0.09378783195954554,-0.06385922431945801,-0.1814500093460083,-0.11726575880986445,-0.0735940933227539,-0.1998773217201233,-0.13314877986651652,-0.024495959281921387,-0.08952897787094116,-0.06886216789227717,-0.12340790033340454,-0.08688455820083618,-0.09580217838031047,-0.1304534673690796,-0.07744729518890381,-0.09863747447472804,-0.11357957124710083,-0.06961512565612793,-0.10159572005015605,-0.028240561485290527,-0.02870839834213257,-0.07597213029605143,-0.1302528977394104,-0.030793309211730957,-0.0987901517723202,-0.12374347448348999,-0.03175872564315796,-0.0865806916330456,-0.09301352500915527,-0.03051614761352539,-0.07574716746550791,-0.04074811935424805,0.03063201904296875,-0.08302907436829798,-0.12374186515808105,0.01457071304321289,-0.10337494104844325,-0.12334561347961426,0.0036842823028564453,-0.09810032486659281,-0.10056233406066895,-0.0012179017066955566,-0.09162030905228846,pointing
0.0,0.0,0.0,-0.038049399852752686,-0.07341611385345459,-0.010027964194676997,-0.08943784236907959,-0.1103549599647522,-0.03193796292450202,-0.13466328382492065,-0.10669350624084473,-0.05145213619377387,-0.1516004204750061,-0.08703362941741943,-0.07406576961781752,-0.0364149808883667,-0.13615861535072327,-0.0597741590490557,-0.04852747917175293,-0.15302705764770508,-0.09314272791650069,-0.06242704391479492,-0.17990905046463013,-0.11636855692174208,-0.07278221845626831,-0.19851261377334595,-0.13212032110001815,-0.024501800537109375,-0.08875584602355957,-0.06879955024029982,-0.12279617786407471,-0.08660244941711426,-0.09637788922097457,-0.13234004378318787,-0.07410109043121338,-0.09847767144944441,-0.11740857362747192,-0.06474632024765015,-0.10049771756436598,-0.028095483779907227,-0.02856379747390747,-0.07699497283007872,-0.1302872896194458,-0.030198276042938232,-0.10059061140324843,-0.12529700994491577,-0.02909451723098755,-0.08773423225190413,-0.09546971321105957,-0.027419865131378174,-0.07619162142779601,-0.040345609188079834,0.02997654676437378,-0.08520964026953948,-0.12287271022796631,0.015917062759399414,-0.10636294872071517,-0.12448370456695557,0.005456447601318359,-0.10128851473834288,-0.10350191593170166,-0.0003783702850341797,-0.09473974496629012,pointing
0.0,0.0,0.0,-0.03824973106384277,-0.07559150457382202,-0.010237263646061479,-0.09145325422286987,-0.11403891444206238,-0.032092957887883244,-0.13830119371414185,-0.10668528079986572,-0.05175866479062563,-0.15569105744361877,-0.08341121673583984,-0.07475075418138033,-0.03945338726043701,-0.13593712449073792,-0.059433317873711644,-0.05371767282485962,-0.1564764380455017,-0.09231109464549547,-0.06721341609954834,-0.18213972449302673,-0.11436110282325274,-0.0770641565322876,-0.19877588748931885,-0.12871337229394442,-0.029040157794952393,-0.08876967430114746,-0.06808656746530062,-0.1263366937637329,-0.08692646026611328,-0.09543970519685274,-0.13164037466049194,-0.07568097114562988,-0.09744143778466707,-0.11332046985626221,-0.06783252954483032,-0.09919072980069643,-0.03322780132293701,-0.0288846492767334,-0.07592838549994951,-0.13423925638198853,-0.030914783477783203,-0.09951091105126864,-0.12699413299560547,-0.030955851078033447,-0.08770710522317415,-0.09609377384185791,-0.03039306402206421,-0.07677316213035112,-0.04559886455535889,0.029696524143218994,-0.08369110817098147,-0.12904423475265503,0.013816237449645996,-0.10336303258323198,-0.12772303819656372,0.0025745630264282227,-0.097795228604312,-0.10352903604507446,-0.0026210546493530273,-0.09116530710839754,pointing
0.0,0.0,0.0,-0.03789156675338745,-0.07258015871047974,-0.008535395456462425,-0.08828580379486084,-0.10924524068832397,-0.02883256607314877,-0.13436156511306763,-0.10510724782943726,-0.04716152519544892,-0.14985457062721252,-0.08682817220687866,-0.06862792939504914,-0.039315879344940186,-0.13789767026901245,-0.054726814931242984,-0.05034691095352173,-0.1575072705745697,-0.08660752147993378,-0.06489592790603638,-0.18331444263458252,-0.10926336616834931,-0.07648980617523193,-0.20084506273269653,-0.12454990119299225,-0.026939451694488525,-0.092135488986969,-0.06419513196310334,-0.1229587197303772,-0.09064996242523193,-0.09161554843744568,-0.12936407327651978,-0.08043175935745239,-0.09578456551393799,-0.11285781860351562,-0.07211422920227051,-0.09931210250219635,-0.030334889888763428,-0.03266870975494385,-0.07266285092195801,-0.13012370467185974,-0.03467226028442383,-0.09601022124847702,-0.12175953388214111,-0.033293187618255615,-0.0845407676752501,-0.09054958820343018,-0.03071826696395874,-0.07391585976442627,-0.042950332164764404,0.026289641857147217,-0.08097737849315934,-0.12601077556610107,0.010627806186676025,-0.10074551225265793,-0.12304025888442993,0.0025132298469543457,-0.09503022403082184,-0.09850084781646729,9.357929229736328e-05,-0.08829023510774903,pointing
0.0,0.0,0.0,-0.03576493263244629,-0.07443630695343018,-0.011244119397616714,-0.08311474323272705,-0.11245617270469666,-0.03283738090775046,-0.12573039531707764,-0.10245677828788757,-0.051680007270789474,-0.14833873510360718,-0.0784980058670044,-0.07412626340172324,-0.03038954734802246,-0.1296035349369049,-0.06311001374504599,-0.045099854469299316,-0.15066730976104736,-0.09660716845772299,-0.06004112958908081,-0.17708903551101685,-0.12010145678303275,-0.07146799564361572,-0.19235903024673462,-0.13522175445339712,-0.0205230712890625,-0.08136838674545288,-0.0703869734623197,-0.1151311993598938,-0.08395087718963623,-0.09748863174698386,-0.12171781063079834,-0.07763689756393433,-0.10199049606106314,-0.10628122091293335,-0.06923329830169678,-0.10581785931370291,-0.025465726852416992,-0.023146867752075195,-0.07631723328611884,-0.12453216314315796,-0.029134511947631836,-0.09889776005528006,-0.11819249391555786,-0.030693888664245605,-0.08831596865437064,-0.08859354257583618,-0.026992499828338623,-0.07834753885052237,-0.03949940204620361,0.03342330455780029,-0.08214809491417441,-0.12042629718780518,0.01657581329345703,-0.10122220709106955,-0.12024050951004028,0.00568622350692749,-0.09575964256308112,-0.09711301326751709,0.0025529861450195312,-0.08920367553017172,pointing
0.0,0.0,0.0,-0.03786754608154297,-0.07703447341918945,-0.011458972559722724,-0.08854258060455322,-0.11443400382995605,-0.034081059598776164,-0.1334303617477417,-0.1036774218082428,-0.05452090417728073,-0.15009689331054688,-0.07794785499572754,-0.07847898741945869,-0.03373551368713379,-0.13307082653045654,-0.061588390821071926,-0.04722517728805542,-0.15151619911193848,-0.09623528560385353,-0.06055426597595215,-0.17883053421974182,-0.11997615089401847,-0.0713798999786377,-0.19509869813919067,-0.13532436182484275,-0.022386133670806885,-0.08447974920272827,-0.0703496589301551,-0.11970329284667969,-0.08406555652618408,-0.09950010021910316,-0.12759852409362793,-0.07870334386825562,-0.10375669141993171,-0.11277490854263306,-0.07126682996749878,-0.1069884403584922,-0.02690809965133667,-0.024290263652801514,-0.07828288068756706,-0.13003629446029663,-0.028777599334716797,-0.10342284580454475,-0.12247031927108765,-0.03236103057861328,-0.09308262457832939,-0.09186732769012451,-0.030985713005065918,-0.08275295337423927,-0.04130440950393677,0.03451508283615112,-0.0861548586724723,-0.12442794442176819,0.017690181732177734,-0.10735108991846687,-0.12114179134368896,0.004097104072570801,-0.102445188069197,-0.09528440237045288,-0.0014190673828125,-0.09601740827545768,pointing
0.0,0.0,0.0,-0.042312443256378174,-0.0744813084602356,-0.009746361545523996,-0.09284597635269165,-0.11269843578338623,-0.02926903033932149,-0.13609302043914795,-0.10718420147895813,-0.04708732294221818,-0.14956578612327576,-0.08501118421554565,-0.06775096806069314,-0.03820443153381348,-0.13717752695083618,-0.052737928948602075,-0.04917347431182861,-0.15562930703163147,-0.08413214238663613,-0.0660826563835144,-0.17999902367591858,-0.10507225247403085,-0.08083438873291016,-0.19206172227859497,-0.11879336836119592,-0.025600731372833252,-0.09087783098220825,-0.06173124911566674,-0.11927789449691772,-0.08669048547744751,-0.0880973264791578,-0.1353309452533722,-0.08091878890991211,-0.09153899552603662,-0.12822198867797852,-0.07389205694198608,-0.09445068242331445,-0.028061509132385254,-0.030614137649536133,-0.07030174138327538,-0.12900277972221375,-0.029492497444152832,-0.09435667099734246,-0.12530040740966797,-0.030665993690490723,-0.08421646805783212,-0.09767687320709229,-0.029546022415161133,-0.0739403218247503,-0.03968501091003418,0.028795480728149414,-0.07883559169550836,-0.12244117259979248,0.017525970935821533,-0.09995983543177545,-0.12434333562850952,0.005487978458404541,-0.09603583069821298,-0.10344201326370239,-0.0012783408164978027,-0.09008114042063653,pointing
0.0,0.0,0.0,-0.03834635019302368,-0.07142555713653564,-0.010354785717623827,-0.08831655979156494,-0.10950154066085815,-0.03154101828445732,-0.13367581367492676,-0.10976141691207886,-0.05048600444902718,-0.15081900358200073,-0.09314560890197754,-0.07268810132850945,-0.040215373039245605,-0.13777437806129456,-0.05822648341168701,-0.05190366506576538,-0.15668582916259766,-0.09125020215620339,-0.06824076175689697,-0.18283075094223022,-0.11421933630813896,-0.08182394504547119,-0.19806355237960815,-0.12933064857830345,-0.028910279273986816,-0.09154194593429565,-0.06688882271160423,-0.12311786413192749,-0.09262090921401978,-0.09365028003563225,-0.14143669605255127,-0.08565062284469604,-0.0976474643718177,-0.1364833414554596,-0.07635444402694702,-0.10118224332441628,-0.03154236078262329,-0.032487571239471436,-0.07470352063288033,-0.13251888751983643,-0.03330785036087036,-0.09784286329855263,-0.12861603498458862,-0.033020973205566406,-0.08710156986822426,-0.10025268793106079,-0.02981334924697876,-0.07702795276750862,-0.042972564697265625,0.02530723810195923,-0.08255813131441414,-0.12599647045135498,0.01215583086013794,-0.10276489565481484,-0.12734061479568481,0.002575814723968506,-0.0978736788999015,-0.10560238361358643,-0.0017033815383911133,-0.0915379212271148,pointing
0.0,0.0,0.0,-0.03674823045730591,-0.07166796922683716,-0.008440221211003518,-0.08671009540557861,-0.10907962918281555,-0.028643478190588212,-0.13301268219947815,-0.10546624660491943,-0.0465786424633734,-0.15279453992843628,-0.08753234148025513,-0.0678750616666548,-0.04032778739929199,-0.1362859010696411,-0.0572915268298857,-0.05528879165649414,-0.15662726759910583,-0.08980524960725234,-0.0716400146484375,-0.18259531259536743,-0.11273957464663908,-0.08424043655395508,-0.19760429859161377,-0.1277289954182379,-0.029792368412017822,-0.0900607705116272,-0.06596051577298567,-0.12718546390533447,-0.0899205207824707,-0.09290476564137862,-0.1320708692073822,-0.08127278089523315,-0.0966095444914572,-0.11494731903076172,-0.0719253420829773,-0.09973789427249358,-0.033765435218811035,-0.03163033723831177,-0.07347571525542662,-0.13470447063446045,-0.03387153148651123,-0.09629264894692824,-0.12594056129455566,-0.03349179029464722,-0.08564414504735396,-0.09502941370010376,-0.030506432056427002,-0.07573127422301695,-0.04629296064376831,0.025923073291778564,-0.08068896505801604,-0.13014572858810425,0.01149219274520874,-0.10026637885539458,-0.12701719999313354,0.00374758243560791,-0.09516318563191817,-0.10216981172561646,0.0017324090003967285,-0.08886766854493544,pointing
0.0,0.0,0.0,-0.034731149673461914,-0.07201564311981201,-0.009630594268671189,-0.08295637369155884,-0.10915255546569824,-0.03155541685991636,-0.12882965803146362,-0.10658067464828491,-0.0506898452120339,-0.15111401677131653,-0.0870700478553772,-0.07330908519797674,-0.039352238178253174,-0.13252437114715576,-0.06397091490798346,-0.054830074310302734,-0.1538621485233307,-0.096788576670221,-0.07201266288757324,-0.178516685962677,-0.11884042514138571,-0.08396774530410767,-0.1925126016139984,-0.13287605983786932,-0.029758334159851074,-0.08408588171005249,-0.07203493905835501,-0.12491083145141602,-0.08918213844299316,-0.09753619772963873,-0.14567601680755615,-0.0871114730834961,-0.1010288361983811,-0.1420195996761322,-0.08015739917755127,-0.10483958465628973,-0.03281480073928833,-0.025165796279907227,-0.0784402553515946,-0.13356146216392517,-0.02984929084777832,-0.09956531120114676,-0.12883800268173218,-0.03156536817550659,-0.08757473421864859,-0.09933698177337646,-0.02808934450149536,-0.07720157397561422,-0.04412609338760376,0.0317072868347168,-0.08470808608107916,-0.12591242790222168,0.016488194465637207,-0.10390699548297277,-0.12893885374069214,0.004833877086639404,-0.09853381557040564,-0.10937154293060303,-0.0012841224670410156,-0.09204750401549688,pointing
0.0,0.0,0.0,-0.0338403582572937,-0.0738258957862854,-0.007873486851408984,-0.08253991603851318,-0.11137726902961731,-0.027256388341143634,-0.1289767026901245,-0.10982739925384521,-0.04413118970866492,-0.15231508016586304,-0.09203583002090454,-0.0643655882524996,-0.040242671966552734,-0.1352033019065857,-0.057111851994946505,-0.05570352077484131,-0.15758809447288513,-0.0876057074713259,-0.07400304079055786,-0.18138280510902405,-0.1085640044259577,-0.08718246221542358,-0.19382190704345703,-0.12182234240050605,-0.03089529275894165,-0.08789610862731934,-0.0650864021229296,-0.1263325810432434,-0.09210842847824097,-0.08880858880753806,-0.14403927326202393,-0.08832210302352905,-0.0923804940032511,-0.13749390840530396,-0.07966756820678711,-0.096110165243104,-0.03413599729537964,-0.028995215892791748,-0.07142914098973563,-0.13359472155570984,-0.033191680908203125,-0.09175672394509604,-0.12753909826278687,-0.03388845920562744,-0.08118431282515814,-0.09749919176101685,-0.029450714588165283,-0.07160084707017234,-0.04527205228805542,0.029021143913269043,-0.07733043295617392,-0.1268022656440735,0.014481544494628906,-0.0951752887415438,-0.1267995834350586,0.005486726760864258,-0.08965508652205756,-0.10454016923904419,0.002016127109527588,-0.08307874960179618,pointing
0.0,0.0,0.0,-0.03269869089126587,-0.0705752968788147,-0.007401777716609104,-0.07901012897491455,-0.10602116584777832,-0.027743779873731,-0.12460696697235107,-0.10806453227996826,-0.045540555199863775,-0.1516401469707489,-0.10081180930137634,-0.06668888666320072,-0.03797656297683716,-0.13647279143333435,-0.05934549011874424,-0.05108612775802612,-0.15597599744796753,-0.09105659165072666,-0.06989479064941406,-0.17966732382774353,-0.11312851943660007,-0.08440929651260376,-0.19281694293022156,-0.12706904002118335,-0.027448654174804688,-0.08737820386886597,-0.06804990657258259,-0.12254953384399414,-0.09305375814437866,-0.09274097420859562,-0.1464206576347351,-0.0903748869895935,-0.09710258134293781,-0.14568686485290527,-0.08108919858932495,-0.10148773231196628,-0.0305861234664917,-0.02770310640335083,-0.07486988492894397,-0.13085362315177917,-0.033575236797332764,-0.09577319659877048,-0.12672317028045654,-0.03489023447036743,-0.08397110440421329,-0.09717583656311035,-0.029777050018310547,-0.07356760539698826,-0.04272341728210449,0.030070066452026367,-0.08123826869416462,-0.12386763095855713,0.01386713981628418,-0.1002681914775394,-0.12582182884216309,0.003403186798095703,-0.09412215538907276,-0.10540604591369629,-0.0016807913780212402,-0.08675064035344349,pointing
0.0,0.0,0.0,-0.0346837043762207,-0.07250726222991943,-0.010717949340445898,-0.08153700828552246,-0.10864332318305969,-0.03249235216001978,-0.1255832314491272,-0.10628840327262878,-0.05107645827750673,-0.14902204275131226,-0.08954936265945435,-0.07304414126495828,-0.03667175769805908,-0.13304448127746582,-0.06517025593142023,-0.05063110589981079,-0.1520308554172516,-0.09893394771437158,-0.06882822513580322,-0.17628690600395203,-0.12202608350138178,-0.08301734924316406,-0.18974578380584717,-0.13643265280346384,-0.02587646245956421,-0.08244329690933228,-0.07210342350821008,-0.11655694246292114,-0.08994966745376587,-0.09819998356918802,-0.1431431770324707,-0.09069448709487915,-0.10321538660149088,-0.14556539058685303,-0.08299523591995239,-0.10779553416590204,-0.029202163219451904,-0.02256035804748535,-0.07729854199509134,-0.12816819548606873,-0.030550718307495117,-0.0986895239673089,-0.12912219762802124,-0.03580594062805176,-0.08733826640467157,-0.10311901569366455,-0.03266334533691406,-0.07689890775303354,-0.04206275939941406,0.0340043306350708,-0.0823015994153451,-0.12372612953186035,0.017048656940460205,-0.10119902852396478,-0.12964880466461182,0.002649366855621338,-0.0956602892599534,-0.11095917224884033,-0.00455784797668457,-0.08865310016493311,pointing
0.0,0.0,0.0,-0.036225199699401855,-0.07436227798461914,-0.008870363231153533,-0.08557194471359253,-0.11451148986816406,-0.02776538673356299,-0.1303844451904297,-0.11339530348777771,-0.044181655156762645,-0.1491549015045166,-0.09600496292114258,-0.06369089614167933,-0.04075157642364502,-0.13855350017547607,-0.05530503671184306,-0.0517238974571228,-0.15992620587348938,-0.08703515957608943,-0.06928282976150513,-0.18471497297286987,-0.10862983297124629,-0.0829395055770874,-0.1973755955696106,-0.12219110410228495,-0.02990502119064331,-0.09202736616134644,-0.06305140535846476,-0.12348264455795288,-0.09320986270904541,-0.08826251606956248,-0.1416243016719818,-0.08625978231430054,-0.09142647217527156,-0.13464215397834778,-0.0758512020111084,-0.09393585752263789,-0.032332539558410645,-0.03252124786376953,-0.06979808490291362,-0.1314983367919922,-0.03385734558105469,-0.09236996154800181,-0.12977510690689087,-0.03473782539367676,-0.08244153391137843,-0.10159051418304443,-0.03228670358657837,-0.0722199035765243,-0.04304647445678711,0.025981605052947998,-0.0761726601006103,-0.12504470348358154,0.013730406761169434,-0.09569508116260295,-0.12883716821670532,0.0022367238998413086,-0.09140333812251811,-0.10818004608154297,-0.005137503147125244,-0.08505293260827784,pointing
0.0,0.0,0.0,-0.037505388259887695,-0.07453268766403198,-0.007883785372214902,-0.0901871919631958,-0.1118670403957367,-0.029009920624631036,-0.13757720589637756,-0.11242502927780151,-0.04768526655210792,-0.15402233600616455,-0.10292857885360718,-0.06905784186496078,-0.03990703821182251,-0.13814622163772583,-0.059206676749127496,-0.053138673305511475,-0.1615351140499115,-0.0933732810295993,-0.07024025917053223,-0.18539756536483765,-0.11586977270020782,-0.0831337571144104,-0.1989302933216095,-0.13036572661771118,-0.028995633125305176,-0.0915762186050415,-0.0684980424918109,-0.1292470097541809,-0.08948802947998047,-0.09693827953709899,-0.13009843230247498,-0.07518631219863892,-0.09794998642577468,-0.1071576476097107,-0.06766527891159058,-0.0988850938953334,-0.03284269571304321,-0.03125953674316406,-0.07686949994935333,-0.13453522324562073,-0.03491443395614624,-0.10179809209479629,-0.12527614831924438,-0.03345847129821777,-0.08889671888722717,-0.09276723861694336,-0.032885849475860596,-0.077024829653638,-0.04490417242050171,0.02781909704208374,-0.08474593338145553,-0.1282438337802887,0.012121021747589111,-0.10656660523785888,-0.12791675329208374,0.002470552921295166,-0.10180546071900665,-0.1055724024772644,-0.003654778003692627,-0.095324230460065,pointing
0.0,0.0,0.0,-0.03534865379333496,-0.07159572839736938,-0.006590135351686399,-0.08721387386322021,-0.10841983556747437,-0.027238373600809496,-0.13520556688308716,-0.11416637897491455,-0.045351189517347734,-0.15493661165237427,-0.11173611879348755,-0.06604042365488283,-0.04026079177856445,-0.1386936604976654,-0.059672963761656206,-0.05406832695007324,-0.16179728507995605,-0.09415232106384508,-0.07069998979568481,-0.18831473588943481,-0.1173335359924721,-0.08304840326309204,-0.20466837286949158,-0.13229576959547273,-0.0296669602394104,-0.09232842922210693,-0.06929101511177294,-0.13085952401161194,-0.09187710285186768,-0.0971240968936371,-0.1363351047039032,-0.08031326532363892,-0.09815647914346926,-0.11727428436279297,-0.07313954830169678,-0.09934542044338457,-0.03351438045501709,-0.03310209512710571,-0.07777750208315126,-0.13613229990005493,-0.03649216890335083,-0.10163963302311174,-0.12905633449554443,-0.03646308183670044,-0.08838411136802904,-0.09744465351104736,-0.03569573163986206,-0.07653681650099031,-0.04513955116271973,0.02459508180618286,-0.08575113578972093,-0.12833529710769653,0.008894145488739014,-0.10748516484436266,-0.13041362166404724,-0.00030863285064697266,-0.1028572963112282,-0.11064857244491577,-0.006659030914306641,-0.09633484944042436,pointing
0.0,0.0,0.0,-0.03436136245727539,-0.07366842031478882,-0.005855651595439326,-0.08528351783752441,-0.11331716179847717,-0.025698216189439904,-0.13396665453910828,-0.11406981945037842,-0.043761396338041436,-0.15116438269615173,-0.09458929300308228,-0.06457626589089216,-0.039427757263183594,-0.1382209062576294,-0.05419578172713102,-0.05067563056945801,-0.16410598158836365,-0.08483081080466093,-0.06889498233795166,-0.18708330392837524,-0.10437433936148466,-0.0820360779762268,-0.19875049591064453,-0.11702871837168516,-0.029972493648529053,-0.09255552291870117,-0.06439833112507642,-0.12745743989944458,-0.09504079818725586,-0.0906134820774156,-0.13712388277053833,-0.0851021409034729,-0.09161655374317945,-0.12056201696395874,-0.07574993371963501,-0.09243599839955152,-0.034072816371917725,-0.033114850521087646,-0.07342532046585859,-0.1344512403011322,-0.03821820020675659,-0.09648503877669157,-0.12989971041679382,-0.039357542991638184,-0.08484384932070554,-0.10043412446975708,-0.03870803117752075,-0.07374812432080091,-0.04538452625274658,0.02455878257751465,-0.0818425840929109,-0.12713360786437988,0.009250938892364502,-0.10194091268330396,-0.1308189332485199,-0.0031511783599853516,-0.09765618063956083,-0.11223262548446655,-0.011562108993530273,-0.09155891605168165,pointing
0.0,0.0,0.0,-0.03791666030883789,-0.07492709159851074,-0.007900878421523316,-0.08826249837875366,-0.11284005641937256,-0.027570579766788228,-0.1347922682762146,-0.11037865281105042,-0.04504895639375661,-0.15653645992279053,-0.09312599897384644,-0.06532764863924001,-0.03884756565093994,-0.13387170433998108,-0.05524868202165578,-0.050385475158691406,-0.158674418926239,-0.0864879904384992,-0.06877362728118896,-0.18068036437034607,-0.10686562639430974,-0.08260607719421387,-0.19261208176612854,-0.11999573987678502,-0.02922046184539795,-0.08715575933456421,-0.06446405184225057,-0.12641048431396484,-0.08939367532730103,-0.09137681555704091,-0.1376030445098877,-0.07838505506515503,-0.09348056149438833,-0.12298065423965454,-0.06892555952072144,-0.09499894511655782,-0.032730817794799805,-0.02817082405090332,-0.07272680532888387,-0.13237568736076355,-0.03247976303100586,-0.09685168099359487,-0.12968429923057556,-0.03294640779495239,-0.08609739375070546,-0.10057371854782104,-0.030844926834106445,-0.07526518833593343,-0.04342621564865112,0.02900618314743042,-0.08058545422510122,-0.1244155764579773,0.013382673263549805,-0.10195588004545186,-0.13070353865623474,0.0024483799934387207,-0.09832412433580373,-0.11324524879455566,-0.0038555264472961426,-0.0924042729730985,pointing
0.0,0.0,0.0,-0.03362160921096802,-0.07440328598022461,-0.0067763130651314896,-0.0821579098701477,-0.11105901002883911,-0.026337891584773843,-0.12904366850852966,-0.11030447483062744,-0.043706863886257,-0.15505287051200867,-0.10419422388076782,-0.06381038553132612,-0.03365957736968994,-0.13635700941085815,-0.05510991788520414,-0.038567185401916504,-0.1598692536354065,-0.08676047599925596,-0.05330049991607666,-0.18314337730407715,-0.10795862949504453,-0.06396543979644775,-0.19662165641784668,-0.12125418311967451,-0.02335798740386963,-0.09139138460159302,-0.06447704858197767,-0.1193433403968811,-0.09637331962585449,-0.09055602527274687,-0.1310652494430542,-0.08808302879333496,-0.09271898842467863,-0.11565357446670532,-0.07827335596084595,-0.09443734563006956,-0.02829420566558838,-0.03379702568054199,-0.07269374257936079,-0.12853753566741943,-0.041564226150512695,-0.09519141889228422,-0.12421417236328125,-0.04338359832763672,-0.08336189365996916,-0.09368449449539185,-0.04003483057022095,-0.07217739499225218,-0.041244566440582275,0.02274453639984131,-0.08035572595014173,-0.12343710660934448,0.006352484226226807,-0.10018147504939634,-0.1253337860107422,-0.006993591785430908,-0.09498458332433302,-0.10395407676696777,-0.014595985412597656,-0.08804920292510587,pointing
0.0,0.0,0.0,-0.02684485912322998,-0.07354164123535156,-0.015003258773276684,-0.07229357957839966,-0.11322474479675293,-0.04254030477363813,-0.11752954125404358,-0.11299151182174683,-0.06713266711790311,-0.13272690773010254,-0.08754026889801025,-0.09460015636045682,-0.0165976881980896,-0.1266012191772461,-0.06866703223545301,-0.04135751724243164,-0.15574520826339722,-0.10093532543737638,-0.0479964017868042,-0.19121649861335754,-0.12029548030454862,-0.048243701457977295,-0.20911717414855957,-0.13082663755972135,-0.011633157730102539,-0.0720059871673584,-0.07425167452652204,-0.10672414302825928,-0.0751960277557373,-0.09925807308513868,-0.1074637770652771,-0.08600986003875732,-0.0984698910649513,-0.08596670627593994,-0.08897662162780762,-0.09796541225273359,-0.019786059856414795,-0.014508724212646484,-0.07889701467115628,-0.11546477675437927,-0.026376008987426758,-0.10255713056881177,-0.11148011684417725,-0.04795044660568237,-0.09176951687891233,-0.0856025218963623,-0.05430632829666138,-0.08092423569519269,-0.03514605760574341,0.03564786911010742,-0.0835017417009567,-0.11376550793647766,0.009322106838226318,-0.10387243371565091,-0.11490249633789062,-0.013798296451568604,-0.09779785614568937,-0.09587252140045166,-0.02300471067428589,-0.09011151682693708,pointing
0.0,0.0,0.0,-0.0423964262008667,-0.0782545804977417,-0.010386102071592518,-0.09331256151199341,-0.12852263450622559,-0.03207581786681146,-0.13688141107559204,-0.12731707096099854,-0.05224940104652376,-0.14826512336730957,-0.10062718391418457,-0.07480170874167413,-0.03552824258804321,-0.1503976583480835,-0.05362532584238977,-0.04117375612258911,-0.17240792512893677,-0.08719284383822412,-0.047646164894104004,-0.2010664939880371,-0.11017113475371332,-0.05292290449142456,-0.22165963053703308,-0.12618843762446375,-0.023208141326904297,-0.10344326496124268,-0.06328054068852396,-0.12090098857879639,-0.1032143235206604,-0.09276756940651865,-0.12784898281097412,-0.09303534030914307,-0.09601334778834314,-0.11053115129470825,-0.09000736474990845,-0.09881727693844766,-0.027995765209197998,-0.04304701089859009,-0.0731027379469964,-0.131783127784729,-0.049910783767700195,-0.09981135575343103,-0.1273898184299469,-0.05209755897521973,-0.08926701097060175,-0.09781843423843384,-0.05377829074859619,-0.07878004310894937,-0.04251372814178467,0.014181733131408691,-0.08317339716721506,-0.12858983874320984,-0.004982948303222656,-0.10716210602093668,-0.13160857558250427,-0.020086228847503662,-0.10525266377497644,-0.110759437084198,-0.030136704444885254,-0.10077989397812814,pointing
0.0,0.0,0.0,-0.04359292984008789,-0.0739818811416626,-0.011433348201165927,-0.09056198596954346,-0.1177477240562439,-0.03363874103123976,-0.12898308038711548,-0.11851471662521362,-0.053765627697060836,-0.13890665769577026,-0.09633833169937134,-0.07576315398509337,-0.024159550666809082,-0.14496192336082458,-0.05648142020399405,-0.027404844760894775,-0.17456942796707153,-0.09029808188969923,-0.03219503164291382,-0.2066112458705902,-0.11260181213910414,-0.03197002410888672,-0.22812888026237488,-0.12758016879851652,-0.010007679462432861,-0.0995597243309021,-0.0647946849017842,-0.10749739408493042,-0.09728068113327026,-0.09279340054089857,-0.12099775671958923,-0.0844186544418335,-0.09366713012749983,-0.10452473163604736,-0.0799328088760376,-0.09485126580293013,-0.013320624828338623,-0.03932005167007446,-0.07329385276133848,-0.11602151393890381,-0.04422122240066528,-0.100473600581239,-0.12106138467788696,-0.04619729518890381,-0.08816109146172835,-0.09418588876724243,-0.04649120569229126,-0.07601095284516646,-0.026080548763275146,0.018081247806549072,-0.08207999463374449,-0.1088939905166626,0.0017628073692321777,-0.10785006280238463,-0.12373000383377075,-0.011560440063476562,-0.10575300748641325,-0.11097106337547302,-0.019973158836364746,-0.10037100608641936,pointing
0.0,0.0,0.0,-0.04388946294784546,-0.07951861619949341,-0.014491717943201365,-0.08997189998626709,-0.12813204526901245,-0.04115153910333902,-0.13040950894355774,-0.1305851936340332,-0.06577003435904771,-0.14665108919143677,-0.11040139198303223,-0.09213043438012392,-0.02497965097427368,-0.15369224548339844,-0.06551700519139558,-0.029962241649627686,-0.18496772646903992,-0.10524069951588899,-0.037353336811065674,-0.21097558736801147,-0.12835300402457506,-0.04129946231842041,-0.22449713945388794,-0.14189793603236467,-0.011151671409606934,-0.10863202810287476,-0.07344883369023592,-0.1070488691329956,-0.1079757809638977,-0.10412619696671754,-0.12597206234931946,-0.08892452716827393,-0.10163398520762712,-0.11533716320991516,-0.07987117767333984,-0.0988506271105507,-0.014794766902923584,-0.04949164390563965,-0.08232896463687212,-0.1139782965183258,-0.04718458652496338,-0.1101850016575554,-0.12441748380661011,-0.04979795217514038,-0.09573052512223512,-0.10498636960983276,-0.05232059955596924,-0.08189794109875947,-0.028991281986236572,0.006083071231842041,-0.09193712161595613,-0.10967433452606201,-0.0014590620994567871,-0.11650995598847658,-0.12675607204437256,-0.017879724502563477,-0.11272418187672884,-0.11791926622390747,-0.03160834312438965,-0.10570242689664155,pointing
0.0,0.0,0.0,-0.043238043785095215,-0.07940518856048584,-0.015800582597321977,-0.08855563402175903,-0.12744390964508057,-0.042289650420016756,-0.12671685218811035,-0.13188046216964722,-0.06702407298452329,-0.14585107564926147,-0.11531573534011841,-0.0938601329720683,-0.017313599586486816,-0.15188950300216675,-0.06442341802484464,-0.024641573429107666,-0.17905470728874207,-0.10028091667062711,-0.02420186996459961,-0.20692282915115356,-0.12099565414554547,-0.019437730312347412,-0.22511166334152222,-0.1338444262541003,-0.004693865776062012,-0.1036994457244873,-0.07261007128126096,-0.10433408617973328,-0.10209053754806519,-0.10282288340694379,-0.12400579452514648,-0.08439773321151733,-0.10233663616544675,-0.11290198564529419,-0.07586848735809326,-0.1016937032139964,-0.009609222412109375,-0.044255614280700684,-0.08145320264465283,-0.1125311553478241,-0.046584904193878174,-0.11036590335733365,-0.12267732620239258,-0.04972881078720093,-0.09809890238410901,-0.10186302661895752,-0.05002999305725098,-0.08601482806570004,-0.0242307186126709,0.010267078876495361,-0.09104777721530866,-0.10648003220558167,-0.002631962299346924,-0.11672559974557828,-0.12351489067077637,-0.018686890602111816,-0.11373635975486707,-0.11421319842338562,-0.02999556064605713,-0.10760039685136746,pointing
0.0,0.0,0.0,-0.03965121507644653,-0.07829755544662476,-0.01522671280761756,-0.08175408840179443,-0.1288331151008606,-0.041912659428618326,-0.11821335554122925,-0.13425028324127197,-0.06752239110281266,-0.13591310381889343,-0.11634653806686401,-0.09537792893459596,-0.00886160135269165,-0.15361610054969788,-0.06301081123163499,-0.02008754014968872,-0.1813076138496399,-0.09936655255367555,-0.01832902431488037,-0.20954465866088867,-0.12108389230778016,-0.013705790042877197,-0.22789591550827026,-0.13492270501663484,0.003325164318084717,-0.10591065883636475,-0.07151886018326081,-0.09832152724266052,-0.10103672742843628,-0.10178878100921906,-0.112280935049057,-0.08477228879928589,-0.10078798922111787,-0.09869709610939026,-0.08108711242675781,-0.0997256258349637,-0.0020075440406799316,-0.04620486497879028,-0.08098041953851975,-0.10501262545585632,-0.04539310932159424,-0.10938406678249635,-0.11103969812393188,-0.04914426803588867,-0.09621892812063493,-0.09019076824188232,-0.052416861057281494,-0.08384272398760118,-0.01635277271270752,0.00781482458114624,-0.09143457504322328,-0.0984133780002594,3.975629806518555e-05,-0.11778823228885926,-0.1139306128025055,-0.016581356525421143,-0.1152798900227765,-0.10618194937705994,-0.031135499477386475,-0.1093987146239499,pointing
0.0,0.0,0.0,-0.03349733352661133,-0.07804560661315918,-0.01688939838820147,-0.06950002908706665,-0.13125884532928467,-0.04076530917697596,-0.10324466228485107,-0.13087576627731323,-0.0633642165284698,-0.11642509698867798,-0.1045103669166565,-0.08822927012258219,0.009642481803894043,-0.1448425054550171,-0.05762286617570567,-0.003129720687866211,-0.17586618661880493,-0.08875079586320567,0.006090223789215088,-0.20238247513771057,-0.11009422823005366,0.019254863262176514,-0.2271800935268402,-0.12660256906562495,0.02499932050704956,-0.09905225038528442,-0.06478808953576731,-0.08152821660041809,-0.09689456224441528,-0.0921773923855369,-0.09301203489303589,-0.07143986225128174,-0.09386345132404017,-0.07388368248939514,-0.0635414719581604,-0.09638427331262278,0.018947482109069824,-0.03958863019943237,-0.07287278159671473,-0.08480942249298096,-0.03812986612319946,-0.0976131497245376,-0.08880698680877686,-0.03543788194656372,-0.08754386886172938,-0.0660964846611023,-0.034732162952423096,-0.07941828056388545,0.003330051898956299,0.013838231563568115,-0.08246519549899745,-0.07338601350784302,0.0073386430740356445,-0.10875185712390589,-0.08764457702636719,-0.002415955066680908,-0.10878661408239054,-0.08025550842285156,-0.010370016098022461,-0.10578236117177653,pointing
0.0,0.0,0.0,-0.024173319339752197,-0.06797099113464355,-0.018843971182079144,-0.0493222177028656,-0.11764645576477051,-0.04108258335706694,-0.08184835314750671,-0.12712746858596802,-0.06259350477573378,-0.09646162390708923,-0.1076168417930603,-0.08558846264001829,0.022981107234954834,-0.13378217816352844,-0.04890207200166685,0.017736375331878662,-0.1655365526676178,-0.07695403694030745,0.025970757007598877,-0.18889710307121277,-0.09629127382156355,0.036506593227386475,-0.21232569217681885,-0.11162200569030745,0.04480135440826416,-0.09057021141052246,-0.05525209008571608,-0.051182299852371216,-0.09231078624725342,-0.08131751417037947,-0.05911952257156372,-0.07506906986236572,-0.08348678051349623,-0.040576398372650146,-0.07191324234008789,-0.08497948198434813,0.042099714279174805,-0.034409940242767334,-0.06343223898527128,-0.056506991386413574,-0.03447359800338745,-0.08578188716289503,-0.05308133363723755,-0.03385663032531738,-0.07678161560413344,-0.030189216136932373,-0.03729790449142456,-0.06898779420968992,0.028650641441345215,0.015307903289794922,-0.07387524097082121,-0.04874613881111145,0.016334056854248047,-0.09644002466318113,-0.05693405866622925,0.008061528205871582,-0.09581822900888426,-0.048156529664993286,-0.003635108470916748,-0.09214975683805449,pointing
0.0,0.0,0.0,-0.017038822174072266,-0.05946725606918335,-0.02167278790302163,-0.03270459175109863,-0.11150413751602173,-0.04414331057495957,-0.058475226163864136,-0.12222021818161011,-0.06615082064099198,-0.07346689701080322,-0.09922999143600464,-0.08932441362566834,0.038690030574798584,-0.1315709948539734,-0.04731701949067002,0.04157072305679321,-0.164445161819458,-0.07889110484547501,0.05252218246459961,-0.18449833989143372,-0.10292433091826325,0.0655929446220398,-0.20664134621620178,-0.12124717125124818,0.06427574157714844,-0.08769553899765015,-0.052503733722637946,-0.029099971055984497,-0.09109288454055786,-0.07901768275923615,-0.040913909673690796,-0.07483196258544922,-0.0810511101169098,-0.025473982095718384,-0.07041460275650024,-0.08124046662278062,0.06151479482650757,-0.029595553874969482,-0.06045106687970048,-0.037954181432724,-0.032372891902923584,-0.08002572396225816,-0.03783547878265381,-0.030292272567749023,-0.06561422982640153,-0.020265161991119385,-0.029532015323638916,-0.05386362114376908,0.04604595899581909,0.021643221378326416,-0.07202579715676194,-0.030671387910842896,0.016209304332733154,-0.09374816605276948,-0.036955326795578,0.00956493616104126,-0.08977527060933,-0.026769191026687622,0.0028537511825561523,-0.08222366759009248,pointing
0.0,0.0,0.0,-0.016704916954040527,-0.04549682140350342,-0.024976165645348658,-0.030774593353271484,-0.09462356567382812,-0.04872561772965156,-0.053395241498947144,-0.11215808987617493,-0.0718655825188037,-0.06006509065628052,-0.0840611457824707,-0.09557325547240936,0.03889566659927368,-0.11340764164924622,-0.047631239198672404,0.05098778009414673,-0.1446840465068817,-0.08272717302345,0.06928801536560059,-0.169255793094635,-0.11060819184087478,0.09033042192459106,-0.19152963161468506,-0.13128132527373992,0.06987506151199341,-0.0690736174583435,-0.04928309624694549,-0.019738614559173584,-0.066417396068573,-0.07519430076383316,-0.034546881914138794,-0.055941998958587646,-0.07462980007432662,-0.01694852113723755,-0.054850876331329346,-0.07235497390531265,0.0690198540687561,-0.011137843132019043,-0.05445464109681808,-0.023989051580429077,-0.012540698051452637,-0.0739347205092784,-0.030783861875534058,-0.015579462051391602,-0.05460126479767524,-0.01752600073814392,-0.014323592185974121,-0.03855611910723411,0.0543178915977478,0.03939330577850342,-0.06395951812766754,-0.01590868830680847,0.03654122352600098,-0.0863641217877742,-0.02621668577194214,0.028328418731689453,-0.08008793150685989,-0.020433425903320312,0.025097310543060303,-0.06948753600619995,pointing
0.0,0.0,0.0,-0.014519453048706055,-0.03968995809555054,-0.026868865390262897,-0.026901423931121826,-0.09621381759643555,-0.04813181286021262,-0.047027587890625,-0.12289854884147644,-0.06881227021380454,-0.049833863973617554,-0.10142189264297485,-0.08933263694211035,0.04301053285598755,-0.11108726263046265,-0.043914314855776126,0.04827362298965454,-0.14304625988006592,-0.07262752627297431,0.06389039754867554,-0.1696602702140808,-0.09449778919383078,0.08451849222183228,-0.1904439926147461,-0.11138894831105262,0.07084393501281738,-0.06424838304519653,-0.044857889910183246,-0.021746575832366943,-0.060637593269348145,-0.06821106051369696,-0.027112722396850586,-0.05935966968536377,-0.06939349745675116,-0.005292534828186035,-0.05877608060836792,-0.06845308517380744,0.0674431324005127,-0.0061301589012146,-0.04915405114456206,-0.028569817543029785,-0.007365286350250244,-0.06725312446518927,-0.029364943504333496,-0.014809668064117432,-0.04916577090784102,-0.013120055198669434,-0.014374196529388428,-0.03391199981137305,0.052102625370025635,0.042338550090789795,-0.05830705215498,-0.021636158227920532,0.039912521839141846,-0.08029807781144171,-0.026700079441070557,0.03036177158355713,-0.07533476178809195,-0.017214208841323853,0.02816861867904663,-0.06555998747511893,pointing
0.0,0.0,0.0,-0.018303364515304565,-0.03254908323287964,-0.029023381226679135,-0.032037168741226196,-0.08948498964309692,-0.05240959701778536,-0.05125066637992859,-0.11593908071517944,-0.07454071594121103,-0.051487505435943604,-0.0838422179222107,-0.09605538500191813,0.040441036224365234,-0.1203610897064209,-0.046734497227689076,0.05550086498260498,-0.15645819902420044,-0.0794671962940896,0.07895678281784058,-0.1812615990638733,-0.10605632913949137,0.10538965463638306,-0.20150727033615112,-0.12625418258549814,0.07592630386352539,-0.0737447738647461,-0.044733803995868016,-0.018277347087860107,-0.06622469425201416,-0.06660230112912302,-0.01686382293701172,-0.059282779693603516,-0.06426408542039042,0.0063855648040771484,-0.05544489622116089,-0.06061003012301569,0.07417333126068115,-0.0131339430809021,-0.04674037201048975,-0.02441391348838806,-0.00846552848815918,-0.0611970986211503,-0.019138097763061523,-0.012464165687561035,-0.03691782830001955,0.00033724308013916016,-0.0077454447746276855,-0.017144659810682583,0.059321701526641846,0.03939694166183472,-0.05425455448867922,-0.016414105892181396,0.037311673164367676,-0.0749711955869401,-0.016177356243133545,0.030690371990203857,-0.06747267050387507,-0.002972245216369629,0.03199726343154907,-0.05471306694390421,pointing
0.0,0.0,0.0,-0.011670887470245361,-0.04512995481491089,-0.023808970781686867,0.007931172847747803,-0.13134822249412537,-0.03409312638891038,0.0321192741394043,-0.18157809972763062,-0.04265572849166688,0.06649839878082275,-0.18230515718460083,-0.047732285889509285,0.04367625713348389,-0.09914374351501465,-0.028466686340692604,0.012822926044464111,-0.11542147397994995,-0.05175707462680634,0.023079872131347656,-0.11057835817337036,-0.0647734140182763,0.042311012744903564,-0.106295645236969,-0.07188591707003411,0.06444436311721802,-0.038086533546447754,-0.0235135273213416,-0.043810129165649414,-0.034346938133239746,-0.036938871922615135,-0.02139684557914734,-0.03823024034500122,-0.03180839094770249,0.008307158946990967,-0.04330211877822876,-0.025711327525499428,0.055991947650909424,0.022716104984283447,-0.02255800712359246,-0.0478876531124115,0.0208624005317688,-0.030997361722114647,-0.03103327751159668,0.012081742286682129,-0.008374739172580803,-0.0062544941902160645,0.009359478950500488,0.011240118448910152,0.037596821784973145,0.0731649398803711,-0.025995002793791855,-0.032887041568756104,0.06745541095733643,-0.04080150994909104,-0.02320590615272522,0.05715322494506836,-0.03612377840531167,-0.008470475673675537,0.05766558647155762,-0.02544560256851014,pointing
0.0,0.0,0.0,-0.02395358681678772,-0.043439388275146484,-0.03422644903636751,-0.02225250005722046,-0.12962916493415833,-0.04941398447132883,-0.016090333461761475,-0.16806653141975403,-0.06090439652777491,0.007252871990203857,-0.14812254905700684,-0.06752434914685068,0.04644632339477539,-0.10694348812103271,-0.03982284461832819,0.015461862087249756,-0.1110079288482666,-0.06935912912464914,0.016964375972747803,-0.10796475410461426,-0.08638614212847529,0.0352289080619812,-0.10660070180892944,-0.09654682671404657,0.07080096006393433,-0.04774206876754761,-0.033325059169300175,-0.030973762273788452,-0.0361599326133728,-0.05376955291009722,-0.0238247811794281,-0.039495885372161865,-0.05055335705853281,0.00569838285446167,-0.04837757349014282,-0.045185567641027546,0.06654667854309082,0.013909637928009033,-0.03188828175640879,-0.033069759607315063,0.016816139221191406,-0.05031863396740732,-0.02850264310836792,0.007734358310699463,-0.027823353016145802,-0.005541384220123291,0.002385854721069336,-0.006770969198413468,0.05121254920959473,0.06524878740310669,-0.03593579476452646,-0.018685638904571533,0.0597040057182312,-0.05891172757125673,-0.020089805126190186,0.04565584659576416,-0.05361560156322298,-0.008616089820861816,0.04197782278060913,-0.04109184985733805,pointing
0.0,0.0,0.0,-0.03207084536552429,-0.03157520294189453,-0.02319485694973622,-0.04993215203285217,-0.10294777154922485,-0.03796257451980267,-0.06111407279968262,-0.11453109979629517,-0.050446875401426894,-0.05596053600311279,-0.07378625869750977,-0.060895919807840926,0.026366233825683594,-0.1238967776298523,-0.04900565744249974,0.0534745454788208,-0.16539126634597778,-0.07992234081833516,0.08633697032928467,-0.18822944164276123,-0.10616441071837102,0.11751329898834229,-0.2041720449924469,-0.12596590072720204,0.07228642702102661,-0.07930958271026611,-0.04551372305362378,-0.021044015884399414,-0.05701500177383423,-0.06310958416073476,-0.009206384420394897,-0.05786776542663574,-0.05608306453435574,0.012768745422363281,-0.05946129560470581,-0.049497701235701186,0.07489913702011108,-0.016996800899505615,-0.04521300644486104,-0.025325894355773926,0.002272486686706543,-0.061209883548905,-0.014415383338928223,-0.005584716796875,-0.036512181170870406,0.003933727741241455,-0.004200458526611328,-0.014983882204283816,0.06324172019958496,0.040023624897003174,-0.049375005074431044,-0.016323894262313843,0.049331843852996826,-0.07538145781366978,-0.014224320650100708,0.040247321128845215,-0.06988879294006978,0.002040088176727295,0.037785232067108154,-0.05699740723579083,pointing
0.0,0.0,0.0,-0.026406437158584595,-0.030849456787109375,-0.018829974296835417,-0.039197713136672974,-0.09368199110031128,-0.036370129275468344,-0.05096012353897095,-0.11354702711105347,-0.05347260175958013,-0.056073784828186035,-0.07385313510894775,-0.07052731229677534,0.03388214111328125,-0.12189996242523193,-0.041838937389997,0.062267422676086426,-0.15798094868659973,-0.07365052117719983,0.09419846534729004,-0.17873719334602356,-0.10224719806328153,0.12293761968612671,-0.19539880752563477,-0.12340304716244077,0.07506531476974487,-0.07984602451324463,-0.04129353998914098,-0.01656627655029297,-0.061901628971099854,-0.05853270082488393,-0.009083807468414307,-0.060849547386169434,-0.05208179442897176,0.012252092361450195,-0.05809986591339111,-0.045641072976735586,0.07512187957763672,-0.01928091049194336,-0.04366254894748067,-0.021626949310302734,-0.0019977688789367676,-0.052117005872872824,-0.01111099123954773,-0.012996971607208252,-0.022849016773847097,0.010440528392791748,-0.012931883335113525,-8.326130313207614e-06,0.06050229072570801,0.033222317695617676,-0.05049500702634191,-0.01693403720855713,0.041109681129455566,-0.06571469171657895,-0.009022384881973267,0.035968244075775146,-0.053802200544026846,0.014416515827178955,0.035062432289123535,-0.038100593674329275,pointing
0.0,0.0,0.0,-0.020319849252700806,-0.039080262184143066,-0.03133774672633649,-0.032560795545578,-0.09143960475921631,-0.05718734239226819,-0.04589542746543884,-0.11186826229095459,-0.08029037465340139,-0.04940256476402283,-0.08180665969848633,-0.1031070773769045,0.04234054684638977,-0.12110424041748047,-0.05924394850617887,0.06948760151863098,-0.15848881006240845,-0.10126242537981511,0.10200253129005432,-0.1807742416858673,-0.13508800913578511,0.13423964381217957,-0.19727027416229248,-0.1590978925395632,0.07987383008003235,-0.07007002830505371,-0.056406957404675495,-0.002168595790863037,-0.05942833423614502,-0.08636638273483754,-0.016699939966201782,-0.058377742767333984,-0.08514184256083013,-7.298588752746582e-05,-0.06172245740890503,-0.08155369509941579,0.07854583859443665,-0.005518198013305664,-0.057490238295855534,-0.013315826654434204,0.005754232406616211,-0.07845503588205816,-0.019116908311843872,-0.009268760681152344,-0.05522873003965856,-0.005361735820770264,-0.012400686740875244,-0.03586323683148862,0.06285348534584045,0.04934412240982056,-0.06349577506071569,-0.009368151426315308,0.05039370059967041,-0.0868746389914179,-0.015663713216781616,0.03511160612106323,-0.07774521906858922,-0.0049600303173065186,0.028134703636169434,-0.06406506647354604,pointing
0.0,0.0,0.0,-0.02007797360420227,-0.038750529289245605,-0.036655119635682354,-0.035731106996536255,-0.08931690454483032,-0.06659424213371778,-0.050797462463378906,-0.11113405227661133,-0.09292969761095549,-0.05167630314826965,-0.08947134017944336,-0.11840343383751417,0.04397854208946228,-0.12257719039916992,-0.06783740875921751,0.06459590792655945,-0.1614321768283844,-0.1155974408765843,0.09790423512458801,-0.18355807662010193,-0.153147413410764,0.1330244243144989,-0.19870132207870483,-0.17839181331596876,0.08004650473594666,-0.07020151615142822,-0.06302148757181669,-0.009642809629440308,-0.057795166969299316,-0.09543998447857405,-0.016953736543655396,-0.059658586978912354,-0.09304389265976454,0.004738479852676392,-0.06347846984863281,-0.0875559216519406,0.07593598961830139,-0.0030891895294189453,-0.06278626529179121,-0.02052086591720581,0.007659554481506348,-0.08724775818787123,-0.018987536430358887,-0.008245110511779785,-0.06124405471287275,-0.0016509294509887695,-0.009903669357299805,-0.03806774599156881,0.057716935873031616,0.05440473556518555,-0.06815478114090467,-0.016106724739074707,0.0543251633644104,-0.09641816375456358,-0.015227526426315308,0.03933155536651611,-0.0873851468940785,0.0008380115032196045,0.035757482051849365,-0.07154674736462141,pointing
0.0,0.0,0.0,-0.026833653450012207,-0.029902756214141846,-0.03030604619573296,-0.033360034227371216,-0.10304266214370728,-0.05127692904363812,-0.04226836562156677,-0.13057541847229004,-0.06908890914212407,-0.0493740439414978,-0.10079550743103027,-0.08586691629182042,0.03846251964569092,-0.11567902565002441,-0.05865753006230534,0.06297183036804199,-0.15458232164382935,-0.10031185608397664,0.10092651844024658,-0.17701810598373413,-0.13550748240243138,0.13626903295516968,-0.1948736608028412,-0.15986617218743504,0.07651543617248535,-0.057420551776885986,-0.05180652748833836,-0.02173292636871338,-0.03794455528259277,-0.0796808333326453,-0.007483959197998047,-0.05162453651428223,-0.07798402320634068,0.01895928382873535,-0.05708509683609009,-0.07346523862372578,0.06959480047225952,0.013180136680603027,-0.048179599754917035,-0.026361286640167236,0.027030467987060547,-0.0668210790682906,-0.01597687602043152,0.006662309169769287,-0.03561090614687146,0.00719064474105835,0.003435850143432617,-0.00851330097805203,0.05004012584686279,0.06858336925506592,-0.049556161575424085,-0.017966151237487793,0.077889084815979,-0.07300563465844334,-0.01314777135848999,0.06246042251586914,-0.06084966223727406,0.004824221134185791,0.05835014581680298,-0.04247159447561444,pointing
0.0,0.0,0.0,-0.03227663040161133,-0.029056072235107422,-0.03656510221605913,-0.04261365532875061,-0.10450953245162964,-0.05682102176194803,-0.05347326397895813,-0.1280820369720459,-0.07210368248468058,-0.05345591902732849,-0.09106940031051636,-0.08593402388339655,0.03261381387710571,-0.10901713371276855,-0.06331378551965372,0.061059534549713135,-0.14575260877609253,-0.09954753103500025,0.09706240892410278,-0.1687905192375183,-0.13097335728650705,0.1301720142364502,-0.18591952323913574,-0.15411046477800028,0.07321858406066895,-0.05026191473007202,-0.05296986135488169,-0.022268176078796387,-0.02753746509552002,-0.0771123874450268,-0.008893370628356934,-0.04036515951156616,-0.0741722914839329,0.01381605863571167,-0.041628479957580566,-0.06994788679128305,0.0688585638999939,0.01918971538543701,-0.04615469234829561,-0.027047395706176758,0.0375177264213562,-0.06301378044133799,-0.016406089067459106,0.014363467693328857,-0.03406706782823221,0.0041588544845581055,0.012039005756378174,-0.009412404660338325,0.05016183853149414,0.07412993907928467,-0.04510081889873163,-0.016964107751846313,0.08563613891601562,-0.07071661534553186,-0.013908922672271729,0.06867164373397827,-0.06215096968060152,0.0007748007774353027,0.0652732253074646,-0.04659876930361406,pointing
0.0,0.0,0.0,-0.03531572222709656,-0.033173203468322754,-0.03597087135579358,-0.05109766125679016,-0.11604440212249756,-0.05484373962547551,-0.06517601013183594,-0.13363313674926758,-0.06780425926711331,-0.06484326720237732,-0.07953524589538574,-0.07663336118724118,0.031011343002319336,-0.09633547067642212,-0.06236960833933125,0.022498905658721924,-0.11288928985595703,-0.09311080446507702,0.03594338893890381,-0.12126195430755615,-0.11176562031771908,0.05253845453262329,-0.12748098373413086,-0.1239764886167265,0.06394654512405396,-0.03535342216491699,-0.05305883755948315,-0.03889825940132141,-0.017774999141693115,-0.07616655996110211,-0.02151349186897278,-0.030504047870635986,-0.07005842497613202,0.004826068878173828,-0.04208415746688843,-0.06257644763257275,0.05933266878128052,0.03103327751159668,-0.04723838066723118,-0.042560309171676636,0.04029440879821777,-0.06437866857316266,-0.03042510151863098,0.019493937492370605,-0.03640569841530095,-0.0074811577796936035,0.010313987731933594,-0.011171849463543992,0.04202902317047119,0.0838850736618042,-0.047028602119944196,-0.02892795205116272,0.0872761607170105,-0.07314551344182263,-0.023125678300857544,0.07213407754898071,-0.06763244142796765,-0.006033003330230713,0.06630754470825195,-0.05360694324638615,pointing
0.0,0.0,0.0,-0.02523753046989441,-0.04845207929611206,-0.03533160176712613,-0.005947589874267578,-0.14251840114593506,-0.04703095418054204,0.022162258625030518,-0.18025743961334229,-0.051995499549690294,0.055294036865234375,-0.16684415936470032,-0.05045647036868672,0.040570735931396484,-0.09657353162765503,-0.05539223787027936,0.01260155439376831,-0.10274392366409302,-0.08549684521395307,0.016439080238342285,-0.0998913049697876,-0.09999367084938626,0.02929234504699707,-0.09967738389968872,-0.10776004430491071,0.0655089020729065,-0.027665317058563232,-0.04533163320857625,-0.039685189723968506,-0.017917990684509277,-0.06757959958750348,-0.020200788974761963,-0.023310303688049316,-0.05893884461957555,0.005749940872192383,-0.033879756927490234,-0.049289534358564424,0.058713555335998535,0.03688079118728638,-0.03960974004704099,-0.041345953941345215,0.03755009174346924,-0.06090970945197682,-0.02706068754196167,0.02546405792236328,-0.033486297844234514,-0.00461888313293457,0.015922486782073975,-0.008125820687297391,0.040403008460998535,0.08802682161331177,-0.03875293445426564,-0.027507632970809937,0.08640176057815552,-0.0683531412168179,-0.02105003595352173,0.07530391216278076,-0.06407732751804929,-0.004943251609802246,0.0702277421951294,-0.050792495278898286,pointing
0.0,0.0,0.0,-0.034118831157684326,-0.04966610670089722,-0.04347258768261497,-0.04096820950508118,-0.1319984793663025,-0.06541924140633171,-0.05152738094329834,-0.14772403240203857,-0.08051073513210838,-0.043382465839385986,-0.1038634181022644,-0.09135211221159523,0.03621917963027954,-0.10711145401000977,-0.06996584645689552,0.02990478277206421,-0.11542820930480957,-0.10579309574545448,0.04921454191207886,-0.12468284368515015,-0.12841784171045845,0.07855433225631714,-0.13174349069595337,-0.14465417674959724,0.06618893146514893,-0.03481417894363403,-0.06065302304209297,-0.03273811936378479,-0.01404494047164917,-0.09089995137632911,-0.02439633011817932,-0.030365049839019775,-0.08999768606604164,0.005867123603820801,-0.05177086591720581,-0.08680685571611946,0.0613214373588562,0.036318302154541016,-0.0557379234510762,-0.036551594734191895,0.04658079147338867,-0.08313768319071357,-0.028912276029586792,0.02720510959625244,-0.061218671121011425,-0.006909579038619995,0.01162654161453247,-0.0404772009629113,0.04547923803329468,0.09128332138061523,-0.056768435605178524,-0.022427886724472046,0.0954933762550354,-0.09320927373350685,-0.020659416913986206,0.07895523309707642,-0.0928853075879914,-0.004837393760681152,0.06837433576583862,-0.08252370319546287,pointing
0.0,0.0,0.0,-0.03455886244773865,-0.04111742973327637,-0.03433728745040199,-0.04268932342529297,-0.12770754098892212,-0.052211900854675974,-0.05186951160430908,-0.14668720960617065,-0.06564777871426841,-0.03977295756340027,-0.10213977098464966,-0.07620513966140052,0.032810360193252563,-0.10760307312011719,-0.06302308818158409,0.06223037838935852,-0.13387656211853027,-0.10006737490948936,0.09579810500144958,-0.14903771877288818,-0.12873580088671943,0.12866619229316711,-0.16019085049629211,-0.14914481868800422,0.07424864172935486,-0.04217076301574707,-0.054727276468842234,-0.030684441328048706,-0.02513587474822998,-0.08037185450848838,-0.014935284852981567,-0.04192936420440674,-0.07409542580899497,0.010793358087539673,-0.05344623327255249,-0.06627335926350852,0.06846639513969421,0.027695119380950928,-0.05048391377386352,-0.038364917039871216,0.036668598651885986,-0.07386591067370674,-0.024181365966796875,0.015626490116119385,-0.04341754844245216,-0.0038934648036956787,0.009272098541259766,-0.01521807970312139,0.04956826567649841,0.0834273099899292,-0.0516295746510913,-0.02712354063987732,0.08749020099639893,-0.08708001455125114,-0.021403133869171143,0.07048237323760986,-0.08094143649396202,-0.004792630672454834,0.0643264651298523,-0.06415218641814491,pointing
0.0,0.0,0.0,-0.03434455394744873,-0.047837793827056885,-0.039847953974838646,-0.02234065532684326,-0.14358538389205933,-0.05752917638384858,-0.005790889263153076,-0.16366708278656006,-0.0705223407443718,0.028206467628479004,-0.11560600996017456,-0.08024572840296784,0.035362064838409424,-0.10486257076263428,-0.057851797699566276,0.06121569871902466,-0.13090282678604126,-0.09036690255963364,0.09235835075378418,-0.14817661046981812,-0.11457892021500626,0.12378334999084473,-0.1585955023765564,-0.1330700393613533,0.07334089279174805,-0.03851878643035889,-0.0492993023093895,-0.032472580671310425,-0.022932708263397217,-0.07644354811274567,-0.016561150550842285,-0.03959697484970093,-0.07309456428849259,0.008924603462219238,-0.05075293779373169,-0.06735452523791352,0.06707191467285156,0.03132134675979614,-0.04551341643893281,-0.03745502233505249,0.03769916296005249,-0.06984073182904282,-0.024181991815567017,0.01786714792251587,-0.04180106034838715,-0.0049298107624053955,0.009394168853759766,-0.016329626351232918,0.047596096992492676,0.08586704730987549,-0.04778275525533715,-0.02607300877571106,0.08779662847518921,-0.083464692145224,-0.022389233112335205,0.0704343318939209,-0.07859440407120744,-0.010573118925094604,0.06328064203262329,-0.06388563922011414,pointing
0.0,0.0,0.0,-0.027400553226470947,-0.05120515823364258,-0.04435075449799086,-0.04019749164581299,-0.11633563041687012,-0.07620752233122374,-0.06413674354553223,-0.11384612321853638,-0.102847773610101,-0.06431952118873596,-0.06341558694839478,-0.12848889458035018,0.04319518804550171,-0.1210942268371582,-0.08277747410391356,0.07622063159942627,-0.1435006856918335,-0.12421992796515013,0.11179065704345703,-0.1592627763748169,-0.15602837133263137,0.14750254154205322,-0.1667710244655609,-0.1803834848389485,0.0816798210144043,-0.05483973026275635,-0.07714363562916304,-0.0059317052364349365,-0.032708048820495605,-0.11256698149298217,-0.019076824188232422,-0.04484093189239502,-0.11462139713619734,-0.0029128193855285645,-0.056114017963409424,-0.11449157821987654,0.07899606227874756,0.017779111862182617,-0.07541425156448867,-0.011426359415054321,0.032247066497802734,-0.10324967282866027,-0.0171966552734375,0.010513901710510254,-0.08195241170977141,-0.006464630365371704,-0.00025588274002075195,-0.06447306650732543,0.061803340911865234,0.07811319828033447,-0.08019270378206755,-0.004507720470428467,0.08393102884292603,-0.11540674793575789,-0.017305314540863037,0.0641944408416748,-0.11161851513241317,-0.01637423038482666,0.05257391929626465,-0.10072138535831954,pointing
0.0,0.0,0.0,-0.036520183086395264,-0.0422976016998291,-0.03906549304903706,-0.047404736280441284,-0.10921519994735718,-0.06361615821899136,-0.06230244040489197,-0.11306792497634888,-0.08421147778810223,-0.06492820382118225,-0.07037681341171265,-0.10198690906346997,0.04583123326301575,-0.12498724460601807,-0.06474795356572827,0.07224985957145691,-0.1483849287033081,-0.1116199509817477,0.10901805758476257,-0.1568484902381897,-0.14816569701017102,0.14631500840187073,-0.15916526317596436,-0.17196793273271282,0.09000632166862488,-0.06278049945831299,-0.05717042625130375,-0.02403491735458374,-0.032722294330596924,-0.08848941490234097,-0.022426992654800415,-0.05041581392288208,-0.08232577309192379,0.005069255828857422,-0.06732428073883057,-0.0723443196731921,0.0849134624004364,0.011554479598999023,-0.055240640195023616,-0.031729310750961304,0.03328061103820801,-0.07965056017221173,-0.02504521608352661,0.0018690824508666992,-0.045017687382113536,-0.004992395639419556,-0.010627329349517822,-0.01340403199375828,0.0644325315952301,0.0704413652420044,-0.06015810534537991,-0.023691415786743164,0.07710248231887817,-0.09479819402278622,-0.022087782621383667,0.05041313171386719,-0.085390576871049,-0.004426866769790649,0.037873923778533936,-0.06517448440374096,pointing
0.0,0.0,0.0,-0.03910288214683533,-0.03760254383087158,-0.0375509401198002,-0.05036190152168274,-0.10798841714859009,-0.06080141192036592,-0.06331965327262878,-0.12099653482437134,-0.08006184821682893,-0.06597638130187988,-0.08072662353515625,-0.09659190004425966,0.03901836276054382,-0.12495899200439453,-0.06491006439286195,0.06661126017570496,-0.15103679895401,-0.11041466420250856,0.10595616698265076,-0.1595240831375122,-0.14693376695471727,0.14318814873695374,-0.16189485788345337,-0.17105292057352983,0.08534672856330872,-0.06529253721237183,-0.05672984471279108,-0.02718120813369751,-0.03357970714569092,-0.08498361980277025,-0.018500328063964844,-0.05316507816314697,-0.07822583889323198,0.008245021104812622,-0.06719005107879639,-0.06877585774022066,0.0809614360332489,0.008941650390625,-0.0537070920105549,-0.0340861976146698,0.032903969287872314,-0.07608481770115816,-0.024438530206680298,0.0012323856353759766,-0.04047927533942186,-0.005167275667190552,-0.008001446723937988,-0.008397859462675683,0.060616880655288696,0.06967717409133911,-0.05731701006847345,-0.02422332763671875,0.07879257202148438,-0.09068848466235124,-0.02174276113510132,0.05177885293960571,-0.08040204172688448,-0.006433755159378052,0.03957188129425049,-0.05974312772708856,pointing
0.0,0.0,0.0,-0.025121748447418213,-0.045044541358947754,-0.03427142967394303,-0.034045398235321045,-0.11106538772583008,-0.05596947987488221,-0.05726027488708496,-0.11893337965011597,-0.07464106325915765,-0.06439575552940369,-0.08627969026565552,-0.09271018897107552,0.04886883497238159,-0.12627005577087402,-0.06461338643840264,0.07499468326568604,-0.13475459814071655,-0.11093034540227364,0.10968142747879028,-0.14384925365447998,-0.14842798505834054,0.14424186944961548,-0.14346545934677124,-0.17403104101232003,0.08796000480651855,-0.058397769927978516,-0.06099418123177003,-0.024379253387451172,-0.019508004188537598,-0.09627181236556481,-0.04192173480987549,-0.05124354362487793,-0.09535791669896554,-0.02608513832092285,-0.08341836929321289,-0.08958239798358392,0.08066916465759277,0.01787126064300537,-0.062098927245649804,-0.03632816672325134,0.04413199424743652,-0.08863501940778207,-0.044525593519210815,-0.0004458427429199219,-0.059404100672516336,-0.03265073895454407,-0.029409408569335938,-0.03289618660620164,0.057370543479919434,0.07353109121322632,-0.06946273093036126,-0.03306937217712402,0.0845024585723877,-0.10740353857091378,-0.04308289289474487,0.04746180772781372,-0.10144859497359704,-0.032897621393203735,0.021493256092071533,-0.0847970018248887,pointing
0.0,0.0,0.0,-0.023501276969909668,-0.04257500171661377,-0.032341744589473365,-0.028145581483840942,-0.10465264320373535,-0.056915093052055,-0.04323422908782959,-0.11625093221664429,-0.07884564234581148,-0.0559084415435791,-0.10052740573883057,-0.0995713992294327,0.057466208934783936,-0.12591832876205444,-0.06479063613977587,0.09519314765930176,-0.14022237062454224,-0.11388198270168459,0.1392536759376526,-0.14700406789779663,-0.15320569260683214,0.1782732605934143,-0.14345890283584595,-0.17946962996091997,0.0999872088432312,-0.06256037950515747,-0.06163907034959948,-0.004493653774261475,-0.022110342979431152,-0.09716689570512926,-0.020276963710784912,-0.04155963659286499,-0.09288991226520693,-0.0003465414047241211,-0.06630128622055054,-0.08447506262626803,0.09484702348709106,0.011401832103729248,-0.063102647500898,-0.01590105891227722,0.04034644365310669,-0.08826507611837542,-0.019498765468597412,0.0018447041511535645,-0.054719727325107215,-0.004498302936553955,-0.023978471755981445,-0.026021124633814452,0.074698805809021,0.06775498390197754,-0.0705721972760216,-0.013718873262405396,0.0807027816772461,-0.10451069458093798,-0.017713725566864014,0.05222940444946289,-0.09360551072921908,-5.2869319915771484e-05,0.03016000986099243,-0.07418966277208483,pointing
0.0,0.0,0.0,-0.030021607875823975,-0.04440593719482422,-0.039488830576573264,-0.03975120186805725,-0.09894371032714844,-0.07053449467841233,-0.049749672412872314,-0.10530555248260498,-0.0984419332546338,-0.05977925658226013,-0.08735853433609009,-0.12484866843644227,0.05200779438018799,-0.1203497052192688,-0.07271465377036179,0.08692091703414917,-0.1397959589958191,-0.12470452205363358,0.1321852207183838,-0.14826476573944092,-0.16482750044289673,0.1737198829650879,-0.1446322202682495,-0.19100605414334382,0.09303969144821167,-0.05894589424133301,-0.06738752589646424,-0.012797117233276367,-0.022198617458343506,-0.10408131496134843,-0.025592565536499023,-0.040389060974121094,-0.09915701017800416,-0.0006101727485656738,-0.06265950202941895,-0.09014534668150986,0.08827805519104004,0.013286709785461426,-0.0672389240664586,-0.022459357976913452,0.04113280773162842,-0.09415988341990555,-0.022883832454681396,0.0063977837562561035,-0.05961524785581673,-0.006015479564666748,-0.012394964694976807,-0.029779789010916602,0.06847244501113892,0.06990575790405273,-0.0739077301425084,-0.018252551555633545,0.08177274465560913,-0.10831753627482499,-0.020274758338928223,0.053597450256347656,-0.09694500730458344,-0.004223525524139404,0.03675675392150879,-0.07693266586485947,pointing
0.0,0.0,0.0,-0.024465084075927734,-0.051474571228027344,-0.04644370961143807,-0.03849625587463379,-0.09588390588760376,-0.0874788588578923,-0.04999572038650513,-0.08261984586715698,-0.12452097746684387,-0.051957666873931885,-0.042323291301727295,-0.16084696116998032,0.06496965885162354,-0.12972289323806763,-0.0878247222597821,0.09897750616073608,-0.1540919542312622,-0.148870286970876,0.14382416009902954,-0.16271185874938965,-0.1940428740079625,0.18594956398010254,-0.15759456157684326,-0.22380909088208512,0.10313576459884644,-0.06680935621261597,-0.08259661260201767,0.012182414531707764,-0.040100276470184326,-0.12944182518079117,-0.023720502853393555,-0.0478244423866272,-0.1292639500196202,-0.008378803730010986,-0.06457430124282837,-0.12416086110427216,0.09845834970474243,0.005539000034332275,-0.08313449981763199,-0.0002238750457763672,0.03005385398864746,-0.11972568693711594,-0.021353483200073242,0.002003014087677002,-0.09227131816699341,-0.01290181279182434,-0.01671677827835083,-0.06795236232831314,0.07830095291137695,0.0630156397819519,-0.09018439564063385,-0.003128647804260254,0.07228916883468628,-0.12783415380074814,-0.01976931095123291,0.0477408766746521,-0.11914216491534546,-0.013049930334091187,0.032761216163635254,-0.10309747371032074,pointing
0.0,0.0,0.0,-0.016699761152267456,-0.0521620512008667,-0.03907519538682891,-0.02398708462715149,-0.09791946411132812,-0.0754044424442668,-0.04031452536582947,-0.07873213291168213,-0.1080943416504283,-0.05192375183105469,-0.041482388973236084,-0.1407278325108905,0.07299482822418213,-0.11907851696014404,-0.08494539518636657,0.10855042934417725,-0.13798481225967407,-0.14447027404588653,0.15334409475326538,-0.14608222246170044,-0.190993398025455,0.1980394721031189,-0.14829188585281372,-0.2222361560611148,0.11088627576828003,-0.05194091796875,-0.08193825145048095,0.010971546173095703,-0.02265840768814087,-0.12771657069009734,-0.012504786252975464,-0.03278982639312744,-0.12851154763978911,0.011288046836853027,-0.050177037715911865,-0.12418616522830916,0.10384136438369751,0.021039307117462158,-0.0834535803346057,-0.0012933611869812012,0.04415881633758545,-0.11489838321489287,-0.011994719505310059,0.016450583934783936,-0.08408304263633681,0.004407703876495361,0.0009993910789489746,-0.05818401981872512,0.08169013261795044,0.07711338996887207,-0.0913077514318843,-0.0024873018264770508,0.09055769443511963,-0.12364284653943969,-0.012911617755889893,0.06927758455276489,-0.11114035506528808,0.0011767745018005371,0.0596771240234375,-0.09257465560716582,pointing
0.0,0.0,0.0,-0.019615620374679565,-0.0552639365196228,-0.04682770253990043,-0.0321829617023468,-0.10332626104354858,-0.0914076405939852,-0.037574708461761475,-0.08550882339477539,-0.13152170063827384,-0.03779637813568115,-0.04743063449859619,-0.17002849163387168,0.07129055261611938,-0.13087761402130127,-0.10264753432844032,0.1135602593421936,-0.1523432731628418,-0.17141058923576225,0.1597059965133667,-0.1571294665336609,-0.21949252368781913,0.2046552300453186,-0.15418070554733276,-0.2510051268515383,0.11069440841674805,-0.06639373302459717,-0.09852416695926536,0.022619903087615967,-0.04048949480056763,-0.15352953852985252,-0.01804211735725403,-0.038967013359069824,-0.153278439062575,-0.002984344959259033,-0.050458669662475586,-0.14796770991657127,0.1099172830581665,0.00701218843460083,-0.09967931987617362,0.009190917015075684,0.03493964672088623,-0.1411954152760302,-0.014742225408554077,0.016005635261535645,-0.11149563522909034,-0.002622157335281372,0.00045108795166015625,-0.08670900644634116,0.09339004755020142,0.06859052181243896,-0.10742968203399528,0.01110827922821045,0.09053593873977661,-0.14561700703475822,-0.009477496147155762,0.07515794038772583,-0.13509875418517936,5.6803226470947266e-05,0.06631654500961304,-0.1188221264061724,pointing
0.0,0.0,0.0,-0.02204728126525879,-0.05148345232009888,-0.045431566483017605,-0.030781984329223633,-0.10172414779663086,-0.08640986779951731,-0.03954190015792847,-0.08073341846466064,-0.12288231501602809,-0.04530024528503418,-0.031125783920288086,-0.1580535630347697,0.07423287630081177,-0.12456703186035156,-0.09513789514326731,0.11765170097351074,-0.14552265405654907,-0.16109290817999522,0.16456890106201172,-0.14966106414794922,-0.21144399145865123,0.2082446813583374,-0.14757859706878662,-0.24414759973311106,0.11311030387878418,-0.05607426166534424,-0.08888437697910945,0.017199039459228516,-0.03131598234176636,-0.13885210553431193,-0.004442572593688965,-0.03635382652282715,-0.13786308566355387,0.014680087566375732,-0.04742926359176636,-0.13066752353930156,0.1059180498123169,0.01829618215560913,-0.08765979955219905,0.001557469367980957,0.04066586494445801,-0.1219485784532992,-0.008206188678741455,0.01693439483642578,-0.0843696008088557,0.005514025688171387,0.004576921463012695,-0.05192925507449786,0.08399093151092529,0.07535266876220703,-0.09364808449768702,0.0025870800018310547,0.09031951427459717,-0.12848933140062968,-0.007580280303955078,0.0689840316772461,-0.11236599186682383,0.004237055778503418,0.05902278423309326,-0.08904450485729853,pointing
0.0,0.0,0.0,-0.022785186767578125,-0.056407928466796875,-0.055888790728388926,-0.035189151763916016,-0.10003507137298584,-0.10464793080264201,-0.04460647702217102,-0.07725358009338379,-0.14749523633891215,-0.04738414287567139,-0.03033268451690674,-0.1897481494563209,0.07021081447601318,-0.1206960678100586,-0.11259141200953593,0.10962784290313721,-0.1455424427986145,-0.1823796295540916,0.14863944053649902,-0.15077096223831177,-0.23033550018244853,0.18649113178253174,-0.1449202299118042,-0.2611456924098121,0.09931552410125732,-0.05342268943786621,-0.10625872397595515,0.017253577709197998,-0.040592849254608154,-0.17118712896281352,-0.020776689052581787,-0.040479421615600586,-0.1803651862757789,-0.008988440036773682,-0.049323201179504395,-0.17969531947547068,0.09582746028900146,0.019468247890472412,-0.10485443109446635,0.0073233842849731445,0.03371906280517578,-0.1550954394953834,-0.020244896411895752,0.02229773998260498,-0.13163101309710612,-0.013788223266601562,0.01234579086303711,-0.10836001122170558,0.08187985420227051,0.07769918441772461,-0.11025534951859584,0.00944817066192627,0.08848512172698975,-0.15326737994128337,-0.014257073402404785,0.07780355215072632,-0.144613888205825,-0.010233700275421143,0.07314181327819824,-0.12830856079035868,pointing
0.0,0.0,0.0,-0.004548192024230957,-0.06537133455276489,-0.03580466762272394,-0.001967787742614746,-0.10376083850860596,-0.06868947029201067,-0.004608094692230225,-0.08881455659866333,-0.09828918904153383,-0.006209909915924072,-0.05069833993911743,-0.12847110360948122,0.06776344776153564,-0.10978537797927856,-0.08935615897265947,0.09282636642456055,-0.12605935335159302,-0.146229934991279,0.1186908483505249,-0.13471686840057373,-0.185212028325477,0.1429508924484253,-0.132485032081604,-0.21024487644521273,0.0890204906463623,-0.044412195682525635,-0.08916441828099764,0.007857561111450195,-0.0263480544090271,-0.14466690749017275,-0.020675301551818848,-0.03103083372116089,-0.1550914171346811,-0.011411786079406738,-0.03641486167907715,-0.15673362940637148,0.08121806383132935,0.025088787078857422,-0.09135322004643953,-0.007402598857879639,0.03704237937927246,-0.13421821326104677,-0.028048783540725708,0.026590585708618164,-0.11759629577485597,-0.0227510929107666,0.02155381441116333,-0.10025437653152025,0.06539589166641235,0.08026039600372314,-0.09814985573379076,-0.0075743794441223145,0.09034597873687744,-0.13569858402101076,-0.02675485610961914,0.07617354393005371,-0.13018272549001253,-0.022303342819213867,0.07088077068328857,-0.11773711174813783,pointing
0.0,0.0,0.0,-0.03428030014038086,-0.021007239818572998,0.007022170931705318,-0.06864732503890991,-0.01793593168258667,0.006320109241315208,-0.09058839082717896,0.0011439919471740723,0.0020600658605332,-0.10070943832397461,0.024281859397888184,-0.0030402404957925455,-0.08600866794586182,-0.024007201194763184,0.003987091243871532,-0.12402898073196411,-0.0022997260093688965,-0.004431906505814709,-0.13407549262046814,0.018401503562927246,-0.009362913552067198,-0.1373072862625122,0.030110418796539307,-0.011971977423272051,-0.08180618286132812,-0.008792102336883545,-0.004160119104525961,-0.11014634370803833,0.033967673778533936,-0.012331329170010008,-0.09657514095306396,0.04196178913116455,-0.012581314775488295,-0.08582979440689087,0.03307950496673584,-0.01206716604097835,-0.07489633560180664,0.011549055576324463,-0.012674155528983988,-0.09274810552597046,0.051470041275024414,-0.02017707924856893,-0.07797396183013916,0.04948621988296509,-0.017266930896184363,-0.06824654340744019,0.034082651138305664,-0.01450012985183946,-0.0666121244430542,0.03272813558578491,-0.02077210124149076,-0.08197909593582153,0.05848515033721924,-0.024505114066741385,-0.07094812393188477,0.057598769664764404,-0.02050146076395265,-0.0623096227645874,0.04892170429229736,-0.016821201774618544,pointing
0.0,0.0,0.0,-0.034055233001708984,-0.01828700304031372,0.005499130407528696,-0.07101207971572876,-0.014776289463043213,0.00435968983377677,-0.0958627462387085,0.0034186244010925293,0.0007232669174612738,-0.10821133852005005,0.026519715785980225,-0.0036599826401157998,-0.08442866802215576,-0.02425098419189453,-0.00132155761663455,-0.11944442987442017,0.005216538906097412,-0.010667684661044063,-0.1290462613105774,0.027000069618225098,-0.01617064437438387,-0.13082340359687805,0.03699076175689697,-0.018739848570717754,-0.0785098671913147,-0.008266806602478027,-0.008784897798491897,-0.11539989709854126,0.024162471294403076,-0.01636135502327818,-0.11896252632141113,0.03982853889465332,-0.018961266787542286,-0.11702108383178711,0.04223722219467163,-0.020116648809803905,-0.06848561763763428,0.011731505393981934,-0.01601418218184847,-0.09679973125457764,0.048329174518585205,-0.023713200526131573,-0.08971816301345825,0.05584061145782471,-0.021446074532164516,-0.08075332641601562,0.04826962947845459,-0.01853078527916807,-0.05760359764099121,0.03330618143081665,-0.022570454688562336,-0.0815572738647461,0.060819268226623535,-0.027229041965497913,-0.07630926370620728,0.06364589929580688,-0.02303801773656744,-0.06804221868515015,0.057139575481414795,-0.018760050820006313,pointing
0.0,0.0,0.0,-0.032513201236724854,-0.01834237575531006,0.006313667694172409,-0.06790173053741455,-0.012032091617584229,0.006072482155701664,-0.08871746063232422,0.010119318962097168,0.003068255089289096,-0.09636032581329346,0.03652000427246094,-0.0005204881275346906,-0.08335340023040771,-0.023024439811706543,0.0022565085124881534,-0.11821538209915161,0.0031586289405822754,-0.005958490477809164,-0.1283499002456665,0.02342700958251953,-0.010499811204084608,-0.130418062210083,0.03430211544036865,-0.012561048785158846,-0.07894736528396606,-0.006437063217163086,-0.004925358513304445,-0.10864460468292236,0.033168673515319824,-0.012239252621242258,-0.1012200117111206,0.04309338331222534,-0.013371307806977484,-0.09326362609863281,0.039334118366241455,-0.013224805178055021,-0.07067614793777466,0.014372289180755615,-0.01208194758177683,-0.09105336666107178,0.05253124237060547,-0.01923699158609793,-0.0798492431640625,0.054284751415252686,-0.0164460320341675,-0.07098186016082764,0.04408198595046997,-0.013300305636533949,-0.061571478843688965,0.03639709949493408,-0.018651083515891287,-0.08042055368423462,0.0622936487197876,-0.022501556606897566,-0.07127892971038818,0.06168365478515625,-0.01832860562385008,-0.06225067377090454,0.054431378841400146,-0.014248787829586718,pointing
0.0,0.0,0.0,-0.0321006178855896,-0.020274698734283447,0.007472472220712234,-0.06614905595779419,-0.015948593616485596,0.008591302160226633,-0.08685308694839478,0.002212345600128174,0.0065649956949584976,-0.09504753351211548,0.025631189346313477,0.003909971520357658,-0.08166968822479248,-0.023088932037353516,0.005457591220789482,-0.11640363931655884,-0.0007748603820800781,-0.0018047203057847128,-0.12899094820022583,0.01760077476501465,-0.005794794343358944,-0.13311034440994263,0.02939671277999878,-0.007463252216524552,-0.07865554094314575,-0.006842970848083496,-0.001644825025408636,-0.10355693101882935,0.034613728523254395,-0.008798599753475855,-0.09442698955535889,0.044072091579437256,-0.00985185666749544,-0.08556383848190308,0.039340317249298096,-0.009353811431623171,-0.07225871086120605,0.013838052749633789,-0.008818652991152476,-0.08987975120544434,0.050675809383392334,-0.01592340557644434,-0.07845467329025269,0.05280637741088867,-0.013531419027543734,-0.0689777135848999,0.043316781520843506,-0.010337841276026438,-0.06492894887924194,0.03504103422164917,-0.015354912307060431,-0.08152061700820923,0.059286534786224365,-0.01918974942336149,-0.07205861806869507,0.06007730960845947,-0.015522658403909873,-0.06260508298873901,0.05416792631149292,-0.011490632358885478,pointing
0.0,0.0,0.0,-0.03164750337600708,-0.02106451988220215,0.008136726789267357,-0.06337398290634155,-0.016095459461212158,0.00953989835837632,-0.08226531744003296,0.0027083158493041992,0.0076410866939440325,-0.08906024694442749,0.02744925022125244,0.005155799318195875,-0.08015292882919312,-0.025619089603424072,0.0091191799045518,-0.10985678434371948,-0.007068812847137451,0.0030867833309784487,-0.1242411732673645,0.010380268096923828,-0.0014719584825471088,-0.13248032331466675,0.02365851402282715,-0.0036933253387942955,-0.07903069257736206,-0.007998168468475342,0.0017892059302866414,-0.107002854347229,0.023271381855010986,-0.0029025959185347006,-0.11021220684051514,0.037907540798187256,-0.004503289829848711,-0.11031574010848999,0.042756080627441406,-0.004909162070511286,-0.07381880283355713,0.012931525707244873,-0.005690875124095385,-0.09275579452514648,0.04639852046966553,-0.010230530179946129,-0.08316546678543091,0.05096405744552612,-0.008229687005190556,-0.07341951131820679,0.04441189765930176,-0.005572650708167259,-0.06702828407287598,0.034687578678131104,-0.0127189318983838,-0.0824158787727356,0.055377066135406494,-0.013806682206599419,-0.07459801435470581,0.056805551052093506,-0.009533286221234505,-0.06589925289154053,0.05159276723861694,-0.0055102856232807085,pointing
0.0,0.0,0.0,-0.03205937147140503,-0.0192108154296875,0.006230880693202323,-0.06322431564331055,-0.013339221477508545,0.006687206868683404,-0.08047878742218018,0.007763922214508057,0.004207612202172584,-0.08609110116958618,0.032217204570770264,0.0011515803175470296,-0.07664388418197632,-0.022591829299926758,0.006169769168501205,-0.10497689247131348,-0.0034902095794677734,0.00022553381628398483,-0.11972814798355103,0.011703670024871826,-0.003896997356186205,-0.12911289930343628,0.022991478443145752,-0.005835332720870667,-0.07479822635650635,-0.004791438579559326,-0.0008152786054225203,-0.10535311698913574,0.01675093173980713,-0.00553234275370329,-0.11657023429870605,0.02735114097595215,-0.007082382961506539,-0.12409478425979614,0.03192281723022461,-0.0074361076572486695,-0.06882840394973755,0.01563054323196411,-0.007947871274645024,-0.08846533298492432,0.04767453670501709,-0.0136974675574848,-0.07744789123535156,0.04804730415344238,-0.012291936948294335,-0.06742352247238159,0.03803586959838867,-0.009520816429848367,-0.0610848069190979,0.03698939085006714,-0.014678956753904515,-0.07618969678878784,0.05856424570083618,-0.017592641338104897,-0.06680136919021606,0.056470632553100586,-0.0138567768031308,-0.057863056659698486,0.04774963855743408,-0.009917652047569447,pointing
0.0,0.0,0.0,-0.02921319007873535,-0.02102673053741455,0.004708721863693199,-0.05866062641143799,-0.01749706268310547,0.004755921757435999,-0.07599520683288574,0.001109302043914795,0.0024014744932117082,-0.0822756290435791,0.02427840232849121,-0.0005532049316627763,-0.07124924659729004,-0.024809539318084717,0.003118776346212826,-0.09942686557769775,-0.007956326007843018,-0.0033232519844261788,-0.11665171384811401,0.00697702169418335,-0.007582844605082073,-0.1285719871520996,0.019730329513549805,-0.009438474101358452,-0.0715566873550415,-0.007437527179718018,-0.0027168727455375574,-0.10340487957000732,0.006066858768463135,-0.008357675184839763,-0.11937910318374634,0.016529858112335205,-0.010396055315965214,-0.1294553279876709,0.023712754249572754,-0.010586247218185463,-0.06765294075012207,0.01337200403213501,-0.008534003419214287,-0.08888477087020874,0.0443384051322937,-0.015073035282426872,-0.0787973403930664,0.0479046106338501,-0.014061357264750995,-0.06836873292922974,0.04090392589569092,-0.010865026523703136,-0.06147360801696777,0.035857975482940674,-0.013932691325777569,-0.07763844728469849,0.05753368139266968,-0.016935527694755592,-0.06898963451385498,0.057130515575408936,-0.012970431146555939,-0.06005281209945679,0.04946017265319824,-0.008455924128526249,pointing
0.0,0.0,0.0,-0.028561949729919434,-0.019680559635162354,0.0038086033697268817,-0.058283090591430664,-0.016279935836791992,0.003602154067813501,-0.07507669925689697,0.002003490924835205,0.0011219313406414244,-0.08051830530166626,0.025033891201019287,-0.001918335697517648,-0.07179629802703857,-0.024005353450775146,0.002680275336935267,-0.09873658418655396,-0.007417917251586914,-0.003012052756638184,-0.11541950702667236,0.00584942102432251,-0.00712178300218369,-0.12771213054656982,0.01767808198928833,-0.009138458660707727,-0.07122862339019775,-0.007533550262451172,-0.002874973715186968,-0.1019892692565918,0.005987226963043213,-0.007572736377731815,-0.11934322118759155,0.015525758266448975,-0.009681971064672723,-0.13122308254241943,0.022487521171569824,-0.010387366889879956,-0.06655377149581909,0.01240617036819458,-0.00847895748065497,-0.0882454514503479,0.04286336898803711,-0.014582198365495458,-0.07853502035140991,0.04861295223236084,-0.013854814945624128,-0.06786578893661499,0.043866515159606934,-0.011086284435258165,-0.05948066711425781,0.034260571002960205,-0.013776703989968553,-0.07593530416488647,0.05552804470062256,-0.016860428518519655,-0.0679129958152771,0.05699998140335083,-0.013205907559857621,-0.058597564697265625,0.0512271523475647,-0.009041604838238015,pointing
0.0,0.0,0.0,-0.028486907482147217,-0.022666096687316895,0.0037968742222460605,-0.05789685249328613,-0.01883232593536377,0.003918335449782262,-0.0753675103187561,0.0002910494804382324,0.0019087691585468747,-0.08111310005187988,0.02466803789138794,-0.0006318599657220147,-0.07055425643920898,-0.026899337768554688,0.003091773859125624,-0.09841758012771606,-0.012113869190216064,-0.0021785021266964577,-0.11591744422912598,0.0014297962188720703,-0.005912840223970761,-0.12840992212295532,0.013919532299041748,-0.007641196108522763,-0.07039779424667358,-0.008708000183105469,-0.0018705908182141684,-0.10029608011245728,0.007855892181396484,-0.00641279839641129,-0.11641567945480347,0.018940389156341553,-0.008503164953651776,-0.12759524583816528,0.026903748512268066,-0.009157761789026608,-0.0664137601852417,0.01267707347869873,-0.0068148615277436875,-0.08668935298919678,0.04182153940200806,-0.012218344814243665,-0.07801508903503418,0.0442773699760437,-0.01167061538166081,-0.0684499740600586,0.03814274072647095,-0.009179948686721673,-0.06059926748275757,0.03535264730453491,-0.011469126536610474,-0.07631707191467285,0.053296804428100586,-0.01357850697553431,-0.06978696584701538,0.05289757251739502,-0.010127475342812886,-0.06219291687011719,0.046314537525177,-0.0062535850769904755,pointing
0.0,0.0,0.0,-0.02795940637588501,-0.022891581058502197,0.0044353738777545,-0.05712687969207764,-0.01901453733444214,0.004323727393170884,-0.0758625864982605,-0.0006275177001953125,0.001984210161140254,-0.08341044187545776,0.022374749183654785,-0.0008416429044473261,-0.06835204362869263,-0.026746749877929688,0.002655357529988578,-0.09820383787155151,-0.011931419372558594,-0.002678072836602041,-0.11516571044921875,0.0029782652854919434,-0.005838092008957574,-0.1258201003074646,0.0148695707321167,-0.00690224353445501,-0.06769400835037231,-0.00903928279876709,-0.0024959729634019823,-0.09785956144332886,0.009340882301330566,-0.006845438445338914,-0.1126631498336792,0.02186506986618042,-0.008505344448963115,-0.12311649322509766,0.028976023197174072,-0.008767700812200019,-0.063587486743927,0.0119437575340271,-0.007555161660889098,-0.08223551511764526,0.041639089584350586,-0.012422873696664283,-0.0742032527923584,0.04377561807632446,-0.011600193625667998,-0.06585896015167236,0.03622990846633911,-0.009138957655409286,-0.057707905769348145,0.03422945737838745,-0.012231077125647971,-0.07171356678009033,0.052571654319763184,-0.013904169259944865,-0.0652167797088623,0.051849365234375,-0.010297840519228885,-0.05807262659072876,0.04486733675003052,-0.006389805639514634,pointing
0.0,0.0,0.0,-0.02628350257873535,-0.02262669801712036,0.0035358971489358737,-0.05614131689071655,-0.02059882879257202,0.0028715312054146125,-0.07629483938217163,-0.003288447856903076,0.0003243351510491266,-0.08487415313720703,0.019082367420196533,-0.0028627140874277757,-0.06816792488098145,-0.02694690227508545,-0.0013995277423646257,-0.09947991371154785,-0.009880363941192627,-0.008277363465936105,-0.11774325370788574,0.0066422224044799805,-0.011921172352344911,-0.12818968296051025,0.019389092922210693,-0.013162091696472089,-0.06663393974304199,-0.009198784828186035,-0.006599255693913619,-0.09880697727203369,0.017667531967163086,-0.012249064953834932,-0.11393159627914429,0.032487571239471436,-0.01372868506780378,-0.12469357252120972,0.03960651159286499,-0.013903527842671792,-0.061715781688690186,0.011389434337615967,-0.011624940993101518,-0.08200126886367798,0.04488402605056763,-0.018118769252509992,-0.07404863834381104,0.046446144580841064,-0.016590101966471593,-0.066031813621521,0.037754058837890625,-0.013476973721594732,-0.05510115623474121,0.03316766023635864,-0.01627878504416458,-0.07063561677932739,0.05467444658279419,-0.019866699674935262,-0.06381243467330933,0.053500473499298096,-0.016243525171489637,-0.05651497840881348,0.04557347297668457,-0.012052824111492555,pointing
0.0,0.0,0.0,-0.027417778968811035,-0.021822690963745117,0.003182146698289756,-0.058327317237854004,-0.019512832164764404,0.0009941387689273995,-0.07952612638473511,-0.0014228224754333496,-0.002916214056259747,-0.08924412727355957,0.02115607261657715,-0.007604018319344874,-0.0695185661315918,-0.025707542896270752,-0.005119613371736165,-0.10211843252182007,-0.004422545433044434,-0.013617731165087577,-0.11827152967453003,0.014743804931640625,-0.017871046904421206,-0.12602853775024414,0.02692258358001709,-0.01936927856872117,-0.06493961811065674,-0.009104788303375244,-0.01094485493371522,-0.09900432825088501,0.021839022636413574,-0.017678179312444087,-0.11134546995162964,0.03785228729248047,-0.01874815346667802,-0.11840391159057617,0.043303072452545166,-0.01867466466496026,-0.05732929706573486,0.010999500751495361,-0.01649205805728471,-0.0801132321357727,0.04845881462097168,-0.02363219903776681,-0.07205504179000854,0.049503326416015625,-0.020575074944591876,-0.06369990110397339,0.03840839862823486,-0.016677739564276095,-0.04840731620788574,0.03237825632095337,-0.02164153242478406,-0.06599313020706177,0.05722314119338989,-0.026054410729503985,-0.058793067932128906,0.05525314807891846,-0.021528218407130595,-0.0508573055267334,0.045615315437316895,-0.016717382240987178,pointing
0.0,0.0,0.0,-0.026489734649658203,-0.022687435150146484,0.002894824907512472,-0.05874979496002197,-0.02034085988998413,0.0015046615864644508,-0.08048057556152344,-0.001195669174194336,-0.0014714592123841186,-0.08984065055847168,0.022950470447540283,-0.004915937244563295,-0.07082277536392212,-0.027536630630493164,-0.003160273352309062,-0.10298269987106323,-0.0037140250205993652,-0.011248931217609837,-0.11902028322219849,0.016570687294006348,-0.01499753345143695,-0.1265755295753479,0.029009103775024414,-0.016112268831252052,-0.06835794448852539,-0.0102996826171875,-0.00843021266502042,-0.10379248857498169,0.018735110759735107,-0.014948544021367027,-0.11443871259689331,0.034584879875183105,-0.015533897023319199,-0.11987388134002686,0.039818763732910156,-0.014647097255705788,-0.06229966878890991,0.010781943798065186,-0.013601405474959805,-0.08518904447555542,0.04843014478683472,-0.020934565852998688,-0.07625430822372437,0.05068838596343994,-0.018324471007703735,-0.0672948956489563,0.040063440799713135,-0.014383744377314045,-0.054302871227264404,0.03349745273590088,-0.01836328853261371,-0.07100266218185425,0.058369576930999756,-0.022552554424523308,-0.06322789192199707,0.05730867385864258,-0.0184023034979095,-0.05501294136047363,0.04790300130844116,-0.013794111016808941,pointing
0.0,0.0,0.0,-0.02652561664581299,-0.02357882261276245,0.00520500264403978,-0.05786406993865967,-0.022312402725219727,0.003844916851200253,-0.0802767276763916,-0.004944980144500732,0.0006046830983237328,-0.09112399816513062,0.01676720380783081,-0.003230915374182075,-0.07175987958908081,-0.02652716636657715,-0.004696981019399971,-0.10807061195373535,-0.0024486780166625977,-0.012297738778464407,-0.1190447211265564,0.017000198364257812,-0.014727729807667345,-0.11905956268310547,0.026208996772766113,-0.014777818198375314,-0.06687808036804199,-0.00897902250289917,-0.010816220629088491,-0.10263019800186157,0.029883384704589844,-0.016641515742115587,-0.10436409711837769,0.04163968563079834,-0.015651825319103807,-0.10128718614578247,0.03892117738723755,-0.01400754923658809,-0.05899900197982788,0.011415183544158936,-0.016402324165277093,-0.08255165815353394,0.04992121458053589,-0.02227638798492393,-0.07394671440124512,0.051143646240234375,-0.018056565399341196,-0.0658259391784668,0.039509356021881104,-0.013918638664357275,-0.04976356029510498,0.03198385238647461,-0.021274942408375352,-0.0691688060760498,0.05769467353820801,-0.024646669129900545,-0.06148838996887207,0.055790841579437256,-0.019426220531634897,-0.05318576097488403,0.04600882530212402,-0.014345434929303735,pointing
0.0,0.0,0.0,-0.02721405029296875,-0.021846294403076172,0.0025106967133083913,-0.06201958656311035,-0.019479572772979736,0.0005137869212390456,-0.08603060245513916,0.0010159611701965332,-0.0027716392013630298,-0.09748351573944092,0.024204611778259277,-0.006197598466222587,-0.07660341262817383,-0.024286985397338867,-0.008643882052545848,-0.11484485864639282,0.009316861629486084,-0.017144932115023437,-0.11729639768600464,0.02886509895324707,-0.019042844587509933,-0.11207377910614014,0.03334605693817139,-0.018896161282007995,-0.06970095634460449,-0.008821487426757812,-0.013596579135899844,-0.1038549542427063,0.03612208366394043,-0.022003623360340896,-0.09533649682998657,0.0423886775970459,-0.020738602319305244,-0.08598959445953369,0.0321124792098999,-0.018467097246592346,-0.05995136499404907,0.010894775390625,-0.018186700233762565,-0.08367615938186646,0.05085611343383789,-0.026557313913052383,-0.07218283414840698,0.051413536071777344,-0.0220445419489792,-0.06377601623535156,0.038472652435302734,-0.01740253035122663,-0.04965442419052124,0.03158003091812134,-0.022169849538748565,-0.07017922401428223,0.05813819169998169,-0.027951315680091682,-0.06157201528549194,0.057207703590393066,-0.023561763280575576,-0.053108394145965576,0.04835706949234009,-0.018844737374728027,pointing
0.0,0.0,0.0,-0.030978381633758545,-0.022926747798919678,0.004430641726770546,-0.06577050685882568,-0.01878178119659424,0.0024800862457539097,-0.08792984485626221,0.002812802791595459,-0.0013668913587991938,-0.09674614667892456,0.028135180473327637,-0.006029796480021332,-0.0805591344833374,-0.023683905601501465,-0.006558158594003771,-0.1161385178565979,0.009141027927398682,-0.014860625072202538,-0.12522447109222412,0.029503345489501953,-0.017622646569094513,-0.12711656093597412,0.03802424669265747,-0.018463371946296547,-0.07385081052780151,-0.007040619850158691,-0.013161611436686371,-0.10776543617248535,0.0334354043006897,-0.021067063017568444,-0.10239440202713013,0.04116791486740112,-0.020551341279229973,-0.09537994861602783,0.03424692153930664,-0.01899914133437619,-0.06353741884231567,0.014075040817260742,-0.019195128856978272,-0.08670210838317871,0.052335917949676514,-0.026908079786977623,-0.07594066858291626,0.05221295356750488,-0.02268808770068631,-0.06806367635726929,0.0390816330909729,-0.018440217404446457,-0.05216085910797119,0.036052167415618896,-0.024549194305024002,-0.0717971920967102,0.06087619066238403,-0.029405872030935143,-0.06321132183074951,0.05824136734008789,-0.024460860221466874,-0.05501586198806763,0.048349201679229736,-0.019557692735276078,pointing
0.0,0.0,0.0,-0.03071194887161255,-0.022317826747894287,0.004935604762543733,-0.06480026245117188,-0.018768012523651123,0.0033747444490686007,-0.08781874179840088,0.0009774565696716309,-0.00036375776605979127,-0.09813249111175537,0.026507914066314697,-0.0049714625251695566,-0.08042436838150024,-0.025959253311157227,-0.004441850110630696,-0.11609429121017456,0.0051947832107543945,-0.013234235569576924,-0.1268998384475708,0.02765554189682007,-0.017135014980773633,-0.12969690561294556,0.03874313831329346,-0.01861650891576261,-0.07526344060897827,-0.009175479412078857,-0.011204188912849133,-0.10916197299957275,0.028821170330047607,-0.01891109555933923,-0.10906809568405151,0.04249894618988037,-0.019668141603212064,-0.10651397705078125,0.04179227352142334,-0.019204469620923703,-0.06631737947463989,0.012223482131958008,-0.017515434175471967,-0.09000962972640991,0.05240863561630249,-0.025212530269961064,-0.07944881916046143,0.05590224266052246,-0.021937987059096997,-0.07027947902679443,0.045192599296569824,-0.018233672007660573,-0.056339800357818604,0.03485071659088135,-0.023181336223821347,-0.07607442140579224,0.062273502349853516,-0.028185913562516873,-0.06803423166275024,0.0628693699836731,-0.023853212818245595,-0.0592460036277771,0.054469168186187744,-0.019277034550647443,pointing
0.0,0.0,0.0,-0.030525565147399902,-0.02208411693572998,0.003972739886307863,-0.0656822919845581,-0.018231451511383057,0.0018402291199208776,-0.08999532461166382,0.0028344392776489258,-0.0022699064837752303,-0.10110819339752197,0.02759528160095215,-0.006981328156030031,-0.08169794082641602,-0.024823367595672607,-0.006006338659858557,-0.11862790584564209,0.007706701755523682,-0.0159524185845612,-0.12355464696884155,0.02932584285736084,-0.019824816871619078,-0.12049311399459839,0.035645365715026855,-0.021237888399696203,-0.07462114095687866,-0.009318947792053223,-0.012913903247749658,-0.11012476682662964,0.032989442348480225,-0.023141548995113226,-0.10172724723815918,0.04334539175033569,-0.02356152145955548,-0.0915258526802063,0.035489797592163086,-0.02211481801066384,-0.0640420913696289,0.011261522769927979,-0.019536673117613645,-0.08882057666778564,0.05261790752410889,-0.029580106053685995,-0.07735580205917358,0.0546642541885376,-0.025408261481857153,-0.06874686479568481,0.04095190763473511,-0.020642890621161314,-0.05279117822647095,0.033681392669677734,-0.02547293624672875,-0.0739564299583435,0.06231117248535156,-0.032251338500714155,-0.06436556577682495,0.061077237129211426,-0.027482829082941862,-0.055390238761901855,0.050587356090545654,-0.022325324852204176,pointing
0.0,0.0,0.0,-0.031890273094177246,-0.021294832229614258,0.00653367175641506,-0.0656309723854065,-0.01657557487487793,0.004952370775072268,-0.08768725395202637,0.00480574369430542,0.0008274619506210001,-0.09703534841537476,0.030588388442993164,-0.003982253252388546,-0.08163940906524658,-0.023919224739074707,-0.004074080726923057,-0.11947250366210938,0.006343364715576172,-0.012570384303899118,-0.1276090145111084,0.02885383367538452,-0.015457815836043665,-0.12722772359848022,0.03950941562652588,-0.016196246604295084,-0.07562237977981567,-0.007450878620147705,-0.011794857094855615,-0.11022979021072388,0.036662757396698,-0.019653252671332666,-0.10340684652328491,0.046411335468292236,-0.018871779898972818,-0.09547418355941772,0.03999054431915283,-0.017199323857994386,-0.06627488136291504,0.014191985130310059,-0.01895967253562958,-0.08969032764434814,0.056073665618896484,-0.026035732935042688,-0.07790005207061768,0.05669283866882324,-0.021097856919141122,-0.06918096542358398,0.043609023094177246,-0.016642456288309404,-0.05604076385498047,0.03702437877655029,-0.02540568390008957,-0.07641661167144775,0.06456375122070312,-0.029559099460811922,-0.0668836236000061,0.06300413608551025,-0.02403331303116829,-0.057840049266815186,0.05328458547592163,-0.018854444260568926,pointing
0.0,0.0,0.0,-0.03120565414428711,-0.021291375160217285,0.006233375059949253,-0.06530475616455078,-0.016961276531219482,0.004856118007140253,-0.08759957551956177,0.003869295120239258,0.0008954746942464453,-0.09642201662063599,0.030134618282318115,-0.0037925436566155213,-0.08337098360061646,-0.023456156253814697,-0.0031332296724002617,-0.12006664276123047,0.008408606052398682,-0.012099240434778835,-0.12752103805541992,0.030632197856903076,-0.01585248810560813,-0.12720906734466553,0.03998517990112305,-0.017209959675980713,-0.07742023468017578,-0.00732654333114624,-0.010847919148815777,-0.11140447854995728,0.03470933437347412,-0.019056647544218208,-0.10550850629806519,0.04472583532333374,-0.01909423386068454,-0.09813594818115234,0.03890979290008545,-0.01793724996359458,-0.06763678789138794,0.01384955644607544,-0.018102034454656746,-0.09081459045410156,0.05494225025177002,-0.02553337020189872,-0.07914811372756958,0.056353986263275146,-0.021044751157475616,-0.07062780857086182,0.04382103681564331,-0.016818237950516846,-0.05672985315322876,0.036355793476104736,-0.024712794919921066,-0.07663416862487793,0.0640038251876831,-0.02918213186175933,-0.06724238395690918,0.06323105096817017,-0.023864317213607933,-0.05838674306869507,0.054112792015075684,-0.018784848501397278,pointing
0.0,0.0,0.0,-0.03083491325378418,-0.021782994270324707,0.005516386187196076,-0.06451910734176636,-0.019234657287597656,0.003720324548453391,-0.08815872669219971,0.0007053017616271973,-0.0003370660377868262,-0.09861254692077637,0.026339709758758545,-0.005055815385162532,-0.08055645227432251,-0.026354432106018066,-0.0053008403009471294,-0.11976242065429688,0.004045963287353516,-0.014978667659192979,-0.12714087963104248,0.027280032634735107,-0.019055128035574853,-0.12585562467575073,0.03687119483947754,-0.020502597031622827,-0.07537269592285156,-0.008985459804534912,-0.012505100046723783,-0.1125916838645935,0.030085086822509766,-0.021416990024476945,-0.1072114109992981,0.04095989465713501,-0.021675372434287965,-0.09930527210235596,0.035234808921813965,-0.020540572640925348,-0.0666767954826355,0.013015270233154297,-0.01917098456385702,-0.09309643507003784,0.05282866954803467,-0.027281906393795907,-0.0816231369972229,0.0550917387008667,-0.022772042018800676,-0.0723983645439148,0.04263395071029663,-0.018325461012750566,-0.05692046880722046,0.0358351469039917,-0.025155732346206605,-0.07865214347839355,0.06233322620391846,-0.03023486019435495,-0.06891345977783203,0.0621868371963501,-0.02500546158614725,-0.05931556224822998,0.053147077560424805,-0.019860649419456422,pointing
0.0,0.0,0.0,-0.0323064923286438,-0.02097243070602417,0.007321578908772608,-0.06571608781814575,-0.017898499965667725,0.006834724444956919,-0.08839631080627441,0.0017202496528625488,0.0033199032694710695,-0.09818881750106812,0.026429593563079834,-0.0009277039281414545,-0.0790664553642273,-0.02701479196548462,0.0012204582961885535,-0.11455076932907104,0.00011360645294189453,-0.007778115112273554,-0.127058744430542,0.02056574821472168,-0.012508772320984463,-0.13127422332763672,0.03039759397506714,-0.014563771903453926,-0.07650959491729736,-0.009742438793182373,-0.0072763059362159765,-0.11457359790802002,0.02234262228012085,-0.01494147908681498,-0.11976063251495361,0.03593534231185913,-0.016471816234229664,-0.12129008769989014,0.03727614879608154,-0.01651118696474896,-0.06950587034225464,0.012033283710479736,-0.015582183383344272,-0.0959012508392334,0.05131274461746216,-0.023851104088066677,-0.08452403545379639,0.05356800556182861,-0.02099462971830235,-0.07471281290054321,0.041904449462890625,-0.017276046805022816,-0.0605962872505188,0.035775065422058105,-0.023163015030263523,-0.08107137680053711,0.06334847211837769,-0.028203008703826526,-0.07212448120117188,0.06334251165390015,-0.02379042469704018,-0.0630497932434082,0.054915785789489746,-0.019239822409986118,pointing
0.0,0.0,0.0,-0.0299341082572937,-0.012746334075927734,0.004942273610417658,-0.06446182727813721,-0.0032729506492614746,0.0037500503297493992,-0.08508658409118652,0.020588338375091553,4.022133207826073e-05,-0.09221541881561279,0.04545092582702637,-0.003807585098634547,-0.08038032054901123,-0.01883333921432495,-0.0008432881383626523,-0.11538833379745483,0.006918966770172119,-0.011344158201332277,-0.12199956178665161,0.029209911823272705,-0.016653997934277243,-0.12091219425201416,0.03944575786590576,-0.01860231358450193,-0.07514369487762451,-0.005283653736114502,-0.008314216620142645,-0.1118815541267395,0.02729266881942749,-0.018064916244561857,-0.10994106531143188,0.04246079921722412,-0.019813818967755026,-0.10337501764297485,0.044061481952667236,-0.018876491225178427,-0.06562215089797974,0.013334035873413086,-0.015779107919748014,-0.0873725414276123,0.05392187833786011,-0.024938503390963263,-0.075481116771698,0.05950063467025757,-0.022208113333995527,-0.06630545854568481,0.04966777563095093,-0.017903352266962713,-0.053968191146850586,0.034043848514556885,-0.02268260728460092,-0.07123160362243652,0.06326073408126831,-0.027426863199885076,-0.06178969144821167,0.06481093168258667,-0.022795429563934988,-0.053048908710479736,0.05655932426452637,-0.017812671250517553,pointing
0.0,0.0,0.0,-0.02953130006790161,-0.016380488872528076,0.005605894476964579,-0.06221663951873779,-0.010588586330413818,0.004696119447096692,-0.08346778154373169,0.008712470531463623,0.0012865590265462856,-0.09180498123168945,0.03143441677093506,-0.0023929035655712028,-0.07589054107666016,-0.01939535140991211,-0.0013823289323156018,-0.11184585094451904,0.002294301986694336,-0.011623427401438846,-0.12278449535369873,0.023104846477508545,-0.016418354715362682,-0.12612950801849365,0.034342050552368164,-0.01785895800139059,-0.07164907455444336,-0.0061379075050354,-0.008532961028770103,-0.10878866910934448,0.02470332384109497,-0.018092883880392208,-0.1096075177192688,0.037006258964538574,-0.0192092192723905,-0.10681813955307007,0.03672891855239868,-0.017903601880327358,-0.06382042169570923,0.011912703514099121,-0.015571385751620426,-0.08775627613067627,0.050579845905303955,-0.025072034577981128,-0.07663130760192871,0.056304931640625,-0.02211955388928999,-0.06722664833068848,0.047797977924346924,-0.01740020526494135,-0.054625868797302246,0.032044410705566406,-0.02191176837231268,-0.07490414381027222,0.06012767553329468,-0.026807351167455806,-0.06634354591369629,0.06252378225326538,-0.022127334158078327,-0.057416677474975586,0.055829644203186035,-0.016967320944324626,pointing
0.0,0.0,0.0,-0.029040634632110596,-0.004666268825531006,0.005063416004617238,-0.06198149919509888,0.006843686103820801,0.0031924734697383883,-0.08368057012557983,0.026631593704223633,-0.0006605090699451921,-0.09563440084457397,0.044826626777648926,-0.004726975656609511,-0.07837265729904175,-0.00910872220993042,-0.0054463711227583644,-0.11407023668289185,0.016450464725494385,-0.015126992914389348,-0.11822640895843506,0.03670412302017212,-0.019116782549332356,-0.11413925886154175,0.04325824975967407,-0.02049635999233601,-0.0688205361366272,-0.0015781521797180176,-0.012750400196324563,-0.10186046361923218,0.03836554288864136,-0.02145083710880158,-0.09568613767623901,0.05050915479660034,-0.02168797791333077,-0.0862959623336792,0.045854270458221436,-0.02064093478352902,-0.05541563034057617,0.011156678199768066,-0.019704003784369206,-0.07655328512191772,0.05453568696975708,-0.02808690347106335,-0.06641614437103271,0.06063187122344971,-0.023847936618636822,-0.05864107608795166,0.05078601837158203,-0.01963234968812344,-0.04036414623260498,0.025746405124664307,-0.025877841714333272,-0.0570603609085083,0.05954211950302124,-0.031143738854240155,-0.048004150390625,0.06200593709945679,-0.0260864337566602,-0.039920806884765625,0.053351521492004395,-0.021171417984675145,pointing
0.0,0.0,0.0,-0.030469059944152832,0.008873224258422852,0.004856686176935909,-0.06469625234603882,0.022217929363250732,0.0032375572009186726,-0.08849221467971802,0.03518986701965332,-0.0005905757898290176,-0.10428774356842041,0.04832583665847778,-0.0043791177922685165,-0.0831037163734436,0.0013542771339416504,-0.007145993342419388,-0.11824959516525269,0.030752956867218018,-0.019755032310058596,-0.11689984798431396,0.04833430051803589,-0.02511916162984562,-0.11118251085281372,0.04898351430892944,-0.026915738755633356,-0.07284551858901978,0.002114534378051758,-0.015322056064178469,-0.10351371765136719,0.049416303634643555,-0.026565000811388018,-0.09377461671829224,0.06365543603897095,-0.02706931012289715,-0.08508908748626709,0.0575675368309021,-0.025746314251591684,-0.05837726593017578,0.008110105991363525,-0.023402944603731157,-0.07839536666870117,0.058487892150878906,-0.03378131466524792,-0.06621521711349487,0.06815236806869507,-0.028393561417033197,-0.0589030385017395,0.058359622955322266,-0.02299428957121563,-0.04171174764633179,0.016627252101898193,-0.03087887021320057,-0.058839380741119385,0.057805418968200684,-0.03701659145372105,-0.04877656698226929,0.06513559818267822,-0.030945251161028864,-0.040517985820770264,0.056798458099365234,-0.02496214809434605,pointing
0.0,0.0,0.0,-0.029867887496948242,0.007300734519958496,0.005758032967818849,-0.06449383497238159,0.020105183124542236,0.004765966740919225,-0.08718365430831909,0.0322645902633667,0.0012596001117657352,-0.10122233629226685,0.047455549240112305,-0.0023473344542850327,-0.08589768409729004,0.0025063753128051758,-0.0050400427342225385,-0.12169325351715088,0.026651084423065186,-0.01649126566805137,-0.12340956926345825,0.04537200927734375,-0.021609272508399613,-0.11985844373703003,0.050233542919158936,-0.023390918670671113,-0.07608145475387573,0.004325211048126221,-0.013685080854671128,-0.10862237215042114,0.04571080207824707,-0.02332729630030883,-0.10254645347595215,0.05983489751815796,-0.024163001848833687,-0.0961351990699768,0.0575869083404541,-0.023406155107991822,-0.061023056507110596,0.010417282581329346,-0.02211301185049308,-0.08078610897064209,0.059063076972961426,-0.031723376064078934,-0.06838822364807129,0.07082468271255493,-0.02751418731965316,-0.06117314100265503,0.06520509719848633,-0.023075619413035042,-0.043040931224823,0.01781749725341797,-0.029778096525447495,-0.05933403968811035,0.05893266201019287,-0.035189784763829834,-0.04949533939361572,0.06806838512420654,-0.0293958854661156,-0.04140728712081909,0.06259310245513916,-0.023858528284804947,pointing
0.0,0.0,0.0,-0.024823665618896484,-0.0674896240234375,-0.043262648955249006,-0.046885788440704346,-0.13778245449066162,-0.0806517858060829,-0.08118849992752075,-0.1237991452217102,-0.11438300050821226,-0.09483051300048828,-0.06145966053009033,-0.14669213034238737,0.050075531005859375,-0.12909257411956787,-0.08339919485177916,0.06347435712814331,-0.15688741207122803,-0.12453429736223143,0.06420975923538208,-0.17664998769760132,-0.1502909395846359,0.053856611251831055,-0.1840571165084839,-0.1667016778143875,0.08471113443374634,-0.05730336904525757,-0.08215555883970183,-0.020039021968841553,-0.06504291296005249,-0.12099763341274183,-0.05367463827133179,-0.05939221382141113,-0.12879436053361815,-0.06491386890411377,-0.044597327709198,-0.13219394125070494,0.08127182722091675,0.016825497150421143,-0.08410859443273466,-0.03029930591583252,0.0038719773292541504,-0.11379026956882399,-0.04842817783355713,-0.006485044956207275,-0.1037070710214607,-0.04686039686203003,-0.007538139820098877,-0.09487043656434935,0.06324410438537598,0.07906520366668701,-0.09177371449794691,-0.024151742458343506,0.06354713439941406,-0.12048939950790327,-0.040061891078948975,0.04519706964492798,-0.11881891973342817,-0.03579062223434448,0.033441007137298584,-0.1121318820866577,pointing
0.0,0.0,0.0,-0.024159550666809082,-0.07110947370529175,-0.04500400424697659,-0.06034344434738159,-0.12881702184677124,-0.0791374087403085,-0.09536409378051758,-0.14064079523086548,-0.10812688768604062,-0.11058074235916138,-0.09281635284423828,-0.134856970615175,0.04572010040283203,-0.08954399824142456,-0.059970667220142104,-0.039875566959381104,-0.07994294166564941,-0.09489189238050244,-0.07844465970993042,-0.08331114053726196,-0.11953622252443097,-0.08179283142089844,-0.08790791034698486,-0.13505718261697552,0.046307921409606934,-0.014605224132537842,-0.056108666218307235,-0.0619504451751709,-0.026807129383087158,-0.08070658297040723,-0.08874952793121338,-0.0464591383934021,-0.09107156992652676,-0.07862097024917603,-0.062415361404418945,-0.1001984044978883,0.033268868923187256,0.04655653238296509,-0.05620940551855824,-0.06945419311523438,0.023794829845428467,-0.08189166486957333,-0.08659929037094116,0.0014548301696777344,-0.08003242463567517,-0.07416194677352905,-0.01459270715713501,-0.0768076717922952,0.015284836292266846,0.08934348821640015,-0.061168217665937163,-0.06026417016983032,0.0667923092842102,-0.07953906954028866,-0.07955127954483032,0.045863568782806396,-0.0748872399399545,-0.079132080078125,0.03148627281188965,-0.06886214912631772,pointing
0.0,0.0,0.0,-0.02225792407989502,-0.06039804220199585,-0.04652715766212623,-0.047497570514678955,-0.11733752489089966,-0.08283984580418746,-0.07941585779190063,-0.11352694034576416,-0.11299307563683669,-0.09487706422805786,-0.06718969345092773,-0.13994680264374892,0.05536240339279175,-0.09837502241134644,-0.07258798101327102,-0.021007537841796875,-0.09804755449295044,-0.11009358533999603,-0.04850113391876221,-0.09943944215774536,-0.13296617486855666,-0.042150795459747314,-0.10695809125900269,-0.14835949161431472,0.06436818838119507,-0.02665501832962036,-0.06880615570923965,-0.038050830364227295,-0.036252379417419434,-0.09930794605395477,-0.06299179792404175,-0.0473477840423584,-0.10739643791100661,-0.04686105251312256,-0.06042128801345825,-0.11427598365924041,0.055878520011901855,0.037560224533081055,-0.06880216964862029,-0.041185975074768066,0.01837259531021118,-0.09966724285266082,-0.060712575912475586,0.0015049576759338379,-0.09482680925509612,-0.047160565853118896,-0.013860046863555908,-0.08969019272706191,0.04023420810699463,0.08843600749969482,-0.07371019491336028,-0.03174793720245361,0.06972020864486694,-0.09897021123549621,-0.05372363328933716,0.05123090744018555,-0.09662341990849654,-0.05230426788330078,0.03648674488067627,-0.09183075198313873,pointing
0.0,0.0,0.0,-0.02689415216445923,-0.062326014041900635,-0.046605468118713134,-0.057765185832977295,-0.1187562346458435,-0.08542151036314749,-0.08467769622802734,-0.11920177936553955,-0.11797057124428534,-0.09908533096313477,-0.08110642433166504,-0.1491247493272283,0.048949599266052246,-0.08742111921310425,-0.0794618356471517,-0.02735084295272827,-0.08328080177307129,-0.12086708130888724,-0.05947643518447876,-0.09134429693222046,-0.14889640393309378,-0.06295907497406006,-0.10615140199661255,-0.1662601608281591,0.051465749740600586,-0.01813560724258423,-0.07559512587837958,-0.053925275802612305,-0.028746306896209717,-0.10666164043001913,-0.08300691843032837,-0.04429405927658081,-0.1175102222209432,-0.07706469297409058,-0.05687195062637329,-0.12611440601401114,0.03758054971694946,0.03994065523147583,-0.0747478309517362,-0.06023019552230835,0.019923090934753418,-0.1046809780841329,-0.08136540651321411,-0.0012166500091552734,-0.10198222878031515,-0.07556730508804321,-0.017424464225769043,-0.09785286369375967,0.017347097396850586,0.08176445960998535,-0.07860798420958304,-0.052635252475738525,0.059467613697052,-0.10264170947127127,-0.07472836971282959,0.03766441345214844,-0.09989327224545264,-0.07687067985534668,0.02084493637084961,-0.09416226329855704,pointing
0.0,0.0,0.0,-0.02617824077606201,-0.06244921684265137,-0.05281769862369856,-0.050717711448669434,-0.11887514591217041,-0.0941197425682958,-0.07133954763412476,-0.11995333433151245,-0.1264584661086019,-0.08029669523239136,-0.08152717351913452,-0.15472652023629507,0.06406426429748535,-0.09163272380828857,-0.09504000103072485,-0.01736629009246826,-0.08957880735397339,-0.13865792756871542,-0.04916071891784668,-0.08773303031921387,-0.16250488167599997,-0.04635423421859741,-0.09458470344543457,-0.17725624149636587,0.06889975070953369,-0.02187865972518921,-0.0892003551681455,-0.037118494510650635,-0.03181177377700806,-0.124222695883077,-0.05755054950714111,-0.04981815814971924,-0.1324346066077169,-0.038313984870910645,-0.06437373161315918,-0.13884094363049826,0.05381852388381958,0.038140952587127686,-0.08638270949916205,-0.04635357856750488,0.018914639949798584,-0.1178515479524549,-0.05904126167297363,-0.0040541887283325195,-0.10939983284072241,-0.04394960403442383,-0.018456339836120605,-0.10185157513217291,0.03044712543487549,0.0808367133140564,-0.08906252687768301,-0.0423811674118042,0.06141418218612671,-0.11748720711068472,-0.05393826961517334,0.046314895153045654,-0.11558443313435873,-0.044979989528656006,0.0395885705947876,-0.10969256615237555,pointing
0.0,0.0,0.0,-0.025772154331207275,-0.04911506175994873,-0.05913824146600177,-0.043838679790496826,-0.09838157892227173,-0.10467006569714954,-0.05257481336593628,-0.11359679698944092,-0.1418556154331725,-0.05397242307662964,-0.10936802625656128,-0.17507380550713947,0.06695228815078735,-0.12345170974731445,-0.10159095680327823,0.051119327545166016,-0.1571710705757141,-0.1640786707958739,0.04249495267868042,-0.18050295114517212,-0.19563368266435077,0.033947885036468506,-0.20118218660354614,-0.21034908598275592,0.09779626131057739,-0.06914442777633667,-0.09293683921904972,0.012988507747650146,-0.07280921936035156,-0.14687955683083942,-0.02652299404144287,-0.06951981782913208,-0.149520102199034,-0.02414804697036743,-0.07121151685714722,-0.14374414389939716,0.09467577934265137,-0.008903980255126953,-0.09079259192557743,-1.9311904907226562e-05,-0.006186485290527344,-0.13993028109879901,-0.02983754873275757,-0.01947021484375,-0.12456999277682712,-0.023619472980499268,-0.03496474027633667,-0.10566379433484485,0.07817679643630981,0.04419219493865967,-0.09457353061051776,-0.0006492137908935547,0.03973102569580078,-0.13596555894227436,-0.026037216186523438,0.02170020341873169,-0.1344924003443282,-0.023703336715698242,0.004516005516052246,-0.12396237557740619,pointing
0.0,0.0,0.0,-0.022841572761535645,-0.05830037593841553,-0.043319792644442856,-0.05478084087371826,-0.11067503690719604,-0.08274599646157199,-0.0890660285949707,-0.12110644578933716,-0.11659741138047153,-0.11128884553909302,-0.09340465068817139,-0.14968115572756702,0.02599477767944336,-0.12182402610778809,-0.0918835822207349,-0.015690326690673828,-0.1608717441558838,-0.13761613254374438,-0.016822457313537598,-0.18283647298812866,-0.1643492478591817,-0.016211330890655518,-0.19572949409484863,-0.18019040410345966,0.048522114753723145,-0.06383496522903442,-0.09119500701254779,-0.059816062450408936,-0.07305127382278442,-0.12926432971781665,-0.06163090467453003,-0.07558691501617432,-0.13310817365473682,-0.04260873794555664,-0.07534289360046387,-0.13281047825640613,0.04226398468017578,0.0032002925872802734,-0.09366631989306384,-0.06866347789764404,-0.013193488121032715,-0.12507085983580524,-0.06194460391998291,-0.026775121688842773,-0.1087573591334241,-0.039507925510406494,-0.03319275379180908,-0.09303387735909396,0.02476036548614502,0.05915641784667969,-0.1017407599551099,-0.06616842746734619,0.03624725341796875,-0.1336253333551305,-0.062368810176849365,0.02223736047744751,-0.13019387905425006,-0.0393071174621582,0.015314698219299316,-0.12039662633961612,pointing
0.0,0.0,0.0,-0.02025127410888672,-0.06290894746780396,-0.03801910102456674,-0.05563461780548096,-0.10627657175064087,-0.07216806233018502,-0.09699869155883789,-0.1183663010597229,-0.10093938082545861,-0.12460964918136597,-0.09459030628204346,-0.12861781090587243,0.0183141827583313,-0.10788094997406006,-0.08109225601047143,-0.06898754835128784,-0.12060236930847168,-0.11449016153901681,-0.08423727750778198,-0.12492632865905762,-0.13053962856620416,-0.0793491005897522,-0.1256701946258545,-0.13984371990054711,0.03165626525878906,-0.04671835899353027,-0.08199546754449472,-0.08333802223205566,-0.05258756875991821,-0.11074320495217904,-0.08142745494842529,-0.05987757444381714,-0.11458039552062615,-0.06213659048080444,-0.06560719013214111,-0.11680864811032876,0.027456581592559814,0.015597283840179443,-0.08470361203044519,-0.08558446168899536,0.00374758243560791,-0.11155924469321832,-0.07661139965057373,-0.012407779693603516,-0.10363250494092568,-0.05360907316207886,-0.024245083332061768,-0.09541851550429925,0.012115538120269775,0.0670519471168518,-0.09147972136825189,-0.07860386371612549,0.05948960781097412,-0.11686486274093255,-0.0810350775718689,0.03790998458862305,-0.11568162113517388,-0.06826698780059814,0.01696842908859253,-0.11056997150271997,pointing
0.0,0.0,0.0,-0.024828612804412842,-0.06383568048477173,-0.03579558455182763,-0.06233006715774536,-0.1090775728225708,-0.0694463888628647,-0.10492348670959473,-0.1170344352722168,-0.0989965910537407,-0.13430291414260864,-0.094948410987854,-0.1290997604353592,0.0047261714935302734,-0.11263364553451538,-0.0791199544890091,-0.05773282051086426,-0.14462855458259583,-0.11617109575106355,-0.062235236167907715,-0.16631227731704712,-0.13783897855116578,-0.05879676342010498,-0.1751994490623474,-0.15027086832358094,0.02544194459915161,-0.05874443054199219,-0.08146966644360276,-0.08673858642578125,-0.05804675817489624,-0.11353424587084504,-0.08400827646255493,-0.06779992580413818,-0.11866400041414948,-0.06643557548522949,-0.06972992420196533,-0.1199345553739235,0.02485513687133789,0.004417002201080322,-0.08605378516747209,-0.08853960037231445,-0.0006359219551086426,-0.11441252776219102,-0.07765382528305054,-0.01992589235305786,-0.10524902143313142,-0.056182801723480225,-0.027920961380004883,-0.09458262868954392,0.011243581771850586,0.05860072374343872,-0.09490952291323396,-0.07931166887283325,0.05182147026062012,-0.12254619993998261,-0.0789344310760498,0.02943110466003418,-0.12094878800942155,-0.06403732299804688,0.012379944324493408,-0.11386862047745439,pointing
0.0,0.0,0.0,-0.03385549783706665,-0.0655367374420166,-0.034776080623757366,-0.07289391756057739,-0.09646201133728027,-0.07455776654232693,-0.10808670520782471,-0.08758014440536499,-0.1103348734234686,-0.12999886274337769,-0.05986583232879639,-0.1482004003976698,0.0023761391639709473,-0.09574294090270996,-0.0922715964173193,-0.06154435873031616,-0.12030065059661865,-0.13565994076479626,-0.06376886367797852,-0.15130352973937988,-0.16284295193899823,-0.058603525161743164,-0.16997593641281128,-0.17917972080458355,0.020909011363983154,-0.03845334053039551,-0.09726158551920605,-0.08917248249053955,-0.038389742374420166,-0.13239256314982129,-0.08596903085708618,-0.05413895845413208,-0.13515224330176068,-0.06629639863967896,-0.06258618831634521,-0.13582278065432263,0.019689500331878662,0.025277256965637207,-0.10395671449650479,-0.09029000997543335,0.0260467529296875,-0.13334869615782452,-0.07972115278244019,0.0024407505989074707,-0.11706722550142956,-0.055399179458618164,-0.00913172960281372,-0.10227692894686413,0.0060482025146484375,0.08150076866149902,-0.11488207452048016,-0.07866370677947998,0.07905387878417969,-0.14363864831675244,-0.08037179708480835,0.0521622896194458,-0.13759657017935467,-0.06619971990585327,0.03052467107772827,-0.12782522313345623,pointing
0.0,0.0,0.0,-0.028339505195617676,-0.06532764434814453,-0.030897118648986144,-0.06534385681152344,-0.09989464282989502,-0.06195947205136232,-0.10694509744644165,-0.10026061534881592,-0.08804311653087549,-0.1399158239364624,-0.07782042026519775,-0.11264108171174936,0.0004304647445678711,-0.0868610143661499,-0.07806228151033334,-0.09529685974121094,-0.08027195930480957,-0.11113632520149164,-0.09765315055847168,-0.07494872808456421,-0.12503872861574106,-0.07827520370483398,-0.07526522874832153,-0.13167066921899728,0.015444338321685791,-0.028672635555267334,-0.08042500217864923,-0.09872233867645264,-0.026783645153045654,-0.10674064656207971,-0.08916687965393066,-0.033448874950408936,-0.10574319263408594,-0.06513196229934692,-0.04366123676300049,-0.10483250071714334,0.015306174755096436,0.027532517910003662,-0.08399786849925928,-0.0948721170425415,0.02573394775390625,-0.10786791940639429,-0.08430695533752441,0.010246694087982178,-0.09468118896196298,-0.0601995587348938,-0.005246460437774658,-0.0829466511816781,0.005369126796722412,0.07604479789733887,-0.09106300075958185,-0.07775938510894775,0.07603895664215088,-0.11208135684440546,-0.08218294382095337,0.05375748872756958,-0.10715127041051797,-0.07383126020431519,0.031712234020233154,-0.09996639986942224,pointing
0.0,0.0,0.0,-0.03019404411315918,-0.06431072950363159,-0.029849569134487552,-0.06736034154891968,-0.09770560264587402,-0.059177248559965534,-0.10695880651473999,-0.10467791557312012,-0.08408297487355654,-0.1405290961265564,-0.0927351713180542,-0.1074253905639786,0.0011398792266845703,-0.08728200197219849,-0.07048939057446901,-0.09662777185440063,-0.08062702417373657,-0.10349850245572512,-0.09926849603652954,-0.07443863153457642,-0.1196815807447571,-0.07807451486587524,-0.07653510570526123,-0.12821479775763933,0.01657867431640625,-0.031262099742889404,-0.07301594205953066,-0.09537088871002197,-0.02874845266342163,-0.09846162685014193,-0.08896791934967041,-0.032988131046295166,-0.09880663343526308,-0.06411182880401611,-0.04443955421447754,-0.0994627092108864,0.017082929611206055,0.023443996906280518,-0.07722941675044481,-0.09020167589187622,0.02525550127029419,-0.1006376285181183,-0.08370208740234375,0.01350104808807373,-0.08854233362533037,-0.061270713806152344,-0.00014632940292358398,-0.07819385715581362,0.008415520191192627,0.07265019416809082,-0.08496934064485018,-0.07168012857437134,0.07786262035369873,-0.10458484926082079,-0.07748788595199585,0.058281123638153076,-0.09980407991267626,-0.07003146409988403,0.03770250082015991,-0.09356437512494509,pointing
0.0,0.0,0.0,-0.02928900718688965,-0.06802260875701904,-0.028021801551911807,-0.06652963161468506,-0.1032148003578186,-0.05951871938082931,-0.1054534912109375,-0.10211998224258423,-0.08702982804748771,-0.13155364990234375,-0.0702325701713562,-0.11383513203832862,0.0014563202857971191,-0.09401291608810425,-0.07683631620380638,-0.08699017763137817,-0.09488970041275024,-0.1104085131642556,-0.08751696348190308,-0.10112595558166504,-0.12620848259899375,-0.06999713182449341,-0.10797709226608276,-0.1346275790688729,0.017929494380950928,-0.03748142719268799,-0.08151745638820884,-0.09455645084381104,-0.031438469886779785,-0.10773465625021217,-0.08394134044647217,-0.0427815318107605,-0.1069125293848252,-0.058672964572906494,-0.053677141666412354,-0.10602708003494499,0.01874220371246338,0.021660327911376953,-0.08721265784475563,-0.09298580884933472,0.02525871992111206,-0.1105339734909272,-0.07873237133026123,0.006218314170837402,-0.09615660301420448,-0.050915300846099854,-0.007267475128173828,-0.08344517490837333,0.007970929145812988,0.07294386625289917,-0.09630431077453849,-0.0798603892326355,0.07589441537857056,-0.11797581455681083,-0.0756029486656189,0.0543060302734375,-0.11267370573255775,-0.05603212118148804,0.034986019134521484,-0.10475747874948738,pointing
0.0,0.0,0.0,-0.035567283630371094,-0.05785715579986572,-0.029359139170619386,-0.07801401615142822,-0.08701872825622559,-0.06126549993095054,-0.11699682474136353,-0.08729487657546997,-0.08831795085606231,-0.14144366979599,-0.05702066421508789,-0.11451092888054504,-0.01350468397140503,-0.05007416009902954,-0.07768830437597884,-0.11191558837890625,-0.03892093896865845,-0.11005975086626663,-0.1055482029914856,-0.042361557483673096,-0.12583508123097076,-0.0791972279548645,-0.051171064376831055,-0.1338557504528488,-0.00017660856246948242,0.00683283805847168,-0.08008345742163314,-0.11208206415176392,0.013044118881225586,-0.10276439566549911,-0.09666818380355835,-0.002646803855895996,-0.09962699342903747,-0.06833666563034058,-0.019244909286499023,-0.09842303175863876,0.00032442808151245117,0.058169424533843994,-0.08324923146900787,-0.10611408948898315,0.06175345182418823,-0.10326860625681533,-0.08947110176086426,0.03834623098373413,-0.08718479950365676,-0.0611499547958374,0.02001035213470459,-0.07450401563582076,-0.008339941501617432,0.10139870643615723,-0.09000004608568801,-0.09041720628738403,0.10458248853683472,-0.10707965273794784,-0.08470761775970459,0.08083927631378174,-0.09953426350292816,-0.06615346670150757,0.05909609794616699,-0.09151331115898742,pointing
0.0,0.0,0.0,-0.03531670570373535,-0.05575132369995117,-0.0247671626832755,-0.05826544761657715,-0.10003066062927246,-0.06045817065503911,-0.0825653076171875,-0.08928805589675903,-0.08894591632750348,-0.08501112461090088,-0.04641246795654297,-0.1156545639362605,0.03359651565551758,-0.13005393743515015,-0.11321046057608442,-0.001610100269317627,-0.16429775953292847,-0.16513318422701673,-0.03392529487609863,-0.16450834274291992,-0.192494711312321,-0.0608900785446167,-0.1592831015586853,-0.206733813914326,0.06636148691177368,-0.07166922092437744,-0.11526623222496823,-0.0650702714920044,-0.04860419034957886,-0.17195107642081098,-0.07561010122299194,-0.0564456582069397,-0.17640406492617444,-0.05149376392364502,-0.06700688600540161,-0.17361523810293988,0.0680047869682312,-0.001961231231689453,-0.11363284144070462,-0.0640178918838501,0.019132494926452637,-0.15084647241499738,-0.06857967376708984,0.002802252769470215,-0.13060327473547773,-0.044148266315460205,-0.012773394584655762,-0.11082573089268521,0.05664682388305664,0.06663018465042114,-0.11342765245106534,-0.04418909549713135,0.06222093105316162,-0.1240846872654231,-0.05230355262756348,0.04211747646331787,-0.10479362908270673,-0.03593939542770386,0.027845680713653564,-0.09111124131348447,pointing
0.0,0.0,0.0,-0.01802116632461548,-0.06664019823074341,-0.04156805645520478,-0.0478091835975647,-0.1270217001438141,-0.07574397396142274,-0.08107471466064453,-0.15641933679580688,-0.10304322909409791,-0.09840840101242065,-0.15111416578292847,-0.12818946014935761,0.013073742389678955,-0.11125588417053223,-0.0928704969197014,-0.05860745906829834,-0.1422441601753235,-0.13316011499459535,-0.0698857307434082,-0.15888771414756775,-0.1529988504558304,-0.06971144676208496,-0.16630467772483826,-0.1637095369010666,0.029881834983825684,-0.049083054065704346,-0.09168918501431733,-0.09363734722137451,-0.05221182107925415,-0.1284370578437546,-0.08909809589385986,-0.063862144947052,-0.1298885501533249,-0.06667709350585938,-0.06457650661468506,-0.12792569469506532,0.026373445987701416,0.018439292907714844,-0.09281882714326173,-0.09311944246292114,0.005992472171783447,-0.12519158493573457,-0.07714420557022095,-0.012114286422729492,-0.1083683155089119,-0.04768478870391846,-0.015919506549835205,-0.09138172190482408,0.013189256191253662,0.07438981533050537,-0.09901631694133073,-0.08074063062667847,0.05784207582473755,-0.13050583075578004,-0.06966400146484375,0.037833333015441895,-0.12669733237321168,-0.03858768939971924,0.02699291706085205,-0.11672386597687989,pointing
0.0,0.0,0.0,-0.024518311023712158,-0.08161526918411255,-0.03966042220526589,-0.05188018083572388,-0.13826948404312134,-0.07364530309968842,-0.08189928531646729,-0.16199475526809692,-0.10290811404519928,-0.1010671854019165,-0.14892295002937317,-0.1313841362290944,0.021846115589141846,-0.11094009876251221,-0.07831251069837464,-0.0340348482131958,-0.12776994705200195,-0.12119477435880555,-0.04434490203857422,-0.14486926794052124,-0.1484201718860234,-0.04865121841430664,-0.1509149670600891,-0.1634351183467473,0.03582662343978882,-0.050811946392059326,-0.07820227190786255,-0.08633136749267578,-0.0412638783454895,-0.11468099996381653,-0.08778506517410278,-0.05861163139343262,-0.12083348825508011,-0.06925535202026367,-0.06776231527328491,-0.12294351503187073,0.031177818775177002,0.015326380729675293,-0.08143161430889023,-0.08791863918304443,0.015562355518341064,-0.11226764514976395,-0.07528787851333618,-0.010965228080749512,-0.10087133392625702,-0.04918074607849121,-0.022786259651184082,-0.08857453063064469,0.017047107219696045,0.07072985172271729,-0.08963716968828095,-0.07524454593658447,0.06429767608642578,-0.11790748134189499,-0.06516128778457642,0.03868067264556885,-0.11567487761312378,-0.03574538230895996,0.021208643913269043,-0.10827101960712326,pointing
0.0,0.0,0.0,-0.021483182907104492,-0.0721733570098877,-0.03792216194733555,-0.053038060665130615,-0.1275126039981842,-0.06860350010856564,-0.08842307329177856,-0.1581020951271057,-0.09464917270406659,-0.10637795925140381,-0.15202850103378296,-0.11890281675323422,0.020452916622161865,-0.1083139181137085,-0.06915762958988125,-0.04261362552642822,-0.11897450685501099,-0.1063741737411874,-0.05970954895019531,-0.13811400532722473,-0.1304697760747331,-0.06666451692581177,-0.147853821516037,-0.14507018713220532,0.03624778985977173,-0.047942519187927246,-0.0697337233827966,-0.08323317766189575,-0.034774959087371826,-0.103966675083484,-0.09219413995742798,-0.05511808395385742,-0.11254998234971936,-0.07976406812667847,-0.06696653366088867,-0.11693651167615826,0.03297293186187744,0.01758807897567749,-0.07357340989574368,-0.08256882429122925,0.02085566520690918,-0.10409992871745999,-0.07590585947036743,-0.005841195583343506,-0.09701723543867047,-0.05274999141693115,-0.020202577114105225,-0.08821321962341244,0.020417332649230957,0.07186484336853027,-0.08218520073160107,-0.06845998764038086,0.0718996524810791,-0.10983832864030774,-0.0638113021850586,0.04711729288101196,-0.10988996116384442,-0.03960061073303223,0.02778911590576172,-0.10484380958541806,pointing
0.0,0.0,0.0,-0.018970370292663574,-0.07046610116958618,-0.04133288277898828,-0.04921513795852661,-0.12884974479675293,-0.07406227751289407,-0.08424592018127441,-0.15767309069633484,-0.10190700455223123,-0.09897136688232422,-0.1464717984199524,-0.12729416503225366,0.028956711292266846,-0.11178529262542725,-0.07442652894769708,-0.026901841163635254,-0.1290111243724823,-0.11735426350151101,-0.058854520320892334,-0.14731398224830627,-0.14332584752355615,-0.08341217041015625,-0.15587255358695984,-0.1575796426704983,0.045967698097229004,-0.051405131816864014,-0.07400150312696496,-0.07237130403518677,-0.03727161884307861,-0.11324149830852548,-0.09755200147628784,-0.05410933494567871,-0.12091085030351678,-0.09768396615982056,-0.06552302837371826,-0.12258986099277536,0.0412634015083313,0.014150381088256836,-0.0775402457884411,-0.07422906160354614,0.01845705509185791,-0.11078585399900476,-0.0786440372467041,-0.006888687610626221,-0.10008404864584008,-0.06433898210525513,-0.02398097515106201,-0.0874577359727482,0.025966942310333252,0.06748396158218384,-0.08624664409671823,-0.0642053484916687,0.06905615329742432,-0.11475868238721887,-0.0660104751586914,0.044501423835754395,-0.11203433288847009,-0.04789245128631592,0.02219158411026001,-0.10375608219419519,pointing
0.0,0.0,0.0,-0.01781255006790161,-0.06790465116500854,-0.03840340046949109,-0.051068246364593506,-0.12409880757331848,-0.07051096974677762,-0.09143048524856567,-0.14597290754318237,-0.0975992393381091,-0.12019550800323486,-0.14101389050483704,-0.1223744389302226,0.016944289207458496,-0.1063610315322876,-0.07929759590692242,-0.04738962650299072,-0.126828134059906,-0.11904178677863797,-0.07564228773117065,-0.1474536955356598,-0.14077733575172147,-0.09555137157440186,-0.15903732180595398,-0.15236550687617978,0.03488200902938843,-0.04520195722579956,-0.07982198267049512,-0.08994519710540771,-0.036743104457855225,-0.11569514988727292,-0.10327184200286865,-0.048613786697387695,-0.1190300968176814,-0.09465181827545166,-0.05187177658081055,-0.11809111504621228,0.03157055377960205,0.019047200679779053,-0.08335564403600415,-0.08722072839736938,0.021000325679779053,-0.11273941515750607,-0.08074861764907837,0.0007953047752380371,-0.09779650090999326,-0.05765056610107422,-0.009925305843353271,-0.08274835466212949,0.01898062229156494,0.0722004771232605,-0.09216272949046811,-0.07362484931945801,0.07361888885498047,-0.11906758068866452,-0.06874352693557739,0.05335521697998047,-0.11424952118463239,-0.0436936616897583,0.03618353605270386,-0.10440758733815869,pointing
0.0,0.0,0.0,-0.02033931016921997,-0.07083600759506226,-0.0367356940097352,-0.05393218994140625,-0.12623369693756104,-0.06693245758481225,-0.09495633840560913,-0.15348827838897705,-0.09252611090607843,-0.11969923973083496,-0.15443605184555054,-0.11605772664017877,0.02089005708694458,-0.1107829213142395,-0.07131605883307657,-0.03520745038986206,-0.1313101351261139,-0.11009814878173074,-0.060633301734924316,-0.15217769145965576,-0.13370161046452722,-0.07938653230667114,-0.164362370967865,-0.14687440087266168,0.038511455059051514,-0.05358576774597168,-0.07180269350476465,-0.08268332481384277,-0.043677687644958496,-0.1055046274251481,-0.09395885467529297,-0.05782628059387207,-0.1115999101585885,-0.08281475305557251,-0.0653122067451477,-0.11400589634843072,0.03532832860946655,0.011091768741607666,-0.07554791410632333,-0.08122658729553223,0.0115584135055542,-0.10500211556620798,-0.07397764921188354,-0.009599447250366211,-0.09451353837914667,-0.050436437129974365,-0.02105879783630371,-0.08315044184394083,0.023410439491271973,0.06527101993560791,-0.0840158863849183,-0.0657510757446289,0.0618860125541687,-0.11121750910945138,-0.06045031547546387,0.03983640670776367,-0.1087869583553811,-0.035688817501068115,0.02259540557861328,-0.10130399008460245,pointing
0.0,0.0,0.0,-0.022078394889831543,-0.07058578729629517,-0.039154831269456736,-0.05405867099761963,-0.12703853845596313,-0.07079307357378184,-0.09131532907485962,-0.15783104300498962,-0.0974158755929011,-0.11407977342605591,-0.1604866087436676,-0.12182272593088328,0.024157226085662842,-0.11279565095901489,-0.0724362767726916,-0.033529818058013916,-0.13133513927459717,-0.11129321525402247,-0.06024700403213501,-0.15297627449035645,-0.13506818185157954,-0.0786207914352417,-0.16631704568862915,-0.14867434273071467,0.04184144735336304,-0.054412901401519775,-0.07237592706985652,-0.0753205418586731,-0.0449976921081543,-0.10710990796394526,-0.09154731035232544,-0.06124478578567505,-0.11350307981081187,-0.08424973487854004,-0.07022815942764282,-0.11583842704601466,0.03868359327316284,0.010534524917602539,-0.0757886059076327,-0.07360571622848511,0.010389387607574463,-0.10647183279104411,-0.07057183980941772,-0.012633442878723145,-0.09640574822731196,-0.05006903409957886,-0.025359749794006348,-0.08511591325111567,0.02621525526046753,0.06420207023620605,-0.08400120208568751,-0.06045985221862793,0.06122690439224243,-0.11158149311847865,-0.05691683292388916,0.03849107027053833,-0.1093712485820788,-0.03360855579376221,0.020291149616241455,-0.10213362793035685,pointing
0.0,0.0,0.0,-0.019607901573181152,-0.07154333591461182,-0.0406927756365576,-0.052269577980041504,-0.1295415759086609,-0.07288618305290129,-0.09305787086486816,-0.15576225519180298,-0.09948844382131483,-0.11636745929718018,-0.1503327488899231,-0.12344593474233534,0.021993041038513184,-0.10317718982696533,-0.07953198173606779,-0.03561884164810181,-0.12610045075416565,-0.12004388043249037,-0.07191145420074463,-0.14742857217788696,-0.14233963111007597,-0.10170018672943115,-0.15715539455413818,-0.15338455060089018,0.03808110952377319,-0.04394853115081787,-0.07785805979335692,-0.08116137981414795,-0.03903162479400635,-0.11216431775653746,-0.09825724363327026,-0.05547446012496948,-0.11499501684272673,-0.09400928020477295,-0.06222116947174072,-0.11410447874629881,0.03342175483703613,0.019565105438232422,-0.0793975509103575,-0.07918369770050049,0.015146255493164062,-0.10848953494394209,-0.07740646600723267,-0.010014057159423828,-0.09279357561433699,-0.06013411283493042,-0.023538947105407715,-0.07696990588272001,0.019736826419830322,0.07135933637619019,-0.08611617901885893,-0.06387412548065186,0.06683343648910522,-0.11322478124463942,-0.05851113796234131,0.0428849458694458,-0.10758770921790983,-0.03592276573181152,0.024449408054351807,-0.09668509581649687,pointing
0.0,0.0,0.0,-0.017990827560424805,-0.07246315479278564,-0.03482779886329013,-0.05406308174133301,-0.12515288591384888,-0.0645343105097993,-0.10161185264587402,-0.1405898928642273,-0.08972409765922862,-0.13598352670669556,-0.13626334071159363,-0.11339652191603022,0.003419041633605957,-0.09543949365615845,-0.07998522024357158,-0.06085085868835449,-0.11556655168533325,-0.12071453433239299,-0.10192716121673584,-0.1341528296470642,-0.14329635005199748,-0.13430285453796387,-0.14442425966262817,-0.15451796751224833,0.01832401752471924,-0.03425180912017822,-0.08095875780784922,-0.0999143123626709,-0.03149402141571045,-0.11382449816667872,-0.12013769149780273,-0.04285341501235962,-0.11536904822790461,-0.11692845821380615,-0.0457533597946167,-0.11422223251068431,0.01570659875869751,0.027790188789367676,-0.08428981553518611,-0.09836393594741821,0.023368418216705322,-0.10974636327230769,-0.10006320476531982,0.0012460947036743164,-0.09301782052719432,-0.08298641443252563,-0.011505424976348877,-0.07794335137808162,0.005701780319213867,0.07887941598892212,-0.09267063837253886,-0.08371275663375854,0.0763864517211914,-0.11498149882757502,-0.08121269941329956,0.05432957410812378,-0.10688111584389048,-0.05957859754562378,0.03668695688247681,-0.09569433729851085,pointing
0.0,0.0,0.0,-0.027522623538970947,-0.06970846652984619,-0.03866248135165051,-0.06276309490203857,-0.11374080181121826,-0.0718028910894759,-0.10047560930252075,-0.12673363089561462,-0.09934005816177205,-0.1270424723625183,-0.1173778772354126,-0.12588060577110127,0.007540702819824219,-0.1135759949684143,-0.0821832485933669,-0.05762028694152832,-0.13124346733093262,-0.1280845918197997,-0.08887737989425659,-0.15504369139671326,-0.15622997958854512,-0.11324071884155273,-0.1706639528274536,-0.17141695995525197,0.025413811206817627,-0.0592726469039917,-0.08179975230888203,-0.0945734977722168,-0.04228407144546509,-0.11842677672103719,-0.10389947891235352,-0.04989856481552124,-0.12155602802232579,-0.09065979719161987,-0.053068459033966064,-0.12154402513698415,0.025141119956970215,0.004964709281921387,-0.08497581560806111,-0.0903390645980835,0.017239928245544434,-0.11630161781505421,-0.08361244201660156,-0.003454148769378662,-0.10156793077186421,-0.06005042791366577,-0.014797568321228027,-0.08682443876460866,0.015677034854888916,0.06030690670013428,-0.09297173400119618,-0.07058250904083252,0.0656890869140625,-0.12183314491704778,-0.06543534994125366,0.04291808605194092,-0.1180111311812766,-0.039845168590545654,0.023392677307128906,-0.10914611001209096,pointing
0.0,0.0,0.0,-0.025274574756622314,-0.06865590810775757,-0.026576821581130616,-0.05653148889541626,-0.11099588871002197,-0.05105496093690931,-0.08948993682861328,-0.12878209352493286,-0.07264746621311247,-0.1182602047920227,-0.13493630290031433,-0.09387895360649168,0.0009957551956176758,-0.12337219715118408,-0.059972136170273416,-0.06500136852264404,-0.14542904496192932,-0.09690344974458753,-0.09970444440841675,-0.16847997903823853,-0.1208789710706526,-0.12777972221374512,-0.1851978302001953,-0.13442573592126905,0.020198702812194824,-0.07195812463760376,-0.06425981119335233,-0.08996903896331787,-0.05674213171005249,-0.09395334765375196,-0.09732216596603394,-0.060137808322906494,-0.09869513556421339,-0.08388906717300415,-0.064342200756073,-0.10114186152875959,0.023683488368988037,-0.009648919105529785,-0.07136873051584303,-0.08312588930130005,0.0032700300216674805,-0.09792144492328703,-0.0752902626991272,-0.011738419532775879,-0.0884625230735594,-0.05276775360107422,-0.02208840847015381,-0.07897277817190229,0.018366754055023193,0.046073317527770996,-0.08208014711797773,-0.06113952398300171,0.05396890640258789,-0.10657018318832456,-0.05802762508392334,0.0342637300491333,-0.10432620987356245,-0.036473989486694336,0.015227138996124268,-0.09838568314970075,pointing
0.0,0.0,0.0,-0.03146582841873169,-0.07118159532546997,-0.023741590876610985,-0.06438112258911133,-0.12708717584609985,-0.04921145466390442,-0.0969010591506958,-0.15761351585388184,-0.07121457633796524,-0.12658512592315674,-0.18102961778640747,-0.09411453184905838,-0.008103609085083008,-0.14630144834518433,-0.07028699395480942,-0.07323956489562988,-0.17541974782943726,-0.10965385762277435,-0.10628765821456909,-0.19582533836364746,-0.13499648598256897,-0.13377326726913452,-0.21048825979232788,-0.1505821916205008,0.011962473392486572,-0.09773468971252441,-0.07616179910722565,-0.08983111381530762,-0.08910715579986572,-0.11013107476058792,-0.10062944889068604,-0.0798192024230957,-0.11397564885440659,-0.0909963846206665,-0.07740527391433716,-0.11592981693569016,0.017503738403320312,-0.03489410877227783,-0.0837612721067984,-0.08314162492752075,-0.02639162540435791,-0.11254866150441956,-0.07930219173431396,-0.0312923789024353,-0.1011071401578505,-0.05999547243118286,-0.03692561388015747,-0.0914044874650557,0.01506507396697998,0.022795259952545166,-0.0938039767486174,-0.06134498119354248,0.028259992599487305,-0.1191161471349318,-0.06102263927459717,0.015855610370635986,-0.11469474909129929,-0.04267400503158569,0.002001821994781494,-0.10819409516874146,pointing
0.0,0.0,0.0,-0.03991442918777466,-0.07810980081558228,-0.028846319717491298,-0.07551193237304688,-0.14040693640708923,-0.05630895676943126,-0.11023187637329102,-0.17562422156333923,-0.0808815676245338,-0.1439235806465149,-0.20161640644073486,-0.10616889777513805,-0.005231201648712158,-0.15572243928909302,-0.06578613254162136,-0.05171394348144531,-0.17041590809822083,-0.1085271108421928,-0.07503724098205566,-0.19088655710220337,-0.1370857450637466,-0.0950782299041748,-0.20633649826049805,-0.1548595521125442,0.008901596069335938,-0.10289150476455688,-0.07163746836515728,-0.09150177240371704,-0.08881717920303345,-0.11187764438721004,-0.09717464447021484,-0.08148837089538574,-0.12113108667465511,-0.08210450410842896,-0.08464914560317993,-0.12673408719631496,0.012355566024780273,-0.03927105665206909,-0.0802373159203178,-0.0898129940032959,-0.026387810707092285,-0.11708333524795833,-0.08023780584335327,-0.026552021503448486,-0.10973008903595272,-0.053666770458221436,-0.031754910945892334,-0.10130609753462139,0.00862729549407959,0.018958687782287598,-0.09149965825411144,-0.0727112889289856,0.02478724718093872,-0.12241077604624095,-0.0688827633857727,0.014791786670684814,-0.12090283068748775,-0.04345804452896118,-3.993511199951172e-05,-0.11610522302719417,pointing
0.0,0.0,0.0,-0.03735613822937012,-0.08120071887969971,-0.026341465879973214,-0.07494211196899414,-0.1413874328136444,-0.05784160235970859,-0.11553668975830078,-0.16641810536384583,-0.08587854320257549,-0.15358668565750122,-0.18060195446014404,-0.11545290762632732,-0.006498456001281738,-0.15813827514648438,-0.08455205673426036,-0.075289785861969,-0.17801746726036072,-0.13361609691828136,-0.1178407073020935,-0.19190376996994019,-0.16418797487467174,-0.15464651584625244,-0.2022896111011505,-0.1826928328916395,0.007433176040649414,-0.10123580694198608,-0.09272807056158427,-0.09418576955795288,-0.09248679876327515,-0.13645373994558696,-0.10279268026351929,-0.08188015222549438,-0.14194274658411388,-0.09206825494766235,-0.08187735080718994,-0.14465961569994334,0.008665263652801514,-0.03471660614013672,-0.10251950437277202,-0.09597539901733398,-0.025402367115020752,-0.13875276560037975,-0.08646762371063232,-0.025697708129882812,-0.1259740065976942,-0.058643877506256104,-0.03338199853897095,-0.11482621694057826,0.0019689202308654785,0.024619102478027344,-0.1144761514112318,-0.08007305860519409,0.02482461929321289,-0.1444049548551405,-0.07590949535369873,0.013581812381744385,-0.13850057834833507,-0.04885530471801758,-0.001780390739440918,-0.13092569226473216,pointing
0.0,0.0,0.0,-0.036172330379486084,-0.08388960361480713,-0.02563015662376955,-0.07322448492050171,-0.14885056018829346,-0.056075013356853276,-0.1119614839553833,-0.17767661809921265,-0.08329265482966974,-0.1520870327949524,-0.19550368189811707,-0.11228835501020029,-0.00911623239517212,-0.1604071855545044,-0.08186972804610804,-0.07570779323577881,-0.17981600761413574,-0.12892920442168787,-0.11469054222106934,-0.1965952217578888,-0.1584800846153982,-0.14882588386535645,-0.20946604013442993,-0.17674087651317194,0.005856156349182129,-0.10318201780319214,-0.08971188880746439,-0.10127323865890503,-0.09285438060760498,-0.1312148339325674,-0.09959465265274048,-0.07886189222335815,-0.13584925897662714,-0.07815349102020264,-0.07758164405822754,-0.1384835607582815,0.009402632713317871,-0.03591805696487427,-0.0990727535659559,-0.09818416833877563,-0.028416931629180908,-0.13578341074531153,-0.0817185640335083,-0.026913702487945557,-0.12373517371957377,-0.048935770988464355,-0.03186392784118652,-0.1127945400053747,0.005776762962341309,0.0248526930809021,-0.11021976091210917,-0.07756328582763672,0.021812260150909424,-0.1419940210158117,-0.06912469863891602,0.012048482894897461,-0.13696285255496576,-0.03960055112838745,-0.00031244754791259766,-0.12966587312762812,pointing
0.0,0.0,0.0,-0.03630191087722778,-0.083282470703125,-0.0213321992585378,-0.07524240016937256,-0.1480470895767212,-0.04882516576144269,-0.11388391256332397,-0.17776960134506226,-0.07375697283241323,-0.15380364656448364,-0.19508704543113708,-0.10063292322847417,-0.01571047306060791,-0.16131913661956787,-0.07444411007854512,-0.08352041244506836,-0.18008646368980408,-0.11855386434289983,-0.12210768461227417,-0.19575440883636475,-0.14739896593782476,-0.15672999620437622,-0.20706906914710999,-0.16537933288309148,0.00012415647506713867,-0.10507947206497192,-0.08308556912633946,-0.10873252153396606,-0.09228962659835815,-0.12085181711408666,-0.10830885171890259,-0.08036953210830688,-0.12577681480142644,-0.08853298425674438,-0.08042412996292114,-0.12920952079984716,0.004293978214263916,-0.03788381814956665,-0.09276684610340169,-0.10325157642364502,-0.02690190076828003,-0.125721665603848,-0.08780026435852051,-0.0266532301902771,-0.11461870609018376,-0.056645333766937256,-0.0315624475479126,-0.10504228113386205,0.0010952353477478027,0.02369898557662964,-0.10388809679243138,-0.08229494094848633,0.02300184965133667,-0.1332069510051923,-0.07474327087402344,0.012400150299072266,-0.1284152591058927,-0.046712279319763184,-0.0016077160835266113,-0.12170604108068517,pointing
0.0,0.0,0.0,-0.04229748249053955,-0.08341705799102783,-0.027916232674407127,-0.08472812175750732,-0.1443534791469574,-0.06353363263516343,-0.12607067823410034,-0.1720670759677887,-0.09537947046666062,-0.16698521375656128,-0.18789714574813843,-0.12951525169520295,-0.020686686038970947,-0.15840619802474976,-0.09827209877877152,-0.09056824445724487,-0.17258447408676147,-0.15365468579440034,-0.13338178396224976,-0.18552076816558838,-0.18736693876891053,-0.17056185007095337,-0.19432145357131958,-0.20727591830401337,-0.0034976601600646973,-0.09979462623596191,-0.10761138665585435,-0.10509687662124634,-0.08766764402389526,-0.15856262165217316,-0.11244761943817139,-0.07863247394561768,-0.1653592200866214,-0.09921914339065552,-0.07740980386734009,-0.16783148664145386,0.0017048120498657227,-0.030826926231384277,-0.11792541909127152,-0.10318189859390259,-0.020784735679626465,-0.1635727496734134,-0.09309613704681396,-0.022833585739135742,-0.15214953440337098,-0.0630081295967102,-0.029587507247924805,-0.13943780082373536,-0.0019197463989257812,0.030805468559265137,-0.1296267868867389,-0.08441150188446045,0.030539870262145996,-0.16725463288931763,-0.07955276966094971,0.016387999057769775,-0.1626351984134189,-0.05062752962112427,0.00048297643661499023,-0.1542605372062198,pointing
0.0,0.0,0.0,-0.0446469783782959,-0.08928465843200684,-0.025373907650745764,-0.09414780139923096,-0.15526974201202393,-0.06152392540398921,-0.14428561925888062,-0.1788552701473236,-0.09460628766838397,-0.19134336709976196,-0.1889376938343048,-0.13011638064209308,-0.02358466386795044,-0.1644544005393982,-0.0997084601623186,-0.09712916612625122,-0.17906606197357178,-0.1546844317418703,-0.14453744888305664,-0.18944770097732544,-0.1867046578628191,-0.18575763702392578,-0.1959669589996338,-0.20545282203976,-0.00918722152709961,-0.10074794292449951,-0.11060564209047641,-0.11600595712661743,-0.09249931573867798,-0.1599857582551607,-0.12953215837478638,-0.08708035945892334,-0.1638697608214983,-0.1220960021018982,-0.08846867084503174,-0.1647179349166521,-0.008398830890655518,-0.029995620250701904,-0.12229639280859317,-0.11871463060379028,-0.024651288986206055,-0.16608429689232196,-0.11224418878555298,-0.029625654220581055,-0.1514888330203661,-0.08362233638763428,-0.03715860843658447,-0.13686830539528216,-0.016987502574920654,0.031742751598358154,-0.13526610274139728,-0.1016770601272583,0.02623927593231201,-0.1717607154351839,-0.09800297021865845,0.009998321533203125,-0.166015885661281,-0.06859838962554932,-0.005801796913146973,-0.15691570181671466,pointing
0.0,0.0,0.0,-0.0446469783782959,-0.09686356782913208,-0.02461481305999058,-0.10363602638244629,-0.16411533951759338,-0.059909302995031055,-0.16469496488571167,-0.18197837471961975,-0.09157963122469681,-0.21650683879852295,-0.1865425407886505,-0.1257993208919217,-0.04210919141769409,-0.170823872089386,-0.1016606393013646,-0.12107264995574951,-0.18334776163101196,-0.15807811196190613,-0.17373281717300415,-0.1910298764705658,-0.1905142294917752,-0.220014750957489,-0.1951192021369934,-0.20906736727101105,-0.02858656644821167,-0.1067802906036377,-0.11162288512331742,-0.13071990013122559,-0.09592872858047485,-0.16265646393639344,-0.1546316146850586,-0.09507930278778076,-0.16737922306401032,-0.15621548891067505,-0.09669142961502075,-0.16864270742279786,-0.028312623500823975,-0.035828232765197754,-0.12213581080776947,-0.133428156375885,-0.026184380054473877,-0.1667582618747403,-0.13783681392669678,-0.03598451614379883,-0.1529967861924817,-0.11673140525817871,-0.04698073863983154,-0.13853006835324067,-0.037822186946868896,0.026643037796020508,-0.13372024174076813,-0.12199878692626953,0.02724766731262207,-0.169891633347099,-0.12529391050338745,0.007366299629211426,-0.16496082420689362,-0.10141617059707642,-0.011872649192810059,-0.1563290136609723,pointing
0.0,0.0,0.0,-0.032897770404815674,-0.10716366767883301,-0.005744455610727783,-0.09673410654067993,-0.16732379794120789,-0.026288030897593018,-0.15882951021194458,-0.16153797507286072,-0.04591745906076383,-0.1978781819343567,-0.13065308332443237,-0.0701962152918334,-0.0752032995223999,-0.17390748858451843,-0.06301346816620779,-0.1575968861579895,-0.18988239765167236,-0.09676620759568166,-0.2112799882888794,-0.20051926374435425,-0.1160435269077773,-0.25381767749786377,-0.20458608865737915,-0.12825019307932806,-0.06763911247253418,-0.10795879364013672,-0.07570395268998098,-0.18205875158309937,-0.10122549533843994,-0.10458869137368154,-0.189172625541687,-0.09237945079803467,-0.10290358610949468,-0.17369192838668823,-0.08830481767654419,-0.10116000123820257,-0.06808292865753174,-0.034800827503204346,-0.086701389630651,-0.1819712519645691,-0.027922391891479492,-0.11065904446444463,-0.16936755180358887,-0.03093928098678589,-0.09467265405259084,-0.13545483350753784,-0.03727269172668457,-0.08086991705498647,-0.0728139877319336,0.034529685974121094,-0.09739451505742025,-0.16317957639694214,0.025554955005645752,-0.11551852919659567,-0.150682270526886,0.014567136764526367,-0.10319702722630453,-0.11786365509033203,0.004871487617492676,-0.09120195009312582,pointing
0.0,0.0,0.0,-0.033881962299346924,-0.09662473201751709,-0.0006361527145970491,-0.10292083024978638,-0.15252625942230225,-0.015542519070314231,-0.16632378101348877,-0.1575707197189331,-0.028215020686494174,-0.20632797479629517,-0.13274163007736206,-0.04386663229774124,-0.08548909425735474,-0.1588296890258789,-0.05710799039910919,-0.17054080963134766,-0.1814943253993988,-0.08450443835567123,-0.22644126415252686,-0.19697129726409912,-0.09822051019977218,-0.2704082131385803,-0.203116774559021,-0.1066246682555545,-0.09000521898269653,-0.0917542576789856,-0.06894645632814056,-0.20976239442825317,-0.09149235486984253,-0.09786096753190643,-0.1909889578819275,-0.08580291271209717,-0.0945970991403926,-0.15063846111297607,-0.08094698190689087,-0.0887479165346492,-0.09606039524078369,-0.023735642433166504,-0.07759526909898407,-0.20025259256362915,-0.02779233455657959,-0.10084736885141021,-0.1758270263671875,-0.03639036417007446,-0.08464991839240676,-0.13736194372177124,-0.042364656925201416,-0.06905323059867507,-0.10028654336929321,0.037794411182403564,-0.08490017594407684,-0.1829930543899536,0.02114766836166382,-0.0983023473770488,-0.16197431087493896,0.00748753547668457,-0.08387870879481918,-0.13002657890319824,0.0003191828727722168,-0.07076476307223922,pointing
0.0,0.0,0.0,-0.03495091199874878,-0.09847742319107056,-0.004094393113284411,-0.11082756519317627,-0.15273833274841309,-0.018536937078117433,-0.1792561411857605,-0.149574875831604,-0.02753846592235476,-0.2191389799118042,-0.11992776393890381,-0.038604852398513856,-0.0924224853515625,-0.1638350486755371,-0.06623176543939024,-0.17341488599777222,-0.18395119905471802,-0.09481588064658553,-0.2283700704574585,-0.19893702864646912,-0.11068887322175414,-0.2731533646583557,-0.20583420991897583,-0.12094833015429884,-0.09361392259597778,-0.09542912244796753,-0.07476895361173064,-0.21519291400909424,-0.09424465894699097,-0.10196565895306975,-0.1972191333770752,-0.09241384267807007,-0.09853597789037138,-0.1581515073776245,-0.08846282958984375,-0.0932929819725743,-0.09863799810409546,-0.025301337242126465,-0.07958664058673293,-0.20697033405303955,-0.029689550399780273,-0.10191331117379576,-0.18463069200515747,-0.041062116622924805,-0.08484508155810744,-0.14743638038635254,-0.0458831787109375,-0.06878631620633513,-0.10248541831970215,0.037371158599853516,-0.08294745593297392,-0.18895113468170166,0.01940453052520752,-0.09608200996148497,-0.17004930973052979,0.0012831687927246094,-0.08067121415364653,-0.13990652561187744,-0.004462122917175293,-0.06704846828210265,pointing
0.0,0.0,0.0,-0.03395891189575195,-0.09602141380310059,-0.002115048699607769,-0.10722267627716064,-0.1484406292438507,-0.016053442609091917,-0.1757102608680725,-0.1461118459701538,-0.02520674536802403,-0.21917003393173218,-0.11978566646575928,-0.03649396332778565,-0.09350699186325073,-0.16131985187530518,-0.06536351027764908,-0.17737609148025513,-0.1820088028907776,-0.09213907900132767,-0.23181837797164917,-0.19502994418144226,-0.10490777226962678,-0.27514171600341797,-0.20043885707855225,-0.11267017456569306,-0.09502220153808594,-0.09265881776809692,-0.0748621958760225,-0.21726256608963013,-0.08947229385375977,-0.10192055883683793,-0.20048511028289795,-0.08713912963867188,-0.0969663548735582,-0.16197049617767334,-0.08367747068405151,-0.09035481395997635,-0.09921753406524658,-0.023166537284851074,-0.08051581564225785,-0.20796418190002441,-0.026393592357635498,-0.10298868897237412,-0.18630290031433105,-0.03717607259750366,-0.08522427710570923,-0.15091454982757568,-0.04334521293640137,-0.06861787917890183,-0.1019013524055481,0.03931605815887451,-0.08451308938541047,-0.18809163570404053,0.023825347423553467,-0.09752515586890809,-0.16971462965011597,0.006110846996307373,-0.081726460483452,-0.14044582843780518,-0.0006217360496520996,-0.06768249603786103,pointing
0.0,0.0,0.0,-0.03540647029876709,-0.09773677587509155,-0.003815048825902778,-0.10913318395614624,-0.1509837508201599,-0.01705207976975842,-0.17708873748779297,-0.14873424172401428,-0.02526993419506951,-0.22181475162506104,-0.12373185157775879,-0.03542792725840016,-0.09697765111923218,-0.16199618577957153,-0.0636832371679823,-0.17835795879364014,-0.18065860867500305,-0.09295455667653485,-0.2327898144721985,-0.1944112479686737,-0.1089262694446127,-0.27738314867019653,-0.20030352473258972,-0.11896600130477353,-0.09911149740219116,-0.09356385469436646,-0.0727629244653265,-0.2192738652229309,-0.09095799922943115,-0.10257289859929486,-0.1963176727294922,-0.08910340070724487,-0.10029141161122723,-0.15383416414260864,-0.08507794141769409,-0.09463806751647397,-0.10338133573532104,-0.02467256784439087,-0.07847301963248654,-0.20921266078948975,-0.026405513286590576,-0.10320026728787823,-0.1822943091392517,-0.03730279207229614,-0.08691112998404904,-0.1438807249069214,-0.043347179889678955,-0.07055347714105054,-0.1053847074508667,0.03729349374771118,-0.08278346362986966,-0.1887420415878296,0.024184465408325195,-0.09832705858626767,-0.16719180345535278,0.005491852760314941,-0.0842542678443472,-0.13662540912628174,-0.0023700594902038574,-0.0709403559891264,pointing
0.0,0.0,0.0,-0.037431538105010986,-0.09770911931991577,-0.007699132940686582,-0.11273086071014404,-0.14963477849960327,-0.02193804834685409,-0.18015354871749878,-0.1468680500984192,-0.03107014116547191,-0.21893304586410522,-0.11684298515319824,-0.042107470377303,-0.09774887561798096,-0.1646081805229187,-0.06169772897563064,-0.1788005232810974,-0.18205413222312927,-0.0914103202959069,-0.23428863286972046,-0.1944410800933838,-0.10798018802604759,-0.27970826625823975,-0.2005876898765564,-0.11883295704326713,-0.1004975438117981,-0.09690839052200317,-0.07019602884254539,-0.21966975927352905,-0.0877913236618042,-0.10277274627885902,-0.1949787139892578,-0.08134245872497559,-0.10187334199152076,-0.1508105993270874,-0.07649505138397217,-0.09618796040020072,-0.1048588752746582,-0.02643132209777832,-0.07608207692108238,-0.2081131935119629,-0.023882389068603516,-0.10400548209152305,-0.1784684658050537,-0.033201396465301514,-0.08822879572115028,-0.13843673467636108,-0.03901314735412598,-0.07107340176305854,-0.10593968629837036,0.03756606578826904,-0.08110562343797767,-0.1876683235168457,0.02560502290725708,-0.09926806767187202,-0.1649802327156067,0.008280515670776367,-0.08596749235591972,-0.13382184505462646,0.0019802451133728027,-0.0725916214724549,pointing
0.0,0.0,0.0,-0.03677874803543091,-0.09606891870498657,-0.0037568844289026515,-0.1100049614906311,-0.14923611283302307,-0.01860722451400676,-0.17790621519088745,-0.14811241626739502,-0.028416485701917793,-0.22285741567611694,-0.12267899513244629,-0.040496285249709274,-0.09800189733505249,-0.15999430418014526,-0.06801826058816829,-0.18119198083877563,-0.17656314373016357,-0.09868447034549632,-0.2363293170928955,-0.18974176049232483,-0.11544034927081981,-0.2816087603569031,-0.19510489702224731,-0.12598839699220576,-0.09879350662231445,-0.09170669317245483,-0.07767852692794719,-0.22115236520767212,-0.08802425861358643,-0.10908032505702892,-0.1989627480506897,-0.08691132068634033,-0.10668800323200145,-0.15669476985931396,-0.08333343267440796,-0.10083907394599834,-0.10236895084381104,-0.02281874418258667,-0.08370686619472423,-0.21106308698654175,-0.022847771644592285,-0.10931425838661113,-0.1854436993598938,-0.03393447399139404,-0.09178261010837474,-0.14717018604278564,-0.039697349071502686,-0.07450625597429195,-0.10395294427871704,0.03915315866470337,-0.08832448272895732,-0.18987983465194702,0.025943517684936523,-0.10448716132831493,-0.1694333553314209,0.006916344165802002,-0.08959631173801341,-0.13914203643798828,-0.0009253621101379395,-0.07561351655912318,pointing
0.0,0.0,0.0,-0.03451085090637207,-0.09338998794555664,-0.004651838496283034,-0.10919886827468872,-0.14719605445861816,-0.018402407925531605,-0.17852890491485596,-0.1464892029762268,-0.027353438597128132,-0.22436606884002686,-0.12251198291778564,-0.03869858854632113,-0.10135936737060547,-0.16060680150985718,-0.06319569521765445,-0.18516284227371216,-0.17659991979599,-0.09002373838047717,-0.24011266231536865,-0.18857058882713318,-0.1035867827496979,-0.2847171425819397,-0.19368082284927368,-0.11238491260628436,-0.10371553897857666,-0.09176957607269287,-0.07236031913380359,-0.2224271297454834,-0.0856940746307373,-0.1020943494997475,-0.19805556535720825,-0.08392643928527832,-0.09966824674229358,-0.15497750043869019,-0.08067035675048828,-0.09360970282177661,-0.10680222511291504,-0.022051513195037842,-0.07800205522398684,-0.21062052249908447,-0.02083420753479004,-0.10233697765688632,-0.18237793445587158,-0.03181755542755127,-0.08540739589552615,-0.14403265714645386,-0.037567973136901855,-0.06868886673073504,-0.10713523626327515,0.040829479694366455,-0.08240853720526431,-0.19008278846740723,0.028503596782684326,-0.09812783175329898,-0.16849595308303833,0.009524941444396973,-0.08397642248491977,-0.13856756687164307,0.0018947720527648926,-0.07054394954066012,pointing
0.0,0.0,0.0,-0.03465229272842407,-0.09528863430023193,-0.004272226767145781,-0.10924965143203735,-0.14955273270606995,-0.018999021557622342,-0.17778140306472778,-0.15026211738586426,-0.029030580130868344,-0.22077637910842896,-0.12336784601211548,-0.041766677109055905,-0.09829455614089966,-0.16258323192596436,-0.0652405284917883,-0.18151450157165527,-0.17938607931137085,-0.09315088024502316,-0.23796486854553223,-0.19097736477851868,-0.10789322486286679,-0.28414690494537354,-0.19446444511413574,-0.11781952908402005,-0.09975337982177734,-0.09423202276229858,-0.07498177519207516,-0.22068756818771362,-0.0859258770942688,-0.10564857354527035,-0.1948927640914917,-0.08378887176513672,-0.10355451336269894,-0.15112513303756714,-0.08045369386672974,-0.09792226186161557,-0.10269135236740112,-0.023813366889953613,-0.08091818174486676,-0.20979750156402588,-0.02263009548187256,-0.10605448117619076,-0.18150508403778076,-0.032864153385162354,-0.08801889797812024,-0.14253491163253784,-0.03760427236557007,-0.07061303040152112,-0.10375350713729858,0.039910852909088135,-0.08553734054928341,-0.18811959028244019,0.02644878625869751,-0.10205497225885907,-0.16619646549224854,0.008610844612121582,-0.08705303451185742,-0.13625049591064453,0.0030825138092041016,-0.07301860680943051,pointing
0.0,0.0,0.0,-0.03527712821960449,-0.09306061267852783,-0.002443370306000503,-0.10710835456848145,-0.14648288488388062,-0.016547277466461452,-0.17458736896514893,-0.14509344100952148,-0.026662418515488895,-0.22106647491455078,-0.1200873851776123,-0.03918161419133881,-0.10092705488204956,-0.1575709879398346,-0.061169711769625934,-0.18723124265670776,-0.17530471086502075,-0.08664604824881295,-0.24117428064346313,-0.18504944443702698,-0.09851666343312004,-0.2850372791290283,-0.18902438879013062,-0.10579874169926384,-0.10317015647888184,-0.08752769231796265,-0.07097438526253441,-0.21961402893066406,-0.08865034580230713,-0.10052199465136269,-0.1966652274131775,-0.08620494604110718,-0.0976838226328347,-0.15578371286392212,-0.08182084560394287,-0.0909828076968644,-0.10658246278762817,-0.018757998943328857,-0.07686301869253853,-0.2094784379005432,-0.023205816745758057,-0.10043276649813393,-0.18140900135040283,-0.03273749351501465,-0.08220650059084633,-0.1438881754875183,-0.036230266094207764,-0.0645599196563218,-0.10742110013961792,0.04264712333679199,-0.08136075538496712,-0.18999367952346802,0.0267600417137146,-0.09594154161314705,-0.16882723569869995,0.00868910551071167,-0.08039500367741326,-0.13991862535476685,0.001372218132019043,-0.06586842787365654,pointing
0.0,0.0,0.0,-0.03443819284439087,-0.09389179944992065,-0.006388974811454062,-0.10825139284133911,-0.14648085832595825,-0.020757169898171668,-0.1782149076461792,-0.14490145444869995,-0.030436047788281684,-0.22447478771209717,-0.1204688549041748,-0.04230543362679029,-0.10149425268173218,-0.15722650289535522,-0.06260829928102041,-0.18814128637313843,-0.17274382710456848,-0.08857558431806112,-0.24324220418930054,-0.18224167823791504,-0.10007819297494436,-0.28840166330337524,-0.18629014492034912,-0.10737035932721639,-0.10487741231918335,-0.08835506439208984,-0.07088716092290426,-0.2233283519744873,-0.08373087644577026,-0.10274100067796255,-0.1972566843032837,-0.08038485050201416,-0.10033874722899938,-0.15344607830047607,-0.07602530717849731,-0.0929992324370339,-0.10820668935775757,-0.01918107271194458,-0.07573259386004949,-0.21161341667175293,-0.01975792646408081,-0.10198417070092702,-0.18093782663345337,-0.029359817504882812,-0.08415215971650625,-0.14234697818756104,-0.03372162580490112,-0.06583407285394216,-0.1087120771408081,0.04293692111968994,-0.07953530314149404,-0.18938273191452026,0.028472721576690674,-0.096413557853122,-0.16725081205368042,0.010605871677398682,-0.08216447147311712,-0.13879722356796265,0.003954768180847168,-0.06813083353223348,pointing
0.0,0.0,0.0,-0.03237318992614746,-0.09325915575027466,-0.006741751096335236,-0.10653817653656006,-0.14851906895637512,-0.02205560041510779,-0.17791789770126343,-0.1477414071559906,-0.032476276735899035,-0.2232862114906311,-0.12087357044219971,-0.045327496360179964,-0.10035115480422974,-0.15835139155387878,-0.06551646498882491,-0.18698763847351074,-0.17552131414413452,-0.09267016557895857,-0.24298816919326782,-0.18567603826522827,-0.10516464767896849,-0.28862154483795166,-0.18948280811309814,-0.1131580403252812,-0.10372745990753174,-0.0891953706741333,-0.0737857675358029,-0.22191137075424194,-0.08489656448364258,-0.10604364482605177,-0.1945781111717224,-0.08117508888244629,-0.1036348646684857,-0.150837242603302,-0.07676106691360474,-0.09659272489988524,-0.10697329044342041,-0.01972806453704834,-0.0784372991129132,-0.2119889259338379,-0.021278798580169678,-0.10493898449384886,-0.18121325969696045,-0.030795633792877197,-0.08646401075565535,-0.14242762327194214,-0.03475719690322876,-0.06791851727211196,-0.10733282566070557,0.04238158464431763,-0.08202107308351714,-0.18956375122070312,0.025681376457214355,-0.09888427017175871,-0.16777831315994263,0.007422447204589844,-0.08396212814295012,-0.1397000551223755,0.0017548799514770508,-0.0695772549315663,pointing
0.0,0.0,0.0,-0.034031033515930176,-0.09345543384552002,-0.007904260513535988,-0.10701149702072144,-0.1473163664340973,-0.02238941388314153,-0.17689043283462524,-0.14524143934249878,-0.031597351749590885,-0.22250276803970337,-0.11787062883377075,-0.04274483593290235,-0.10179340839385986,-0.15744394063949585,-0.06387676121776487,-0.18934065103530884,-0.17332902550697327,-0.09104810478275205,-0.2441807985305786,-0.1831567883491516,-0.10368173392599012,-0.2891261577606201,-0.1872503161430359,-0.11159714879577542,-0.10451763868331909,-0.08843618631362915,-0.07161921830957318,-0.22177278995513916,-0.08214163780212402,-0.10379351498668576,-0.19362473487854004,-0.07675284147262573,-0.1013718676764288,-0.1496179699897766,-0.07266455888748169,-0.09415533961837674,-0.10759603977203369,-0.019273877143859863,-0.07629216285531903,-0.21034473180770874,-0.019459307193756104,-0.10322100492303754,-0.17832916975021362,-0.02713465690612793,-0.08541473569457914,-0.14004558324813843,-0.031530559062957764,-0.0671171155769148,-0.10749644041061401,0.04213881492614746,-0.08009681673829938,-0.18716078996658325,0.028247296810150146,-0.09774644496028806,-0.16393566131591797,0.011974155902862549,-0.08369087996070768,-0.13517284393310547,0.006211638450622559,-0.0697418657142439,pointing
0.0,0.0,0.0,-0.03279399871826172,-0.09316742420196533,-0.005281088217611085,-0.10449451208114624,-0.1470915675163269,-0.020885130665714513,-0.17248904705047607,-0.14691126346588135,-0.03138459687631823,-0.21805810928344727,-0.120644211769104,-0.04436691691678263,-0.10137581825256348,-0.15596702694892883,-0.06952110891741015,-0.1916419267654419,-0.17253035306930542,-0.09707492058675982,-0.24585604667663574,-0.1818411946296692,-0.10958626335066057,-0.289949893951416,-0.18472978472709656,-0.11707788919609285,-0.10416418313980103,-0.08607673645019531,-0.07719534104269243,-0.21883827447891235,-0.08331680297851562,-0.10662847971122957,-0.19190722703933716,-0.07964521646499634,-0.10136566524904467,-0.150426983833313,-0.0751829743385315,-0.09346414571207262,-0.10724711418151855,-0.016861438751220703,-0.0810852072159598,-0.20955771207809448,-0.021111607551574707,-0.1043829641262839,-0.1795063018798828,-0.029855191707611084,-0.08417768245142199,-0.14291054010391235,-0.03286463022232056,-0.0657660982529471,-0.10717123746871948,0.043714940547943115,-0.08378415768545366,-0.18702083826065063,0.025627434253692627,-0.09819239591758944,-0.16537994146347046,0.009115457534790039,-0.08190488284033037,-0.13814061880111694,0.005137085914611816,-0.06726372455757357,pointing
0.0,0.0,0.0,-0.03418844938278198,-0.09263664484024048,-0.003654230305064843,-0.10478442907333374,-0.1446145474910736,-0.01846130789544098,-0.17176079750061035,-0.1441068947315216,-0.028913671535510943,-0.21823281049728394,-0.11837548017501831,-0.04165763260151856,-0.10160654783248901,-0.15274778008460999,-0.0660083912434768,-0.1908555030822754,-0.16957175731658936,-0.09354047701980583,-0.2452496886253357,-0.1794382929801941,-0.10606742875005715,-0.28959643840789795,-0.18293634057044983,-0.11355231182004921,-0.10461777448654175,-0.08314228057861328,-0.07487114743616097,-0.22084206342697144,-0.08245217800140381,-0.10623541699077599,-0.19351345300674438,-0.08022665977478027,-0.10227605925228112,-0.1507379412651062,-0.07638484239578247,-0.09428093062068932,-0.1082426905632019,-0.014745473861694336,-0.07986387090112679,-0.21065771579742432,-0.01975947618484497,-0.10458063558961861,-0.18065321445465088,-0.02925342321395874,-0.08486060277845375,-0.14323443174362183,-0.03284090757369995,-0.06594611184026711,-0.10905307531356812,0.04498213529586792,-0.08356417940284722,-0.18937015533447266,0.027122318744659424,-0.09862639979745857,-0.1674773097038269,0.0101889967918396,-0.08235255853559487,-0.1395864486694336,0.005480945110321045,-0.06722162143613808,pointing
0.0,0.0,0.0,-0.0329703688621521,-0.09257644414901733,-0.004491843622119518,-0.10475105047225952,-0.14652293920516968,-0.018691470719815584,-0.17292147874832153,-0.14477470517158508,-0.027544721834303232,-0.21939998865127563,-0.11659181118011475,-0.038570374123693796,-0.10297781229019165,-0.15597862005233765,-0.06851385148608813,-0.19115298986434937,-0.17221921682357788,-0.09604590746009478,-0.24455589056015015,-0.1819881796836853,-0.10953553380811343,-0.28823167085647583,-0.1869153380393982,-0.11780899377906451,-0.10465800762176514,-0.08529835939407349,-0.07637548806512484,-0.2213383913040161,-0.08371925354003906,-0.10388461860263476,-0.1962018609046936,-0.07848548889160156,-0.09887498977029452,-0.1551329493522644,-0.07409554719924927,-0.09172609063232073,-0.10691434144973755,-0.015220582485198975,-0.08035260798776278,-0.2109593152999878,-0.02232825756072998,-0.10221133740985522,-0.182509183883667,-0.030218839645385742,-0.08208330335462222,-0.1456979513168335,-0.033193349838256836,-0.06417626502359042,-0.10624295473098755,0.04611337184906006,-0.08311912032210955,-0.18729352951049805,0.02544301748275757,-0.09666137757146487,-0.16689276695251465,0.00946265459060669,-0.0801004132851375,-0.1395891308784485,0.006476044654846191,-0.0654558649882091,pointing
0.0,0.0,0.0,-0.03449749946594238,-0.09003400802612305,-0.0019534065157689184,-0.10564953088760376,-0.14437055587768555,-0.01517002542992607,-0.17289018630981445,-0.1404440999031067,-0.024651031731865558,-0.21888762712478638,-0.11064982414245605,-0.036621682136557254,-0.10694247484207153,-0.15288639068603516,-0.05971759536793009,-0.19568544626235962,-0.1688365936279297,-0.08406174907018915,-0.24822747707366943,-0.1775244176387787,-0.0946381611519076,-0.2905921936035156,-0.18228217959403992,-0.10097282358934656,-0.10923951864242554,-0.08233308792114258,-0.06877006569435373,-0.2191380262374878,-0.08070516586303711,-0.09731321015884653,-0.1918720006942749,-0.07532930374145508,-0.09339415261080042,-0.15046650171279907,-0.07048982381820679,-0.08585178831150309,-0.11086517572402954,-0.013669848442077637,-0.07387524822284952,-0.20913952589035034,-0.01943647861480713,-0.09612072983314768,-0.17914986610412598,-0.025981247425079346,-0.07665228077699915,-0.1431649923324585,-0.027850091457366943,-0.05852539071371332,-0.10930830240249634,0.04718518257141113,-0.0776202453069903,-0.18646323680877686,0.028526902198791504,-0.09031997600128427,-0.16545063257217407,0.013600349426269531,-0.07368402907182947,-0.1395285725593567,0.009306550025939941,-0.05871351414849535,pointing
0.0,0.0,0.0,-0.03343379497528076,-0.09329885244369507,-0.00552570568327182,-0.10356348752975464,-0.1489746868610382,-0.019482252932380373,-0.17032068967819214,-0.15007683634757996,-0.028504991716931993,-0.21626955270767212,-0.1212843656539917,-0.039685612357448274,-0.10586613416671753,-0.15847247838974,-0.06455988231975907,-0.19405913352966309,-0.17302048206329346,-0.09285983983356827,-0.24804234504699707,-0.18245619535446167,-0.10793991181928986,-0.29236286878585815,-0.18707484006881714,-0.11745242569525116,-0.10835081338882446,-0.08836883306503296,-0.07216212693531388,-0.22041189670562744,-0.08725762367248535,-0.10351178590137833,-0.19033151865005493,-0.08334672451019287,-0.10174385253269547,-0.14666599035263062,-0.07865309715270996,-0.09528886321861618,-0.11142027378082275,-0.019289255142211914,-0.07619326356727951,-0.21099615097045898,-0.024762272834777832,-0.10046969894249314,-0.17901498079299927,-0.03158581256866455,-0.08196370843727463,-0.14103597402572632,-0.03374886512756348,-0.06406798753816956,-0.1115490198135376,0.04096066951751709,-0.07923009041626328,-0.1892262101173401,0.02303868532180786,-0.09440292213041657,-0.16637998819351196,0.00938272476196289,-0.07889956775982254,-0.13909870386123657,0.007103979587554932,-0.06433069501001709,pointing
0.0,0.0,0.0,-0.03083956241607666,-0.09089523553848267,-0.00096208640605977,-0.1018405556678772,-0.1451084017753601,-0.012942753243249117,-0.16978055238723755,-0.14304572343826294,-0.021487865108054338,-0.21660369634628296,-0.11811518669128418,-0.032704200106661974,-0.10870558023452759,-0.15632647275924683,-0.057557351398270784,-0.19784986972808838,-0.1712566614151001,-0.0806172187207157,-0.2503047585487366,-0.17937776446342468,-0.09070053647736853,-0.2921605706214905,-0.1827249526977539,-0.09681785802821463,-0.11132436990737915,-0.08630430698394775,-0.06646978061179465,-0.21893984079360962,-0.08222395181655884,-0.09256513367871588,-0.19194763898849487,-0.07918155193328857,-0.08809382419566458,-0.1517319679260254,-0.07554513216018677,-0.08096977274398154,-0.11200964450836182,-0.01770317554473877,-0.07143714230040854,-0.20798498392105103,-0.022107362747192383,-0.09120810728053397,-0.17878109216690063,-0.02998948097229004,-0.07181786696891135,-0.1439388394355774,-0.03195953369140625,-0.054677050071757494,-0.10910648107528687,0.043826282024383545,-0.07509494523982352,-0.18467599153518677,0.026929855346679688,-0.08639256607274359,-0.16401171684265137,0.011480391025543213,-0.07005374829749411,-0.13837474584579468,0.007068276405334473,-0.05574168588499373,pointing
0.0,0.0,0.0,-0.03306657075881958,-0.09044504165649414,-0.0014282738183732935,-0.10297495126724243,-0.1457100510597229,-0.014037581705405922,-0.16941171884536743,-0.14408966898918152,-0.022917653047397346,-0.2146313190460205,-0.11913275718688965,-0.034167279102757186,-0.1075444221496582,-0.15682977437973022,-0.05993905717964432,-0.19779276847839355,-0.16824528574943542,-0.08453466425175926,-0.25103962421417236,-0.1759892702102661,-0.095557485320523,-0.2939985394477844,-0.17981109023094177,-0.10209075788493416,-0.10897320508956909,-0.08608627319335938,-0.069256637790158,-0.2197962999343872,-0.08332347869873047,-0.0979061169409301,-0.19298553466796875,-0.0804603099822998,-0.09421043524976036,-0.15139132738113403,-0.07672661542892456,-0.08663924465413353,-0.10988003015518188,-0.017502963542938232,-0.07450855205292961,-0.20766502618789673,-0.021582841873168945,-0.0963761327647712,-0.17923682928085327,-0.028534352779388428,-0.0771185500406768,-0.14392691850662231,-0.031029224395751953,-0.05908681506748459,-0.10797500610351562,0.04347729682922363,-0.07838596085543892,-0.18544524908065796,0.026765644550323486,-0.09005216936106941,-0.16448718309402466,0.012397289276123047,-0.0728330058836486,-0.13810348510742188,0.00826197862625122,-0.05752982998724243,pointing
0.0,0.0,0.0,-0.033325910568237305,-0.08930528163909912,-0.0007000623202119138,-0.10303056240081787,-0.14455154538154602,-0.013837958399781969,-0.1696939468383789,-0.1426433026790619,-0.023395945963094023,-0.21531522274017334,-0.11606580018997192,-0.03543627419752815,-0.1071886420249939,-0.1569097340106964,-0.060598732617327955,-0.19775521755218506,-0.16825714707374573,-0.08556690224690178,-0.2510530948638916,-0.17628633975982666,-0.09671973594708183,-0.29402637481689453,-0.17976081371307373,-0.1032321543364022,-0.1087561845779419,-0.08575564622879028,-0.0703107208876107,-0.22128325700759888,-0.08349454402923584,-0.09956770547909477,-0.1948087215423584,-0.0816459059715271,-0.09609707602543571,-0.1530066728591919,-0.07805788516998291,-0.08854397543949821,-0.10989552736282349,-0.01714015007019043,-0.07574393012804725,-0.20940101146697998,-0.02188318967819214,-0.09832433023733833,-0.1814292073249817,-0.029890060424804688,-0.07936089643521049,-0.14569318294525146,-0.03266805410385132,-0.06132757821364143,-0.10859048366546631,0.04379463195800781,-0.07959918835444191,-0.18689298629760742,0.026794493198394775,-0.09197159269137123,-0.1660175323486328,0.011485278606414795,-0.07491383859200218,-0.1394176483154297,0.0062590837478637695,-0.059536041405627516,pointing
0.0,0.0,0.0,-0.03259164094924927,-0.09089463949203491,-0.0010142978590534923,-0.1047360897064209,-0.14640295505523682,-0.012616750233116925,-0.17265427112579346,-0.1408228874206543,-0.020500982560458958,-0.21598339080810547,-0.1105351448059082,-0.030614508696142018,-0.11102813482284546,-0.1571422815322876,-0.05633155108267385,-0.19950389862060547,-0.16878974437713623,-0.0791760146694811,-0.2519305348396301,-0.17709794640541077,-0.09007701874548513,-0.29466497898101807,-0.18046501278877258,-0.09717818201357442,-0.11241358518600464,-0.08636218309402466,-0.06549290419394094,-0.2212238311767578,-0.08108609914779663,-0.09170125276619512,-0.1926286220550537,-0.07842797040939331,-0.08820867390209752,-0.15088635683059692,-0.07513076066970825,-0.08179201782518941,-0.11270421743392944,-0.018047988414764404,-0.07071575374180394,-0.2103673219680786,-0.022885382175445557,-0.09067956209951955,-0.18059080839157104,-0.030413389205932617,-0.07192601860338765,-0.1447015404701233,-0.03300285339355469,-0.055174189068618595,-0.10972946882247925,0.04236119985580444,-0.07466713935906011,-0.18539059162139893,0.02505582571029663,-0.08584938050085622,-0.1636928915977478,0.011062324047088623,-0.06973867715174276,-0.13723719120025635,0.007157742977142334,-0.055774273731056034,pointing
0.0,0.0,0.0,-0.033982932567596436,-0.08959555625915527,-0.0006441576699369733,-0.10446727275848389,-0.1430433690547943,-0.013472093123906959,-0.17019760608673096,-0.1413397490978241,-0.0225884493849815,-0.21534639596939087,-0.11592495441436768,-0.03410735991221081,-0.10984855890274048,-0.1548711061477661,-0.06031017270308148,-0.19751739501953125,-0.16711261868476868,-0.0853311557732166,-0.25005602836608887,-0.17587140202522278,-0.09739857059341084,-0.2925081253051758,-0.17995008826255798,-0.10485688489299427,-0.11063152551651001,-0.08492815494537354,-0.06992958378415715,-0.22235232591629028,-0.08094769716262817,-0.0981255013905109,-0.1956501603126526,-0.0800585150718689,-0.09485272955518376,-0.15435296297073364,-0.07784438133239746,-0.0881225157938541,-0.1112402081489563,-0.016698896884918213,-0.07532758158069264,-0.2099372148513794,-0.02125072479248047,-0.09599748146157872,-0.1821170449256897,-0.030577778816223145,-0.0766566384993137,-0.146673321723938,-0.033625662326812744,-0.059223870601469386,-0.1093285083770752,0.043743014335632324,-0.07936037969213139,-0.186151921749115,0.0270078182220459,-0.09086429220061909,-0.1656651496887207,0.01084911823272705,-0.07417850088697087,-0.13951170444488525,0.005937814712524414,-0.059486008103901256,pointing
0.0,0.0,0.0,-0.03508186340332031,-0.08781170845031738,0.00037902712776061165,-0.10490173101425171,-0.14063504338264465,-0.012333423977711089,-0.16901010274887085,-0.14154884219169617,-0.021556579655029662,-0.21358394622802734,-0.11691772937774658,-0.0332467846181177,-0.10845667123794556,-0.1521284580230713,-0.06005933057329882,-0.19660741090774536,-0.16442790627479553,-0.08600059073231447,-0.2496730089187622,-0.17264020442962646,-0.09878882687351931,-0.2921651005744934,-0.1757771372795105,-0.1064545876886629,-0.10789334774017334,-0.08301353454589844,-0.0701195291783594,-0.22136986255645752,-0.07891368865966797,-0.09950677972100008,-0.19522517919540405,-0.07705575227737427,-0.09656303297541369,-0.15363991260528564,-0.07461756467819214,-0.08951080512068499,-0.10813844203948975,-0.015321910381317139,-0.07586616944334734,-0.20849943161010742,-0.0187491774559021,-0.09785427074692477,-0.18133574724197388,-0.027777671813964844,-0.07875683825276125,-0.14557528495788574,-0.031422317028045654,-0.06086547594330538,-0.1065710186958313,0.044864654541015625,-0.08002909194491137,-0.18492287397384644,0.028955519199371338,-0.09288944970629442,-0.1644614338874817,0.012621939182281494,-0.0763647101428293,-0.13775575160980225,0.0067931413650512695,-0.06129013296029795,pointing
0.0,0.0,0.0,-0.03416496515274048,-0.08823144435882568,-0.0012590981716051886,-0.1055343747138977,-0.1426369845867157,-0.013572525225928445,-0.17151939868927002,-0.14091315865516663,-0.022013884030631203,-0.21586555242538452,-0.11253273487091064,-0.03289747796242537,-0.10860705375671387,-0.15339159965515137,-0.05895188263838591,-0.19599556922912598,-0.16711020469665527,-0.08355128950660529,-0.24887114763259888,-0.17657747864723206,-0.09553010947292151,-0.2913435697555542,-0.1815839409828186,-0.10312200523202719,-0.10896921157836914,-0.08527326583862305,-0.06854903138463797,-0.22085094451904297,-0.08082252740859985,-0.09589014387910666,-0.19473004341125488,-0.07610780000686646,-0.09267276711051764,-0.15354204177856445,-0.07239639759063721,-0.08618415332620444,-0.10925805568695068,-0.017532825469970703,-0.07415877468173804,-0.2080780267715454,-0.021079659461975098,-0.09468640572612586,-0.18079930543899536,-0.027661442756652832,-0.0755990091640264,-0.14548742771148682,-0.03030836582183838,-0.058466566719463486,-0.10725128650665283,0.043229520320892334,-0.07850163615529837,-0.18409836292266846,0.027081549167633057,-0.09062743372505011,-0.16388511657714844,0.012798845767974854,-0.07451098597829642,-0.13798165321350098,0.008790314197540283,-0.0602612662989408,pointing
0.0,0.0,0.0,-0.03239607810974121,-0.08867663145065308,0.0019853714520277066,-0.10285073518753052,-0.14263540506362915,-0.008335613306408973,-0.16937291622161865,-0.14248257875442505,-0.015308272685652824,-0.21485519409179688,-0.11653125286102295,-0.024882860142534824,-0.11110121011734009,-0.1544785499572754,-0.056293267417496295,-0.20130330324172974,-0.16864770650863647,-0.07986319776231632,-0.25474053621292114,-0.17711034417152405,-0.09066780622655735,-0.297229528427124,-0.18065455555915833,-0.09704893048459873,-0.1130903959274292,-0.0863906741142273,-0.06569416042024478,-0.22038567066192627,-0.08124005794525146,-0.09022045101577625,-0.19428133964538574,-0.07663869857788086,-0.08450280095989093,-0.1545276641845703,-0.07320135831832886,-0.07674966718608722,-0.11336016654968262,-0.019121289253234863,-0.07098622586185321,-0.20750659704208374,-0.02159130573272705,-0.08909537609273777,-0.18039101362228394,-0.027155280113220215,-0.06938634778911457,-0.14666569232940674,-0.02960139513015747,-0.05235458131486759,-0.11030423641204834,0.04120868444442749,-0.07466917451078281,-0.18401312828063965,0.026818275451660156,-0.08391958441192493,-0.16347473859786987,0.014732897281646729,-0.06667083467895374,-0.13829529285430908,0.01102900505065918,-0.05197753350788936,pointing
0.0,0.0,0.0,-0.0345417857170105,-0.0866086483001709,0.0029984797306639166,-0.10360199213027954,-0.14180850982666016,-0.007038648151578286,-0.16822278499603271,-0.14512982964515686,-0.014570972793521264,-0.21291857957839966,-0.11953169107437134,-0.02462562630397258,-0.113167405128479,-0.15684768557548523,-0.05304681035202918,-0.20394301414489746,-0.17079097032546997,-0.07524390044135032,-0.25679779052734375,-0.17891770601272583,-0.08515570583266197,-0.2988952100276947,-0.18206238746643066,-0.09104023399275718,-0.11494338512420654,-0.08851855993270874,-0.06341731818837104,-0.2220870852470398,-0.08449375629425049,-0.08977288278263984,-0.19650274515151978,-0.08103108406066895,-0.08621117743176399,-0.1564805507659912,-0.07812690734863281,-0.07908834787529884,-0.11548656225204468,-0.021555781364440918,-0.06944240900200782,-0.21115630865097046,-0.024156630039215088,-0.08811372044009147,-0.18550550937652588,-0.0298498272895813,-0.06967092575949607,-0.15147221088409424,-0.03318864107131958,-0.05304340171140609,-0.11323463916778564,0.038593411445617676,-0.07389183612984596,-0.18692642450332642,0.024850547313690186,-0.08305833759230552,-0.16815584897994995,0.011736094951629639,-0.06645669313591895,-0.14317864179611206,0.00567394495010376,-0.05193389477652488,pointing
0.0,0.0,0.0,-0.036459922790527344,-0.08989346027374268,0.001043933611349246,-0.1104312539100647,-0.14429861307144165,-0.009084441531463483,-0.178508460521698,-0.13808119297027588,-0.0167146463133534,-0.22079998254776,-0.10277533531188965,-0.026708456520005086,-0.11593729257583618,-0.1596713662147522,-0.048792308960123876,-0.20574218034744263,-0.17077529430389404,-0.07026649529115758,-0.2595078945159912,-0.17837828397750854,-0.08046499902383886,-0.30274954438209534,-0.18196046352386475,-0.08697380388156972,-0.11753171682357788,-0.09064608812332153,-0.05953670928256116,-0.22533106803894043,-0.08393651247024536,-0.08584074938671193,-0.19938308000564575,-0.08109265565872192,-0.0837770205177506,-0.1585460901260376,-0.07934701442718506,-0.07773232722656331,-0.11746728420257568,-0.022932767868041992,-0.06645266229288183,-0.21336156129837036,-0.025212645530700684,-0.08656055742876134,-0.18645411729812622,-0.03123652935028076,-0.06967602932827077,-0.15143638849258423,-0.03485143184661865,-0.05365081021563611,-0.11419355869293213,0.0375523567199707,-0.07204867416994176,-0.18946188688278198,0.02276510000228882,-0.08221840376035772,-0.1694754958152771,0.009200513362884521,-0.06622939074413381,-0.14284080266952515,0.004265725612640381,-0.05213293695823751,pointing
0.0,0.0,0.0,-0.03699326515197754,-0.09164130687713623,0.0019614729887926785,-0.111538827419281,-0.1438344120979309,-0.007109487117535451,-0.1789919137954712,-0.1343967318534851,-0.013612065152532438,-0.2192808985710144,-0.09633934497833252,-0.02233002396792827,-0.11814528703689575,-0.16169193387031555,-0.047055135169333795,-0.20740193128585815,-0.17231503129005432,-0.0675113486734098,-0.26046907901763916,-0.17944300174713135,-0.07775453353793083,-0.30392688512802124,-0.18297827243804932,-0.08457630003363548,-0.12004470825195312,-0.0922897458076477,-0.057517385729855874,-0.2261781096458435,-0.08316385746002197,-0.08122807616860328,-0.19951170682907104,-0.07977992296218872,-0.07833717639119087,-0.15936118364334106,-0.07859504222869873,-0.07267475748927055,-0.12011408805847168,-0.024217605590820312,-0.06416897351414619,-0.21441787481307983,-0.026237428188323975,-0.08200619245440421,-0.18683433532714844,-0.03271454572677612,-0.06496874118716178,-0.15216845273971558,-0.03632402420043945,-0.049717648574418405,-0.11644184589385986,0.035799264907836914,-0.06952855611712394,-0.19034087657928467,0.020866751670837402,-0.07806327814728675,-0.1700255274772644,0.0070157647132873535,-0.06182524065048156,-0.1436745524406433,0.002352893352508545,-0.048104504742926935,pointing
0.0,0.0,0.0,-0.03755486011505127,-0.09210920333862305,0.0026665398469276624,-0.11206179857254028,-0.14554059505462646,-0.006666894202112417,-0.1806318163871765,-0.13629847764968872,-0.013216634412287931,-0.22187787294387817,-0.10002028942108154,-0.022071432453572015,-0.11893558502197266,-0.16282683610916138,-0.04909165402966664,-0.2069387435913086,-0.17176932096481323,-0.07082817530351804,-0.260400652885437,-0.17991787195205688,-0.08231188183742688,-0.30434122681617737,-0.18409329652786255,-0.0899361280174844,-0.12025898694992065,-0.09317463636398315,-0.059772221502839784,-0.2274414300918579,-0.08642667531967163,-0.08404362773615048,-0.20123106241226196,-0.08517909049987793,-0.08139295702892468,-0.1610376238822937,-0.08420377969741821,-0.07586315101104901,-0.120078444480896,-0.025029659271240234,-0.06636243885475324,-0.21579164266586304,-0.027566969394683838,-0.0841114131184213,-0.1893620491027832,-0.03573209047317505,-0.06675747608858273,-0.15450972318649292,-0.04012346267700195,-0.05130347436386273,-0.1164202094078064,0.035804033279418945,-0.07151238447147534,-0.19130843877792358,0.021349012851715088,-0.07960732853132413,-0.17222833633422852,0.005191206932067871,-0.06303959911781476,-0.14655005931854248,-0.0015697479248046875,-0.0491288138003938,pointing
0.0,0.0,0.0,-0.034195899963378906,-0.09175252914428711,0.004409270051155545,-0.10722959041595459,-0.14359480142593384,-0.002739035368676923,-0.17462903261184692,-0.1400420069694519,-0.007038723987307094,-0.21697533130645752,-0.10889261960983276,-0.01356207330968573,-0.11746597290039062,-0.1628795564174652,-0.04907756516035988,-0.2074291706085205,-0.17377713322639465,-0.07032340609725907,-0.26041537523269653,-0.18164333701133728,-0.08127643012699082,-0.30391767621040344,-0.18537276983261108,-0.0883795677989383,-0.12035113573074341,-0.09461808204650879,-0.05910000049766495,-0.22446590662002563,-0.08744794130325317,-0.08005869233306839,-0.19723331928253174,-0.08434849977493286,-0.07488316142257645,-0.1581418514251709,-0.08274173736572266,-0.06873043471273377,-0.12132102251052856,-0.027242839336395264,-0.0651123210161586,-0.21387851238250732,-0.0301591157913208,-0.08046089702543213,-0.1853216290473938,-0.03559607267379761,-0.062378282037343524,-0.15116548538208008,-0.03879094123840332,-0.04742799171503975,-0.11752867698669434,0.033054232597351074,-0.0695739596455951,-0.1895257830619812,0.01871556043624878,-0.07615205490287735,-0.1690266728401184,0.006142020225524902,-0.05927926146682694,-0.14342612028121948,0.002416670322418213,-0.04566344463523819,pointing
0.0,0.0,0.0,-0.03593975305557251,-0.0920141339302063,0.004964929264914986,-0.10907697677612305,-0.14497119188308716,-0.0025349962944716253,-0.17677289247512817,-0.1426740288734436,-0.007128055016565327,-0.22090661525726318,-0.11314815282821655,-0.014141906327623133,-0.11933988332748413,-0.16162726283073425,-0.05030126710893512,-0.20733344554901123,-0.17299282550811768,-0.07198851024271846,-0.2601900100708008,-0.18107381463050842,-0.0831215104973495,-0.30366238951683044,-0.18524101376533508,-0.09036228274466396,-0.12155789136886597,-0.09368884563446045,-0.06071351309778095,-0.22650408744812012,-0.08992564678192139,-0.0813769197976768,-0.20083868503570557,-0.08575665950775146,-0.07552211945416332,-0.16211289167404175,-0.08288878202438354,-0.06902247881056667,-0.12136560678482056,-0.026095211505889893,-0.06698721861006618,-0.21344983577728271,-0.029316484928131104,-0.08156092678667903,-0.18693286180496216,-0.03494429588317871,-0.06259742592932582,-0.15333342552185059,-0.03824508190155029,-0.04729758789302707,-0.11664038896560669,0.03496772050857544,-0.07165665393235088,-0.1886269450187683,0.021295905113220215,-0.07714744125964046,-0.1704930067062378,0.007066667079925537,-0.05963584994437099,-0.14624649286270142,0.0015527606010437012,-0.045836540213841204,pointing
0.0,0.0,0.0,-0.036518633365631104,-0.09144532680511475,0.0051127334269835956,-0.1097530722618103,-0.14494353532791138,-0.0025155626092896455,-0.17798972129821777,-0.1423630714416504,-0.007096458491389512,-0.22206079959869385,-0.11209005117416382,-0.014094183486406564,-0.1193205714225769,-0.16021353006362915,-0.051267731268410444,-0.20723271369934082,-0.17141884565353394,-0.07358342715025401,-0.26021355390548706,-0.17990058660507202,-0.08499739624977565,-0.3037142753601074,-0.18487456440925598,-0.09235570885658717,-0.12111222743988037,-0.0919232964515686,-0.06178716876030421,-0.22797036170959473,-0.08858603239059448,-0.08327912100077128,-0.20167618989944458,-0.08372676372528076,-0.077526035983567,-0.1620045304298401,-0.08068031072616577,-0.07075316764831996,-0.12071216106414795,-0.024342656135559082,-0.06804920293808436,-0.21384650468826294,-0.027977466583251953,-0.08333483644247508,-0.18693751096725464,-0.03335148096084595,-0.06422458149910426,-0.15275275707244873,-0.03676497936248779,-0.04848717086434817,-0.11604106426239014,0.03652125597000122,-0.07260792263269877,-0.1886243224143982,0.022472679615020752,-0.07848863609552836,-0.17026400566101074,0.007981300354003906,-0.0609031648230598,-0.1459023356437683,0.00195920467376709,-0.04689562999129748,pointing
0.0,0.0,0.0,-0.033338069915771484,-0.0915060043334961,0.004119482573720745,-0.10542207956314087,-0.14652937650680542,-0.0043942525678843936,-0.174208402633667,-0.14715763926506042,-0.010165927715000578,-0.21997541189193726,-0.11825007200241089,-0.018429582721886106,-0.11714619398117065,-0.1616186797618866,-0.05187364459722943,-0.20680153369903564,-0.174028217792511,-0.07369763568728871,-0.26043397188186646,-0.1818433701992035,-0.08378740564673848,-0.3035978674888611,-0.18532705307006836,-0.08994011000483937,-0.12048840522766113,-0.09290564060211182,-0.06174834982245869,-0.2276352047920227,-0.08894890546798706,-0.08516195581048436,-0.2011452317237854,-0.08581221103668213,-0.08005412832587666,-0.16058409214019775,-0.08265215158462524,-0.07275575563996739,-0.12073606252670288,-0.025835514068603516,-0.0672211439976067,-0.2152300477027893,-0.03022700548171997,-0.08394197539180226,-0.18741005659103394,-0.03679460287094116,-0.06510069385856099,-0.15221434831619263,-0.039893925189971924,-0.048776751167473265,-0.11658692359924316,0.03362226486206055,-0.0709995271334023,-0.18928569555282593,0.02020961046218872,-0.07823006973355717,-0.17090094089508057,0.004922747611999512,-0.061254298097786375,-0.14635229110717773,-0.001740097999572754,-0.04700158701032109,pointing
0.0,0.0,0.0,-0.03832995891571045,-0.09165579080581665,0.005305946899067493,-0.11218547821044922,-0.14363133907318115,-0.004115409123290448,-0.18032830953598022,-0.1373366117477417,-0.011251452284444241,-0.22478961944580078,-0.10697561502456665,-0.021031366566706566,-0.11818480491638184,-0.15899890661239624,-0.051148006598044304,-0.2074587345123291,-0.17072203755378723,-0.07335679782419291,-0.2607705593109131,-0.17799466848373413,-0.08363149119405833,-0.30365705490112305,-0.18118631839752197,-0.08993384046344843,-0.11932408809661865,-0.09015524387359619,-0.06254721982269373,-0.2268328070640564,-0.08497267961502075,-0.08660497320680705,-0.201765775680542,-0.08047938346862793,-0.08159591061859217,-0.16228216886520386,-0.07752597332000732,-0.07446350706605998,-0.11879146099090576,-0.022418856620788574,-0.06954326284914103,-0.21445143222808838,-0.025149405002593994,-0.08650229675560084,-0.1887528896331787,-0.031342267990112305,-0.06687242342023936,-0.15452760457992554,-0.03496420383453369,-0.05004586828737345,-0.11471438407897949,0.03822600841522217,-0.07478602779893961,-0.1897403597831726,0.024383962154388428,-0.08189079714803782,-0.17223596572875977,0.008894264698028564,-0.06403797669200983,-0.1477460265159607,0.002147495746612549,-0.04923632917790499,pointing
0.0,0.0,0.0,-0.03902542591094971,-0.09123331308364868,0.0037864928545303655,-0.11361980438232422,-0.14355966448783875,-0.005397397797381132,-0.18174153566360474,-0.13762176036834717,-0.011978545464401691,-0.2256273627281189,-0.10757309198379517,-0.02101907530409619,-0.1184878945350647,-0.15798872709274292,-0.049899736657565086,-0.20612293481826782,-0.17002621293067932,-0.07148318575305268,-0.25932860374450684,-0.1776387095451355,-0.0816360472289972,-0.3023231625556946,-0.18153762817382812,-0.08808152960223481,-0.11955022811889648,-0.08929550647735596,-0.06078892411274239,-0.22759926319122314,-0.08585453033447266,-0.08469899581355378,-0.20223939418792725,-0.08157628774642944,-0.08037895546836182,-0.1621760129928589,-0.07880741357803345,-0.0735244287697725,-0.11902230978012085,-0.021579742431640625,-0.06747820065898225,-0.2136574387550354,-0.02523881196975708,-0.08485944406670853,-0.1874656081199646,-0.03128594160079956,-0.06617653207463547,-0.15343546867370605,-0.0345386266708374,-0.04981127591413781,-0.1152532696723938,0.03911948204040527,-0.0725476129500322,-0.18908751010894775,0.02357947826385498,-0.08029584424180314,-0.17051541805267334,0.008599817752838135,-0.06311072991771027,-0.14584964513778687,0.002855658531188965,-0.04874791415018365,pointing
0.0,0.0,0.0,-0.036157965660095215,-0.08912855386734009,0.0035317008551061235,-0.10824447870254517,-0.1409894824028015,-0.006589832559242836,-0.17513710260391235,-0.1373448371887207,-0.014082818601295344,-0.21965253353118896,-0.10782784223556519,-0.02413093422727286,-0.11659258604049683,-0.15757596492767334,-0.053850199405118815,-0.20630091428756714,-0.17111879587173462,-0.07665782732145487,-0.2594798803329468,-0.1780642867088318,-0.08709075612203776,-0.3021647334098816,-0.1809907853603363,-0.093492086354658,-0.11824822425842285,-0.08873826265335083,-0.06437731844560801,-0.22392958402633667,-0.08430677652359009,-0.08879824293033778,-0.1974511742591858,-0.07904583215713501,-0.08390727204458415,-0.15774112939834595,-0.07645410299301147,-0.0769643889106959,-0.11805182695388794,-0.02107834815979004,-0.07062459302322566,-0.2121320366859436,-0.024844229221343994,-0.08813767445461451,-0.18442046642303467,-0.02964615821838379,-0.06870775235073268,-0.1497364044189453,-0.03299993276596069,-0.05216102239863574,-0.11422550678253174,0.03933382034301758,-0.07528069180624186,-0.18677961826324463,0.02489757537841797,-0.08355698299781977,-0.16772639751434326,0.010408639907836914,-0.066500979784891,-0.14340531826019287,0.0036525726318359375,-0.0522158474959582,pointing
0.0,0.0,0.0,-0.036782264709472656,-0.08889997005462646,0.004226609762074673,-0.10718035697937012,-0.14112478494644165,-0.005646022339103496,-0.1729949712753296,-0.13960587978363037,-0.013222882826564586,-0.21725159883499146,-0.11137300729751587,-0.023279980127451694,-0.11521494388580322,-0.15734362602233887,-0.05182717770778922,-0.20356953144073486,-0.1701768934726715,-0.07466521516883162,-0.25676673650741577,-0.1773565411567688,-0.08565301105820922,-0.2998397648334503,-0.18079423904418945,-0.09259754822098998,-0.11622780561447144,-0.08921855688095093,-0.06314977661216048,-0.22243809700012207,-0.08473396301269531,-0.08853248164498595,-0.19630789756774902,-0.07969564199447632,-0.08460437164151458,-0.15643316507339478,-0.07692110538482666,-0.07798640832745818,-0.11592143774032593,-0.021619141101837158,-0.0701719190224388,-0.2103785276412964,-0.023990213871002197,-0.08800117329203871,-0.18361622095108032,-0.02940911054611206,-0.06866486028277663,-0.1490841507911682,-0.0334855318069458,-0.05197741121494559,-0.11247003078460693,0.03899669647216797,-0.07563516155326155,-0.18587219715118408,0.02590876817703247,-0.0837711210592964,-0.1675925850868225,0.011209368705749512,-0.0663538391932228,-0.14317035675048828,0.004073619842529297,-0.051722429995177066,pointing
0.0,0.0,0.0,-0.03618437051773071,-0.08764767646789551,0.002843185778431234,-0.10651272535324097,-0.14013010263442993,-0.007184275441147747,-0.17188286781311035,-0.1363230049610138,-0.014959563050695124,-0.21531647443771362,-0.10677105188369751,-0.025330624092646303,-0.1162271499633789,-0.15526115894317627,-0.05034559268159455,-0.20429366827011108,-0.16702529788017273,-0.07265397581858224,-0.25717639923095703,-0.1739112138748169,-0.08317227337164468,-0.29972243309020996,-0.17767345905303955,-0.08983387473625726,-0.11712408065795898,-0.08767896890640259,-0.06127546403212136,-0.22124522924423218,-0.08081156015396118,-0.08684270504517144,-0.1953943967819214,-0.07420492172241211,-0.08322733316225595,-0.1561073660850525,-0.07213550806045532,-0.07663929883045739,-0.11642205715179443,-0.02039569616317749,-0.06821918163103646,-0.20816880464553833,-0.01971125602722168,-0.08697733703655786,-0.18179047107696533,-0.023736774921417236,-0.06843517396254128,-0.1479983925819397,-0.028296172618865967,-0.05195859122676438,-0.11257803440093994,0.040655553340911865,-0.07370776358646935,-0.18511879444122314,0.02898949384689331,-0.08279005858702249,-0.16591018438339233,0.016108989715576172,-0.06584928605360574,-0.14059579372406006,0.009637296199798584,-0.05129922974509782,pointing
0.0,0.0,0.0,-0.03673583269119263,-0.08552712202072144,0.0033819071903273823,-0.10788524150848389,-0.13666608929634094,-0.006919079045633936,-0.17308300733566284,-0.13340213894844055,-0.014842006894628668,-0.21564841270446777,-0.10343563556671143,-0.02532608299968686,-0.11825388669967651,-0.15431374311447144,-0.052504469225983286,-0.20794236660003662,-0.1645386815071106,-0.0744712879460856,-0.2599000930786133,-0.17136526107788086,-0.08495868794141259,-0.30161958932876587,-0.1743832230567932,-0.09161943248925652,-0.11830133199691772,-0.0846560001373291,-0.06325763515649285,-0.2210978865623474,-0.07882034778594971,-0.08833249710021462,-0.19487297534942627,-0.07542818784713745,-0.08465960673509088,-0.15608465671539307,-0.07425481081008911,-0.07836753926692452,-0.11703872680664062,-0.01672995090484619,-0.06969693354783502,-0.21050918102264404,-0.019521772861480713,-0.08737598411260095,-0.1846434473991394,-0.025134742259979248,-0.06861539981780496,-0.1508803367614746,-0.029201865196228027,-0.05245294473586526,-0.11258965730667114,0.04410678148269653,-0.07461011461434808,-0.1851508617401123,0.029640138149261475,-0.08302863738952126,-0.16736024618148804,0.01514202356338501,-0.06614877335248437,-0.14338260889053345,0.008189380168914795,-0.05187429539380517,pointing
0.0,0.0,0.0,-0.035963475704193115,-0.08937245607376099,0.0030817984739996973,-0.1052582859992981,-0.1399909257888794,-0.007296039336665672,-0.17025309801101685,-0.13950660824775696,-0.015023764767988723,-0.2139831781387329,-0.10864567756652832,-0.024892219887419742,-0.11431998014450073,-0.1551312804222107,-0.0535503845525227,-0.20442664623260498,-0.16566044092178345,-0.0789504568887196,-0.25965815782546997,-0.17325115203857422,-0.09303477367882351,-0.30468499660491943,-0.17697641253471375,-0.10200709065918545,-0.1157616376876831,-0.0865064263343811,-0.06394805720572094,-0.2218596339225769,-0.08413004875183105,-0.09146911612276654,-0.19439101219177246,-0.07977759838104248,-0.0895308550310574,-0.15343332290649414,-0.0763654112815857,-0.08375293722872357,-0.11641663312911987,-0.01931971311569214,-0.07003300598387341,-0.2126103639602661,-0.02382183074951172,-0.08884850850824932,-0.18514233827590942,-0.029234111309051514,-0.07019027283911328,-0.1491186022758484,-0.0332757830619812,-0.05355563721184353,-0.11394917964935303,0.03949481248855591,-0.07465116641049008,-0.18663173913955688,0.026242852210998535,-0.08340283444647412,-0.16809046268463135,0.011275231838226318,-0.0664241980624638,-0.1432814598083496,0.0032099485397338867,-0.0517818141591988,pointing
0.0,0.0,0.0,-0.03592604398727417,-0.08744001388549805,0.0012869922316554039,-0.10616648197174072,-0.1398637294769287,-0.00898613337307097,-0.1709733009338379,-0.13790246844291687,-0.0167128175857556,-0.21463358402252197,-0.11100459098815918,-0.026581148839284197,-0.1131172776222229,-0.15399381518363953,-0.05178795497744204,-0.20279425382614136,-0.16445761919021606,-0.07410433631270053,-0.25594210624694824,-0.17187339067459106,-0.08477592956154467,-0.2991880178451538,-0.1763136386871338,-0.09157118689148547,-0.11513715982437134,-0.08449035882949829,-0.0621206771942866,-0.22000950574874878,-0.08129727840423584,-0.08841123919813754,-0.19335204362869263,-0.07758790254592896,-0.08557458709805132,-0.15322977304458618,-0.07485228776931763,-0.07928257923452975,-0.11550772190093994,-0.017171621322631836,-0.06848954897253634,-0.20894217491149902,-0.022331297397613525,-0.08755042146771075,-0.1811121106147766,-0.02770942449569702,-0.06923645477621676,-0.14625388383865356,-0.030455470085144043,-0.05280903469650866,-0.11231338977813721,0.042845964431762695,-0.0736195046815169,-0.18439972400665283,0.026939332485198975,-0.0830450851830733,-0.16424918174743652,0.013816893100738525,-0.06646422039597155,-0.13818156719207764,0.009565234184265137,-0.05216087143747927,pointing
0.0,0.0,0.0,-0.03635913133621216,-0.08724284172058105,0.0008143842813908009,-0.10597670078277588,-0.13792791962623596,-0.0091551169508719,-0.16921162605285645,-0.13554057478904724,-0.016424585109355405,-0.2115190625190735,-0.10838097333908081,-0.025846831476094678,-0.1162307858467102,-0.14812731742858887,-0.051058523332478956,-0.20597892999649048,-0.15771356225013733,-0.0730300880724215,-0.2585323452949524,-0.16502264142036438,-0.08364531022846933,-0.3008095324039459,-0.16968554258346558,-0.09023676437676187,-0.11835289001464844,-0.0785825252532959,-0.060402743493916944,-0.2209809422492981,-0.07518118619918823,-0.08591415358126397,-0.1944146752357483,-0.07176029682159424,-0.08305915070116754,-0.15446287393569946,-0.06891810894012451,-0.07669376206934686,-0.11808615922927856,-0.011987805366516113,-0.06584163380205865,-0.20908010005950928,-0.016211271286010742,-0.0840234718972468,-0.1810290813446045,-0.02242875099182129,-0.0661072246485972,-0.14643293619155884,-0.02548128366470337,-0.05002595109284158,-0.1136811375617981,0.04624629020690918,-0.0700880549603724,-0.18340188264846802,0.03155350685119629,-0.07895861191094156,-0.16329073905944824,0.01786065101623535,-0.06265420091688867,-0.1377156376838684,0.01293647289276123,-0.048514742379786924,pointing
0.0,0.0,0.0,-0.034073472023010254,-0.08941084146499634,-0.0021854595937647048,-0.10579186677932739,-0.14094337821006775,-0.012336807670525474,-0.1700838804244995,-0.14144781231880188,-0.019042795869044227,-0.21075206995010376,-0.11411899328231812,-0.027767818766168517,-0.11916333436965942,-0.1511836051940918,-0.0523062929236211,-0.20861560106277466,-0.15998706221580505,-0.07385262695186512,-0.26204705238342285,-0.1682959496974945,-0.08546304550998585,-0.3052719533443451,-0.17252865433692932,-0.09322228875987904,-0.12174731492996216,-0.08307665586471558,-0.0597676060818948,-0.22090363502502441,-0.07653361558914185,-0.08262052235238926,-0.19427990913391113,-0.07600802183151245,-0.07965629396074192,-0.15475261211395264,-0.07447999715805054,-0.07446498272054569,-0.12094289064407349,-0.01696920394897461,-0.06361593899362461,-0.20975619554519653,-0.021573364734649658,-0.07939846661918537,-0.18300867080688477,-0.027157604694366455,-0.06135856208436863,-0.14874345064163208,-0.028767049312591553,-0.046567863198450965,-0.11648833751678467,0.04028177261352539,-0.06674945202701466,-0.1858210563659668,0.026603102684020996,-0.07510498014324085,-0.16550195217132568,0.017074644565582275,-0.059263782920769614,-0.1394692063331604,0.01641780138015747,-0.04609164816372768,pointing
0.0,0.0,0.0,-0.035134971141815186,-0.08828097581863403,-0.0027130704215476698,-0.10773473978042603,-0.13451847434043884,-0.012984636643038172,-0.17239975929260254,-0.13199114799499512,-0.019940172725425143,-0.21308863162994385,-0.1097213625907898,-0.0289797796244482,-0.12504523992538452,-0.15232574939727783,-0.05106491356442966,-0.21523600816726685,-0.16089200973510742,-0.07144771649788417,-0.2680622339248657,-0.168308824300766,-0.0817245630855421,-0.31103235483169556,-0.1727125644683838,-0.08865043654392757,-0.12854444980621338,-0.08597254753112793,-0.05800700321148433,-0.22033774852752686,-0.07834291458129883,-0.07829354091833629,-0.1939377784729004,-0.07355046272277832,-0.0731331346864561,-0.1569596529006958,-0.07235300540924072,-0.06727100297163524,-0.1268099546432495,-0.020257771015167236,-0.061726020121083636,-0.20887809991836548,-0.02326202392578125,-0.0758065818185667,-0.18253278732299805,-0.025215327739715576,-0.05706541001151599,-0.1500760316848755,-0.02663487195968628,-0.0426284013624052,-0.12024092674255371,0.03732353448867798,-0.06492898001621761,-0.1847628951072693,0.02447044849395752,-0.07213392242144145,-0.16461926698684692,0.01728653907775879,-0.056131177985177416,-0.13943177461624146,0.017083048820495605,-0.0432167066569189,pointing
0.0,0.0,0.0,-0.03613996505737305,-0.09216707944869995,0.00024214744267325727,-0.10951465368270874,-0.13882070779800415,-0.009539573387105094,-0.17456191778182983,-0.13541588187217712,-0.016801681303281413,-0.21483838558197021,-0.10681957006454468,-0.02655982778300725,-0.12311410903930664,-0.1541924774646759,-0.04945727058579408,-0.2141098976135254,-0.1636444330215454,-0.06792789691020928,-0.2665901780128479,-0.17088305950164795,-0.07714884721567117,-0.30971837043762207,-0.17495068907737732,-0.0838214679889866,-0.12635493278503418,-0.08650732040405273,-0.05780976259042703,-0.22198468446731567,-0.08344292640686035,-0.07797745608617745,-0.19630706310272217,-0.08313065767288208,-0.07358988367845498,-0.15927177667617798,-0.08254134654998779,-0.06832131736804925,-0.12510085105895996,-0.02064204216003418,-0.06229969479968034,-0.21181267499923706,-0.0267946720123291,-0.07408899062206231,-0.1871824860572815,-0.03283095359802246,-0.0551952458255478,-0.1546507477760315,-0.03455984592437744,-0.041366826676625834,-0.11972612142562866,0.03623694181442261,-0.06617976718475305,-0.1864175796508789,0.021391332149505615,-0.07137850665380441,-0.16808414459228516,0.010405302047729492,-0.05534635105063401,-0.14384043216705322,0.008382737636566162,-0.04304153093029939,pointing
0.0,0.0,0.0,-0.0345454216003418,-0.09051871299743652,-0.0016819480101375461,-0.10648459196090698,-0.13413909077644348,-0.010578379080889988,-0.1708422303199768,-0.12969714403152466,-0.017042668582199383,-0.21204227209091187,-0.1096915602684021,-0.025858758063314724,-0.13128775358200073,-0.15735399723052979,-0.04506913018345671,-0.22114431858062744,-0.16833627223968506,-0.06347146821141081,-0.27438420057296753,-0.17539432644844055,-0.07261564028382139,-0.3174143433570862,-0.17991915345191956,-0.07886004638790922,-0.1354045271873474,-0.0933273434638977,-0.05234158602475958,-0.22069299221038818,-0.08347749710083008,-0.07007961911082106,-0.19511938095092773,-0.07649332284927368,-0.06446980130791502,-0.1600695252418518,-0.0768994688987732,-0.05883017373204069,-0.1327589750289917,-0.027995049953460693,-0.05673274961232977,-0.20949840545654297,-0.02894151210784912,-0.06990546923994856,-0.18446612358093262,-0.026301980018615723,-0.051799735100267696,-0.1539652943611145,-0.027224302291870117,-0.038133775861261654,-0.12475091218948364,0.03027331829071045,-0.06056079086780386,-0.18764597177505493,0.020129084587097168,-0.06712784063935118,-0.16742253303527832,0.017614781856536865,-0.05065756482004957,-0.14169728755950928,0.019376277923583984,-0.03736552041888075,pointing
0.0,0.0,0.0,-0.03821969032287598,-0.0935705304145813,0.00282378766640079,-0.11166059970855713,-0.137104332447052,-0.004614000050807476,-0.175861656665802,-0.12962403893470764,-0.010443015331858874,-0.21624916791915894,-0.1020926833152771,-0.019053396145338297,-0.13288599252700806,-0.15651559829711914,-0.04207279750191617,-0.22320985794067383,-0.1667994260787964,-0.061159810359114886,-0.2763919234275818,-0.17461252212524414,-0.07212807082616735,-0.32020020484924316,-0.17929881811141968,-0.07990811609708715,-0.13745421171188354,-0.09271061420440674,-0.051158035481805086,-0.22579097747802734,-0.08707952499389648,-0.06780762069904256,-0.1991797685623169,-0.08377552032470703,-0.06236687519633222,-0.164137065410614,-0.08457767963409424,-0.05748889439784932,-0.13535869121551514,-0.027159810066223145,-0.05699616142594266,-0.2150835394859314,-0.029803812503814697,-0.06730694168292928,-0.18991166353225708,-0.030373871326446533,-0.04849999242507863,-0.15853911638259888,-0.03153538703918457,-0.03530358367645192,-0.12769556045532227,0.031658053398132324,-0.062117046053046465,-0.1927090287208557,0.019939661026000977,-0.06612370752775121,-0.17319351434707642,0.0143355131149292,-0.048872756148213625,-0.14734256267547607,0.015594542026519775,-0.035785949165457964,pointing
0.0,0.0,0.0,-0.03702324628829956,-0.09513366222381592,0.003846993205712579,-0.11057466268539429,-0.1370677351951599,-0.0022083031929867047,-0.17447644472122192,-0.1295091211795807,-0.007140305823071458,-0.215304434299469,-0.10385411977767944,-0.014846065080149629,-0.13682633638381958,-0.1573815643787384,-0.03855324815808103,-0.22771614789962769,-0.16971898078918457,-0.05312488879857824,-0.28066200017929077,-0.17594707012176514,-0.059377684256418206,-0.3229201138019562,-0.17915084958076477,-0.0637267110854225,-0.1415771245956421,-0.09260356426239014,-0.0466615511089401,-0.22233271598815918,-0.0882158875465393,-0.05881622340379522,-0.19776558876037598,-0.08277237415313721,-0.05077056120930479,-0.16515952348709106,-0.08220762014389038,-0.04481660108862684,-0.13864392042160034,-0.027529418468475342,-0.05142333265243337,-0.21084678173065186,-0.032996296882629395,-0.05904595460592077,-0.18615174293518066,-0.032055795192718506,-0.0400428837150173,-0.15693479776382446,-0.03180915117263794,-0.027408097869141557,-0.13040798902511597,0.030481457710266113,-0.055270600131137826,-0.19221925735473633,0.01552438735961914,-0.05719244759379194,-0.17227232456207275,0.010972440242767334,-0.039339601060731866,-0.14728808403015137,0.013094604015350342,-0.02610362972913549,pointing
0.0,0.0,0.0,-0.0381314754486084,-0.09371417760848999,0.007175887240791212,-0.11225873231887817,-0.13189980387687683,0.0033758264079182254,-0.1747814416885376,-0.12266138195991516,-0.00036094532255503964,-0.2137744426727295,-0.09522008895874023,-0.0069642069239677085,-0.14074593782424927,-0.15422692894935608,-0.03315336000663649,-0.2321852445602417,-0.1657293438911438,-0.04773271572334181,-0.285771906375885,-0.17112243175506592,-0.05541969206673514,-0.3292825222015381,-0.17306041717529297,-0.06106929224473845,-0.14514553546905518,-0.09176510572433472,-0.04232752066594969,-0.2197207808494568,-0.08719736337661743,-0.05224561062199484,-0.1944752335548401,-0.08227992057800293,-0.04389763366920363,-0.16415315866470337,-0.08326840400695801,-0.038744190004891266,-0.14178025722503662,-0.027619540691375732,-0.04834508639318358,-0.2098233699798584,-0.03339141607284546,-0.05328461643797766,-0.18553686141967773,-0.030738532543182373,-0.0338617761109532,-0.15768742561340332,-0.029754698276519775,-0.022088528839177002,-0.13252323865890503,0.030772626399993896,-0.053554036882943024,-0.1907334327697754,0.014177799224853516,-0.0533172164533795,-0.17116224765777588,0.011495232582092285,-0.0349441778336228,-0.14650064706802368,0.014846742153167725,-0.021974922386235107,pointing
0.0,0.0,0.0,-0.038370490074157715,-0.09254962205886841,0.008007170552552623,-0.1171310544013977,-0.1316232979297638,0.004068178510458154,-0.18546158075332642,-0.12627750635147095,0.00010625135484332304,-0.22917520999908447,-0.10694068670272827,-0.007110135709702092,-0.14196377992630005,-0.15519306063652039,-0.03342892516946705,-0.23236817121505737,-0.16677385568618774,-0.0472777253816119,-0.2857236862182617,-0.1729213297367096,-0.05408018742298992,-0.3291129767894745,-0.17524191737174988,-0.05930088002777012,-0.14547234773635864,-0.09224730730056763,-0.042743387712000924,-0.22144466638565063,-0.08895158767700195,-0.0529397121498576,-0.19619488716125488,-0.08282572031021118,-0.04434334774112614,-0.16514497995376587,-0.08171778917312622,-0.0389343156347266,-0.14132189750671387,-0.028073668479919434,-0.048615696919917184,-0.21029222011566162,-0.03409844636917114,-0.05362260256504925,-0.1858934760093689,-0.030784666538238525,-0.03348469649052532,-0.15809029340744019,-0.02885282039642334,-0.021430735556243974,-0.13213783502578735,0.030845224857330322,-0.05342966232991131,-0.19204705953598022,0.015197038650512695,-0.053189552469014245,-0.1711047887802124,0.014983057975769043,-0.034628274930476266,-0.14644277095794678,0.018705010414123535,-0.021800265727399903,pointing
0.0,0.0,0.0,-0.03978627920150757,-0.09326839447021484,0.008629594000126417,-0.11312967538833618,-0.13226935267448425,0.005008579699392612,-0.17373955249786377,-0.12457191944122314,0.0005179541204825,-0.2107885479927063,-0.0961306095123291,-0.007220956494961683,-0.14225751161575317,-0.1544666886329651,-0.02893420029238314,-0.23152410984039307,-0.16579627990722656,-0.042720935305510466,-0.28511494398117065,-0.17114731669425964,-0.05066648404852003,-0.3286985754966736,-0.17261967062950134,-0.0567722646500215,-0.14680612087249756,-0.09326702356338501,-0.03893018420592398,-0.2167535424232483,-0.08478087186813354,-0.048746707847271864,-0.19148290157318115,-0.08028125762939453,-0.041454798540030424,-0.1616809368133545,-0.08202725648880005,-0.037190227767382567,-0.14363569021224976,-0.028870463371276855,-0.04575659986392111,-0.20749342441558838,-0.030943632125854492,-0.050211842169915144,-0.18372029066085815,-0.02801203727722168,-0.031223348339949553,-0.1562221646308899,-0.026711881160736084,-0.020052022298727934,-0.13491898775100708,0.03095334768295288,-0.0517717292512998,-0.19109278917312622,0.01680523157119751,-0.0511739803458795,-0.1705918312072754,0.014977455139160156,-0.03267821203723997,-0.14540737867355347,0.018315613269805908,-0.019710618069325392,pointing
0.0,0.0,0.0,-0.03978520631790161,-0.0916903018951416,0.007438251979301924,-0.11193019151687622,-0.13248783349990845,0.0035461143102750725,-0.17268246412277222,-0.1265122890472412,-0.0010884032839655333,-0.2110300064086914,-0.0998150110244751,-0.008744048189718967,-0.140480637550354,-0.15546119213104248,-0.02894295868684793,-0.2310829758644104,-0.16587230563163757,-0.041258340005178695,-0.284181147813797,-0.17081791162490845,-0.0471363526325419,-0.3270650804042816,-0.17241531610488892,-0.05166355637123132,-0.14494264125823975,-0.09400045871734619,-0.0385463808219626,-0.21554112434387207,-0.0843769907951355,-0.04956039902975107,-0.18976467847824097,-0.07781976461410522,-0.042680242333908325,-0.15901577472686768,-0.07803744077682495,-0.0378510144095614,-0.14263224601745605,-0.030507922172546387,-0.044951473597784286,-0.20497602224349976,-0.031047582626342773,-0.049962633524437194,-0.17978692054748535,-0.027125954627990723,-0.03140125540306116,-0.1523485779762268,-0.02602672576904297,-0.020087107319731956,-0.13528203964233398,0.028765380382537842,-0.05066461977769876,-0.18946963548660278,0.015697896480560303,-0.05036520702054048,-0.16786837577819824,0.015120506286621094,-0.03238464263488794,-0.1430458426475525,0.018405497074127197,-0.019457235236068016,pointing
0.0,0.0,0.0,-0.039167165756225586,-0.09326887130737305,0.008177461578505074,-0.1095881462097168,-0.1315460503101349,0.004793089359061753,-0.16642779111862183,-0.12298232316970825,0.0007563307401667885,-0.20233947038650513,-0.09276801347732544,-0.006294301235122646,-0.14051049947738647,-0.15366894006729126,-0.02898872037325617,-0.2311829924583435,-0.16555097699165344,-0.041980698228819335,-0.28504887223243713,-0.17211821675300598,-0.04986509260628935,-0.3290748596191406,-0.17403867840766907,-0.0561285796472859,-0.1462509036064148,-0.0931808352470398,-0.03855133381579634,-0.21407335996627808,-0.08483141660690308,-0.04737236675713774,-0.1879008412361145,-0.07927197217941284,-0.04029955294821974,-0.15767908096313477,-0.07921332120895386,-0.03643416565750357,-0.14443612098693848,-0.029196560382843018,-0.04498855722044226,-0.2060403823852539,-0.03222930431365967,-0.047092176497919525,-0.18224310874938965,-0.02960360050201416,-0.02833550189529177,-0.15511184930801392,-0.02746802568435669,-0.01807791133318659,-0.13684457540512085,0.03052651882171631,-0.05089887556527373,-0.19066470861434937,0.014402449131011963,-0.04895124164317366,-0.17046308517456055,0.012426674365997314,-0.030848472834570373,-0.14581215381622314,0.016556203365325928,-0.018432180852634872,pointing
0.0,0.0,0.0,-0.03957730531692505,-0.0894271731376648,0.009018437572720472,-0.10860395431518555,-0.12413570284843445,0.005457696606370632,-0.16249626874923706,-0.11124876141548157,0.000650692541583453,-0.1945667862892151,-0.07584714889526367,-0.007322789534029539,-0.14076966047286987,-0.15090277791023254,-0.02633753921001869,-0.23087739944458008,-0.16108307242393494,-0.038191524698433454,-0.28324466943740845,-0.1666204333305359,-0.044905850096640165,-0.3258216381072998,-0.16915881633758545,-0.05025278161376434,-0.14575856924057007,-0.09003198146820068,-0.036694054855999525,-0.21285051107406616,-0.08206266164779663,-0.04545813555925804,-0.18772989511489868,-0.07635527849197388,-0.038907283349928434,-0.15863436460494995,-0.07711029052734375,-0.03520490731209236,-0.14316999912261963,-0.0266534686088562,-0.043854085161385115,-0.20427924394607544,-0.02907264232635498,-0.04594512785881477,-0.18035471439361572,-0.02507859468460083,-0.02760310228079277,-0.1542564034461975,-0.023009538650512695,-0.017500483795103605,-0.1346755027770996,0.03226584196090698,-0.05045987050145584,-0.18681788444519043,0.01738804578781128,-0.04757789651959854,-0.16678708791732788,0.014884412288665771,-0.02897125053316074,-0.14354240894317627,0.018279731273651123,-0.01630078944474178,pointing
0.0,0.0,0.0,-0.04067343473434448,-0.08686792850494385,0.00788328484607348,-0.11133003234863281,-0.12238425016403198,0.004419578844434113,-0.16840118169784546,-0.11221286654472351,0.00015107164774974535,-0.203216552734375,-0.08235949277877808,-0.006967529049390464,-0.14097940921783447,-0.14836561679840088,-0.027120921155685096,-0.23102355003356934,-0.15729475021362305,-0.03900205655979505,-0.2835353910923004,-0.16240039467811584,-0.045353408297771125,-0.32626864314079285,-0.1646285057067871,-0.0503832915334641,-0.14517241716384888,-0.08792591094970703,-0.036758250883096366,-0.21254855394363403,-0.07742118835449219,-0.045970059326165824,-0.18780386447906494,-0.070884108543396,-0.03929296447920194,-0.15850543975830078,-0.07160943746566772,-0.035264584562057166,-0.14280498027801514,-0.024806857109069824,-0.04334498136329046,-0.20389461517333984,-0.02497154474258423,-0.04645176543878904,-0.1799878478050232,-0.020096421241760254,-0.0283100096045672,-0.15369975566864014,-0.01837998628616333,-0.01793594039070001,-0.13502949476242065,0.03454381227493286,-0.04938966347860685,-0.18647271394729614,0.02116382122039795,-0.04758026017832151,-0.1660647988319397,0.020061194896697998,-0.029818314453834205,-0.14247393608093262,0.0232698917388916,-0.01746073863493791,pointing
0.0,0.0,0.0,-0.0378720760345459,-0.08784914016723633,0.008938871721021258,-0.10580688714981079,-0.12240564823150635,0.006287157466850601,-0.1574268937110901,-0.11136734485626221,0.0020361914543727266,-0.18838775157928467,-0.0776745080947876,-0.00532603131026832,-0.14370417594909668,-0.1486026644706726,-0.0232026554399809,-0.23168641328811646,-0.15907761454582214,-0.03447611404002515,-0.2840259075164795,-0.16543245315551758,-0.04153045040906278,-0.3268933892250061,-0.16798657178878784,-0.047543366974004186,-0.1496407389640808,-0.09031796455383301,-0.033261747633822836,-0.2128521203994751,-0.07716470956802368,-0.04153688771069852,-0.18727898597717285,-0.07094329595565796,-0.035313887124665655,-0.15851682424545288,-0.07252132892608643,-0.03192008433283178,-0.14673548936843872,-0.027756929397583008,-0.04034333450139371,-0.20407676696777344,-0.02561020851135254,-0.04168440175593702,-0.18130779266357422,-0.021901249885559082,-0.023732293000229276,-0.15518319606781006,-0.02054065465927124,-0.014125199591525472,-0.13740354776382446,0.03174436092376709,-0.04705665407121984,-0.18623876571655273,0.02028489112854004,-0.04476215836942998,-0.16653382778167725,0.019258201122283936,-0.027388162513979353,-0.14280372858047485,0.02210211753845215,-0.015368131523736395,pointing
0.0,0.0,0.0,-0.03837573528289795,-0.08757561445236206,0.009262630401224214,-0.10685014724731445,-0.12075579166412354,0.0066926806811693496,-0.15760308504104614,-0.10729533433914185,0.0025060145762267894,-0.18677395582199097,-0.07093018293380737,-0.004877554567485731,-0.14438867568969727,-0.1471347212791443,-0.023540535325139444,-0.2323211431503296,-0.15786895155906677,-0.03515812692972986,-0.28468772768974304,-0.1646345555782318,-0.04278926862212984,-0.32774049043655396,-0.1675328016281128,-0.04933875737521021,-0.14983010292053223,-0.08915650844573975,-0.03388409999939768,-0.21307379007339478,-0.07451468706130981,-0.04178424862953989,-0.1869502067565918,-0.06798505783081055,-0.03539624376031725,-0.158220112323761,-0.06972777843475342,-0.03217879621121256,-0.14659547805786133,-0.026618599891662598,-0.04124978123041956,-0.2042471170425415,-0.023878633975982666,-0.041907898465126436,-0.18095707893371582,-0.020058155059814453,-0.023595760891168993,-0.15488940477371216,-0.018747389316558838,-0.014063321368723791,-0.1367706060409546,0.032987236976623535,-0.048304747173517626,-0.18617993593215942,0.021992266178131104,-0.0454644889924225,-0.1663818359375,0.020915091037750244,-0.027793622890442293,-0.1426956057548523,0.023948073387145996,-0.015800212824672144,pointing
0.0,0.0,0.0,-0.04049873352050781,-0.0876198410987854,0.008699389888128906,-0.11130040884017944,-0.12243860960006714,0.006490018000981479,-0.16652840375900269,-0.11172977089881897,0.0031937228200646928,-0.1992713212966919,-0.0809822678565979,-0.0029521600658384273,-0.1430414915084839,-0.14677166938781738,-0.025049221919694276,-0.23222249746322632,-0.1569199562072754,-0.037130599127927155,-0.28451481461524963,-0.1629033088684082,-0.04429507370463881,-0.3271767497062683,-0.16565030813217163,-0.0501205671893743,-0.14752870798110962,-0.08903330564498901,-0.034764007882991166,-0.2114173173904419,-0.07299172878265381,-0.043067095087685914,-0.18594956398010254,-0.06581389904022217,-0.03603469695321593,-0.1573493480682373,-0.06798118352890015,-0.03211441378466162,-0.14497822523117065,-0.026798725128173828,-0.04158441837302718,-0.20241868495941162,-0.022535502910614014,-0.04346088062397513,-0.1791837215423584,-0.017272353172302246,-0.024926788391390176,-0.1535397171974182,-0.016479015350341797,-0.01474450364134583,-0.13634002208709717,0.03298366069793701,-0.048018885062852235,-0.18517935276031494,0.022308409214019775,-0.04597836475245032,-0.16532856225967407,0.023271024227142334,-0.028430857913413377,-0.1417330503463745,0.027376174926757812,-0.016232616485872597,pointing
0.0,0.0,0.0,-0.03968602418899536,-0.08686977624893188,0.008669080688136432,-0.11081606149673462,-0.12156352400779724,0.006608765582072351,-0.16620802879333496,-0.1128678023815155,0.003437218033226941,-0.1988239288330078,-0.08250874280929565,-0.002693874984529998,-0.1433011293411255,-0.14847040176391602,-0.02552095287434497,-0.23227131366729736,-0.15704840421676636,-0.03822576858989635,-0.28464776277542114,-0.1625416874885559,-0.045874154651087906,-0.32701462507247925,-0.16522952914237976,-0.052027034097832825,-0.14704179763793945,-0.09105902910232544,-0.03586186327926555,-0.21238666772842407,-0.07269507646560669,-0.045595529013795044,-0.18660646677017212,-0.06412124633789062,-0.03912037097803989,-0.1566506028175354,-0.06604844331741333,-0.03521079429380336,-0.1439986228942871,-0.02826589345932007,-0.04336029895536342,-0.20173949003219604,-0.020520389080047607,-0.0468391091465179,-0.17811650037765503,-0.015035390853881836,-0.028977657192868378,-0.1516665816307068,-0.015080869197845459,-0.018844860130471375,-0.13484394550323486,0.032334089279174805,-0.05042387404434123,-0.18482846021652222,0.02460944652557373,-0.04982626669995227,-0.16419106721878052,0.026126623153686523,-0.03264684089414516,-0.13939452171325684,0.029847145080566406,-0.020460807242912438,pointing
0.0,0.0,0.0,-0.03940707445144653,-0.08715498447418213,0.008531742720499835,-0.10903775691986084,-0.12216153740882874,0.006209032135650716,-0.1628814935684204,-0.11485818028450012,0.002880027741760216,-0.19589871168136597,-0.08528494834899902,-0.003391569954708018,-0.14277076721191406,-0.14812254905700684,-0.02679810767005364,-0.23226231336593628,-0.15850931406021118,-0.040040328176125684,-0.2851827144622803,-0.16495811939239502,-0.04847595748434941,-0.32834744453430176,-0.16732370853424072,-0.055292139769896664,-0.14664965867996216,-0.09128183126449585,-0.03710307088623921,-0.21234387159347534,-0.07453471422195435,-0.0464717550290672,-0.18625330924987793,-0.06672638654708862,-0.03997914028297345,-0.1563953161239624,-0.06789124011993408,-0.036352950157031216,-0.14335143566131592,-0.02850341796875,-0.04456010368595997,-0.20152652263641357,-0.023151159286499023,-0.047114248396262326,-0.17845970392227173,-0.0192604660987854,-0.02895055991540829,-0.15236693620681763,-0.018773376941680908,-0.019012070269688763,-0.1338445544242859,0.03204590082168579,-0.05164708477388302,-0.1849077343940735,0.02128148078918457,-0.05070720148216168,-0.16512668132781982,0.0215529203414917,-0.0334429172886459,-0.1406773328781128,0.02561187744140625,-0.021349477590426602,pointing
0.0,0.0,0.0,-0.03816252946853638,-0.08913099765777588,0.006763853753092519,-0.10848343372344971,-0.1250089406967163,0.004261820731791488,-0.16420257091522217,-0.11700838804244995,0.0011253811336260355,-0.19793975353240967,-0.08888095617294312,-0.004691295171049603,-0.14083391427993774,-0.15045198798179626,-0.027405230173734196,-0.2318902611732483,-0.1608107089996338,-0.04021332583752013,-0.285025417804718,-0.1668296754360199,-0.047757482001451024,-0.3280920684337616,-0.1692596971988678,-0.05369013346162177,-0.14534276723861694,-0.091702401638031,-0.036874377945331105,-0.21162045001983643,-0.08044600486755371,-0.0468674468192134,-0.18597573041915894,-0.07407069206237793,-0.040801314482358464,-0.155978262424469,-0.07505464553833008,-0.03698764167156554,-0.14301609992980957,-0.028933465480804443,-0.04358152098384238,-0.20171570777893066,-0.028890013694763184,-0.046863192537692555,-0.1787145733833313,-0.024953603744506836,-0.029279231870440015,-0.1526297926902771,-0.02329331636428833,-0.019224949026373395,-0.13481158018112183,0.030914723873138428,-0.05005527831044532,-0.18609005212783813,0.015226960182189941,-0.04902767560806609,-0.1667742133140564,0.0147019624710083,-0.031881166467336186,-0.1424788236618042,0.020075619220733643,-0.019718369314340123,pointing
0.0,0.0,0.0,-0.03918945789337158,-0.08874434232711792,0.007064761442556744,-0.10889047384262085,-0.12477871775627136,0.004159923025831347,-0.1641465425491333,-0.11686325073242188,0.0005309169296694449,-0.1981661319732666,-0.08944213390350342,-0.005842945224181051,-0.1407265067100525,-0.14954614639282227,-0.02794204294918501,-0.23148059844970703,-0.16024363040924072,-0.04118473284183466,-0.28455787897109985,-0.16678950190544128,-0.04905603282390558,-0.3277185559272766,-0.1695292890071869,-0.0552207773202511,-0.1450483798980713,-0.09113764762878418,-0.037722865270957584,-0.21092122793197632,-0.07909184694290161,-0.04808770321546518,-0.184861958026886,-0.0721583366394043,-0.04202699862657511,-0.1547102928161621,-0.07303410768508911,-0.03822502695260965,-0.14259463548660278,-0.02833646535873413,-0.044693099486217136,-0.2005566954612732,-0.027172744274139404,-0.04810765959559404,-0.1776396632194519,-0.023129403591156006,-0.03029068202017271,-0.15167474746704102,-0.021757662296295166,-0.02009679578481638,-0.1344912052154541,0.0317041277885437,-0.05141063235937082,-0.18546777963638306,0.016588985919952393,-0.0504939501756283,-0.166242778301239,0.01635301113128662,-0.03325094111500704,-0.14209657907485962,0.02152848243713379,-0.020990613999352092,pointing
0.0,0.0,0.0,-0.04047971963882446,-0.09044903516769409,0.004740345808031066,-0.11292111873626709,-0.12574279308319092,0.0011646515264231994,-0.17027246952056885,-0.11842063069343567,-0.0022617526777963803,-0.2057068943977356,-0.09382736682891846,-0.008214750276593463,-0.14059770107269287,-0.14813080430030823,-0.0313746556133907,-0.23149222135543823,-0.1588708758354187,-0.04364834348270108,-0.2840820550918579,-0.16486316919326782,-0.05030115688749959,-0.32721173763275146,-0.1672201156616211,-0.05567733565875699,-0.14387303590774536,-0.08811312913894653,-0.039803307452885406,-0.21082377433776855,-0.079384446144104,-0.04926358530828168,-0.18542850017547607,-0.07455354928970337,-0.042403548905340926,-0.15524685382843018,-0.07512849569320679,-0.03828279296466519,-0.1408335566520691,-0.025138258934020996,-0.04543340201088597,-0.19992315769195557,-0.02802133560180664,-0.04827693472215344,-0.1769101619720459,-0.025775909423828125,-0.030552420714585082,-0.15111297369003296,-0.023633718490600586,-0.02070655854949166,-0.13285893201828003,0.03366965055465698,-0.05090748886176755,-0.18434518575668335,0.016023993492126465,-0.049442093768803375,-0.16483616828918457,0.014231741428375244,-0.03245738143631627,-0.14102458953857422,0.01962459087371826,-0.020807281085936324,pointing
0.0,0.0,0.0,-0.04062044620513916,-0.08865225315093994,0.006498958412052502,-0.11308455467224121,-0.12447825074195862,0.003835880858318319,-0.1706143617630005,-0.11785942316055298,0.0006303230970701179,-0.2061622142791748,-0.09268790483474731,-0.00523369390568007,-0.14271676540374756,-0.1484135389328003,-0.027190506030379424,-0.23214364051818848,-0.15927931666374207,-0.03902963878637422,-0.2850518822669983,-0.16540628671646118,-0.04574662776714433,-0.3281049132347107,-0.16779443621635437,-0.05125213371640314,-0.1474933624267578,-0.08936214447021484,-0.03640670659071077,-0.21223664283752441,-0.07934051752090454,-0.04615549700385202,-0.18641918897628784,-0.07264775037765503,-0.03988100918060411,-0.1559678316116333,-0.07254153490066528,-0.03579712616330255,-0.1454390287399292,-0.026015162467956543,-0.042832433749495635,-0.20222598314285278,-0.027298927307128906,-0.045720438976346145,-0.17897170782089233,-0.023917436599731445,-0.02819984735971559,-0.1528226137161255,-0.021562814712524414,-0.018282034937797675,-0.13779997825622559,0.0338473916053772,-0.04899518521553148,-0.18846160173416138,0.01790517568588257,-0.04752099471217264,-0.16845929622650146,0.01774585247039795,-0.030469525177537093,-0.14411211013793945,0.0235479474067688,-0.01854859063452352,pointing
0.0,0.0,0.0,-0.039147377014160156,-0.0886991024017334,0.007801288596610334,-0.10989278554916382,-0.1233547031879425,0.005877307473937776,-0.16518288850784302,-0.11324828863143921,0.0029822090615283514,-0.19823598861694336,-0.0852891206741333,-0.0026418938326884245,-0.14422178268432617,-0.14703905582427979,-0.024568483375688288,-0.23322516679763794,-0.15739041566848755,-0.03509167037226746,-0.2854093611240387,-0.16327786445617676,-0.04071900821544716,-0.32769861817359924,-0.1659012734889984,-0.045417418845673296,-0.14947617053985596,-0.08763927221298218,-0.03367030076005051,-0.21224862337112427,-0.0771491527557373,-0.04122201181270668,-0.18695801496505737,-0.07160162925720215,-0.03411032832481453,-0.1579303741455078,-0.07273703813552856,-0.02987448885359356,-0.14690887928009033,-0.025099992752075195,-0.0398605523190696,-0.20252782106399536,-0.02655428647994995,-0.04090653187849114,-0.17932289838790894,-0.022797822952270508,-0.02300239741124699,-0.15412354469299316,-0.020557522773742676,-0.013201582387765143,-0.13815057277679443,0.0342562198638916,-0.045730805166741106,-0.18647360801696777,0.018356502056121826,-0.042509069808502886,-0.16683459281921387,0.01758366823196411,-0.02486781417646,-0.14381444454193115,0.022711873054504395,-0.012700242132623885,pointing
0.0,0.0,0.0,-0.03995847702026367,-0.09004372358322144,0.008100465385346922,-0.1121780276298523,-0.12392908334732056,0.005921700948952946,-0.1694183349609375,-0.11234840750694275,0.00296913318160108,-0.20312249660491943,-0.08123666048049927,-0.002809025833279577,-0.14396411180496216,-0.14912021160125732,-0.02593855980959603,-0.23372912406921387,-0.15927964448928833,-0.03687921215024659,-0.28648701310157776,-0.16447186470031738,-0.04299725268212029,-0.3293151557445526,-0.1664532721042633,-0.048211630919844595,-0.14878690242767334,-0.08974796533584595,-0.0354477693530626,-0.21410977840423584,-0.07950401306152344,-0.04335288752046296,-0.18874841928482056,-0.07336944341659546,-0.036426615456015554,-0.15942364931106567,-0.07444596290588379,-0.032465573886305776,-0.14601218700408936,-0.026566624641418457,-0.04188329402533242,-0.2045506238937378,-0.028005540370941162,-0.043000024298102346,-0.18163973093032837,-0.02463531494140625,-0.02487286415126988,-0.1555551290512085,-0.02255690097808838,-0.01509961161938378,-0.13717055320739746,0.03297877311706543,-0.04797517556873032,-0.1875089406967163,0.017812073230743408,-0.04517712120142647,-0.16867375373840332,0.016360938549041748,-0.027811088153988806,-0.14512145519256592,0.021185219287872314,-0.015962079653412786,pointing
0.0,0.0,0.0,-0.04023408889770508,-0.09008967876434326,0.007912305447455026,-0.11129724979400635,-0.12350654602050781,0.0054792438477235805,-0.16690397262573242,-0.11084279417991638,0.002268711834396697,-0.19947892427444458,-0.08042407035827637,-0.0036717096500140656,-0.1408834457397461,-0.14544886350631714,-0.026315138411526107,-0.23113107681274414,-0.15728914737701416,-0.0369482289224905,-0.28352993726730347,-0.16265568137168884,-0.04234056427777233,-0.32604408264160156,-0.16398224234580994,-0.046831189391021155,-0.14543235301971436,-0.08638530969619751,-0.035268856880072974,-0.21019846200942993,-0.07780110836029053,-0.0429570439428133,-0.18532615900039673,-0.07219648361206055,-0.03567055865824642,-0.15668129920959473,-0.07286137342453003,-0.03140234455168667,-0.1431984305381775,-0.024604856967926025,-0.041117067185048484,-0.20076650381088257,-0.02793741226196289,-0.04186711340845051,-0.17767482995986938,-0.024923384189605713,-0.023794761595134162,-0.15242230892181396,-0.02248483896255493,-0.014106457789246463,-0.13533198833465576,0.033071041107177734,-0.04657659187615337,-0.18363362550735474,0.015932440757751465,-0.04311137899458828,-0.1641979217529297,0.014289259910583496,-0.02563567898869934,-0.14127647876739502,0.01948535442352295,-0.013810772185031794,pointing
0.0,0.0,0.0,-0.03675711154937744,-0.09050267934799194,0.009468698369708761,-0.10743486881256104,-0.12463122606277466,0.008310549388077959,-0.1628650426864624,-0.11459395289421082,0.006160619629916653,-0.19626641273498535,-0.0844070315361023,0.0011090029342071261,-0.14209502935409546,-0.14891266822814941,-0.024663250466439024,-0.23202276229858398,-0.16127103567123413,-0.03453037286326577,-0.2850732207298279,-0.16656023263931274,-0.03984187686965157,-0.3277687430381775,-0.16780921816825867,-0.04450522879287888,-0.14824217557907104,-0.0897451639175415,-0.03377939531728913,-0.21144187450408936,-0.0814325213432312,-0.03965587312504937,-0.18614882230758667,-0.07512962818145752,-0.03154057407900979,-0.15740293264389038,-0.07509678602218628,-0.02718934374079396,-0.14598631858825684,-0.027408242225646973,-0.039706984107944265,-0.20299583673477173,-0.030677378177642822,-0.038778235708925024,-0.1796512007713318,-0.02701467275619507,-0.020143430253121153,-0.15404921770095825,-0.02419149875640869,-0.010621630159768358,-0.13721460103988647,0.0312841534614563,-0.04517259964868714,-0.18560850620269775,0.015045583248138428,-0.041112416928264395,-0.1656351089477539,0.014157354831695557,-0.023473549207302824,-0.14228469133377075,0.018951117992401123,-0.011683297847959295,pointing
0.0,0.0,0.0,-0.03817468881607056,-0.09035748243331909,0.009779424736670705,-0.10972368717193604,-0.12427866458892822,0.00886325478034422,-0.16572445631027222,-0.1146281361579895,0.006903484328113052,-0.1994876265525818,-0.08610349893569946,0.002146627385563704,-0.14321595430374146,-0.148200124502182,-0.02421324573976591,-0.23383784294128418,-0.16098418831825256,-0.03427041754645899,-0.28697824478149414,-0.166273295879364,-0.03975994572562769,-0.3298071026802063,-0.16761469841003418,-0.044513743972011355,-0.14916914701461792,-0.08946013450622559,-0.03352764681500986,-0.21249115467071533,-0.08205479383468628,-0.03934311554355219,-0.18731820583343506,-0.0758812427520752,-0.031282336121030596,-0.15869879722595215,-0.07581812143325806,-0.02700778529567316,-0.1470550298690796,-0.02729254961013794,-0.039700735961623934,-0.20396292209625244,-0.031342923641204834,-0.03854250222963884,-0.1807982325553894,-0.027761399745941162,-0.01989142098052099,-0.15537899732589722,-0.024827182292938232,-0.010422219192214754,-0.13848578929901123,0.03163468837738037,-0.045446102177329806,-0.1875056028366089,0.01427680253982544,-0.04110682815832689,-0.16806656122207642,0.01324009895324707,-0.023434328516550806,-0.14485079050064087,0.01836496591567993,-0.011660391134746817,pointing
0.0,0.0,0.0,-0.0402950644493103,-0.09045594930648804,0.007322986355390526,-0.11197221279144287,-0.1255485713481903,0.005051047286357857,-0.17002665996551514,-0.11590901017189026,0.0022389006115162147,-0.2048007845878601,-0.08941423892974854,-0.003278004726055883,-0.14063113927841187,-0.14613991975784302,-0.02643437150273087,-0.23117858171463013,-0.15729427337646484,-0.03692324298772576,-0.28400918841362,-0.16214680671691895,-0.04203905376944306,-0.32669636607170105,-0.16325971484184265,-0.04629816699180367,-0.14494287967681885,-0.08631211519241333,-0.035134578378531955,-0.21168678998947144,-0.07869887351989746,-0.04309088575992348,-0.1870330572128296,-0.07281249761581421,-0.035856778056952976,-0.15752363204956055,-0.07284897565841675,-0.03141784507188561,-0.1423046588897705,-0.024338960647583008,-0.04077460456046822,-0.20122897624969482,-0.027810752391815186,-0.04219624611887696,-0.17817825078964233,-0.0244179368019104,-0.024099380032751583,-0.15251988172531128,-0.021831154823303223,-0.014151170173320793,-0.1340460181236267,0.03359866142272949,-0.04600029650482895,-0.18376505374908447,0.017428815364837646,-0.04316285091790917,-0.16412734985351562,0.016379237174987793,-0.02571977141651871,-0.14072638750076294,0.02172631025314331,-0.013792653822932266,pointing
0.0,0.0,0.0,-0.03924286365509033,-0.08836352825164795,0.007293754845207445,-0.11046779155731201,-0.12383446097373962,0.004889513022547476,-0.16652005910873413,-0.11437702178955078,0.0017143258650804682,-0.2006130814552307,-0.08650994300842285,-0.00409459357028652,-0.14238709211349487,-0.14786821603775024,-0.02618101599504996,-0.23284035921096802,-0.1580454707145691,-0.03697792428424407,-0.28561097383499146,-0.16235867142677307,-0.04242894041230727,-0.32817408442497253,-0.16346752643585205,-0.046977065381312855,-0.1470797061920166,-0.08894771337509155,-0.03534093859484244,-0.20959538221359253,-0.07815355062484741,-0.043967913713956364,-0.1843671202659607,-0.07129108905792236,-0.03698303165724326,-0.15538299083709717,-0.07237493991851807,-0.03268440428068686,-0.1445063352584839,-0.026474595069885254,-0.041590109345222004,-0.20139122009277344,-0.02724677324295044,-0.04361605259468604,-0.17784404754638672,-0.022365272045135498,-0.025496976327801235,-0.1521816849708557,-0.020627200603485107,-0.01541423692246724,-0.1359415054321289,0.032729506492614746,-0.04752907889773894,-0.18497073650360107,0.017507195472717285,-0.04523582371761847,-0.16527509689331055,0.017624855041503906,-0.02779661293020297,-0.14189565181732178,0.0222356915473938,-0.015647236135507114,pointing
0.0,0.0,0.0,-0.03891468048095703,-0.08966600894927979,0.006712864836991628,-0.1101188063621521,-0.12540817260742188,0.004274957565904458,-0.16756010055541992,-0.11852222681045532,0.0013227799062960344,-0.20228862762451172,-0.09258812665939331,-0.004318427541910808,-0.14203184843063354,-0.15043309330940247,-0.026935300105868976,-0.23209494352340698,-0.15983253717422485,-0.03822865920668761,-0.2844890356063843,-0.1652275025844574,-0.04467035668498198,-0.327090322971344,-0.16751667857170105,-0.050028724843322436,-0.14646095037460327,-0.09109348058700562,-0.03613956856137435,-0.21205562353134155,-0.08153212070465088,-0.045272516334115664,-0.1863802671432495,-0.07544314861297607,-0.03896554397946517,-0.15616631507873535,-0.07595866918563843,-0.035076009357034366,-0.1438678503036499,-0.028163135051727295,-0.042488100254594485,-0.2026134729385376,-0.03041696548461914,-0.04471812235718886,-0.17975527048110962,-0.027429640293121338,-0.026982672759949367,-0.1535699963569641,-0.025479137897491455,-0.01717596525853793,-0.13559168577194214,0.031225502490997314,-0.04860897573238532,-0.18754899501800537,0.01366114616394043,-0.04670234235531012,-0.1682494878768921,0.01254647970199585,-0.02944504866903941,-0.14403384923934937,0.018070220947265625,-0.01750925580567042,pointing
0.0,0.0,0.0,-0.038948893547058105,-0.08824390172958374,0.009719949221697277,-0.10899519920349121,-0.12184739112854004,0.007998703985002464,-0.16342806816101074,-0.11131513118743896,0.005276065791484541,-0.19631969928741455,-0.08284848928451538,-0.00035307372431958584,-0.14276844263076782,-0.14668267965316772,-0.0267778569771977,-0.23352861404418945,-0.1568688154220581,-0.03952894824883657,-0.28669923543930054,-0.16271346807479858,-0.047454086126300865,-0.3298630714416504,-0.16520187258720398,-0.053800196380827,-0.1473904848098755,-0.09010827541351318,-0.03675701189181524,-0.20976126194000244,-0.07634168863296509,-0.04394314530632215,-0.18422871828079224,-0.06838685274124146,-0.03588089439413267,-0.15569794178009033,-0.06982630491256714,-0.0317640872611733,-0.14495867490768433,-0.027981281280517578,-0.043798976571771675,-0.20054250955581665,-0.026669740676879883,-0.0440960945501061,-0.17745131254196167,-0.02142089605331421,-0.025075036094996506,-0.1523817777633667,-0.020021021366119385,-0.015239566558513218,-0.13605862855911255,0.032038211822509766,-0.05044314357778745,-0.18478310108184814,0.017495036125183105,-0.04755229222914892,-0.1650768518447876,0.018282055854797363,-0.029724107117864662,-0.14177626371383667,0.023455262184143066,-0.01763198617241102,pointing
0.0,0.0,0.0,-0.039856016635894775,-0.08978217840194702,0.008126011411626166,-0.11060094833374023,-0.1234983503818512,0.0061063075577507675,-0.165774405002594,-0.11555758118629456,0.0033110057143161953,-0.19954967498779297,-0.08844590187072754,-0.0022860965086479723,-0.14239537715911865,-0.14744582772254944,-0.026621417780440026,-0.23144787549972534,-0.15766403079032898,-0.03898797527424591,-0.2841469645500183,-0.16359734535217285,-0.04652274370662468,-0.3268299698829651,-0.16599956154823303,-0.05256288096777695,-0.14711135625839233,-0.08954107761383057,-0.036189987962167436,-0.21077102422714233,-0.07825213670730591,-0.04471135110131996,-0.18570882081985474,-0.07182544469833374,-0.03798894182316559,-0.15629637241363525,-0.0723799467086792,-0.034157253508489305,-0.1447066068649292,-0.026730656623840332,-0.04291064635388153,-0.20059651136398315,-0.02733767032623291,-0.044586661909740144,-0.17838197946548462,-0.024124085903167725,-0.026936189909498864,-0.15305501222610474,-0.022052764892578125,-0.017416646410744363,-0.13635587692260742,0.032826244831085205,-0.049296173905055696,-0.18582266569137573,0.017030179500579834,-0.047011937652747804,-0.16668701171875,0.01616990566253662,-0.029875617180984193,-0.14317023754119873,0.021587729454040527,-0.01812703505627411,pointing
0.0,0.0,0.0,-0.039228200912475586,-0.08638608455657959,0.010111371398323854,-0.10894733667373657,-0.11896407604217529,0.00838504486566194,-0.16274738311767578,-0.1078495979309082,0.005561451770716985,-0.1946704387664795,-0.0767892599105835,-0.0002979947664982774,-0.1428309679031372,-0.14363384246826172,-0.02637409291381232,-0.23273903131484985,-0.15353363752365112,-0.038813189260309855,-0.2850600481033325,-0.1593208611011505,-0.04674980848247401,-0.32792484760284424,-0.16176378726959229,-0.053272177122181574,-0.1470499038696289,-0.08600121736526489,-0.036739763460701624,-0.21124911308288574,-0.07328492403030396,-0.043998756102865855,-0.185089111328125,-0.06621277332305908,-0.03637514322215907,-0.15619522333145142,-0.06749719381332397,-0.03258979751879565,-0.14381539821624756,-0.02379012107849121,-0.044034820638245264,-0.20207631587982178,-0.022934138774871826,-0.04428114800865046,-0.17848455905914307,-0.018627703189849854,-0.025166862301176707,-0.15262365341186523,-0.017405569553375244,-0.015277097589915911,-0.13401883840560913,0.03573065996170044,-0.050895993254727045,-0.1845216155052185,0.02198803424835205,-0.04791026993805758,-0.16512727737426758,0.021442055702209473,-0.029933933756893794,-0.14158785343170166,0.025647282600402832,-0.017817047081535975,pointing
0.0,0.0,0.0,-0.04109376668930054,-0.08879432082176208,0.005103472169544432,-0.11484801769256592,-0.12438750267028809,0.0018078797879255148,-0.17372381687164307,-0.1155681312084198,-0.0014396369074844984,-0.20927858352661133,-0.08544230461120605,-0.007367654688600567,-0.1412906050682068,-0.14553698897361755,-0.030110646024290588,-0.23204505443572998,-0.1532362997531891,-0.04187799802416947,-0.2846531569957733,-0.15748929977416992,-0.04807028359169152,-0.32746419310569763,-0.15896683931350708,-0.05322484484309342,-0.14418309926986694,-0.08552759885787964,-0.03872102683777001,-0.21254074573516846,-0.07594513893127441,-0.04854389464849618,-0.1872166395187378,-0.07048255205154419,-0.04197872987383988,-0.15701442956924438,-0.07090437412261963,-0.03788348844641831,-0.14059549570083618,-0.02264702320098877,-0.044426398336831596,-0.20248115062713623,-0.024339675903320312,-0.047904970109406975,-0.17955398559570312,-0.0216829776763916,-0.03003618864709523,-0.15289640426635742,-0.0197981595993042,-0.01986620387429383,-0.1317046880722046,0.03585195541381836,-0.0498752239941993,-0.1848832368850708,0.020055711269378662,-0.04917957445973542,-0.16562950611114502,0.01829451322555542,-0.032342458128873375,-0.14119350910186768,0.023369312286376953,-0.020654108360353973,pointing
0.0,0.0,0.0,-0.04046410322189331,-0.0872548520565033,0.006909698240264106,-0.11213523149490356,-0.1206674575805664,0.003879099843828726,-0.16783225536346436,-0.11024951934814453,0.0004121610178060564,-0.20123964548110962,-0.07982903718948364,-0.00591627974827702,-0.14220726490020752,-0.14314311742782593,-0.029627930846260142,-0.23259103298187256,-0.15227308869361877,-0.041677713867471766,-0.28509849309921265,-0.15682324767112732,-0.0483556506300431,-0.32791411876678467,-0.1579812467098236,-0.05387809919957931,-0.1451738476753235,-0.08437120914459229,-0.038934205200718,-0.20918452739715576,-0.07135772705078125,-0.04763676645998771,-0.1837841272354126,-0.06495493650436401,-0.04040541174654777,-0.15457862615585327,-0.06591498851776123,-0.03643253492955978,-0.14152443408966064,-0.02175140380859375,-0.045304365929411006,-0.19968128204345703,-0.020832180976867676,-0.047300916638420176,-0.17652899026870728,-0.017676949501037598,-0.028983958538816523,-0.1507549285888672,-0.016539692878723145,-0.019149495762036395,-0.13219618797302246,0.037329256534576416,-0.05138886394743736,-0.18314850330352783,0.023188769817352295,-0.04965275200848396,-0.16362804174423218,0.022253751754760742,-0.03240701976065452,-0.1397939920425415,0.026502907276153564,-0.020645071294353556,pointing
0.0,0.0,0.0,-0.041043102741241455,-0.08929723501205444,0.005216088621970982,-0.11465275287628174,-0.12443554401397705,0.0025053885868757675,-0.1731547713279724,-0.1171676516532898,-0.0003670658812851002,-0.20865541696548462,-0.0881308913230896,-0.0057913116076022675,-0.14292925596237183,-0.147599458694458,-0.02802173559451404,-0.23316138982772827,-0.15481844544410706,-0.04003531624460521,-0.2861882448196411,-0.15951544046401978,-0.04676929627442661,-0.32907113432884216,-0.16140735149383545,-0.05223831300521198,-0.14616084098815918,-0.08773398399353027,-0.037047327951434283,-0.214738130569458,-0.0776137113571167,-0.04766939719105068,-0.18934231996536255,-0.07206004858016968,-0.04208557446384731,-0.15834319591522217,-0.07234513759613037,-0.0382457091369659,-0.14265310764312744,-0.024513840675354004,-0.04336527501130405,-0.20364761352539062,-0.025294899940490723,-0.047625420139077335,-0.18096113204956055,-0.022855937480926514,-0.030774410338047176,-0.15413141250610352,-0.02143007516860962,-0.020898928389790683,-0.13363444805145264,0.03428995609283447,-0.04947631944799724,-0.18644118309020996,0.019468605518341064,-0.04913140226984325,-0.16741406917572021,0.017839670181274414,-0.03274539251709285,-0.14264100790023804,0.02268153429031372,-0.021194247052910953,pointing
0.0,0.0,0.0,-0.04090613126754761,-0.08704233169555664,0.00971772739497112,-0.11050611734390259,-0.11931127309799194,0.007562835084470976,-0.16296517848968506,-0.10718655586242676,0.004187859444144237,-0.19447046518325806,-0.07450932264328003,-0.0021981679944218513,-0.14158284664154053,-0.1425095796585083,-0.026415615027573836,-0.23287826776504517,-0.15277409553527832,-0.03845963502469374,-0.2859719395637512,-0.15770936012268066,-0.045696790015128386,-0.3293447494506836,-0.158773273229599,-0.05172075951638533,-0.14629685878753662,-0.08484387397766113,-0.03671892235222174,-0.21009069681167603,-0.07280629873275757,-0.044243744259503615,-0.18433332443237305,-0.06666457653045654,-0.03674573326649977,-0.15575635433197021,-0.06804776191711426,-0.03292982155623747,-0.14373654127120972,-0.022468924522399902,-0.04395671436729742,-0.2017229199409485,-0.02246612310409546,-0.04400205487552,-0.17827224731445312,-0.018637657165527344,-0.024974335601356756,-0.1527532935142517,-0.017069220542907715,-0.015210232382443678,-0.1349514126777649,0.03720515966415405,-0.05083707222881628,-0.18428140878677368,0.0227929949760437,-0.04774198183956457,-0.16468387842178345,0.021646976470947266,-0.030007297789481413,-0.14148467779159546,0.02569526433944702,-0.018093949800160658,pointing
0.0,0.0,0.0,-0.0371326208114624,-0.089211106300354,0.0076342381764291645,-0.1072608232498169,-0.12389212846755981,0.006289409310006988,-0.16282343864440918,-0.11758348345756531,0.004320821561300647,-0.19799667596817017,-0.0911095142364502,-0.0003084453235757678,-0.14093035459518433,-0.14776918292045593,-0.026007867116099703,-0.23186731338500977,-0.1584380865097046,-0.03674038189983975,-0.2848302721977234,-0.16345688700675964,-0.04261202428079258,-0.32778096199035645,-0.16469413042068481,-0.04762090805507313,-0.1459398865699768,-0.08922040462493896,-0.03488129067755352,-0.21066343784332275,-0.0789175033569336,-0.04280735987759243,-0.18500488996505737,-0.07264941930770874,-0.035657909396654475,-0.15561443567276,-0.07353860139846802,-0.03149324718452107,-0.14365798234939575,-0.026746630668640137,-0.04087826300001751,-0.20193850994110107,-0.02804332971572876,-0.042127371463543284,-0.17846888303756714,-0.0245058536529541,-0.024121780577665675,-0.15274840593338013,-0.02302086353302002,-0.014465463976925719,-0.13532871007919312,0.032030463218688965,-0.046572592738634455,-0.18487459421157837,0.016374707221984863,-0.044528328511482584,-0.1647767424583435,0.01558685302734375,-0.027696191031104433,-0.1409088373184204,0.019909024238586426,-0.016099746036893237,pointing
0.0,0.0,0.0,-0.03886902332305908,-0.08822453022003174,0.008152909699504107,-0.10868597030639648,-0.1231209933757782,0.006571331649695367,-0.16264164447784424,-0.11626890301704407,0.004123769357477158,-0.19563007354736328,-0.08802545070648193,-0.0010679309427246153,-0.14176058769226074,-0.1472344994544983,-0.02578432938861397,-0.23215991258621216,-0.15740033984184265,-0.037527237896199495,-0.28488069772720337,-0.1629422903060913,-0.04471280879187134,-0.3281365633010864,-0.16476976871490479,-0.05074467963385132,-0.14653247594833374,-0.08984577655792236,-0.035344821278329164,-0.21049761772155762,-0.07716488838195801,-0.04341485804724243,-0.1842362880706787,-0.07084399461746216,-0.036563490394826204,-0.1548948884010315,-0.07193976640701294,-0.03289027965473679,-0.14395493268966675,-0.027620255947113037,-0.04210373095082787,-0.20119714736938477,-0.027232646942138672,-0.04327796852993515,-0.1777471899986267,-0.02398902177810669,-0.025287392426605493,-0.15203583240509033,-0.022795677185058594,-0.015799422625775605,-0.1352095603942871,0.031820833683013916,-0.04863843030142334,-0.1848238706588745,0.016499042510986328,-0.046701547567124635,-0.1652255654335022,0.015517592430114746,-0.029856153641219407,-0.14140832424163818,0.02007681131362915,-0.018295924056644708,pointing
0.0,0.0,0.0,-0.0414128303527832,-0.08880484104156494,0.009888337651041468,-0.11105388402938843,-0.12208247184753418,0.008445208618191202,-0.16426056623458862,-0.11475998163223267,0.005837477935251911,-0.19730085134506226,-0.08499205112457275,0.0003430977400924462,-0.14299577474594116,-0.146317720413208,-0.024500818265828173,-0.23328548669815063,-0.1558402180671692,-0.03472647005155949,-0.28582823276519775,-0.16093170642852783,-0.0405112125857201,-0.32877132296562195,-0.16251853108406067,-0.04556519844964413,-0.147846519947052,-0.08744257688522339,-0.034759345738443415,-0.2118738293647766,-0.07928729057312012,-0.041274438886198084,-0.1870415210723877,-0.07460188865661621,-0.033723104087862055,-0.15817183256149292,-0.0754537582397461,-0.029889994574936907,-0.14491575956344604,-0.024732887744903564,-0.04195491903856663,-0.2016007900238037,-0.028484344482421875,-0.041605330346378366,-0.1795526146888733,-0.026109278202056885,-0.02358280056551365,-0.1545572280883789,-0.02409207820892334,-0.014593697427066843,-0.1362621784210205,0.034265339374542236,-0.04874335163668064,-0.18585562705993652,0.017559289932250977,-0.045025433687719385,-0.16641736030578613,0.015523731708526611,-0.027556560276302378,-0.1431185007095337,0.019813060760498047,-0.01604968057409195,pointing
0.0,0.0,0.0,-0.04068368673324585,-0.08837428689002991,0.008095395393681315,-0.10989469289779663,-0.12222328782081604,0.005072773076605586,-0.1634168028831482,-0.11441022157669067,0.0009778020819766198,-0.19679111242294312,-0.08577272295951843,-0.0060692889466764655,-0.1407065987586975,-0.14267581701278687,-0.027375100538122865,-0.22940993309020996,-0.1519468128681183,-0.038118036821472856,-0.28086674213409424,-0.1563970446586609,-0.04346441327034256,-0.3230818212032318,-0.15703368186950684,-0.048153983786690446,-0.14393693208694458,-0.08372768759727478,-0.037187496557820054,-0.20790332555770874,-0.07468658685684204,-0.04568693636356613,-0.1833590865135193,-0.07156777381896973,-0.03860175086556694,-0.15477204322814941,-0.07315266132354736,-0.03470138309894821,-0.13995110988616943,-0.021838903427124023,-0.04384079425035736,-0.1962970495223999,-0.023361563682556152,-0.0455709941536071,-0.17440330982208252,-0.022502779960632324,-0.027625047028053018,-0.14908671379089355,-0.021440207958221436,-0.01810694894193432,-0.13135123252868652,0.036258161067962646,-0.05008148251472733,-0.1807977557182312,0.021048784255981445,-0.047989314779627534,-0.16115981340408325,0.017392456531524658,-0.030933302253473016,-0.13763362169265747,0.020407140254974365,-0.019398173674929353,pointing
0.0,0.0,0.0,-0.04036825895309448,-0.0861334502696991,0.00800533713271534,-0.10839217901229858,-0.11732757091522217,0.005286693381719942,-0.15860044956207275,-0.10857146978378296,0.0015869312171048477,-0.1893269419670105,-0.07774686813354492,-0.004915790357983951,-0.13933390378952026,-0.1410246193408966,-0.028066361048615818,-0.22995179891586304,-0.15022370219230652,-0.03982376093546236,-0.2825682759284973,-0.15499472618103027,-0.04618928367773378,-0.3254825472831726,-0.15582513809204102,-0.05145149464289034,-0.14230972528457642,-0.0827694833278656,-0.038083443143762,-0.20625746250152588,-0.07194745540618896,-0.04690725142637575,-0.181210458278656,-0.06692498922348022,-0.03997638980428064,-0.1521308422088623,-0.06812745332717896,-0.036053662845290546,-0.13884121179580688,-0.020539581775665283,-0.045169992098010425,-0.19544488191604614,-0.02082723379135132,-0.04673093343654955,-0.17335844039916992,-0.01849311590194702,-0.029086690121687298,-0.1484420895576477,-0.01754242181777954,-0.019730929010904674,-0.1304120421409607,0.03843599557876587,-0.05194599340239847,-0.18091052770614624,0.02337867021560669,-0.04941037456075037,-0.1615542769432068,0.021257460117340088,-0.032250446924365406,-0.13810986280441284,0.024570882320404053,-0.020674310350216274,pointing
0.0,0.0,0.0,-0.04233270883560181,-0.08532708883285522,0.006845759618876457,-0.11093735694885254,-0.11862465739250183,0.0035158972440640923,-0.16147595643997192,-0.10889136791229248,-0.001302646431291521,-0.192024827003479,-0.07785642147064209,-0.008780486956389666,-0.14159470796585083,-0.14288723468780518,-0.02403971467182231,-0.22944426536560059,-0.14968502521514893,-0.035804129280300856,-0.2813131809234619,-0.15350782871246338,-0.042361027635784865,-0.32351425290107727,-0.15399223566055298,-0.04785608414575648,-0.14421343803405762,-0.08484616875648499,-0.034594154991360426,-0.20608419179916382,-0.0685543417930603,-0.04629490438863826,-0.18097341060638428,-0.06415939331054688,-0.041622697450371504,-0.151930570602417,-0.06784296035766602,-0.03835930589601588,-0.14022302627563477,-0.022508084774017334,-0.04256006244585109,-0.19372862577438354,-0.01566600799560547,-0.0472989707069118,-0.1715283989906311,-0.0133284330368042,-0.031224322579952002,-0.1465303897857666,-0.014489710330963135,-0.021841415278764487,-0.13205373287200928,0.03661167621612549,-0.05038226310178828,-0.17839467525482178,0.02849876880645752,-0.04994739133879733,-0.15836387872695923,0.025928378105163574,-0.03394641641542506,-0.1349172592163086,0.02694380283355713,-0.022535405196400404,pointing
0.0,0.0,0.0,-0.04130387306213379,-0.08455082774162292,0.0078331356271093,-0.1083904504776001,-0.11741691827774048,0.004726836305010806,-0.15766996145248413,-0.10815754532814026,1.240487831921655e-05,-0.18836933374404907,-0.0776563286781311,-0.0072941977196450125,-0.14086103439331055,-0.1413712501525879,-0.02379000248770069,-0.22966605424880981,-0.14978450536727905,-0.034891462572019805,-0.2817108631134033,-0.15433785319328308,-0.04105878496925186,-0.32404008507728577,-0.15505343675613403,-0.04621318230788063,-0.14483118057250977,-0.0828072726726532,-0.03389682123820137,-0.20458698272705078,-0.0698474645614624,-0.043858638651769866,-0.17928177118301392,-0.06518834829330444,-0.03833024824420761,-0.1505284309387207,-0.06733536720275879,-0.03487180048982452,-0.14199823141098022,-0.020655930042266846,-0.04123471552888702,-0.19407939910888672,-0.018216848373413086,-0.043758782245319594,-0.17172449827194214,-0.015181899070739746,-0.026891079418462027,-0.14678066968917847,-0.01450437307357788,-0.017594174169104804,-0.13473284244537354,0.03843581676483154,-0.048387231923740615,-0.17950856685638428,0.02591162919998169,-0.046246735997598876,-0.15951961278915405,0.024290025234222412,-0.029665476329725493,-0.13669192790985107,0.026523053646087646,-0.018102622278135527,pointing
0.0,0.0,0.0,-0.041052281856536865,-0.08248478174209595,0.008016051965945792,-0.10477745532989502,-0.11349523067474365,0.0040524841837523695,-0.1508304476737976,-0.10101282596588135,-0.0019481938712360147,-0.1776747703552246,-0.06793159246444702,-0.010764677767461706,-0.13950574398040771,-0.14025777578353882,-0.024635693748301435,-0.22762197256088257,-0.14654892683029175,-0.036963584591454435,-0.27889734506607056,-0.15022864937782288,-0.043944793511933256,-0.320966511964798,-0.1509060263633728,-0.04984249429852383,-0.1418202519416809,-0.08393847942352295,-0.03609484316856282,-0.20144712924957275,-0.06464046239852905,-0.047842739839857984,-0.1756332516670227,-0.058736443519592285,-0.043177886624640394,-0.14755797386169434,-0.06359952688217163,-0.04030788200051205,-0.1378244161605835,-0.02262204885482788,-0.04485384630114453,-0.1884137988090515,-0.012914299964904785,-0.049100476075714994,-0.16533207893371582,-0.0091325044631958,-0.03284658001810925,-0.14067614078521729,-0.011463165283203125,-0.023717500959342885,-0.13013416528701782,0.03633582592010498,-0.05348827572614567,-0.17270082235336304,0.03098851442337036,-0.052617671658104825,-0.15175122022628784,0.02897399663925171,-0.036569154579943586,-0.12878400087356567,0.02884078025817871,-0.025228430275625158,pointing
0.0,0.0,0.0,-0.03893554210662842,-0.08152779936790466,0.008804267353959006,-0.10153007507324219,-0.11355563998222351,0.0056398465182851965,-0.1475183367729187,-0.10567685961723328,0.00014107520994599554,-0.17559391260147095,-0.07528623938560486,-0.008014675148181993,-0.13728463649749756,-0.1426069438457489,-0.02198961462115534,-0.22456735372543335,-0.1489049792289734,-0.03431920792197474,-0.27489542961120605,-0.15289565920829773,-0.04194711606239565,-0.31580111384391785,-0.1545049250125885,-0.04828029583429583,-0.14016127586364746,-0.08899486064910889,-0.033724994317047674,-0.2009870409965515,-0.0708654522895813,-0.04526143978571184,-0.1756536364555359,-0.063129723072052,-0.041279953822844107,-0.1479753851890564,-0.06785231828689575,-0.03870844925975092,-0.13703662157058716,-0.028881490230560303,-0.04283965836500414,-0.18849170207977295,-0.019109606742858887,-0.04675489376520403,-0.16643452644348145,-0.013903915882110596,-0.031186127022259313,-0.14152586460113525,-0.015792906284332275,-0.02235413055156954,-0.13043826818466187,0.02998220920562744,-0.05182108740543612,-0.17485016584396362,0.023728013038635254,-0.050804567441694815,-0.15557056665420532,0.02257072925567627,-0.03518870930408724,-0.13216525316238403,0.023860633373260498,-0.023998939350597936,pointing
0.0,0.0,0.0,-0.038951992988586426,-0.0824703574180603,0.010041383854904495,-0.10188674926757812,-0.11470627784729004,0.007171588778355442,-0.14806467294692993,-0.1043819785118103,0.0022091784662094938,-0.17595911026000977,-0.07171303033828735,-0.005542261697492279,-0.13532143831253052,-0.14309212565422058,-0.02302112633748976,-0.22131812572479248,-0.1501062512397766,-0.03616868535443274,-0.2713441848754883,-0.15430405735969543,-0.04469984600707022,-0.31313925981521606,-0.15543445944786072,-0.05168590525551764,-0.13889694213867188,-0.08860281109809875,-0.03477782959505049,-0.2007172703742981,-0.07204458117485046,-0.04545852745338408,-0.17488038539886475,-0.0653582215309143,-0.04065284708901373,-0.14681440591812134,-0.06926286220550537,-0.03802003914876906,-0.13627493381500244,-0.028660058975219727,-0.04376556927724806,-0.18867528438568115,-0.02089381217956543,-0.046598637648067154,-0.16665977239608765,-0.01679384708404541,-0.03026632050438849,-0.14182192087173462,-0.018167853355407715,-0.021497732199868835,-0.1296500563621521,0.029902935028076172,-0.05245452950163809,-0.17436003684997559,0.02183431386947632,-0.05106197128458945,-0.1545274257659912,0.020452141761779785,-0.03525188023611037,-0.13149255514144897,0.021520018577575684,-0.024308812044701256,pointing
0.0,0.0,0.0,-0.03748047351837158,-0.08323124051094055,0.008816921228472552,-0.09893089532852173,-0.11578509211540222,0.0050695050339442105,-0.14370250701904297,-0.10677516460418701,-0.0008922967646043389,-0.16953665018081665,-0.07464900612831116,-0.009704442618485132,-0.13505041599273682,-0.14427924156188965,-0.02230093806802813,-0.2192438840866089,-0.15368711948394775,-0.03396717823862616,-0.26965367794036865,-0.15947887301445007,-0.04185851655721251,-0.31088361144065857,-0.16134360432624817,-0.04878353692411963,-0.14004123210906982,-0.09007811546325684,-0.03335291139602248,-0.19767969846725464,-0.07271087169647217,-0.04319572813629691,-0.17258387804031372,-0.06541520357131958,-0.03866640470742766,-0.14486825466156006,-0.06862425804138184,-0.036441445274348894,-0.1378185749053955,-0.02978450059890747,-0.041641998959775606,-0.18600964546203613,-0.02084970474243164,-0.04354018337845389,-0.16470080614089966,-0.016521334648132324,-0.027607206178899446,-0.13956773281097412,-0.016926825046539307,-0.019531683920021692,-0.13106310367584229,0.02875995635986328,-0.04988875604986731,-0.16877341270446777,0.022864580154418945,-0.04842812932848517,-0.14829593896865845,0.022107839584350586,-0.033461596740480104,-0.12475711107254028,0.023664772510528564,-0.023127691743965784,pointing
0.0,0.0,0.0,-0.03937619924545288,-0.08282417058944702,0.009029695286223216,-0.10178953409194946,-0.11751672625541687,0.004796434647211356,-0.14783340692520142,-0.10765433311462402,-0.001437610027572589,-0.17504864931106567,-0.0762321949005127,-0.010626883723965364,-0.13288110494613647,-0.1464090347290039,-0.024042339542141633,-0.21673434972763062,-0.15478718280792236,-0.036812413030496316,-0.26696616411209106,-0.15952038764953613,-0.0447571869131238,-0.30784618854522705,-0.1604619026184082,-0.05134276627861567,-0.13690471649169922,-0.09172162413597107,-0.03568673461042948,-0.19755864143371582,-0.07405546307563782,-0.04655954196416445,-0.17251735925674438,-0.06743729114532471,-0.04172050535046168,-0.14404171705245972,-0.07074907422065735,-0.03889276414476939,-0.13426601886749268,-0.030729591846466064,-0.04452259793244906,-0.1857169270515442,-0.021380603313446045,-0.04814926862083979,-0.1634121537208557,-0.017056405544281006,-0.0318649630185277,-0.1381933093070984,-0.01771944761276245,-0.022959136882057862,-0.12714606523513794,0.029035866260528564,-0.053042608791223245,-0.16671258211135864,0.02543741464614868,-0.052516854846111016,-0.14557963609695435,0.023908793926239014,-0.03703048407398768,-0.12265020608901978,0.024422764778137207,-0.026123905101052003,pointing
0.0,0.0,0.0,-0.03844422101974487,-0.07974204421043396,0.012482524650430094,-0.09789824485778809,-0.11303836107254028,0.008818745414053808,-0.14209699630737305,-0.10195794701576233,0.0022849678399765594,-0.16878902912139893,-0.07010027766227722,-0.0075514756270891326,-0.13184845447540283,-0.14175763726234436,-0.0219893364363557,-0.21501994132995605,-0.1508849561214447,-0.034856068169439425,-0.2654685974121094,-0.15600919723510742,-0.04314079714354335,-0.3064882159233093,-0.1568417251110077,-0.0500185249501115,-0.13757771253585815,-0.08962759375572205,-0.034797718947494616,-0.19586914777755737,-0.07428154349327087,-0.044141644810999026,-0.17083585262298584,-0.06687909364700317,-0.03829046172436534,-0.14340728521347046,-0.06959527730941772,-0.035111395841205706,-0.13487404584884644,-0.030382215976715088,-0.044511342620218386,-0.18326711654663086,-0.02158111333847046,-0.04603721035059749,-0.16163957118988037,-0.016885101795196533,-0.029266827007496943,-0.1373220682144165,-0.017563164234161377,-0.020700030227864374,-0.12706291675567627,0.028714299201965332,-0.05364468527373134,-0.16334843635559082,0.026874005794525146,-0.051723396604621996,-0.1427292823791504,0.025594234466552734,-0.0361756554001218,-0.12114119529724121,0.024808883666992188,-0.025523917948568453,pointing
0.0,0.0,0.0,-0.03773409128189087,-0.07859548926353455,0.009505582651168965,-0.09651041030883789,-0.11255103349685669,0.005127968875736855,-0.1399880051612854,-0.09949097037315369,-0.001798735205969848,-0.1662280559539795,-0.06580090522766113,-0.011668047258584835,-0.1319502592086792,-0.14219892024993896,-0.020639021271794178,-0.21234524250030518,-0.15049803256988525,-0.03255726615521226,-0.2604100704193115,-0.1553216278553009,-0.039356479743450024,-0.29927927255630493,-0.1577596664428711,-0.04498151535722528,-0.13682770729064941,-0.08895856142044067,-0.03262370670768533,-0.1933237910270691,-0.07266977429389954,-0.04345458591911111,-0.16875708103179932,-0.0639040470123291,-0.0389341361317328,-0.14194101095199585,-0.06744697690010071,-0.03600672850939546,-0.1341874599456787,-0.029699325561523438,-0.04190749893519197,-0.18124014139175415,-0.020224571228027344,-0.04625252107712541,-0.15898102521896362,-0.013688147068023682,-0.030440809527366497,-0.1355939507484436,-0.014535665512084961,-0.021474870243995525,-0.12698912620544434,0.029112815856933594,-0.05077716554137979,-0.16391092538833618,0.025549232959747314,-0.0503685384485415,-0.14281320571899414,0.026087462902069092,-0.03472724030348573,-0.12163335084915161,0.026501893997192383,-0.023507410982578136,pointing
0.0,0.0,0.0,-0.03809446096420288,-0.07713443040847778,0.011453018663111436,-0.09692943096160889,-0.10901951789855957,0.00783527190763067,-0.140056312084198,-0.09766149520874023,0.001586821884508538,-0.16621482372283936,-0.06560921669006348,-0.00771562042680074,-0.13261723518371582,-0.13946884870529175,-0.02057562661391188,-0.2130548357963562,-0.14668288826942444,-0.03211904582601477,-0.2618939280509949,-0.15094122290611267,-0.03922555116039206,-0.30171409249305725,-0.15126752853393555,-0.04540707808953215,-0.13802534341812134,-0.08863779902458191,-0.0327966537795632,-0.19446676969528198,-0.06791931390762329,-0.041477537574586165,-0.16892558336257935,-0.05954456329345703,-0.03563148793798376,-0.1418176293373108,-0.06305330991744995,-0.03244509440880705,-0.13501763343811035,-0.030177593231201172,-0.04213061821680952,-0.18107295036315918,-0.01664876937866211,-0.043401795300063384,-0.15903979539871216,-0.011555790901184082,-0.027204085933384192,-0.1355084776878357,-0.013294339179992676,-0.01901680496555258,-0.1269664764404297,0.028697967529296875,-0.051016821386632216,-0.1608341932296753,0.030246376991271973,-0.049126575561579955,-0.1404653787612915,0.02930736541748047,-0.03442196068387915,-0.11995726823806763,0.027682125568389893,-0.02431255099397589,pointing
0.0,0.0,0.0,-0.03513753414154053,-0.07857361435890198,0.009386925304809779,-0.09374523162841797,-0.11166492104530334,0.006518205440173119,-0.13724005222320557,-0.10174673795700073,0.0014392364989390671,-0.1633930802345276,-0.07179641723632812,-0.006293439959605962,-0.12920713424682617,-0.14012479782104492,-0.020532311593612462,-0.2097567915916443,-0.1470644772052765,-0.030955437292774945,-0.2575379014015198,-0.15100878477096558,-0.036692136620601445,-0.2967117726802826,-0.15189844369888306,-0.041836967413743764,-0.1336854100227356,-0.0877889096736908,-0.03134300718220118,-0.18842864036560059,-0.06976979970932007,-0.04022392416509035,-0.16358035802841187,-0.06221640110015869,-0.03477234924348238,-0.13697922229766846,-0.06593847274780273,-0.03176862532409075,-0.13144242763519287,-0.03044050931930542,-0.03950270051272753,-0.1765575408935547,-0.021103203296661377,-0.04189104000242594,-0.1545770764350891,-0.01500481367111206,-0.026331329440196782,-0.131577730178833,-0.01567864418029785,-0.01813589008661154,-0.12510740756988525,0.026180744171142578,-0.047367406730970174,-0.16026222705841064,0.022520244121551514,-0.045892873500903875,-0.13996702432632446,0.02283608913421631,-0.03135543102534655,-0.11945396661758423,0.023533165454864502,-0.02131140949340704,pointing
0.0,0.0,0.0,-0.03534352779388428,-0.07715937495231628,0.010936642850360556,-0.09368956089019775,-0.10874724388122559,0.008347366789898558,-0.13768988847732544,-0.09952235221862793,0.0034083412891092735,-0.16461175680160522,-0.0697551965713501,-0.004255297274717407,-0.13050782680511475,-0.13827165961265564,-0.01979878466335805,-0.21123862266540527,-0.14446836709976196,-0.02996050674227746,-0.25924843549728394,-0.14819127321243286,-0.03582849647609265,-0.29826393723487854,-0.14816248416900635,-0.04110128354040654,-0.13553142547607422,-0.08627298474311829,-0.03102588575092824,-0.19035851955413818,-0.06633669137954712,-0.03873988162485631,-0.1651679277420044,-0.05835390090942383,-0.032573114295878725,-0.13833433389663696,-0.061534225940704346,-0.02933007213977845,-0.13301563262939453,-0.028579115867614746,-0.03947875197736295,-0.17781680822372437,-0.017066001892089844,-0.04052089821306737,-0.15577805042266846,-0.011647641658782959,-0.024860425998845415,-0.1329714059829712,-0.012716710567474365,-0.017079747428574876,-0.1257948875427246,0.028564512729644775,-0.047500400950589494,-0.15966498851776123,0.02689570188522339,-0.04534935127703221,-0.13950198888778687,0.026770710945129395,-0.031030618732252435,-0.11946070194244385,0.026758015155792236,-0.021343368252196626,pointing
0.0,0.0,0.0,-0.03645205497741699,-0.07622867822647095,0.009614911016278427,-0.09377259016036987,-0.1071869432926178,0.005646465432100456,-0.13609212636947632,-0.09409397840499878,-0.0009103226198661218,-0.16130459308624268,-0.06241041421890259,-0.010327317666060765,-0.13181346654891968,-0.13726061582565308,-0.020041105251557667,-0.21111905574798584,-0.14317473769187927,-0.03104498508179887,-0.2588738799095154,-0.1470920443534851,-0.03742251070941194,-0.2977164089679718,-0.1482602059841156,-0.043083599682695706,-0.13598406314849854,-0.08644935488700867,-0.03172457861507638,-0.1894313097000122,-0.06424957513809204,-0.04179716008508905,-0.16418612003326416,-0.05580407381057739,-0.03699538382495149,-0.1372585892677307,-0.05995255708694458,-0.03410726311410173,-0.1323643922805786,-0.029445886611938477,-0.040756418283827145,-0.1760270595550537,-0.01434403657913208,-0.04380436884964212,-0.1537104845046997,-0.008618175983428955,-0.028668840329892475,-0.13080644607543945,-0.010898768901824951,-0.020675456996805508,-0.12410014867782593,0.027106285095214844,-0.04954490336383088,-0.15677958726882935,0.029596328735351562,-0.04903420331681474,-0.13594859838485718,0.029199302196502686,-0.035092986102945645,-0.1154816746711731,0.027809321880340576,-0.025218925352938015,pointing
0.0,0.0,0.0,-0.03556746244430542,-0.07717451453208923,0.010247962917404152,-0.09374898672103882,-0.10894772410392761,0.007269028476642347,-0.136466383934021,-0.09836205840110779,0.0016289343081581364,-0.16127824783325195,-0.0673791766166687,-0.006804641899449848,-0.1318461298942566,-0.1397894322872162,-0.018219510656578564,-0.21041584014892578,-0.14643853902816772,-0.0288572223901582,-0.25850921869277954,-0.15044096112251282,-0.03535177056191685,-0.2971327006816864,-0.15091288089752197,-0.04114438090918782,-0.13687342405319214,-0.08832255005836487,-0.029635944035632633,-0.1898282766342163,-0.06636637449264526,-0.03966623042224171,-0.16442203521728516,-0.0583420991897583,-0.03524406124351742,-0.13747406005859375,-0.0627601146697998,-0.032375133228285335,-0.13412028551101685,-0.03073275089263916,-0.03840313721893551,-0.1764599084854126,-0.015606403350830078,-0.041092677605135464,-0.15397900342941284,-0.01048046350479126,-0.026466839578731083,-0.1309598684310913,-0.013002514839172363,-0.018664185520989918,-0.12667804956436157,0.026131510734558105,-0.04688818995354893,-0.15653866529464722,0.02974647283554077,-0.045746820610744976,-0.136025071144104,0.029077649116516113,-0.03230278064010861,-0.11629396677017212,0.027137041091918945,-0.022741042640788578,pointing
0.0,0.0,0.0,-0.03589361906051636,-0.07744529843330383,0.009831967236429762,-0.09414064884185791,-0.10952094197273254,0.0062671270537677515,-0.13672208786010742,-0.09865689277648926,0.0001807141201126683,-0.16212952136993408,-0.06853124499320984,-0.008684852687686373,-0.13207191228866577,-0.137966126203537,-0.02032150101479857,-0.21161484718322754,-0.14432832598686218,-0.03222113062259524,-0.2605918049812317,-0.14805889129638672,-0.03939605091330378,-0.3001798987388611,-0.14807245135307312,-0.04553504992839663,-0.13661450147628784,-0.08713358640670776,-0.03147908632275431,-0.1909393072128296,-0.06301403045654297,-0.04197980423089831,-0.16566646099090576,-0.05531752109527588,-0.037151161177128245,-0.13852274417877197,-0.06005936861038208,-0.034131418509453226,-0.13336020708084106,-0.030157268047332764,-0.04004760418650477,-0.17718404531478882,-0.012932419776916504,-0.0432007681262192,-0.1547684669494629,-0.00860518217086792,-0.02822756540593474,-0.13173556327819824,-0.011859297752380371,-0.020225867224901606,-0.12547439336776733,0.026383638381958008,-0.048316962612837244,-0.15694832801818848,0.03199052810668945,-0.04772709269639819,-0.1365249752998352,0.031081795692443848,-0.034324235810011317,-0.11676651239395142,0.028372764587402344,-0.024796388639181544,pointing
0.0,0.0,0.0,-0.03813046216964722,-0.07483020424842834,0.010794562262738339,-0.09626549482345581,-0.10693603754043579,0.007566938151860825,-0.13904637098312378,-0.09676212072372437,0.0014590759279897725,-0.16308850049972534,-0.0684613287448883,-0.0073556136588806,-0.13454198837280273,-0.1376258134841919,-0.017607795099472412,-0.2115778923034668,-0.1442190408706665,-0.02847254278764666,-0.2594935894012451,-0.14742326736450195,-0.034873928899621376,-0.2977448105812073,-0.14766675233840942,-0.040573257977818855,-0.1395334005355835,-0.08730226755142212,-0.029500033731316933,-0.1908167600631714,-0.061696648597717285,-0.039312303091143974,-0.16543614864349365,-0.05208772420883179,-0.03440125661597193,-0.13898837566375732,-0.057219505310058594,-0.03139692174897135,-0.13611668348312378,-0.030214369297027588,-0.03878368439779223,-0.17579853534698486,-0.009978413581848145,-0.04154458271965922,-0.15385675430297852,-0.004662513732910156,-0.02663102189705313,-0.13162535429000854,-0.008686482906341553,-0.01875179822251738,-0.12802088260650635,0.02665764093399048,-0.04778198155269564,-0.15739864110946655,0.03436732292175293,-0.04629304635033549,-0.1371435523033142,0.03456318378448486,-0.03234666960940302,-0.11737972497940063,0.032148778438568115,-0.02250947619483412,pointing
0.0,0.0,0.0,-0.03729921579360962,-0.07402274012565613,0.010478861728230981,-0.09530073404312134,-0.10712450742721558,0.006842372571597366,-0.13815206289291382,-0.09882885217666626,0.0005638774419338688,-0.16348981857299805,-0.07085525989532471,-0.00840395679183814,-0.13348698616027832,-0.13750889897346497,-0.02017702059306714,-0.21121346950531006,-0.14394575357437134,-0.03182231904425237,-0.2589026093482971,-0.14695703983306885,-0.03820050404824826,-0.29705363512039185,-0.14655297994613647,-0.04367190869011495,-0.13677692413330078,-0.08742177486419678,-0.03211768613614652,-0.1900545358657837,-0.06205117702484131,-0.04294256017961118,-0.16465699672698975,-0.05276978015899658,-0.03781402380623433,-0.13800758123397827,-0.05750393867492676,-0.03448659451164815,-0.13247692584991455,-0.03051966428756714,-0.04137814314522359,-0.174993634223938,-0.010632693767547607,-0.04563406751908872,-0.15258044004440308,-0.005829036235809326,-0.03020684318103406,-0.13010352849960327,-0.010006964206695557,-0.021522327227970095,-0.12392926216125488,0.02640664577484131,-0.050189985795398684,-0.15780067443847656,0.033086419105529785,-0.04987585814156148,-0.13776129484176636,0.03304016590118408,-0.03541796551503751,-0.11777377128601074,0.030674636363983154,-0.02496809036888692,pointing
0.0,0.0,0.0,-0.035835206508636475,-0.07593110203742981,0.011063891499809131,-0.09342235326766968,-0.10715195536613464,0.00827841557519804,-0.13561177253723145,-0.09992164373397827,0.002748163453809127,-0.15986710786819458,-0.07249268889427185,-0.005387012809940472,-0.13380634784698486,-0.1389942467212677,-0.01803629003507723,-0.21101391315460205,-0.1464775800704956,-0.02906020447654356,-0.258894145488739,-0.14969223737716675,-0.03577780813021292,-0.2971813678741455,-0.14943286776542664,-0.04166269019288649,-0.1389760971069336,-0.08953237533569336,-0.02925953730983366,-0.18940091133117676,-0.06446295976638794,-0.03781637266320814,-0.1643410325050354,-0.055588483810424805,-0.03189409986180891,-0.1385299563407898,-0.061192333698272705,-0.02865412734491457,-0.13575881719589233,-0.03255707025527954,-0.03794414266986479,-0.17346590757369995,-0.013320744037628174,-0.03924573302311529,-0.15222907066345215,-0.008832037448883057,-0.024028328210540906,-0.13048332929611206,-0.01272737979888916,-0.016501964033075467,-0.12780845165252686,0.024159491062164307,-0.04638154894156088,-0.15407401323318481,0.030577421188354492,-0.04408642366571058,-0.13375651836395264,0.029768407344818115,-0.03050867743832697,-0.11451435089111328,0.026714324951171875,-0.021244010851212636,pointing
0.0,0.0,0.0,-0.03522765636444092,-0.0757216215133667,0.011609157588985397,-0.09366679191589355,-0.10736024379730225,0.009578925599065258,-0.13701695203781128,-0.09821712970733643,0.004657156807091667,-0.16201871633529663,-0.07058754563331604,-0.002616024767327474,-0.13607245683670044,-0.13980931043624878,-0.015523001509997414,-0.2139415740966797,-0.14833468198776245,-0.025442691478225754,-0.26293981075286865,-0.15222904086112976,-0.031003696802351044,-0.3019465208053589,-0.15211907029151917,-0.03610418360242562,-0.14135032892227173,-0.09033671021461487,-0.02686699848184304,-0.19202983379364014,-0.06792742013931274,-0.03595898296246247,-0.16532927751541138,-0.05866289138793945,-0.030367527115437554,-0.13853657245635986,-0.06262773275375366,-0.026581309694144295,-0.13795316219329834,-0.034834206104278564,-0.035564083564374016,-0.1754668951034546,-0.017073392868041992,-0.03743838142165856,-0.1525976061820984,-0.01254582405090332,-0.02254253807971196,-0.1308334469795227,-0.01605987548828125,-0.014617240014764832,-0.1297326683998108,0.02040952444076538,-0.043909188318345116,-0.15745455026626587,0.02619856595993042,-0.041610341477486656,-0.13656210899353027,0.026756346225738525,-0.02786635417053418,-0.11699163913726807,0.02486252784729004,-0.01815183456549363,pointing
0.0,0.0,0.0,-0.03492194414138794,-0.07592925429344177,0.011085487311667919,-0.09115493297576904,-0.10756692290306091,0.007691582540012121,-0.1334148645401001,-0.09763693809509277,0.0010743533409751649,-0.15886694192886353,-0.06960746645927429,-0.008117872880809784,-0.13396841287612915,-0.14274585247039795,-0.0165854949821167,-0.21225851774215698,-0.15040728449821472,-0.026919019999020577,-0.2604491114616394,-0.1540069282054901,-0.03247762251090336,-0.2991078794002533,-0.1542816162109375,-0.03766393813680935,-0.13913023471832275,-0.09304013848304749,-0.028760157184713364,-0.19074761867523193,-0.06895822286605835,-0.039352686734908104,-0.1644006371498108,-0.05998021364212036,-0.034842500122302056,-0.1377354860305786,-0.0647994875907898,-0.03183653730344105,-0.13581210374832153,-0.03666996955871582,-0.03826428729485798,-0.17645353078842163,-0.017528414726257324,-0.04155226576518345,-0.1527886986732483,-0.012377023696899414,-0.02659654024433422,-0.13023632764816284,-0.01634734869003296,-0.01859841647934246,-0.12764930725097656,0.0195615291595459,-0.04750203493427563,-0.15689057111740112,0.027081966400146484,-0.046800838442557335,-0.13538998365402222,0.027652204036712646,-0.033211728217118264,-0.1151232123374939,0.025205671787261963,-0.023454874413125992,pointing
0.0,0.0,0.0,-0.03599029779434204,-0.07701566815376282,0.01159176483592006,-0.09363561868667603,-0.10793250799179077,0.00896653693011018,-0.13702619075775146,-0.09860709309577942,0.0032119434031656624,-0.1633237600326538,-0.0724511444568634,-0.005003236030880487,-0.1342960000038147,-0.14009436964988708,-0.016306313017103946,-0.2128962278366089,-0.14797353744506836,-0.02576982628712443,-0.26135897636413574,-0.15070229768753052,-0.030481271708104885,-0.3001256287097931,-0.14998653531074524,-0.03497347820708541,-0.139215350151062,-0.08961069583892822,-0.02802817735979346,-0.1907893419265747,-0.06667739152908325,-0.03711891014287261,-0.16522079706192017,-0.05790954828262329,-0.031643601396773136,-0.1382550597190857,-0.062120914459228516,-0.02819583404967574,-0.1359354853630066,-0.03327608108520508,-0.03701337266871718,-0.1740381121635437,-0.014881789684295654,-0.038565619179699695,-0.15143895149230957,-0.01080465316772461,-0.02371091049322871,-0.12906771898269653,-0.014299750328063965,-0.016253073030803478,-0.1280617117881775,0.022800564765930176,-0.045750404039118564,-0.15306460857391357,0.029733717441558838,-0.04358134631225852,-0.13151878118515015,0.029010117053985596,-0.03043139193365363,-0.1115187406539917,0.025922119617462158,-0.02134856049129752,pointing
0.0,0.0,0.0,-0.03667867183685303,-0.07848593592643738,0.012320892272491335,-0.09558254480361938,-0.11081293225288391,0.010428605919678091,-0.1374136209487915,-0.100619375705719,0.005182721504915833,-0.1614394187927246,-0.07128626108169556,-0.0026308304239321956,-0.13837242126464844,-0.1450996994972229,-0.01354868864456904,-0.21518772840499878,-0.1525515913963318,-0.02262209510247004,-0.2633066773414612,-0.15602976083755493,-0.02780587008039248,-0.30165255069732666,-0.15613916516304016,-0.03281899323503268,-0.14446783065795898,-0.09591934084892273,-0.025641608664791704,-0.19423913955688477,-0.06888461112976074,-0.034232379550140024,-0.16844457387924194,-0.05865532159805298,-0.029239242577951075,-0.14170855283737183,-0.06336575746536255,-0.0260739472303797,-0.1411745548248291,-0.03926354646682739,-0.0350610107723881,-0.17856311798095703,-0.017444193363189697,-0.0361046657506634,-0.15624070167541504,-0.012527287006378174,-0.021683241853516222,-0.13420361280441284,-0.0168992280960083,-0.014512954892616392,-0.13230997323989868,0.0174902081489563,-0.04423408737222445,-0.1576278805732727,0.0265619158744812,-0.04164372538964045,-0.13671404123306274,0.02702176570892334,-0.028363214487235666,-0.11670440435409546,0.024088382720947266,-0.01909128730932963,pointing
0.0,0.0,0.0,-0.03678631782531738,-0.07934001088142395,0.01289699256735588,-0.09471011161804199,-0.11196303367614746,0.010768346789653549,-0.13931632041931152,-0.10267290472984314,0.005362813662166843,-0.16643410921096802,-0.07616385817527771,-0.0028012466399118807,-0.13427919149398804,-0.14545974135398865,-0.014947637614433518,-0.21285641193389893,-0.1516648828983307,-0.02389738771748995,-0.2612658143043518,-0.15444573760032654,-0.028632602353219738,-0.30012014508247375,-0.15395337343215942,-0.03325305383336996,-0.13942217826843262,-0.09467187523841858,-0.027236449231033077,-0.19322317838668823,-0.07150670886039734,-0.03557573508155798,-0.16789138317108154,-0.06265866756439209,-0.03033511589897131,-0.14093244075775146,-0.06673324108123779,-0.02726235676241373,-0.13601148128509521,-0.03798079490661621,-0.03662917639744734,-0.17780524492263794,-0.020652174949645996,-0.03809688117039656,-0.1552068591117859,-0.015421390533447266,-0.02320253166985964,-0.13273531198501587,-0.018033385276794434,-0.01573269877267336,-0.1278625726699829,0.018462300300598145,-0.04553390543592428,-0.15769433975219727,0.02426391839981079,-0.043145051856164685,-0.13652700185775757,0.024841248989105225,-0.029265419278864613,-0.11619347333908081,0.023341655731201172,-0.019750860218529454,pointing
0.0,0.0,0.0,-0.036906540393829346,-0.07885617017745972,0.012794293469376328,-0.09496045112609863,-0.11040443181991577,0.011196180252916577,-0.13878482580184937,-0.10042774677276611,0.006326491019315483,-0.16482889652252197,-0.07438662648200989,-0.0011718639809643605,-0.13351154327392578,-0.1430056095123291,-0.014239508652501343,-0.2117798924446106,-0.14958232641220093,-0.022746318013780353,-0.26009273529052734,-0.15238222479820251,-0.027019496069662807,-0.29880255460739136,-0.15201759338378906,-0.031197910190932987,-0.13909143209457397,-0.09189295768737793,-0.02629028912019038,-0.19215571880340576,-0.07113361358642578,-0.0339219281388452,-0.1673794388771057,-0.06274569034576416,-0.028431710780971287,-0.14057403802871704,-0.06646251678466797,-0.025138548569195507,-0.13611096143722534,-0.035475313663482666,-0.03551963436733985,-0.17600703239440918,-0.02062934637069702,-0.03608708176147246,-0.15417814254760742,-0.016181886196136475,-0.021611298428290127,-0.13212668895721436,-0.018497467041015625,-0.014485099346750019,-0.12837356328964233,0.02077615261077881,-0.044341229827516315,-0.1554608941078186,0.02464449405670166,-0.04106526914369368,-0.13441979885101318,0.024025321006774902,-0.027515363873355625,-0.11449980735778809,0.02222079038619995,-0.018324828700535534,pointing
0.0,0.0,0.0,-0.034750163555145264,-0.07795858383178711,0.012707120734297916,-0.09173458814620972,-0.10926666855812073,0.01102002243980138,-0.13350814580917358,-0.09834456443786621,0.00585987604691951,-0.15850532054901123,-0.06940412521362305,-0.0019560852134290485,-0.13378703594207764,-0.14270174503326416,-0.013620878574407413,-0.21195447444915771,-0.15219974517822266,-0.022156682801401928,-0.26039785146713257,-0.1562219262123108,-0.02665971499398978,-0.29925140738487244,-0.15671148896217346,-0.031017377045905903,-0.14078110456466675,-0.09278765320777893,-0.025689530190980747,-0.1920742392539978,-0.07463550567626953,-0.03367862198964389,-0.16691714525222778,-0.06605595350265503,-0.028502051723158672,-0.14028316736221313,-0.06879305839538574,-0.025097803217327908,-0.13828206062316895,-0.036373794078826904,-0.03493903298393519,-0.17779821157455444,-0.023665547370910645,-0.03587910626546176,-0.15523511171340942,-0.01863276958465576,-0.021479907450235203,-0.1329110860824585,-0.020036816596984863,-0.014049363327181652,-0.13019031286239624,0.020335495471954346,-0.043753710580027416,-0.1580216884613037,0.022064149379730225,-0.041050367993271664,-0.13705730438232422,0.02167332172393799,-0.02739136387125285,-0.11703634262084961,0.020554721355438232,-0.017742323693788364,pointing
0.0,0.0,0.0,-0.035297930240631104,-0.07937625050544739,0.011858561848207216,-0.09261113405227661,-0.11177831888198853,0.009613558490677576,-0.1346772313117981,-0.10140824317932129,0.004424439583821993,-0.15921670198440552,-0.07389813661575317,-0.003425371293992896,-0.1337515115737915,-0.14265260100364685,-0.017057985226706762,-0.21167582273483276,-0.152277410030365,-0.026217458929018278,-0.25972241163253784,-0.15714460611343384,-0.030926786522464056,-0.2983083128929138,-0.15843713283538818,-0.035374339829282064,-0.14028948545455933,-0.09101033210754395,-0.02861616031368186,-0.19109457731246948,-0.07330706715583801,-0.03652038068612029,-0.16563576459884644,-0.06521797180175781,-0.03071041793663909,-0.13843762874603271,-0.06765657663345337,-0.027104411433533926,-0.1374577283859253,-0.03435647487640381,-0.037281468669966955,-0.17578226327896118,-0.02233201265335083,-0.0380484239860337,-0.15306705236434937,-0.0183182954788208,-0.02334483356316497,-0.13052630424499512,-0.019510269165039062,-0.015921848054126997,-0.12919670343399048,0.021736502647399902,-0.045547615896062155,-0.15564918518066406,0.02277994155883789,-0.04242582262595107,-0.1344180703163147,0.021905720233917236,-0.02860550412078311,-0.11439788341522217,0.02122640609741211,-0.019090818400577803,pointing
0.0,0.0,0.0,-0.03521096706390381,-0.08003315329551697,0.011125291122127123,-0.0928884744644165,-0.1125023365020752,0.00882574113272483,-0.1347806453704834,-0.10172608494758606,0.003775248194116898,-0.15913653373718262,-0.07377392053604126,-0.0038639233615214152,-0.13393503427505493,-0.14232492446899414,-0.017310303280126504,-0.21173352003097534,-0.1525087058544159,-0.026315825635563783,-0.2597452402114868,-0.1574629545211792,-0.0308849426154012,-0.2982073128223419,-0.1587388515472412,-0.03523144369758313,-0.1404305100440979,-0.09041330218315125,-0.028445266762744836,-0.19081437587738037,-0.07351493835449219,-0.036380230093371324,-0.16537213325500488,-0.06541723012924194,-0.030712823027741365,-0.13824278116226196,-0.06755870580673218,-0.027160268852483682,-0.13759887218475342,-0.0336950421333313,-0.03674623613990491,-0.17571663856506348,-0.02258002758026123,-0.037498893791806154,-0.15290707349777222,-0.01870518922805786,-0.02292157208360379,-0.13038134574890137,-0.019586026668548584,-0.01553476007468646,-0.12937498092651367,0.022327065467834473,-0.04470572864450162,-0.15601670742034912,0.022534966468811035,-0.0415380062703008,-0.1349334716796875,0.021403491497039795,-0.027807837927710466,-0.11506956815719604,0.020891964435577393,-0.018345811048519067,pointing
0.0,0.0,0.0,-0.034975409507751465,-0.07955613732337952,0.010676143998772147,-0.09272480010986328,-0.11213672161102295,0.008034802349776271,-0.1350245475769043,-0.10190743207931519,0.0027777637173684866,-0.15952855348587036,-0.07464355230331421,-0.005093794939547536,-0.1327236294746399,-0.14319175481796265,-0.01771797395262098,-0.2093304991722107,-0.1536802053451538,-0.026632053469747063,-0.2570036053657532,-0.15915608406066895,-0.03133825181934213,-0.29530900716781616,-0.16087618470191956,-0.03594529970499849,-0.13984304666519165,-0.09119802713394165,-0.02869921891900873,-0.19014906883239746,-0.0730639100074768,-0.03653375773641443,-0.16458207368850708,-0.06413537263870239,-0.03090619265052652,-0.13737547397613525,-0.06639158725738525,-0.027481401031344888,-0.13762664794921875,-0.034191012382507324,-0.03685333548995828,-0.1746886968612671,-0.021858394145965576,-0.03718373893710947,-0.15231674909591675,-0.01731276512145996,-0.022497664829224107,-0.1298496127128601,-0.018425345420837402,-0.015238649835318085,-0.13018232583999634,0.021976947784423828,-0.04477607055518007,-0.15547913312911987,0.02329409122467041,-0.041389915784328934,-0.13425230979919434,0.022604644298553467,-0.02780640839549875,-0.11430716514587402,0.021875202655792236,-0.018551161204904076,pointing
0.0,0.0,0.0,-0.03490257263183594,-0.07832622528076172,0.010826452198301695,-0.09214866161346436,-0.11081880331039429,0.008075438934241674,-0.1342129111289978,-0.09951430559158325,0.0024669412810851554,-0.1585303544998169,-0.07171458005905151,-0.005648296297664501,-0.13392025232315063,-0.1430727243423462,-0.016046124016071417,-0.21052277088165283,-0.15246859192848206,-0.024409560923601248,-0.25775158405303955,-0.15772134065628052,-0.028650103573824026,-0.29560956358909607,-0.15959817171096802,-0.03294290645899878,-0.14117825031280518,-0.09109261631965637,-0.027245298464919188,-0.19064509868621826,-0.07274696230888367,-0.0352089036900054,-0.1651424765586853,-0.06396812200546265,-0.029877694760585882,-0.13817435503005981,-0.06639361381530762,-0.02651044770064459,-0.1389622688293457,-0.03413885831832886,-0.03564104854049788,-0.17613530158996582,-0.021820425987243652,-0.0361881223219882,-0.1535491943359375,-0.01697903871536255,-0.021575723280335524,-0.13108408451080322,-0.018176913261413574,-0.014260494587148287,-0.13145267963409424,0.022141218185424805,-0.04381859346213446,-0.15641891956329346,0.023474276065826416,-0.040585577924872496,-0.13498038053512573,0.023261427879333496,-0.026996463974143126,-0.11524522304534912,0.022291064262390137,-0.0176120050895463,pointing
0.0,0.0,0.0,-0.03646272420883179,-0.0778040885925293,0.010983244370919465,-0.09502619504928589,-0.11172753572463989,0.008428089175623654,-0.13711220026016235,-0.10212796926498413,0.0029725721983879794,-0.1621515154838562,-0.0754593014717102,-0.005044757999229432,-0.1348515748977661,-0.14269769191741943,-0.016684156056243182,-0.21152150630950928,-0.15236830711364746,-0.026040109019476176,-0.25945454835891724,-0.1576809287071228,-0.030734302621084453,-0.2976686954498291,-0.15954703092575073,-0.03521267525454164,-0.14102637767791748,-0.09234580397605896,-0.02828583322067857,-0.1917814016342163,-0.07076185941696167,-0.037539037089544536,-0.16630536317825317,-0.061865150928497314,-0.03250728003283143,-0.13897156715393066,-0.06524628400802612,-0.029001798625785113,-0.13803917169570923,-0.03624463081359863,-0.03714387692113519,-0.17661350965499878,-0.02019059658050537,-0.03907543621559739,-0.15373384952545166,-0.015486180782318115,-0.024690948571759463,-0.1314448118209839,-0.018246889114379883,-0.017088841791945697,-0.12963742017745972,0.01960623264312744,-0.045701639871793986,-0.1563052535057068,0.0243719220161438,-0.043428568314510585,-0.13506263494491577,0.024392247200012207,-0.029990583803254367,-0.11540549993515015,0.022851109504699707,-0.020470796297985316,pointing
0.0,0.0,0.0,-0.035865724086761475,-0.07868349552154541,0.011580949068552115,-0.09237879514694214,-0.11081910133361816,0.009089218803232768,-0.13340502977371216,-0.09925177693367004,0.0033520552111028223,-0.1581352949142456,-0.0706469714641571,-0.004980846888834378,-0.13433682918548584,-0.14208382368087769,-0.014879348337167642,-0.21121299266815186,-0.152091383934021,-0.023243518195563695,-0.2585688829421997,-0.15748506784439087,-0.02746083738606586,-0.29651474952697754,-0.15960434079170227,-0.03170780057411804,-0.14095669984817505,-0.09079039096832275,-0.026634240172320744,-0.1906995177268982,-0.0707264244556427,-0.03505690360766067,-0.16543608903884888,-0.06272399425506592,-0.030307288862282178,-0.1386021375656128,-0.0664331316947937,-0.02716014499169006,-0.13799577951431274,-0.034184277057647705,-0.03555727714996948,-0.1760379672050476,-0.02001011371612549,-0.03678026387792244,-0.15306252241134644,-0.016043901443481445,-0.022656654588395497,-0.13075387477874756,-0.018791556358337402,-0.015405956305080792,-0.12958365678787231,0.021630585193634033,-0.04416381532650604,-0.15440994501113892,0.024147510528564453,-0.041554670430237195,-0.1329939365386963,0.023619353771209717,-0.02818655373852863,-0.1133502721786499,0.02201622724533081,-0.018728313616925618,pointing
0.0,0.0,0.0,-0.03567159175872803,-0.07944467663764954,0.01131002269734438,-0.0922202467918396,-0.11255234479904175,0.008856306225553112,-0.13332068920135498,-0.10387963056564331,0.003290532529845791,-0.15875530242919922,-0.07727691531181335,-0.00500289592842762,-0.13251221179962158,-0.14481347799301147,-0.01536458227734272,-0.20938098430633545,-0.15493834018707275,-0.0251706462348551,-0.257083535194397,-0.16117119789123535,-0.030843345075354023,-0.2956278324127197,-0.16467636823654175,-0.03604395464013521,-0.13920480012893677,-0.09500819444656372,-0.02706009671042864,-0.19101351499557495,-0.07490038871765137,-0.03669918477486078,-0.16507703065872192,-0.06586235761642456,-0.0324443668122143,-0.13772064447402954,-0.06949031352996826,-0.029260065033540172,-0.13653820753097534,-0.03887265920639038,-0.036022318154081745,-0.17668461799621582,-0.024381935596466064,-0.03838906586121027,-0.1533564329147339,-0.019301116466522217,-0.024230321496233387,-0.1305304765701294,-0.021914780139923096,-0.016424588486060543,-0.12804073095321655,0.016670525074005127,-0.04464334770987932,-0.15661299228668213,0.018391430377960205,-0.042943073063597126,-0.13558322191238403,0.01912170648574829,-0.029392787813648624,-0.1152428388595581,0.01880490779876709,-0.01948598921249811,pointing
0.0,0.0,0.0,-0.03531289100646973,-0.0796017050743103,0.012587560020897115,-0.09163999557495117,-0.11205819249153137,0.01077102465233537,-0.13401377201080322,-0.10286599397659302,0.005749492120507682,-0.16049373149871826,-0.07644423842430115,-0.0021300938385095947,-0.13135796785354614,-0.14270681142807007,-0.01477160709300307,-0.2079445719718933,-0.15313559770584106,-0.023731487191703593,-0.2553609013557434,-0.15910300612449646,-0.028981674782421862,-0.2938937544822693,-0.16164502501487732,-0.033905292249706065,-0.1384912133216858,-0.09225529432296753,-0.02650328571298388,-0.19048702716827393,-0.07548412680625916,-0.033742992527272975,-0.1657276749610901,-0.06768757104873657,-0.028365986741569316,-0.1392897367477417,-0.07032632827758789,-0.0251980110476282,-0.13604021072387695,-0.035875797271728516,-0.03537010247209338,-0.17632997035980225,-0.024985432624816895,-0.03607188383438853,-0.15418529510498047,-0.02047353982925415,-0.021604623965409075,-0.13179749250411987,-0.02135288715362549,-0.014255669287827288,-0.12800896167755127,0.01997452974319458,-0.04372374931671885,-0.15683436393737793,0.019055962562561035,-0.041052652842786586,-0.1361011266708374,0.01904153823852539,-0.027303569338705813,-0.11599987745285034,0.019369304180145264,-0.017702572367575442,pointing
0.0,0.0,0.0,-0.03746306896209717,-0.07737681269645691,0.011358036783718717,-0.09253960847854614,-0.11066144704818726,0.00817481440790857,-0.1341536045074463,-0.10184329748153687,0.0018971533358183024,-0.16167110204696655,-0.07490304112434387,-0.007125658324724782,-0.12872350215911865,-0.1381261646747589,-0.016133736694968093,-0.20562303066253662,-0.14878004789352417,-0.026028547311938155,-0.2524581551551819,-0.15537601709365845,-0.03131820621601378,-0.29013538360595703,-0.1588698923587799,-0.03580958383790289,-0.13439029455184937,-0.08761703968048096,-0.027809835846341002,-0.18744832277297974,-0.07220539450645447,-0.037285730118668425,-0.16290873289108276,-0.06505382061004639,-0.03274703385940825,-0.13581758737564087,-0.06738978624343872,-0.02938316750041281,-0.13149017095565796,-0.031821608543395996,-0.03671382727733885,-0.17437618970870972,-0.02202838659286499,-0.03980213763824736,-0.15182393789291382,-0.017161071300506592,-0.0255829075973395,-0.1290314793586731,-0.017884433269500732,-0.017545727888858664,-0.12368088960647583,0.023176133632659912,-0.04501165809742247,-0.1541549563407898,0.02253425121307373,-0.04333686443678175,-0.13353878259658813,0.02291208505630493,-0.02922925154379641,-0.11369198560714722,0.023509621620178223,-0.01903117063156401,pointing
0.0,0.0,0.0,-0.036804020404815674,-0.07746246457099915,0.010602243079453899,-0.09209120273590088,-0.11376315355300903,0.007378232965827181,-0.1315455436706543,-0.1016206443309784,0.0006408723514752523,-0.1556248664855957,-0.07049179077148438,-0.008729357437580632,-0.12724345922470093,-0.1446012258529663,-0.01177318690100293,-0.20320922136306763,-0.15779104828834534,-0.02124734146276097,-0.24923962354660034,-0.1661565899848938,-0.025780889370828675,-0.2855159044265747,-0.17200052738189697,-0.02977013325074296,-0.132926344871521,-0.09608179330825806,-0.024540665724664734,-0.18800657987594604,-0.08064931631088257,-0.03769630117097478,-0.16316795349121094,-0.069591224193573,-0.03550307748594861,-0.13536584377288818,-0.0706186294555664,-0.03211187122145276,-0.1305938959121704,-0.041319072246551514,-0.03485184458771329,-0.17589104175567627,-0.030624568462371826,-0.041633873411804245,-0.1530083417892456,-0.022848963737487793,-0.02887366635480504,-0.12978637218475342,-0.023448467254638672,-0.02012167980650048,-0.12378668785095215,0.012997984886169434,-0.04457222221174817,-0.15764570236206055,0.012672007083892822,-0.04536684525886159,-0.13732188940048218,0.014974534511566162,-0.03201284928002934,-0.11709338426589966,0.015604972839355469,-0.021452308797627495,pointing
0.0,0.0,0.0,-0.03613412380218506,-0.07938894629478455,0.008146342012114616,-0.09135794639587402,-0.11539024114608765,0.004481227259166332,-0.13233691453933716,-0.10423538088798523,-0.0015410548020007298,-0.15784978866577148,-0.0759660005569458,-0.01008735305535069,-0.12489336729049683,-0.14343032240867615,-0.017369959381394295,-0.20161914825439453,-0.15838506817817688,-0.027587104466729073,-0.24910873174667358,-0.16658318042755127,-0.03281351725476256,-0.2870469093322754,-0.17141559720039368,-0.03728066186326018,-0.13190633058547974,-0.09248879551887512,-0.028086166706852822,-0.1863548755645752,-0.07944494485855103,-0.04004174644964209,-0.1618940234184265,-0.06913995742797852,-0.0368715206803607,-0.13334321975708008,-0.06854212284088135,-0.03335939894335738,-0.13069671392440796,-0.0360722541809082,-0.036291388672761826,-0.17395764589309692,-0.026848793029785156,-0.04148781473653784,-0.1509755253791809,-0.021047770977020264,-0.028490250808172135,-0.12705689668655396,-0.02080821990966797,-0.02022821257727614,-0.12433016300201416,0.019420385360717773,-0.044139468920402436,-0.15437299013137817,0.018465101718902588,-0.044419048232011704,-0.133378267288208,0.018967032432556152,-0.031551239890031724,-0.11279284954071045,0.019641101360321045,-0.021577069413833527,pointing
0.0,0.0,0.0,-0.034037113189697266,-0.07941299676895142,0.010764478381616982,-0.08738589286804199,-0.11928290128707886,0.007868263546271237,-0.12938064336776733,-0.1140713095664978,0.0020469619444440923,-0.15783143043518066,-0.08653590083122253,-0.006491122625874368,-0.11757141351699829,-0.14519640803337097,-0.016058857876913635,-0.19409769773483276,-0.16538873314857483,-0.026977452773707,-0.23996996879577637,-0.17678174376487732,-0.03253738707687148,-0.276828408241272,-0.1845051646232605,-0.03700240454460868,-0.1243734359741211,-0.098255455493927,-0.027571418646829216,-0.18020719289779663,-0.08576217293739319,-0.03991955271746406,-0.1573306918144226,-0.07251161336898804,-0.03641266873862037,-0.130068838596344,-0.0718308687210083,-0.03289018324400672,-0.12553900480270386,-0.0443691611289978,-0.03647587573911437,-0.17220664024353027,-0.03616750240325928,-0.04174036285664329,-0.15137022733688354,-0.026862025260925293,-0.02738936743523368,-0.12767720222473145,-0.02609008550643921,-0.018265840921657173,-0.12301039695739746,0.009907662868499756,-0.04474781579162368,-0.15992426872253418,0.007587313652038574,-0.044784860078351585,-0.1407877802848816,0.01129138469696045,-0.030891293052690116,-0.11982905864715576,0.012936294078826904,-0.020245450873034088,pointing
0.0,0.0,0.0,-0.027974307537078857,-0.07908779382705688,0.008212860190976556,-0.08282816410064697,-0.11793500185012817,0.004970639927048381,-0.12370878458023071,-0.10957944393157959,-0.0007130354813149609,-0.14725476503372192,-0.07620823383331299,-0.00884503267545611,-0.11386227607727051,-0.14993464946746826,-0.017444614803682867,-0.18854904174804688,-0.17563718557357788,-0.030169284453879897,-0.23382586240768433,-0.1904887557029724,-0.03765368509877831,-0.2700820565223694,-0.2013523280620575,-0.043478660768162314,-0.12066018581390381,-0.1035642921924591,-0.027332824206244055,-0.1755751371383667,-0.0876498818397522,-0.04287088338125855,-0.1508033275604248,-0.07378619909286499,-0.0415107985197416,-0.1230924129486084,-0.07470399141311646,-0.03877702403653771,-0.1234583854675293,-0.05022847652435303,-0.034860369300734106,-0.16711366176605225,-0.03802978992462158,-0.042591635620485846,-0.14473307132720947,-0.029961884021759033,-0.030621575674306456,-0.12034058570861816,-0.031377196311950684,-0.02214613418866307,-0.1232069730758667,0.002595365047454834,-0.041838311141621176,-0.15851259231567383,0.0016983747482299805,-0.04328859645713479,-0.13824790716171265,0.004884183406829834,-0.03108148697603852,-0.11638635396957397,0.003975093364715576,-0.021220060548078123,pointing
0.0,0.0,0.0,-0.030832946300506592,-0.07794910669326782,0.008317336031296918,-0.08488476276397705,-0.11776885390281677,0.003763314626240799,-0.1253070831298828,-0.11078792810440063,-0.00362608622660332,-0.15009063482284546,-0.08011239767074585,-0.013664666972061923,-0.1147850751876831,-0.1505284309387207,-0.019526840596398642,-0.1891147494316101,-0.1777690351009369,-0.03330742329259806,-0.23483121395111084,-0.1925387680530548,-0.04116555437346392,-0.27168548107147217,-0.20263463258743286,-0.04739080503483706,-0.12004214525222778,-0.10591962933540344,-0.03167707979579859,-0.1759510636329651,-0.08710390329360962,-0.04777153715392046,-0.15312564373016357,-0.07228642702102661,-0.046100889741381934,-0.12668824195861816,-0.07518506050109863,-0.04372239619394236,-0.12144196033477783,-0.05199754238128662,-0.0415826676776021,-0.1695864200592041,-0.0356447696685791,-0.05057395756145411,-0.14820969104766846,-0.025750458240509033,-0.037395460008582404,-0.12452805042266846,-0.029537737369537354,-0.02845277957518988,-0.11963015794754028,0.0018683075904846191,-0.05114424735208445,-0.15873205661773682,0.008266270160675049,-0.05410251527925425,-0.13939958810806274,0.011306822299957275,-0.041100585310658744,-0.11793279647827148,0.008850812911987305,-0.030681682228049567,pointing
0.0,0.0,0.0,-0.029171884059906006,-0.07750308513641357,0.006652496612954195,-0.08499222993850708,-0.12273550033569336,0.0016739220333725768,-0.1261562705039978,-0.12269920110702515,-0.005349950541418735,-0.1524813175201416,-0.09796702861785889,-0.015047540099036638,-0.11115163564682007,-0.15483346581459045,-0.02321945517570967,-0.1826973557472229,-0.1866127848625183,-0.037887420647454206,-0.2252010703086853,-0.20555704832077026,-0.04574357359917158,-0.2602540850639343,-0.21990525722503662,-0.051714722209286634,-0.11583685874938965,-0.11062544584274292,-0.033733494721960966,-0.17408251762390137,-0.08954298496246338,-0.05028997003347868,-0.15149497985839844,-0.07266885042190552,-0.047509446882319395,-0.12525779008865356,-0.07451778650283813,-0.044451054327797834,-0.11802071332931519,-0.05740225315093994,-0.042093910419058744,-0.16723746061325073,-0.038730084896087646,-0.05158687769682402,-0.14581620693206787,-0.02904564142227173,-0.0377208070388555,-0.1228780746459961,-0.03332650661468506,-0.028337776803088133,-0.11765730381011963,-0.0040746331214904785,-0.05002513169558043,-0.158008873462677,0.0017715096473693848,-0.05325259655029768,-0.13761544227600098,0.007613420486450195,-0.040016655021023695,-0.11697036027908325,0.0052294135093688965,-0.02957364931018347,pointing
0.0,0.0,0.0,-0.022302210330963135,-0.08341795206069946,0.007699864443072357,-0.07338428497314453,-0.13639217615127563,0.0029905079786267663,-0.1160702109336853,-0.14063340425491333,-0.003504966859093628,-0.14623546600341797,-0.11472338438034058,-0.012989814400992117,-0.09760862588882446,-0.1699904501438141,-0.023207752041837892,-0.16288268566131592,-0.2129514217376709,-0.037417409949323854,-0.20203858613967896,-0.23594242334365845,-0.043884979568741045,-0.23359689116477966,-0.2531515955924988,-0.048634244136831484,-0.10686838626861572,-0.1270543932914734,-0.03438697942378255,-0.17625266313552856,-0.11628943681716919,-0.051058476798555574,-0.15477097034454346,-0.09509140253067017,-0.04751617648484441,-0.12741369009017944,-0.09239304065704346,-0.04327626340868207,-0.113819420337677,-0.07395458221435547,-0.043233597658893785,-0.17278337478637695,-0.06497424840927124,-0.05460437946798535,-0.15126603841781616,-0.051279306411743164,-0.04021727108242246,-0.12769609689712524,-0.05109626054763794,-0.029551191263220034,-0.11791735887527466,-0.021299123764038086,-0.05117932894112798,-0.1656901240348816,-0.023849844932556152,-0.05646575801851483,-0.14516597986221313,-0.013882696628570557,-0.04270209559085103,-0.12387633323669434,-0.011024177074432373,-0.03137864359500142,pointing
0.0,0.0,0.0,-0.021260499954223633,-0.08177435398101807,0.005859895697657436,-0.07032895088195801,-0.13413238525390625,-0.00046582685797247336,-0.11314272880554199,-0.1403600573539734,-0.008533042301561267,-0.1434950828552246,-0.11776304244995117,-0.019138917704250247,-0.09605228900909424,-0.17232981324195862,-0.023983125020887286,-0.16148126125335693,-0.21416792273521423,-0.03955097906770888,-0.2000548243522644,-0.2383231222629547,-0.047234006603385836,-0.2315460443496704,-0.25624459981918335,-0.05273724385085288,-0.10577166080474854,-0.1287851333618164,-0.035759155084516436,-0.1742798089981079,-0.11841905117034912,-0.05267933421316329,-0.15339750051498413,-0.09666484594345093,-0.04912696071448508,-0.1260967254638672,-0.09334099292755127,-0.045089085032369525,-0.11300146579742432,-0.07446688413619995,-0.04566040672841254,-0.17015790939331055,-0.06618249416351318,-0.057780716945554644,-0.14852654933929443,-0.05276370048522949,-0.043254908551599414,-0.12472909688949585,-0.053027331829071045,-0.03241290189805213,-0.11688381433486938,-0.020315349102020264,-0.05500386320533934,-0.16363370418548584,-0.02346789836883545,-0.06050088294329825,-0.14339709281921387,-0.014629483222961426,-0.046257283915903,-0.12248963117599487,-0.012315750122070312,-0.03453531153979483,pointing
0.0,0.0,0.0,-0.016019463539123535,-0.08003318309783936,0.007146266315892547,-0.060861825942993164,-0.13736754655838013,0.0019570680137874774,-0.1066817045211792,-0.15259546041488647,-0.004244448124602229,-0.14164769649505615,-0.1366485357284546,-0.012614003821447284,-0.08266699314117432,-0.19109117984771729,-0.02506838130874911,-0.14205753803253174,-0.24814674258232117,-0.043381530299022586,-0.1792733073234558,-0.27974680066108704,-0.053430847331121356,-0.2089480757713318,-0.3038663864135742,-0.060342061772182376,-0.08730673789978027,-0.1578478217124939,-0.03553674320800582,-0.1692183017730713,-0.13708746433258057,-0.054265386863782794,-0.15842700004577637,-0.10591638088226318,-0.051341581597164065,-0.13566237688064575,-0.09986728429794312,-0.04791672478540221,-0.09395915269851685,-0.10891711711883545,-0.044024899109437854,-0.16628050804138184,-0.08919477462768555,-0.058878890677526385,-0.14958447217941284,-0.06658601760864258,-0.044532551868989856,-0.12601524591445923,-0.06689810752868652,-0.03305737624986449,-0.09947186708450317,-0.05858379602432251,-0.051616627230480105,-0.15663820505142212,-0.04800856113433838,-0.06146926011069098,-0.1400895118713379,-0.030942797660827637,-0.049958120539024264,-0.11839538812637329,-0.0303114652633667,-0.03897137518151084,pointing
0.0,0.0,0.0,-0.026375114917755127,-0.07592487335205078,0.002284676120950735,-0.07544499635696411,-0.13182711601257324,-0.008539001405836188,-0.12911748886108398,-0.14138078689575195,-0.020998955652714812,-0.16795724630355835,-0.13477301597595215,-0.0347831239408265,-0.06147444248199463,-0.2025163173675537,-0.02397546446383103,-0.11143207550048828,-0.2700650095939636,-0.04644790938556298,-0.14337825775146484,-0.3119574189186096,-0.05845110020101174,-0.16767334938049316,-0.3486524224281311,-0.0671957013612996,-0.05676102638244629,-0.1774563193321228,-0.0358376716679345,-0.14715701341629028,-0.16377460956573486,-0.06347140199005707,-0.1400805115699768,-0.1259138584136963,-0.06425325101673707,-0.1165151596069336,-0.12199628353118896,-0.061992219597698295,-0.060054659843444824,-0.13494884967803955,-0.04702060198843583,-0.14073032140731812,-0.11229294538497925,-0.07125578349888428,-0.12837040424346924,-0.08512777090072632,-0.05841969227850541,-0.1055605411529541,-0.08817434310913086,-0.0457566109901677,-0.06741267442703247,-0.08936971426010132,-0.05774605548441514,-0.1321365237236023,-0.07168930768966675,-0.07344435429632767,-0.11990755796432495,-0.05012112855911255,-0.06463224715054139,-0.09960860013961792,-0.05073952674865723,-0.055009244889618,pointing
0.0,0.0,0.0,-0.034043729305267334,-0.06516432762145996,-5.3345853658015585e-05,-0.0797014832496643,-0.12090051174163818,-0.01219114966296786,-0.12975770235061646,-0.1383456587791443,-0.0266916242202484,-0.16380053758621216,-0.13180524110794067,-0.041802301328417,-0.06317061185836792,-0.20179438591003418,-0.021762562241192995,-0.10966527462005615,-0.26689612865448,-0.04342808879518145,-0.1394805908203125,-0.3072982132434845,-0.055455471645828425,-0.16471272706985474,-0.3432128429412842,-0.06523094258808726,-0.05609166622161865,-0.18022173643112183,-0.03354858912133807,-0.14409387111663818,-0.1546117067337036,-0.06071443788313502,-0.13876551389694214,-0.11702543497085571,-0.061452443968292414,-0.11924892663955688,-0.11264479160308838,-0.06029321558379763,-0.05838233232498169,-0.13993746042251587,-0.04540427334212893,-0.13731610774993896,-0.10451120138168335,-0.0671541684081518,-0.1250026822090149,-0.07898777723312378,-0.05494990877413386,-0.10424673557281494,-0.0832567811012268,-0.044936280023094355,-0.06574791669845581,-0.09505701065063477,-0.057784567843910395,-0.1256178617477417,-0.06812489032745361,-0.07127895883822077,-0.11554545164108276,-0.04698449373245239,-0.06358855895304316,-0.09798407554626465,-0.049472808837890625,-0.056112374435898005,pointing
0.0,0.0,0.0,-0.06646490097045898,-0.04577428102493286,-0.007470701561246074,-0.10468220710754395,-0.09048151969909668,-0.024583898224804557,-0.12971502542495728,-0.12826651334762573,-0.044478676953289664,-0.1278415322303772,-0.15102285146713257,-0.06464051801798121,-0.053131937980651855,-0.21078789234161377,-0.01945531714794413,-0.07583397626876831,-0.2819942831993103,-0.04317071262833849,-0.09545379877090454,-0.3305453062057495,-0.05763290051457659,-0.10994118452072144,-0.37380659580230713,-0.06943062294361368,-0.025961220264434814,-0.20166033506393433,-0.030384370797250426,-0.10769516229629517,-0.18081188201904297,-0.061945073046658194,-0.11106669902801514,-0.12607574462890625,-0.06382893372413889,-0.0935012698173523,-0.10817790031433105,-0.061395559200022376,-0.013807892799377441,-0.17143410444259644,-0.0431447846078612,-0.09682297706604004,-0.134604811668396,-0.07120681155559794,-0.09438246488571167,-0.09391123056411743,-0.057356051840756095,-0.074429452419281,-0.08399158716201782,-0.043622679748509086,-0.01271730661392212,-0.1297796368598938,-0.05745855692860857,-0.08321160078048706,-0.09416741132736206,-0.07722866136667506,-0.08166700601577759,-0.06200706958770752,-0.06979574609634653,-0.0636332631111145,-0.055391013622283936,-0.06031779546377436,pointing
0.0,0.0,0.0,-0.05141657590866089,-0.038690388202667236,-0.012284868774329993,-0.08335429430007935,-0.09057140350341797,-0.02819403205565152,-0.09958863258361816,-0.13673090934753418,-0.04749518204978642,-0.0839490294456482,-0.16266340017318726,-0.06617121715596852,-0.03751039505004883,-0.20969083905220032,-0.013127156910812232,-0.04831540584564209,-0.29268479347229004,-0.037769395304238174,-0.056934893131256104,-0.3457830250263214,-0.051727819633995864,-0.06029307842254639,-0.38965633511543274,-0.06192222554734883,-0.0034031271934509277,-0.2064691185951233,-0.022931411308562133,-0.059393465518951416,-0.21185201406478882,-0.058175257784640166,-0.06940245628356934,-0.152643620967865,-0.06152868960550961,-0.05735588073730469,-0.12759250402450562,-0.055753737134253356,0.02082771062850952,-0.18561172485351562,-0.035816125017916534,-0.041913747787475586,-0.1661127805709839,-0.06588100959113774,-0.04550141096115112,-0.11640745401382446,-0.05239023212841687,-0.030391573905944824,-0.10278600454330444,-0.036165400785719726,0.035138487815856934,-0.15109342336654663,-0.051174457562481734,-0.021046996116638184,-0.12644660472869873,-0.0679325642114037,-0.02568894624710083,-0.09099256992340088,-0.05812013093880353,-0.011597633361816406,-0.08385777473449707,-0.04590700883916554,pointing
0.0,0.0,0.0,-0.05199664831161499,-0.04233288764953613,-0.016714694574602618,-0.08582264184951782,-0.09593284130096436,-0.03582122981561042,-0.10109776258468628,-0.14674389362335205,-0.05770743325365402,-0.08445942401885986,-0.16604095697402954,-0.07869442984474517,-0.040266990661621094,-0.21504336595535278,-0.01779142826808311,-0.05016958713531494,-0.2959993779659271,-0.04574359267962791,-0.056244492530822754,-0.3508308231830597,-0.061630905270703806,-0.05834442377090454,-0.39419347047805786,-0.0728182835878215,-0.00418931245803833,-0.21026122570037842,-0.025612803772219195,-0.059901297092437744,-0.2146773338317871,-0.061999638229735865,-0.07169675827026367,-0.15271705389022827,-0.06374014601124145,-0.06021648645401001,-0.13123232126235962,-0.05669634103787757,0.021856725215911865,-0.18796682357788086,-0.037243221551307215,-0.040580809116363525,-0.1718643307685852,-0.06730072632444717,-0.047607243061065674,-0.119820237159729,-0.051488366574176325,-0.033693909645080566,-0.10763990879058838,-0.033917606473096384,0.03740006685256958,-0.15247118473052979,-0.05211340323103286,-0.017633020877838135,-0.13110679388046265,-0.06805585756910659,-0.024028480052947998,-0.09608852863311768,-0.0571332170070491,-0.010036230087280273,-0.08937454223632812,-0.0442327564956031,pointing
0.0,0.0,0.0,-0.049448251724243164,-0.038201749324798584,-0.01921148005958173,-0.08273273706436157,-0.09195506572723389,-0.03875675391491029,-0.09714990854263306,-0.14324557781219482,-0.06035501848991487,-0.07769596576690674,-0.16857844591140747,-0.08109483089383218,-0.04026883840560913,-0.21172845363616943,-0.021752275192099546,-0.04992741346359253,-0.29743021726608276,-0.05059568177993867,-0.05428653955459595,-0.3529013991355896,-0.06774411317046258,-0.053919851779937744,-0.3978068232536316,-0.0795565691226301,-0.003017246723175049,-0.2093052864074707,-0.027732293718415235,-0.05464017391204834,-0.21506190299987793,-0.06615944918330285,-0.06639349460601807,-0.1544538140296936,-0.07036513056691263,-0.05724126100540161,-0.12722313404083252,-0.06475004520352456,0.024631798267364502,-0.18903809785842896,-0.0373410616451082,-0.034213244915008545,-0.17541754245758057,-0.06928493049080942,-0.04113119840621948,-0.12287849187850952,-0.05546907674606416,-0.029295265674591064,-0.10501611232757568,-0.038566372954207395,0.04250657558441162,-0.15573561191558838,-0.050171989613133405,-0.00978916883468628,-0.13717561960220337,-0.06799545105631921,-0.01669079065322876,-0.10137730836868286,-0.05822920020754907,-0.004805266857147217,-0.0895957350730896,-0.04547379132445428,pointing
0.0,0.0,0.0,-0.049218952655792236,-0.03829216957092285,-0.017940233740276312,-0.08284413814544678,-0.09354811906814575,-0.03563552284545324,-0.09738200902938843,-0.14651399850845337,-0.055422573629087424,-0.07744467258453369,-0.1698111891746521,-0.07424868205494306,-0.041856586933135986,-0.21209180355072021,-0.02021910184926412,-0.051909565925598145,-0.2986583709716797,-0.04826543414897344,-0.05679863691329956,-0.35396242141723633,-0.06462455103105924,-0.05753123760223389,-0.399504154920578,-0.07587226787514112,-0.0050435662269592285,-0.2095586657524109,-0.02629643799669168,-0.05371558666229248,-0.21860063076019287,-0.06381805548376462,-0.06452012062072754,-0.15897417068481445,-0.06777417967028043,-0.055254995822906494,-0.13060295581817627,-0.06201279843158147,0.022558927536010742,-0.1895977258682251,-0.03585088187760732,-0.03384822607040405,-0.17835861444473267,-0.06746962228721998,-0.04142796993255615,-0.12606465816497803,-0.05436374554342649,-0.030241966247558594,-0.10783112049102783,-0.03779200399226568,0.04056847095489502,-0.15686750411987305,-0.04841422596878431,-0.009944140911102295,-0.14002776145935059,-0.06553028831190488,-0.017732441425323486,-0.10448110103607178,-0.05597396502203367,-0.006629347801208496,-0.09253722429275513,-0.04347746753997228,pointing
0.0,0.0,0.0,-0.05079376697540283,-0.038915395736694336,-0.015233683421712385,-0.08581894636154175,-0.09452736377716064,-0.03183953838745879,-0.10067865252494812,-0.1469143033027649,-0.05129402133027838,-0.07784754037857056,-0.1701650619506836,-0.0701192245105915,-0.04318004846572876,-0.2113349437713623,-0.016940860099595056,-0.05398982763290405,-0.298139750957489,-0.042902067325513826,-0.05879741907119751,-0.3521242141723633,-0.058571513764064775,-0.0600857138633728,-0.39565348625183105,-0.069528974614542,-0.006260216236114502,-0.20935779809951782,-0.024258304409187303,-0.05435025691986084,-0.21520334482192993,-0.06064998733202742,-0.06528365612030029,-0.15840047597885132,-0.0657278299550228,-0.05748683214187622,-0.12996172904968262,-0.06109606104294585,0.02146381139755249,-0.19059228897094727,-0.03461640702883528,-0.034096479415893555,-0.18046432733535767,-0.06526742877761649,-0.04197514057159424,-0.12698471546173096,-0.05294495450655745,-0.03251481056213379,-0.10572075843811035,-0.037112135461967455,0.04043614864349365,-0.1585560441017151,-0.04766062649289893,-0.009700238704681396,-0.14108777046203613,-0.0642995611051731,-0.01714324951171875,-0.10524624586105347,-0.05477452652851866,-0.006566882133483887,-0.09234404563903809,-0.042323861292999254,pointing
0.0,0.0,0.0,-0.05071026086807251,-0.03793865442276001,-0.015963521522607493,-0.08613568544387817,-0.09229731559753418,-0.03280162319275348,-0.10283300280570984,-0.14458686113357544,-0.052388935086455035,-0.08134061098098755,-0.1698644757270813,-0.07120800643893688,-0.04291921854019165,-0.21092075109481812,-0.018284474236097026,-0.058393657207489014,-0.29775193333625793,-0.0456083106968066,-0.06533575057983398,-0.35282212495803833,-0.06218961506816356,-0.06744170188903809,-0.39856982231140137,-0.07368233680459468,-0.007011473178863525,-0.20983338356018066,-0.025267504823531795,-0.057928264141082764,-0.21356439590454102,-0.06317315876218288,-0.06719714403152466,-0.1542913317680359,-0.06856156021090953,-0.0569990873336792,-0.12501174211502075,-0.06380706160994976,0.020319998264312744,-0.1909937858581543,-0.035403697488035846,-0.036652326583862305,-0.17894041538238525,-0.06705027699204891,-0.04389047622680664,-0.126509428024292,-0.05484643831583469,-0.03302651643753052,-0.106098473072052,-0.03870682671400516,0.03876841068267822,-0.1589859127998352,-0.04836593448850124,-0.010977029800415039,-0.1436637043952942,-0.06532976656886547,-0.02004152536392212,-0.10890740156173706,-0.055952417400803256,-0.010596871376037598,-0.0954732894897461,-0.04340767740937679,pointing
0.0,0.0,0.0,-0.04973888397216797,-0.03768420219421387,-0.015595286339873837,-0.08556771278381348,-0.09348064661026001,-0.03202412948047595,-0.10053351521492004,-0.14637380838394165,-0.05140060856973605,-0.0789649486541748,-0.17194974422454834,-0.07005771175062137,-0.04436308145523071,-0.21221745014190674,-0.015988457203263806,-0.05950409173965454,-0.29964402318000793,-0.04191470071708636,-0.06770384311676025,-0.35505276918411255,-0.05679689273273425,-0.07149529457092285,-0.4001362919807434,-0.06738962158595996,-0.007452726364135742,-0.21103721857070923,-0.02348981164431052,-0.05611008405685425,-0.21912574768066406,-0.0607209458950706,-0.06610357761383057,-0.15856921672821045,-0.0652024142447658,-0.05708479881286621,-0.12914568185806274,-0.05983578711783366,0.020510435104370117,-0.19271713495254517,-0.03428225889837222,-0.035625994205474854,-0.18612605333328247,-0.06634455844795184,-0.04306250810623169,-0.12983566522598267,-0.05341569259798007,-0.03282111883163452,-0.10767793655395508,-0.03694167286192851,0.03932267427444458,-0.16050052642822266,-0.047789982706660794,-0.01197516918182373,-0.1433168649673462,-0.06588704064523654,-0.019341349601745605,-0.10590922832489014,-0.05676683709060626,-0.008065462112426758,-0.09300267696380615,-0.04452771991526561,pointing
0.0,0.0,0.0,-0.05071544647216797,-0.038647592067718506,-0.0151229088421303,-0.08625972270965576,-0.0950670838356018,-0.0317570471431452,-0.10050687193870544,-0.14787572622299194,-0.05146190684692442,-0.07841795682907104,-0.1730947494506836,-0.0705591642524439,-0.04375118017196655,-0.21282243728637695,-0.01612568248467028,-0.058627307415008545,-0.300529420375824,-0.04224449184195578,-0.06689047813415527,-0.35613250732421875,-0.057261282321377394,-0.07080322504043579,-0.4016021490097046,-0.06801952954785406,-0.006368398666381836,-0.21141350269317627,-0.024016694840355512,-0.05677139759063721,-0.21816635131835938,-0.06150408249752104,-0.06598365306854248,-0.15735656023025513,-0.06587437328354895,-0.055866777896881104,-0.12862849235534668,-0.06049876448170721,0.021467983722686768,-0.19292443990707397,-0.0351551489199835,-0.03662925958633423,-0.18495869636535645,-0.0674042382504183,-0.04292041063308716,-0.128154456615448,-0.0540542581345278,-0.03156781196594238,-0.10674816370010376,-0.037407388653917906,0.039917588233947754,-0.16068696975708008,-0.04898100134388983,-0.012789607048034668,-0.14256757497787476,-0.06721128311411917,-0.018925368785858154,-0.10393714904785156,-0.05774317842380583,-0.006522476673126221,-0.09122765064239502,-0.04531151961938917,pointing
0.0,0.0,0.0,-0.05174440145492554,-0.03742188215255737,-0.015147864313107107,-0.08688831329345703,-0.09355992078781128,-0.03191460245965061,-0.10083892941474915,-0.146318256855011,-0.051800567151289556,-0.08197027444839478,-0.17027300596237183,-0.07098262706516323,-0.04595059156417847,-0.21375292539596558,-0.016369295732360456,-0.06110888719558716,-0.300986647605896,-0.042622118682842824,-0.06966763734817505,-0.3561939299106598,-0.05746967667458591,-0.07397496700286865,-0.4011710286140442,-0.06808071532962856,-0.008855879306793213,-0.21259939670562744,-0.024500263349395368,-0.06003844738006592,-0.21802681684494019,-0.062284159899931524,-0.06873327493667603,-0.15640532970428467,-0.06637512841938076,-0.05817228555679321,-0.12829184532165527,-0.06064286404965458,0.019060075283050537,-0.1940895915031433,-0.03590729409573612,-0.039642930030822754,-0.1840139627456665,-0.06819602051494655,-0.04492831230163574,-0.12671101093292236,-0.05460843765852985,-0.03251880407333374,-0.10647326707839966,-0.03780008801935253,0.03778409957885742,-0.16188162565231323,-0.05008278364060459,-0.01512366533279419,-0.1423996090888977,-0.06811021217821178,-0.02113521099090576,-0.1036766767501831,-0.058524127544146154,-0.008418858051300049,-0.091869056224823,-0.04604591751215992,pointing
0.0,0.0,0.0,-0.05165755748748779,-0.03868114948272705,-0.01522005082489386,-0.08785521984100342,-0.09515565633773804,-0.03231620614798203,-0.1037905216217041,-0.14802533388137817,-0.0525346604493393,-0.08129912614822388,-0.1710742712020874,-0.07205582981379166,-0.04509615898132324,-0.2143884301185608,-0.0161400196460022,-0.06094467639923096,-0.3023776412010193,-0.04255906318695679,-0.06962865591049194,-0.35809653997421265,-0.05768035923512116,-0.07364451885223389,-0.4034886956214905,-0.06839790766508713,-0.00799328088760376,-0.2129386067390442,-0.024266775822354703,-0.05882132053375244,-0.21984243392944336,-0.06229005952747002,-0.06813234090805054,-0.1585158109664917,-0.06664892112286225,-0.057907819747924805,-0.1298179030418396,-0.06087666576178208,0.02000570297241211,-0.194350004196167,-0.035647867372347264,-0.03824114799499512,-0.1844853162765503,-0.06789183442862168,-0.04437875747680664,-0.12781918048858643,-0.0543751587477459,-0.032677531242370605,-0.10768693685531616,-0.0373729859796299,0.03895556926727295,-0.16175949573516846,-0.049777092536999135,-0.013427197933197021,-0.14316844940185547,-0.06727114146025315,-0.019252121448516846,-0.10472285747528076,-0.05716071849138871,-0.006501615047454834,-0.09281730651855469,-0.04421699245841637,pointing
0.0,0.0,0.0,-0.05140411853790283,-0.0371556282043457,-0.015006124218174932,-0.08792227506637573,-0.09312885999679565,-0.03173087275511932,-0.10255321860313416,-0.146434485912323,-0.05159986129886818,-0.0806538462638855,-0.16962242126464844,-0.07081471866852951,-0.046947181224823,-0.21279239654541016,-0.016652024527260778,-0.06146365404129028,-0.3012661337852478,-0.043249842886993406,-0.0693100094795227,-0.35688328742980957,-0.058273472999403,-0.07280480861663818,-0.4026518762111664,-0.06891774124390793,-0.009134232997894287,-0.21178841590881348,-0.024732359861204145,-0.058246910572052,-0.21850943565368652,-0.06269684172160339,-0.06731635332107544,-0.15725642442703247,-0.06682692951447677,-0.057299256324768066,-0.12923020124435425,-0.06096588930971336,0.019428730010986328,-0.1936984658241272,-0.03601871169097137,-0.037660419940948486,-0.18246322870254517,-0.06819558626897049,-0.04371750354766846,-0.12545281648635864,-0.05456468946225357,-0.03214454650878906,-0.10621720552444458,-0.037600000565120695,0.03876364231109619,-0.1617647409439087,-0.05003646126873207,-0.013260304927825928,-0.14018464088439941,-0.06741117424256515,-0.018532276153564453,-0.10156840085983276,-0.05743691808469009,-0.0053997039794921875,-0.09113377332687378,-0.04470242670662117,pointing
0.0,0.0,0.0,-0.05285000801086426,-0.03806811571121216,-0.01450373575359265,-0.08866995573043823,-0.09396094083786011,-0.031186804811355273,-0.10341376066207886,-0.1475798487663269,-0.05105228040635268,-0.08132141828536987,-0.1729317307472229,-0.07039666611969153,-0.04561889171600342,-0.2122870683670044,-0.016815595964786212,-0.061672210693359375,-0.3011317253112793,-0.043162309269305865,-0.06918615102767944,-0.3572392165660858,-0.058624115477201144,-0.07205569744110107,-0.40312251448631287,-0.06967997987091223,-0.007624208927154541,-0.21154308319091797,-0.025084697346088092,-0.057409465312957764,-0.2160177230834961,-0.06257059116184394,-0.06618916988372803,-0.15585225820541382,-0.06742535967647711,-0.056614696979522705,-0.1265658736228943,-0.06247529823600928,0.020536720752716064,-0.19323986768722534,-0.03635542158305327,-0.03780174255371094,-0.18239820003509521,-0.06815334845602194,-0.04404950141906738,-0.1259639859199524,-0.055086184929010074,-0.033198535442352295,-0.1043049693107605,-0.03874098573147933,0.03852558135986328,-0.16081994771957397,-0.050258882979747455,-0.014614641666412354,-0.13950300216674805,-0.06812239874422232,-0.020215630531311035,-0.10112565755844116,-0.05864152003347556,-0.00768887996673584,-0.08897519111633301,-0.04620172892033736,pointing
0.0,0.0,0.0,-0.050976455211639404,-0.03898876905441284,-0.015305253376865835,-0.08566021919250488,-0.09466701745986938,-0.03247510332396075,-0.10032200813293457,-0.14654326438903809,-0.052765019869113416,-0.07856422662734985,-0.17229795455932617,-0.07241156015327022,-0.044370830059051514,-0.21323615312576294,-0.01698119070162818,-0.059362709522247314,-0.30185383558273315,-0.04430875617792651,-0.06646537780761719,-0.35825520753860474,-0.060220759993100614,-0.06866723299026489,-0.4042246341705322,-0.07120052788188502,-0.00693589448928833,-0.21182513236999512,-0.02491145085325286,-0.05578106641769409,-0.21965056657791138,-0.06308810475995585,-0.06608450412750244,-0.15942806005477905,-0.06778397474219844,-0.056921422481536865,-0.1295844316482544,-0.062273935114646406,0.02110534906387329,-0.19343805313110352,-0.036087968086505384,-0.03604203462600708,-0.1844043731689453,-0.0680943286769633,-0.0433729887008667,-0.12833315134048462,-0.05463986161878154,-0.03286278247833252,-0.10681605339050293,-0.037745480125451536,0.03963756561279297,-0.16114044189453125,-0.05002834338476703,-0.012267470359802246,-0.14158666133880615,-0.06728571716477916,-0.018698036670684814,-0.10353195667266846,-0.057158779984021635,-0.0066454410552978516,-0.09135836362838745,-0.0441927618139033,pointing
0.0,0.0,0.0,-0.05129581689834595,-0.03774690628051758,-0.014772034555974756,-0.08622479438781738,-0.0934111475944519,-0.03166251846432999,-0.10054051876068115,-0.1457560658454895,-0.05178905867815331,-0.08069509267807007,-0.17324203252792358,-0.0712760261523755,-0.04554760456085205,-0.2127934694290161,-0.01707185276627854,-0.06027019023895264,-0.30174729228019714,-0.04450394802570656,-0.06712472438812256,-0.35845184326171875,-0.060106298260691915,-0.06939876079559326,-0.4045620560646057,-0.07083880373120621,-0.007795810699462891,-0.21145367622375488,-0.025257528133991514,-0.05752784013748169,-0.21922683715820312,-0.06365285285592392,-0.06710946559906006,-0.15817302465438843,-0.06798283227563218,-0.05696052312850952,-0.12962061166763306,-0.06212051057100609,0.020417332649230957,-0.19330066442489624,-0.03663722270012215,-0.037854552268981934,-0.18360042572021484,-0.06893749006867722,-0.04445153474807739,-0.12678217887878418,-0.055137040399316106,-0.032958924770355225,-0.1068108081817627,-0.038009630821946416,0.03896111249923706,-0.16147685050964355,-0.050719088249209676,-0.014079689979553223,-0.14046794176101685,-0.06839787431836442,-0.01967841386795044,-0.10213983058929443,-0.058356432549956594,-0.006633937358856201,-0.09159255027770996,-0.04539964937448815,pointing
0.0,0.0,0.0,-0.050819993019104004,-0.03737318515777588,-0.01594062353137815,-0.08610671758651733,-0.0925760269165039,-0.03377819637421453,-0.10077965259552002,-0.1452541947364807,-0.054616680542267204,-0.0792921781539917,-0.17184412479400635,-0.07480031828049505,-0.04399985074996948,-0.21235114336013794,-0.018427893692887665,-0.05909466743469238,-0.30060914158821106,-0.04617102647785032,-0.06609189510345459,-0.35727250576019287,-0.0620210824406513,-0.06805253028869629,-0.40253356099128723,-0.07286000082854116,-0.006516635417938232,-0.2110884189605713,-0.026023542681969047,-0.055921733379364014,-0.21885889768600464,-0.06418451497916067,-0.06581038236618042,-0.15776312351226807,-0.06822822819117391,-0.055710673332214355,-0.12960517406463623,-0.06220747734073484,0.021464228630065918,-0.19298607110977173,-0.03690530935887182,-0.03641146421432495,-0.18297255039215088,-0.0688495172059902,-0.0437503457069397,-0.12712359428405762,-0.054803127596414924,-0.032764971256256104,-0.10741817951202393,-0.03756709600452268,0.03965139389038086,-0.16126155853271484,-0.050650602380073906,-0.012776732444763184,-0.1411435604095459,-0.0680240897333988,-0.019335508346557617,-0.10307806730270386,-0.05773769150141561,-0.007117331027984619,-0.09168928861618042,-0.0446376895404228,pointing
0.0,0.0,0.0,-0.05256611108779907,-0.03816145658493042,-0.014892664431329194,-0.08710670471191406,-0.09418374300003052,-0.0324371053564505,-0.10154107213020325,-0.14734023809432983,-0.05322458657502693,-0.08067983388900757,-0.1742754578590393,-0.07338174494981331,-0.044220685958862305,-0.21340465545654297,-0.017420892297025148,-0.05981004238128662,-0.3009066581726074,-0.044955071686501924,-0.0675693154335022,-0.3573743402957916,-0.060770076392884675,-0.07031941413879395,-0.4024624228477478,-0.07173877271890206,-0.0066651105880737305,-0.21286505460739136,-0.025505245356555406,-0.058125972747802734,-0.21636813879013062,-0.06288931581258339,-0.06657081842422485,-0.15460723638534546,-0.06632199200868172,-0.05489581823348999,-0.128606915473938,-0.06025942477464241,0.021380186080932617,-0.19480007886886597,-0.036840521423812334,-0.03801727294921875,-0.18262851238250732,-0.06814053717135948,-0.04396665096282959,-0.1259879469871521,-0.05331200423717064,-0.03163355588912964,-0.10760319232940674,-0.03597128453731102,0.03956735134124756,-0.16268783807754517,-0.05102533537029785,-0.013637363910675049,-0.14165395498275757,-0.06826029035329384,-0.018971681594848633,-0.10343575477600098,-0.05766639920949501,-0.005565643310546875,-0.0933106541633606,-0.04448363992452187,pointing
0.0,0.0,0.0,-0.05137288570404053,-0.03857433795928955,-0.015992896231381337,-0.08680373430252075,-0.0934528112411499,-0.03338313248988811,-0.10207638144493103,-0.1465710997581482,-0.05371896323796932,-0.07956910133361816,-0.17140668630599976,-0.07334198203918163,-0.04391789436340332,-0.21206343173980713,-0.01752823551234428,-0.0583195686340332,-0.29868024587631226,-0.0444084793054742,-0.06611531972885132,-0.35412031412124634,-0.05988763791557972,-0.06918281316757202,-0.39866673946380615,-0.07063659426805202,-0.006541252136230469,-0.21124249696731567,-0.024677227782575528,-0.056415855884552,-0.21496260166168213,-0.061554872962204854,-0.06653255224227905,-0.15535122156143188,-0.06547658291694347,-0.05687469244003296,-0.12944090366363525,-0.05989466008779232,0.02145540714263916,-0.19313007593154907,-0.03514145088431064,-0.03583449125289917,-0.18133068084716797,-0.06635096070405666,-0.04347187280654907,-0.12690407037734985,-0.05270524096724216,-0.03280949592590332,-0.10840487480163574,-0.0359936333918256,0.0396464467048645,-0.1614154577255249,-0.04849829298493091,-0.011831462383270264,-0.14136475324630737,-0.06537313905593578,-0.01903510093688965,-0.1049228310585022,-0.05544247997042362,-0.007355988025665283,-0.09384936094284058,-0.042740156474081914,pointing
0.0,0.0,0.0,-0.052320241928100586,-0.03625667095184326,-0.0155311456567091,-0.08904862403869629,-0.09152138233184814,-0.03282386405975046,-0.10389858484268188,-0.14508658647537231,-0.052990067439381505,-0.08192986249923706,-0.1735682487487793,-0.07230448319226923,-0.04667395353317261,-0.21165847778320312,-0.018038279997412587,-0.06251156330108643,-0.2993432283401489,-0.0447433103492898,-0.07064211368560791,-0.3542100489139557,-0.06010016395360651,-0.07396769523620605,-0.398945689201355,-0.07100889428168955,-0.008917629718780518,-0.2112089991569519,-0.02554470083326521,-0.06042635440826416,-0.2131117582321167,-0.06282776190549555,-0.06820112466812134,-0.15210437774658203,-0.06689147992641153,-0.05656027793884277,-0.1253122091293335,-0.06150663985521021,0.019151687622070312,-0.19291150569915771,-0.036221727418009664,-0.03996163606643677,-0.17901986837387085,-0.06764267726451578,-0.04510551691055298,-0.12291091680526733,-0.05379543422371569,-0.03258389234542847,-0.10428458452224731,-0.037147856937949086,0.03763878345489502,-0.16057640314102173,-0.049693252580468084,-0.015178263187408447,-0.13874858617782593,-0.06736790730268183,-0.019703209400177002,-0.10129666328430176,-0.057705685185496236,-0.0060002803802490234,-0.09123945236206055,-0.04516849263221445,pointing
0.0,0.0,0.0,-0.05091714859008789,-0.03633570671081543,-0.015280087038519241,-0.08654391765594482,-0.0916907787322998,-0.03180799216741548,-0.10111048817634583,-0.1440567970275879,-0.051265473968925335,-0.0806506872177124,-0.1716597080230713,-0.07003005550021157,-0.04623889923095703,-0.2111080288887024,-0.01679846972936616,-0.06208854913711548,-0.299046128988266,-0.04347333640569673,-0.07046431303024292,-0.35372066497802734,-0.0584921683442019,-0.07429927587509155,-0.3987922668457031,-0.06889677003735528,-0.008087575435638428,-0.21049588918685913,-0.024279042638482906,-0.05738484859466553,-0.2195523977279663,-0.06283893392199502,-0.06655621528625488,-0.15719819068908691,-0.06761971817130075,-0.05725216865539551,-0.1264173984527588,-0.0617984826933764,0.020586729049682617,-0.19339090585708618,-0.03489784107321725,-0.037560105323791504,-0.18257427215576172,-0.06783577010745034,-0.04319983720779419,-0.12410134077072144,-0.05492028177494035,-0.03215295076370239,-0.10227811336517334,-0.03794474855774865,0.039962708950042725,-0.16252660751342773,-0.04807488948816285,-0.012296140193939209,-0.14135843515396118,-0.06615237847680078,-0.01670527458190918,-0.10230159759521484,-0.056646257198991634,-0.003704667091369629,-0.09101837873458862,-0.04390074268692956,pointing
0.0,0.0,0.0,-0.05072987079620361,-0.03684186935424805,-0.016195310040856725,-0.08625119924545288,-0.09085971117019653,-0.03372679626896513,-0.10215085744857788,-0.1437363624572754,-0.05413963994338644,-0.08080482482910156,-0.1697579026222229,-0.0739279834027542,-0.046960413455963135,-0.21009647846221924,-0.017599044128800756,-0.061786949634552,-0.2971125841140747,-0.044694296776796705,-0.06974667310714722,-0.3518553376197815,-0.059933997451807386,-0.07321727275848389,-0.39651256799697876,-0.0704022271032585,-0.008989393711090088,-0.20961511135101318,-0.024533390759970075,-0.05811864137649536,-0.2177521288394928,-0.06230723833992613,-0.06762325763702393,-0.15563058853149414,-0.06622242158606184,-0.05838090181350708,-0.1271839737892151,-0.06003822734906805,0.019814610481262207,-0.19275087118148804,-0.034783981501604444,-0.037764549255371094,-0.18205446004867554,-0.06709070479824675,-0.044203102588653564,-0.12462538480758667,-0.05355701944186819,-0.03357821702957153,-0.10401594638824463,-0.036310847609783536,0.03910636901855469,-0.16227972507476807,-0.04777108854010237,-0.013001799583435059,-0.14209133386611938,-0.06539149558498991,-0.018379271030426025,-0.10363024473190308,-0.05550288012578619,-0.005874335765838623,-0.09170222282409668,-0.04251832491114271,pointing
0.0,0.0,0.0,-0.0510372519493103,-0.03647470474243164,-0.016183778190693943,-0.08706402778625488,-0.09091681241989136,-0.03364795028575429,-0.10242360830307007,-0.14427095651626587,-0.05403250038035878,-0.08176636695861816,-0.17286056280136108,-0.07368411078461179,-0.047788918018341064,-0.20985287427902222,-0.01709231316455373,-0.06404024362564087,-0.297203004360199,-0.04400847434409627,-0.07304573059082031,-0.3517725467681885,-0.05913256063469419,-0.07734072208404541,-0.39602306485176086,-0.06966198190458783,-0.010017991065979004,-0.20989251136779785,-0.024477477663836567,-0.05865812301635742,-0.21999093890190125,-0.0628738547802783,-0.06723535060882568,-0.15626204013824463,-0.0670540179253436,-0.057661235332489014,-0.12544476985931396,-0.06079227804549703,0.019072234630584717,-0.1931716799736023,-0.035207025253853885,-0.03817945718765259,-0.18350893259048462,-0.06848414942034253,-0.04345124959945679,-0.12378120422363281,-0.054998259538493244,-0.03192538022994995,-0.10068249702453613,-0.03752204357989797,0.039284467697143555,-0.1622549295425415,-0.04861190869816312,-0.012845337390899658,-0.14237552881240845,-0.06749211951502332,-0.018225014209747314,-0.10228753089904785,-0.057898420387587635,-0.005832552909851074,-0.0890081524848938,-0.04494175642140874,pointing
0.0,0.0,0.0,-0.05096644163131714,-0.03546309471130371,-0.015639990117151115,-0.08714354038238525,-0.08982360363006592,-0.03253104865153489,-0.10156768560409546,-0.14220154285430908,-0.05230663671692071,-0.08124798536300659,-0.16881322860717773,-0.0713583561738318,-0.04943293333053589,-0.20829832553863525,-0.01676864690681157,-0.06471681594848633,-0.2958731949329376,-0.04324326619108376,-0.0736193060874939,-0.35000717639923096,-0.05800360396106896,-0.07854115962982178,-0.39476409554481506,-0.06841229229767976,-0.01181250810623169,-0.2086430788040161,-0.02444441757698712,-0.05976837873458862,-0.21889877319335938,-0.0628330218752211,-0.06791526079177856,-0.15519320964813232,-0.06712465315659699,-0.05842006206512451,-0.12475121021270752,-0.060960068847734306,0.017404615879058838,-0.1924610137939453,-0.03536046623786149,-0.038722336292266846,-0.18131130933761597,-0.06845572918255982,-0.0427628755569458,-0.12127077579498291,-0.05492430507739243,-0.03091573715209961,-0.0997307300567627,-0.037576727118093345,0.03881174325942993,-0.1621084213256836,-0.048889692421752784,-0.012785196304321289,-0.14024263620376587,-0.0670790928562468,-0.016587376594543457,-0.09900271892547607,-0.05697375490863976,-0.0033345818519592285,-0.08688682317733765,-0.04391047313411889,pointing
0.0,0.0,0.0,-0.050232529640197754,-0.035741209983825684,-0.016025060658407142,-0.08545452356338501,-0.08983385562896729,-0.03339247392590039,-0.10101240873336792,-0.1415104866027832,-0.05372415842587941,-0.08125853538513184,-0.16713303327560425,-0.07340916978294842,-0.04899907112121582,-0.2080560326576233,-0.016782952343177726,-0.0639427900314331,-0.29434406757354736,-0.043899226804327895,-0.0733460783958435,-0.34928786754608154,-0.05877234028751843,-0.07801759243011475,-0.39372825622558594,-0.06910732375557416,-0.011326491832733154,-0.20808041095733643,-0.024261942003917625,-0.05933111906051636,-0.21732762455940247,-0.06210234375770085,-0.06749314069747925,-0.15379172563552856,-0.06526163952524655,-0.05685466527938843,-0.12598824501037598,-0.05855804668838971,0.018017351627349854,-0.19138693809509277,-0.03525238098676198,-0.03793454170227051,-0.1823102831840515,-0.06807358550007336,-0.04282897710800171,-0.12342208623886108,-0.05353983478720181,-0.030713140964508057,-0.10355091094970703,-0.0357212236719846,0.03900104761123657,-0.16061455011367798,-0.04899116592581265,-0.012064695358276367,-0.14085400104522705,-0.06701775627310269,-0.017074227333068848,-0.10076260566711426,-0.0565608664053201,-0.004102766513824463,-0.08935552835464478,-0.043399538715434005,pointing
0.0,0.0,0.0,-0.05109065771102905,-0.03429102897644043,-0.01587041085211638,-0.08595418930053711,-0.08779340982437134,-0.0330529659017742,-0.10076886415481567,-0.13980376720428467,-0.05314455171672705,-0.08145534992218018,-0.16620969772338867,-0.07263749455658797,-0.0489879846572876,-0.20652306079864502,-0.016908405251783165,-0.06457072496414185,-0.2938867509365082,-0.04342640554158095,-0.07426667213439941,-0.34854984283447266,-0.05792513480035666,-0.07932126522064209,-0.39275866746902466,-0.06801797067372206,-0.01090550422668457,-0.20619475841522217,-0.02436528717724684,-0.05920898914337158,-0.21676313877105713,-0.062272060565632614,-0.06773871183395386,-0.15330106019973755,-0.06580557291952971,-0.05790233612060547,-0.12288296222686768,-0.05918696885554198,0.018544137477874756,-0.18938779830932617,-0.03515861546246413,-0.03778183460235596,-0.18047833442687988,-0.0681200883313835,-0.04248720407485962,-0.12050485610961914,-0.05416166400162581,-0.030748486518859863,-0.09790641069412231,-0.036521758787316116,0.03919100761413574,-0.1585370898246765,-0.04857614626733664,-0.012244701385498047,-0.1380884051322937,-0.06709882979838255,-0.016732394695281982,-0.09755516052246094,-0.057205580078047547,-0.003704667091369629,-0.0853007435798645,-0.044242221765202316,pointing
0.0,0.0,0.0,-0.05038684606552124,-0.03445994853973389,-0.01798870302712885,-0.08586156368255615,-0.08652210235595703,-0.03705874532437292,-0.10224390029907227,-0.1389068365097046,-0.05876439511752096,-0.08179116249084473,-0.16467976570129395,-0.07977068498706785,-0.0497133731842041,-0.2072867751121521,-0.018968035280465756,-0.0648455023765564,-0.29320719838142395,-0.04730735793685881,-0.07409685850143433,-0.34873369336128235,-0.06259822919940916,-0.07792657613754272,-0.3932148814201355,-0.07293953821039167,-0.01161646842956543,-0.20746886730194092,-0.025504153966664944,-0.06065714359283447,-0.21771949529647827,-0.06387830600118605,-0.06935608386993408,-0.15228021144866943,-0.06611064895963636,-0.05860632658004761,-0.12423956394195557,-0.0582859598097798,0.01811826229095459,-0.19081813097000122,-0.03579755201911894,-0.03859436511993408,-0.18143224716186523,-0.06887024715518919,-0.04391586780548096,-0.12195718288421631,-0.053524710982799206,-0.03192472457885742,-0.10159957408905029,-0.03477722480869261,0.03885680437088013,-0.1598476767539978,-0.04907795116281477,-0.012738227844238281,-0.13912945985794067,-0.06741921678161589,-0.01737135648727417,-0.09953957796096802,-0.05702443495368925,-0.004054546356201172,-0.08859854936599731,-0.0435927070674893,pointing
0.0,0.0,0.0,-0.05055969953536987,-0.034393906593322754,-0.01720974411969678,-0.08555203676223755,-0.08677619695663452,-0.03577970530992047,-0.10102236270904541,-0.1389840841293335,-0.0571247432768871,-0.08126795291900635,-0.1653926968574524,-0.07781453993325727,-0.049506425857543945,-0.20673751831054688,-0.01841867718999879,-0.0648680329322815,-0.293448805809021,-0.046427572184853716,-0.07415968179702759,-0.34910035133361816,-0.06158435907369153,-0.07812529802322388,-0.3937925100326538,-0.07189461406474607,-0.011355161666870117,-0.20687371492385864,-0.02531666685050027,-0.05990654230117798,-0.2166452407836914,-0.0637695994616081,-0.06817692518234253,-0.1517016887664795,-0.06631992574935452,-0.05742478370666504,-0.12319260835647583,-0.05879406448607938,0.018283426761627197,-0.19032102823257446,-0.035859068894438906,-0.038114845752716064,-0.18070971965789795,-0.06903972294335858,-0.04310113191604614,-0.1212472915649414,-0.05399666544204251,-0.031157970428466797,-0.10035300254821777,-0.03549324166183965,0.03888368606567383,-0.15959173440933228,-0.04927298244243161,-0.012667655944824219,-0.13890647888183594,-0.06775501188045041,-0.017016470432281494,-0.09911513328552246,-0.057508045846276445,-0.003677070140838623,-0.08804464340209961,-0.044197538906388445,pointing
0.0,0.0,0.0,-0.04929381608963013,-0.034566521644592285,-0.018059327631732458,-0.08507609367370605,-0.08664107322692871,-0.037064447432300085,-0.10227698087692261,-0.13941287994384766,-0.05878146308614873,-0.08195877075195312,-0.16535240411758423,-0.07985010686471128,-0.05004245042800903,-0.20800036191940308,-0.018108380391737455,-0.06425577402114868,-0.29446855187416077,-0.046331013917466635,-0.07334643602371216,-0.35054048895835876,-0.061704918175479406,-0.07735204696655273,-0.3952257037162781,-0.07201200666978025,-0.012020707130432129,-0.20808488130569458,-0.024589683293839926,-0.05866926908493042,-0.2209073007106781,-0.06262678596331739,-0.06847542524337769,-0.15578263998031616,-0.06505837979867124,-0.059581875801086426,-0.12664341926574707,-0.057249720572968954,0.01793813705444336,-0.19144761562347412,-0.03485941830231809,-0.03698009252548218,-0.18383711576461792,-0.06777057740046644,-0.04350638389587402,-0.12426567077636719,-0.052906024634381765,-0.03291797637939453,-0.10258251428604126,-0.03427057656600141,0.03893458843231201,-0.1604374647140503,-0.048063657611152166,-0.01180732250213623,-0.14097124338150024,-0.06613005641057157,-0.017444372177124023,-0.10156011581420898,-0.05576687249495649,-0.0052678585052490234,-0.08960342407226562,-0.04225155654503965,pointing
0.0,0.0,0.0,-0.049936115741729736,-0.036125898361206055,-0.017200872809638668,-0.08509969711303711,-0.09036844968795776,-0.03528858585750072,-0.10163688659667969,-0.1432267427444458,-0.05624953149353473,-0.08228588104248047,-0.1680728793144226,-0.07661406560336559,-0.0490875244140625,-0.2095334529876709,-0.01666186986957996,-0.06355816125869751,-0.29568299651145935,-0.04411674900447338,-0.07307392358779907,-0.351313978433609,-0.059012337164034534,-0.0778079628944397,-0.3957452178001404,-0.06913921101485698,-0.011343896389007568,-0.20914816856384277,-0.023719501257886577,-0.05937004089355469,-0.2211696207523346,-0.061685530976404834,-0.06880486011505127,-0.15613532066345215,-0.06440923972522228,-0.05946230888366699,-0.12654763460159302,-0.05692349611317127,0.018331706523895264,-0.19208747148513794,-0.034498220817198444,-0.0373380184173584,-0.18556839227676392,-0.06799152357970684,-0.043301284313201904,-0.12528496980667114,-0.05342239751016109,-0.03221738338470459,-0.10273897647857666,-0.034915803507914234,0.03933507204055786,-0.16074132919311523,-0.04807145385538547,-0.011479437351226807,-0.14238864183425903,-0.06677319718991725,-0.016880333423614502,-0.1022946834564209,-0.05655062435661762,-0.004410684108734131,-0.08966386318206787,-0.0431270436803004,pointing
0.0,0.0,0.0,-0.05068504810333252,-0.035533368587493896,-0.016736934464276487,-0.08557981252670288,-0.08915746212005615,-0.03438591821104353,-0.10109013319015503,-0.14087629318237305,-0.054739004503787214,-0.0815432071685791,-0.16690832376480103,-0.07447381181627577,-0.04908818006515503,-0.2085716724395752,-0.017816491927803213,-0.06398892402648926,-0.2958860397338867,-0.0447132871857292,-0.07299727201461792,-0.3507966995239258,-0.05966224385410612,-0.07760393619537354,-0.39528921246528625,-0.07002699984222716,-0.010743796825408936,-0.2086603045463562,-0.024764348324239904,-0.059072792530059814,-0.2182449996471405,-0.0627365694752342,-0.06769156455993652,-0.15446728467941284,-0.06640420718103712,-0.05811357498168945,-0.1243935227394104,-0.059908992182315046,0.018872559070587158,-0.1917259693145752,-0.0351271392217285,-0.0374903678894043,-0.18198156356811523,-0.06807971609741514,-0.0426599383354187,-0.12263762950897217,-0.05426863817483252,-0.03136783838272095,-0.10034877061843872,-0.03666018186122244,0.039721548557281494,-0.1608790159225464,-0.04820880157858198,-0.011550843715667725,-0.14209353923797607,-0.06648044152170485,-0.016939103603363037,-0.1020696759223938,-0.0564344623497135,-0.00483018159866333,-0.08903443813323975,-0.043313416223824674,pointing
0.0,0.0,0.0,-0.05022323131561279,-0.036272406578063965,-0.017502976476535537,-0.08624851703643799,-0.0894436240196228,-0.03602011677561734,-0.10279905796051025,-0.14215785264968872,-0.05735832628546689,-0.08148056268692017,-0.16765421628952026,-0.07798486751256917,-0.049349427223205566,-0.20987367630004883,-0.017365693941101767,-0.06397658586502075,-0.29560384154319763,-0.04539644148884747,-0.07300490140914917,-0.3511033058166504,-0.060855260013923385,-0.07694274187088013,-0.39600688219070435,-0.07137390774427388,-0.011914849281311035,-0.21015065908432007,-0.02410580579875443,-0.05919450521469116,-0.219253808259964,-0.06162449148236249,-0.06785565614700317,-0.1544225811958313,-0.06403125625787709,-0.05718439817428589,-0.12749099731445312,-0.05670171406804059,0.017641901969909668,-0.19366085529327393,-0.034664688526973464,-0.03669548034667969,-0.1857547163963318,-0.06726760220466588,-0.04342305660247803,-0.12640011310577393,-0.05213378545580838,-0.032112061977386475,-0.10651689767837524,-0.033702244877204635,0.03850853443145752,-0.16282212734222412,-0.048200590431079604,-0.011027932167053223,-0.14338278770446777,-0.06586475473581288,-0.017240524291992188,-0.10341674089431763,-0.05518747669397328,-0.004769802093505859,-0.09188258647918701,-0.04171573918996785,pointing
0.0,0.0,0.0,-0.05014300346374512,-0.03565794229507446,-0.016898133650485647,-0.08580935001373291,-0.08933627605438232,-0.034658181339565886,-0.10165172815322876,-0.14256232976913452,-0.055112152218882215,-0.08076232671737671,-0.16890186071395874,-0.07491170507675804,-0.04911530017852783,-0.2095111608505249,-0.017163301676575315,-0.06423163414001465,-0.2962295413017273,-0.043651128977600706,-0.07296794652938843,-0.35100555419921875,-0.05843760710961021,-0.0768088698387146,-0.3957272171974182,-0.06884222370392479,-0.010810673236846924,-0.21003609895706177,-0.024117586061422003,-0.05912429094314575,-0.2198857069015503,-0.06111099463707603,-0.0676770806312561,-0.1560189127922058,-0.06442653280502952,-0.057863593101501465,-0.1265171766281128,-0.05806206059462227,0.018931925296783447,-0.19331246614456177,-0.034547711581055296,-0.03694009780883789,-0.18523496389389038,-0.06704191756254829,-0.04275232553482056,-0.12538737058639526,-0.052944897532526625,-0.03187453746795654,-0.10220754146575928,-0.03538949680334724,0.03987663984298706,-0.1620166301727295,-0.04776498195535339,-0.011601805686950684,-0.14344531297683716,-0.06633607190853752,-0.01823514699935913,-0.10249525308609009,-0.056454080015484465,-0.007185220718383789,-0.08751869201660156,-0.043507526487175596,pointing
0.0,0.0,0.0,-0.05062723159790039,-0.03639763593673706,-0.017453409742742565,-0.08631342649459839,-0.08941465616226196,-0.03575750814023593,-0.10250449180603027,-0.14278876781463623,-0.05673371629062274,-0.0815693736076355,-0.1691417098045349,-0.07698763163033107,-0.04965341091156006,-0.2100580334663391,-0.017614230524927166,-0.06491267681121826,-0.29633256793022156,-0.04457943142595866,-0.07374870777130127,-0.3514314889907837,-0.05959829316678622,-0.07746809720993042,-0.39608076214790344,-0.07005096228066066,-0.011480331420898438,-0.21079039573669434,-0.02425845341029742,-0.059567809104919434,-0.21943050622940063,-0.06092810259404757,-0.06828171014785767,-0.1552417278289795,-0.06363262237253764,-0.05798840522766113,-0.12730324268341064,-0.05690426753106692,0.01843780279159546,-0.19403809309005737,-0.03453262896481135,-0.03700536489486694,-0.18574285507202148,-0.06675789506378749,-0.0435103178024292,-0.12651824951171875,-0.052319090824752834,-0.03247040510177612,-0.10460221767425537,-0.03461231292429545,0.03939998149871826,-0.16271722316741943,-0.04770889506879428,-0.011656343936920166,-0.14413386583328247,-0.06602468342724421,-0.018697381019592285,-0.10385942459106445,-0.056025326263338115,-0.007364153861999512,-0.08958756923675537,-0.043005947034984615,pointing
0.0,0.0,0.0,-0.05158966779708862,-0.037596166133880615,-0.01637528954087486,-0.08756494522094727,-0.09040188789367676,-0.0346807756090044,-0.10536450147628784,-0.14243221282958984,-0.05606902321814289,-0.08609247207641602,-0.16937726736068726,-0.07678452437757244,-0.04946035146713257,-0.21206790208816528,-0.016382354553925893,-0.06550657749176025,-0.2968483567237854,-0.04377348279594173,-0.0753101110458374,-0.3521350026130676,-0.059380936678635976,-0.07978928089141846,-0.3964619040489197,-0.07018561219810238,-0.012767016887664795,-0.21229028701782227,-0.02371076984344711,-0.06461471319198608,-0.22012317180633545,-0.06073573162792911,-0.0730629563331604,-0.15689295530319214,-0.06383562391637554,-0.06161385774612427,-0.1305047869682312,-0.057356848623740575,0.016025245189666748,-0.19553601741790771,-0.03467996722100963,-0.04305988550186157,-0.18576377630233765,-0.06643691962598552,-0.04798853397369385,-0.12837785482406616,-0.051778353061664006,-0.035142481327056885,-0.10838085412979126,-0.03411113401888599,0.03604781627655029,-0.16415172815322876,-0.04862010782598247,-0.017403066158294678,-0.14619183540344238,-0.06621457939981212,-0.023582279682159424,-0.1072433590888977,-0.05588027020930042,-0.010847806930541992,-0.09399938583374023,-0.0427635752224802,pointing
0.0,0.0,0.0,-0.05797874927520752,-0.03975147008895874,-0.015500231518885244,-0.09464406967163086,-0.0931168794631958,-0.03459982002480899,-0.11338144540786743,-0.14581900835037231,-0.05669246415003215,-0.09699785709381104,-0.17264533042907715,-0.07766049901350414,-0.04871261119842529,-0.2157818078994751,-0.015978088475307572,-0.06831192970275879,-0.296680212020874,-0.04335962782009517,-0.08104795217514038,-0.3509281277656555,-0.05878639022215282,-0.08845478296279907,-0.39477959275245667,-0.07004531273945247,-0.014394104480743408,-0.21758759021759033,-0.02366373116477405,-0.07686638832092285,-0.21721190214157104,-0.05881143534882938,-0.0797613263130188,-0.15516018867492676,-0.05969248885615741,-0.06312894821166992,-0.1374117136001587,-0.05287749866350566,0.009804069995880127,-0.20186209678649902,-0.03519148180588161,-0.0596165657043457,-0.1779220700263977,-0.06377012828691875,-0.05787569284439087,-0.12605440616607666,-0.04738285938604747,-0.03989821672439575,-0.1160353422164917,-0.030541319272956002,0.02253490686416626,-0.17156070470809937,-0.05007159883483325,-0.03790849447250366,-0.14239120483398438,-0.06627793411119853,-0.03811269998550415,-0.10426783561706543,-0.05630792850955402,-0.02153879404067993,-0.09605449438095093,-0.04450020367606555,pointing
0.0,0.0,0.0,-0.0675203800201416,-0.05076688528060913,-0.0092875621968318,-0.10201424360275269,-0.10299181938171387,-0.02657011800793896,-0.12210512161254883,-0.1473907232284546,-0.04768065081326256,-0.1121167540550232,-0.17557835578918457,-0.06775864676920662,-0.04084402322769165,-0.2214404046535492,-0.011794173134248354,-0.06380558013916016,-0.29343700408935547,-0.03617739023057709,-0.07854616641998291,-0.34521692991256714,-0.05190566272823105,-0.08823603391647339,-0.38847845792770386,-0.0647767083474804,-0.011454463005065918,-0.2173396348953247,-0.02311058060614357,-0.08621424436569214,-0.22065386176109314,-0.053561107231061555,-0.08948546648025513,-0.16348052024841309,-0.054404825879018404,-0.06951254606246948,-0.1495569348335266,-0.05020160318700562,0.0038599371910095215,-0.1961357593536377,-0.037586146009843446,-0.07878708839416504,-0.1783539056777954,-0.06143363283364067,-0.07827597856521606,-0.13349992036819458,-0.04481741504160652,-0.058364033699035645,-0.12652385234832764,-0.030505436448137857,0.0037015676498413086,-0.16161805391311646,-0.05492238046018372,-0.06570625305175781,-0.13943564891815186,-0.0699130939075161,-0.06521034240722656,-0.1078944206237793,-0.0603685909637619,-0.04684382677078247,-0.1028904914855957,-0.050324716580789186,pointing
0.0,0.0,0.0,-0.06564432382583618,-0.04950082302093506,-0.008445538510073902,-0.10092061758041382,-0.10268807411193848,-0.0241226767417686,-0.12264597415924072,-0.14478254318237305,-0.04374090295701194,-0.11656659841537476,-0.1781027913093567,-0.06225286510257888,-0.03854924440383911,-0.22171789407730103,-0.01076370563774276,-0.06489717960357666,-0.2929006814956665,-0.03469057467250991,-0.08031231164932251,-0.3438224196434021,-0.0501424231794374,-0.09076446294784546,-0.38653916120529175,-0.06273366224436927,-0.010932862758636475,-0.21703976392745972,-0.022117764618684532,-0.08944034576416016,-0.22023817896842957,-0.05224763315587211,-0.09241920709609985,-0.16383463144302368,-0.053595912572433235,-0.07235008478164673,-0.15019410848617554,-0.04993348282246757,0.0032532215118408203,-0.19590210914611816,-0.03654335897832084,-0.08094203472137451,-0.1787424087524414,-0.059896727022220375,-0.07884132862091064,-0.13485729694366455,-0.04367545705704856,-0.05848926305770874,-0.128315269947052,-0.029849090543081047,0.002374708652496338,-0.1622905731201172,-0.05379801329641509,-0.0662660002708435,-0.14257138967514038,-0.06850994836955238,-0.0655364990234375,-0.1121453046798706,-0.05925117891698051,-0.04779404401779175,-0.10734045505523682,-0.04951810177831817,pointing
0.0,0.0,0.0,-0.07371407747268677,-0.05032771825790405,-0.009527380839813304,-0.10423910617828369,-0.10463041067123413,-0.024214776494432044,-0.12138020992279053,-0.1475011110305786,-0.04036962825887258,-0.12495344877243042,-0.184099018573761,-0.05613072801463659,-0.032061636447906494,-0.21860751509666443,-0.017873918899226737,-0.05992448329925537,-0.2920103073120117,-0.04226988021366651,-0.07462048530578613,-0.3452366590499878,-0.06100919310085828,-0.08530658483505249,-0.39268144965171814,-0.07608431790106351,-0.012871205806732178,-0.21013355255126953,-0.025394959636855674,-0.09922361373901367,-0.21837320923805237,-0.054000171163011146,-0.10988080501556396,-0.16781747341156006,-0.058113606908250404,-0.09390658140182495,-0.14722555875778198,-0.05806788642041738,-0.012146413326263428,-0.1848512887954712,-0.03499712634913976,-0.09955930709838867,-0.17489713430404663,-0.05745762799017484,-0.10373640060424805,-0.13634222745895386,-0.04463025394909437,-0.08544665575027466,-0.125127375125885,-0.03373243872158582,-0.025748848915100098,-0.14939576387405396,-0.04683323416941221,-0.09465324878692627,-0.1331004500389099,-0.0622676408671623,-0.09765905141830444,-0.10266768932342529,-0.05513562847011144,-0.08183693885803223,-0.09337347745895386,-0.04697000075213964,pointing
0.0,0.0,0.0,-0.07188814878463745,-0.04952281713485718,-0.009422072760642664,-0.10130822658538818,-0.10253965854644775,-0.02418852186936249,-0.11795997619628906,-0.14439696073532104,-0.04061086996632923,-0.12204384803771973,-0.1810307502746582,-0.056765583895028726,-0.0301399827003479,-0.2172796130180359,-0.017547282941521303,-0.05721384286880493,-0.290662944316864,-0.042114095382274286,-0.07138240337371826,-0.34384623169898987,-0.06090630739170422,-0.08124816417694092,-0.3913896083831787,-0.07580398916441311,-0.011408030986785889,-0.20880070328712463,-0.025103676684082643,-0.09710800647735596,-0.21772170066833496,-0.05503959356981625,-0.1087425947189331,-0.1668027639389038,-0.0602778360171925,-0.09352034330368042,-0.14439862966537476,-0.060435810677589075,-0.010832428932189941,-0.18389123678207397,-0.03465339317160954,-0.0977097749710083,-0.17580145597457886,-0.05808333083230366,-0.10303831100463867,-0.13684046268463135,-0.04608432724315037,-0.08529031276702881,-0.12384283542633057,-0.035144054882110254,-0.023757219314575195,-0.14895135164260864,-0.046365217856944696,-0.09262192249298096,-0.13201004266738892,-0.06222668810922016,-0.09655547142028809,-0.10183238983154297,-0.05561969204980244,-0.08120369911193848,-0.09169059991836548,-0.0475144624634396,pointing
0.0,0.0,0.0,-0.040236055850982666,-0.06048417091369629,0.0017113666858108445,-0.06643199920654297,-0.12351304292678833,-0.007156899094809432,-0.09508335590362549,-0.16462182998657227,-0.018469164975215335,-0.12078696489334106,-0.17923372983932495,-0.030097531981994052,-0.019965827465057373,-0.20895600318908691,-0.01358330239378347,-0.05059605836868286,-0.2890593111515045,-0.03305984557442798,-0.06634247303009033,-0.3428235650062561,-0.04666116730146541,-0.07687908411026001,-0.390316903591156,-0.058345540322591205,-0.016172289848327637,-0.19800424575805664,-0.02400809236638679,-0.10612225532531738,-0.20897436141967773,-0.04710823193960323,-0.11066031455993652,-0.1657426357269287,-0.047705053247739215,-0.09081226587295532,-0.14977848529815674,-0.047131783224870105,-0.02659618854522705,-0.17119550704956055,-0.034908356972266574,-0.112906813621521,-0.16627877950668335,-0.05244393543176784,-0.11025691032409668,-0.12975448369979858,-0.040224078007270236,-0.08848875761032104,-0.12125623226165771,-0.03179317609243526,-0.04458802938461304,-0.13743293285369873,-0.04694489286117687,-0.11294889450073242,-0.1246035099029541,-0.061276852049161334,-0.11168539524078369,-0.09131407737731934,-0.05616577611141338,-0.09452956914901733,-0.08147519826889038,-0.050611420430470844,pointing
0.0,0.0,0.0,0.0010387301445007324,-0.07454222440719604,0.00677772677761368,-0.021077513694763184,-0.14548248052597046,0.0034306759133642117,-0.06026846170425415,-0.18071752786636353,-0.0029010118797714313,-0.09551239013671875,-0.18328261375427246,-0.01083060986104556,-0.013732671737670898,-0.20303738117218018,-0.011724062065809449,-0.0410495400428772,-0.28908079862594604,-0.027352765935688694,-0.05887824296951294,-0.34228718280792236,-0.03511860667470046,-0.07209497690200806,-0.3853796720504761,-0.04143292530181952,-0.022494494915008545,-0.1889982521533966,-0.0223017286390359,-0.10218572616577148,-0.20433545112609863,-0.04093554689291068,-0.10399365425109863,-0.16753816604614258,-0.038522780674725254,-0.08364272117614746,-0.15350687503814697,-0.03541989697816916,-0.041214585304260254,-0.1596660614013672,-0.03233118428590842,-0.11433649063110352,-0.1571260690689087,-0.04666717423799582,-0.1084105372428894,-0.12645936012268066,-0.03594090490344115,-0.08695846796035767,-0.12172114849090576,-0.028061314287811,-0.06407028436660767,-0.12516915798187256,-0.04235283731225081,-0.11967307329177856,-0.1170395016670227,-0.05235653071406432,-0.11248600482940674,-0.08936703205108643,-0.04591842814090796,-0.0948871374130249,-0.08281761407852173,-0.03955859764221259,pointing
0.0,0.0,0.0,0.0016411542892456055,-0.07548880577087402,0.005745046577857238,-0.021084725856781006,-0.14521849155426025,0.001292737239481312,-0.0615500807762146,-0.1804419755935669,-0.005605042640610236,-0.09701913595199585,-0.18367668986320496,-0.014036410682393807,-0.01437753438949585,-0.2031668722629547,-0.014866710834695596,-0.042269110679626465,-0.2901369333267212,-0.03172838241655995,-0.06131833791732788,-0.3439708948135376,-0.03995045945842435,-0.07573258876800537,-0.3878728151321411,-0.04637365714509656,-0.023435592651367188,-0.18774008750915527,-0.025154312335445184,-0.10426825284957886,-0.2044433057308197,-0.04464597181279828,-0.10588312149047852,-0.1659349799156189,-0.04166545272667577,-0.08511096239089966,-0.1512148380279541,-0.03794721812803914,-0.04271900653839111,-0.15719479322433472,-0.034909128405644196,-0.11571091413497925,-0.15630102157592773,-0.050362239785982865,-0.10912537574768066,-0.1245797872543335,-0.03871527240474393,-0.0873253345489502,-0.11977392435073853,-0.0297362703909414,-0.06579500436782837,-0.12171381711959839,-0.044599841543032426,-0.12153738737106323,-0.11660975217819214,-0.055037095405651826,-0.11323082447052002,-0.08895570039749146,-0.04766434729893376,-0.09489059448242188,-0.0823717713356018,-0.04039801956017186,pointing
0.0,0.0,0.0,0.009396553039550781,-0.07759958505630493,0.00749639438148364,-0.007514297962188721,-0.14990884065628052,0.0036356942044548646,-0.04177069664001465,-0.18175530433654785,-0.003234929706344758,-0.07701188325881958,-0.18143385648727417,-0.01235881338212863,-0.004432618618011475,-0.20369091629981995,-0.015210388995150481,-0.027631640434265137,-0.29432255029678345,-0.03029067518506423,-0.046650052070617676,-0.34806013107299805,-0.037135905421713744,-0.062087297439575195,-0.3905690908432007,-0.042297660208681975,-0.021409034729003906,-0.18818911910057068,-0.025811576119998847,-0.09120136499404907,-0.2126551866531372,-0.04441574478838817,-0.09290814399719238,-0.1761230230331421,-0.04191101232860461,-0.07333952188491821,-0.1591666340827942,-0.03796471545789615,-0.046007513999938965,-0.15881448984146118,-0.03509170079920665,-0.10859781503677368,-0.166118323802948,-0.048306184656361495,-0.10250037908554077,-0.13488638401031494,-0.0367414679596223,-0.08151459693908691,-0.12635529041290283,-0.027749682612160598,-0.07251089811325073,-0.1250617504119873,-0.04405273014996425,-0.11771142482757568,-0.12715017795562744,-0.05145606661532298,-0.10938829183578491,-0.09992390871047974,-0.0420922067234315,-0.09159606695175171,-0.09087765216827393,-0.03336495796535388,pointing
0.0,0.0,0.0,0.013379514217376709,-0.08106178045272827,0.008990629342481071,-0.0021827220916748047,-0.15431636571884155,0.0056198386001433676,-0.031840980052948,-0.18090838193893433,-0.0012437893318910653,-0.0646628737449646,-0.1800188422203064,-0.010297150584772652,0.00314253568649292,-0.20539921522140503,-0.014574249508694237,-0.012879550457000732,-0.2992250919342041,-0.02729858108879668,-0.027856409549713135,-0.35325324535369873,-0.03198179067195994,-0.03966116905212402,-0.39625102281570435,-0.03566285059870822,-0.021425247192382812,-0.1897045373916626,-0.025710588554755276,-0.07586175203323364,-0.22066569328308105,-0.04221565113486392,-0.07497328519821167,-0.1823737621307373,-0.03904682607473475,-0.05554687976837158,-0.1630883812904358,-0.034386595944777554,-0.050098538398742676,-0.16150140762329102,-0.03504060045899493,-0.09815806150436401,-0.1685219407081604,-0.04447547555984599,-0.09125268459320068,-0.1371803879737854,-0.03304777504028422,-0.0715295672416687,-0.1277732253074646,-0.02469850913704974,-0.07789576053619385,-0.13040763139724731,-0.04405427561225039,-0.11002850532531738,-0.13430476188659668,-0.04687414900483233,-0.10179823637008667,-0.10658210515975952,-0.03621274815024478,-0.08548462390899658,-0.09590750932693481,-0.027119875187889164,pointing
0.0,0.0,0.0,0.013768434524536133,-0.08077031373977661,0.008171580308524717,-0.0012950897216796875,-0.15296578407287598,0.0034780477131137744,-0.03147780895233154,-0.18053925037384033,-0.00406081644311751,-0.06548190116882324,-0.1809719204902649,-0.014055485329182993,0.0035243630409240723,-0.2014022171497345,-0.020106661556812178,-0.015750885009765625,-0.29587656259536743,-0.034276775507779966,-0.030980467796325684,-0.3497016429901123,-0.03967533209786023,-0.042685627937316895,-0.39236193895339966,-0.0437247971580943,-0.02078378200531006,-0.1831653118133545,-0.030760645358415495,-0.07898509502410889,-0.21695467829704285,-0.047912176190467726,-0.07885199785232544,-0.1792725920677185,-0.044307834892125975,-0.059274375438690186,-0.15818214416503906,-0.03956226953730191,-0.050122976303100586,-0.15338516235351562,-0.03944220343098248,-0.1006811261177063,-0.16351854801177979,-0.04980767840013112,-0.09388220310211182,-0.1328861117362976,-0.03797290423378552,-0.07371532917022705,-0.1214943528175354,-0.0294006610797366,-0.07862657308578491,-0.1212989091873169,-0.04774271273479069,-0.10988634824752808,-0.12415224313735962,-0.05226479792461003,-0.10151833295822144,-0.09626644849777222,-0.04249968328938092,-0.08533012866973877,-0.08460348844528198,-0.03387969308957661,pointing
0.0,0.0,0.0,0.017783284187316895,-0.08303135633468628,0.007256470269783932,0.004866659641265869,-0.15813326835632324,0.0027430845641340795,-0.024003684520721436,-0.18418437242507935,-0.004541533418670696,-0.056903839111328125,-0.1805027723312378,-0.014475767851546806,0.01449960470199585,-0.20053893327713013,-0.020100033261552852,-0.001242220401763916,-0.2983264923095703,-0.03306106513060669,-0.015912413597106934,-0.3533099591732025,-0.03764629026569466,-0.02753734588623047,-0.3962029218673706,-0.04114754533089737,-0.012400567531585693,-0.18567681312561035,-0.030028460898176235,-0.06547820568084717,-0.21738135814666748,-0.04539366846598725,-0.06546133756637573,-0.1821131706237793,-0.041804176174775165,-0.04660165309906006,-0.1630038022994995,-0.037527501933947605,-0.0436440110206604,-0.15832626819610596,-0.038019247703925174,-0.08766651153564453,-0.16846823692321777,-0.04649529268659691,-0.0814550518989563,-0.13941538333892822,-0.035721004360095066,-0.06262427568435669,-0.12729692459106445,-0.028268205352798503,-0.0739409327507019,-0.12869077920913696,-0.04573554953254799,-0.09962666034698486,-0.13211405277252197,-0.04847623070396523,-0.09251117706298828,-0.10572093725204468,-0.038982075058594745,-0.07819157838821411,-0.09276318550109863,-0.03084271249987225,pointing
0.0,0.0,0.0,0.019661247730255127,-0.08402085304260254,0.006422492225070187,0.007061004638671875,-0.15790867805480957,0.0017647120555608353,-0.02448105812072754,-0.18164771795272827,-0.0058631785061464825,-0.05728912353515625,-0.17581933736801147,-0.015785931594322733,0.016642451286315918,-0.200188547372818,-0.01884571554477077,0.0008264780044555664,-0.2978422939777374,-0.032260837949465326,-0.012158095836639404,-0.35350173711776733,-0.03696322346443992,-0.020759761333465576,-0.3967493772506714,-0.040303482658814005,-0.012456238269805908,-0.18373066186904907,-0.028960577197025827,-0.06203460693359375,-0.2187599539756775,-0.044977392054747156,-0.06179386377334595,-0.18304675817489624,-0.04195922518486839,-0.04223591089248657,-0.1600058674812317,-0.037571310050438456,-0.044793128967285156,-0.1554579734802246,-0.03745335245842796,-0.08474427461624146,-0.1665210723876953,-0.046641017295073084,-0.07799047231674194,-0.13740450143814087,-0.03652628789062362,-0.05870884656906128,-0.1231163740158081,-0.02906864414329391,-0.07567614316940308,-0.12441045045852661,-0.045856612719248346,-0.0957304835319519,-0.1260453462600708,-0.048622912712048105,-0.08780217170715332,-0.10125553607940674,-0.03957875723357063,-0.07348942756652832,-0.08732610940933228,-0.031634020603846125,pointing
0.0,0.0,0.0,0.021081149578094482,-0.08292418718338013,0.008420613845331104,0.010481417179107666,-0.15838783979415894,0.003906591580701502,-0.018929600715637207,-0.18194907903671265,-0.0040484203309887334,-0.05134260654449463,-0.17889779806137085,-0.014664089987533657,0.020953595638275146,-0.19944635033607483,-0.017927020537214844,0.005699336528778076,-0.29721808433532715,-0.030134552838759987,-0.0064697265625,-0.352949857711792,-0.03435185526545581,-0.01477879285812378,-0.3963986933231354,-0.03739545841749248,-0.010367989540100098,-0.18309897184371948,-0.028944395231562225,-0.05359727144241333,-0.2216949462890625,-0.04331482921774921,-0.05268442630767822,-0.18612152338027954,-0.039785958575563996,-0.03432130813598633,-0.1625347137451172,-0.035377528267460434,-0.04460740089416504,-0.15530925989151,-0.03794820209081706,-0.07846277952194214,-0.174818754196167,-0.04477449853952464,-0.0734778642654419,-0.14574086666107178,-0.03303216000135478,-0.05705702304840088,-0.13008040189743042,-0.02501829688485202,-0.07730132341384888,-0.1247517466545105,-0.04669025887783107,-0.09274262189865112,-0.13481909036636353,-0.046690370636540024,-0.08533704280853271,-0.11044186353683472,-0.03523972605403003,-0.0728793740272522,-0.0951201319694519,-0.025992301973062126,pointing
0.0,0.0,0.0,0.02159440517425537,-0.08281069993972778,0.00741881653829779,0.01194620132446289,-0.1591358184814453,0.0025195401178237375,-0.01661783456802368,-0.18470782041549683,-0.005545158310091836,-0.04872852563858032,-0.18302971124649048,-0.01618813341320191,0.022080540657043457,-0.1991828978061676,-0.019588863382345778,0.006907403469085693,-0.2972681224346161,-0.03213259568274651,-0.004859447479248047,-0.3536207973957062,-0.036593727672702414,-0.013183772563934326,-0.3975997567176819,-0.039872039014703375,-0.009868621826171875,-0.18282580375671387,-0.03018291285098229,-0.05316007137298584,-0.2208862602710724,-0.04471776252449189,-0.05178004503250122,-0.18590205907821655,-0.041264589781171424,-0.03334420919418335,-0.16288268566131592,-0.03702992191374932,-0.0444713830947876,-0.15507668256759644,-0.038783967400199515,-0.07823812961578369,-0.17288857698440552,-0.04565930729568635,-0.07288616895675659,-0.14424002170562744,-0.03407904123724137,-0.05641782283782959,-0.12909120321273804,-0.02633118061185513,-0.07740002870559692,-0.12458264827728271,-0.047238938415652854,-0.09274405241012573,-0.13255101442337036,-0.0472715160793129,-0.08525025844573975,-0.10832405090332031,-0.03618209054530297,-0.0728386640548706,-0.09413957595825195,-0.02730801505804692,pointing
0.0,0.0,0.0,0.019627690315246582,-0.08231216669082642,0.008230072971578295,0.008365154266357422,-0.15810620784759521,0.0039615817965525935,-0.022258281707763672,-0.1845192313194275,-0.00377267779395396,-0.05582761764526367,-0.1819588541984558,-0.013901793803874796,0.017937839031219482,-0.20193541049957275,-0.017532887343172376,0.0036661624908447266,-0.2988760471343994,-0.029745856705908125,-0.007713258266448975,-0.35509350895881653,-0.03401343751311714,-0.015122294425964355,-0.3995158076286316,-0.03735557425380165,-0.010869622230529785,-0.1867295503616333,-0.02842649299264366,-0.05700480937957764,-0.220566987991333,-0.043506836924557035,-0.057125747203826904,-0.18481814861297607,-0.04074835631609375,-0.03873223066329956,-0.16118615865707397,-0.03690030280113632,-0.04315453767776489,-0.15981215238571167,-0.03731181326866562,-0.08119690418243408,-0.17065250873565674,-0.045535603944067304,-0.07591581344604492,-0.14138174057006836,-0.035212500426773374,-0.05815291404724121,-0.12642014026641846,-0.027907314184908216,-0.07459801435470581,-0.1301279067993164,-0.04592211771369392,-0.09461438655853271,-0.1343439221382141,-0.047799496386055296,-0.08817720413208008,-0.10913455486297607,-0.03819333243728096,-0.0751422643661499,-0.09483790397644043,-0.030021438781027143,pointing
0.0,0.0,0.0,0.019708216190338135,-0.08409029245376587,0.009552755794778989,0.007261157035827637,-0.1613173484802246,0.006389019946858809,-0.023871660232543945,-0.1877850890159607,-0.0004826310381176313,-0.05745112895965576,-0.18516325950622559,-0.009858155221387221,0.018556714057922363,-0.20387578010559082,-0.01412617468152888,0.003281235694885254,-0.30079999566078186,-0.025132586777850463,-0.008065879344940186,-0.35678306221961975,-0.028880847216292693,-0.016244053840637207,-0.4007395803928375,-0.03193438571755536,-0.010833799839019775,-0.18980824947357178,-0.02519387152855046,-0.05520445108413696,-0.22536733746528625,-0.03848860931460507,-0.054400622844696045,-0.18990635871887207,-0.035364081681414916,-0.036442339420318604,-0.1678822636604309,-0.03154923540417798,-0.044001221656799316,-0.16439831256866455,-0.03430317860905774,-0.07959318161010742,-0.17950212955474854,-0.04061663296882756,-0.07517284154891968,-0.15016555786132812,-0.02989430871669896,-0.05917245149612427,-0.1355133056640625,-0.02274156507913716,-0.07631975412368774,-0.13602381944656372,-0.04306847375695355,-0.09392112493515015,-0.14399570226669312,-0.04296814051334508,-0.08752554655075073,-0.11897474527359009,-0.03259042796556599,-0.07608872652053833,-0.10460829734802246,-0.024272173241421058,pointing
0.0,0.0,0.0,0.021509647369384766,-0.08191806077957153,0.010361957072078098,0.011094927787780762,-0.15728271007537842,0.007427510513721813,-0.018943965435028076,-0.1846381425857544,0.0010327918564740912,-0.05195397138595581,-0.18444663286209106,-0.00775337201842774,0.018130600452423096,-0.2021380066871643,-0.016244814091564308,0.002701997756958008,-0.30106574296951294,-0.025739753910542618,-0.010115861892700195,-0.35637250542640686,-0.027282648080230842,-0.019592583179473877,-0.3993450999259949,-0.0287339112844478,-0.011642694473266602,-0.18774515390396118,-0.02673146902883161,-0.058160603046417236,-0.2208867371082306,-0.038764350407959114,-0.05820488929748535,-0.1848524808883667,-0.034364972555280815,-0.04151618480682373,-0.16141623258590698,-0.029852340289593826,-0.044119179248809814,-0.16233330965042114,-0.03481930896008123,-0.08068257570266724,-0.17276227474212646,-0.04073029413187612,-0.07484781742095947,-0.1425880789756775,-0.030732583546281944,-0.058920860290527344,-0.12704062461853027,-0.02409049152696241,-0.07538211345672607,-0.1347792148590088,-0.04227267234885801,-0.09314316511154175,-0.1388380527496338,-0.04270412429535497,-0.08668237924575806,-0.11241483688354492,-0.03348358377182592,-0.07539433240890503,-0.09685981273651123,-0.025717944198490272,pointing
0.0,0.0,0.0,0.021091222763061523,-0.08377403020858765,0.009914543461597702,0.010363161563873291,-0.15920573472976685,0.0072087142435677265,-0.018941879272460938,-0.18726664781570435,0.0008006268000073646,-0.050943613052368164,-0.18815267086029053,-0.007925939764284351,0.016989707946777344,-0.20132127404212952,-0.01385352110435889,0.00356137752532959,-0.29836583137512207,-0.024230112339758136,-0.008828222751617432,-0.35349327325820923,-0.02668834386339114,-0.018014907836914062,-0.39687633514404297,-0.028643391113185146,-0.011102437973022461,-0.18844908475875854,-0.02461796535124705,-0.05528527498245239,-0.2227661907672882,-0.03773443868329451,-0.054981768131256104,-0.18785804510116577,-0.03418116366436408,-0.03800290822982788,-0.16539669036865234,-0.029751128535174587,-0.04276996850967407,-0.1641719937324524,-0.03331542855074332,-0.077739417552948,-0.17515772581100464,-0.04046436866691039,-0.07236498594284058,-0.14552175998687744,-0.03085668479969428,-0.05606663227081299,-0.130523681640625,-0.0238521257596247,-0.0740278959274292,-0.13706731796264648,-0.04152448197772429,-0.09040600061416626,-0.1406031847000122,-0.04279369955828116,-0.08373510837554932,-0.11519354581832886,-0.033938989992641666,-0.07210022211074829,-0.10022729635238647,-0.026142484526538112,pointing
0.0,0.0,0.0,0.021858632564544678,-0.08458185195922852,0.01014543459876549,0.01119077205657959,-0.16149961948394775,0.00782064856155884,-0.01753401756286621,-0.19061881303787231,0.0015524628817580322,-0.04956310987472534,-0.19203776121139526,-0.007003958847977998,0.016115665435791016,-0.2030106782913208,-0.010996921498932721,0.002142786979675293,-0.29791179299354553,-0.021485750143089177,-0.009605228900909424,-0.35276171565055847,-0.024712574247875096,-0.01927626132965088,-0.395635724067688,-0.027268887077131154,-0.01222217082977295,-0.19001436233520508,-0.022278557111182096,-0.05535757541656494,-0.2260909080505371,-0.036202103410520436,-0.05255115032196045,-0.191339910030365,-0.033624683086433294,-0.03519850969314575,-0.1691778302192688,-0.029536851261415364,-0.044622838497161865,-0.16528290510177612,-0.03170780516103733,-0.0779152512550354,-0.1848050355911255,-0.04004439762667644,-0.07060474157333374,-0.15516144037246704,-0.0300921355827235,-0.054096758365631104,-0.13931673765182495,-0.02218694663480747,-0.07637470960617065,-0.1372513771057129,-0.040552847598352315,-0.09087127447128296,-0.14855259656906128,-0.04210465079978931,-0.08284974098205566,-0.1257736086845398,-0.032317460094251516,-0.07145512104034424,-0.11100244522094727,-0.02363226427570808,pointing
0.0,0.0,0.0,0.022533416748046875,-0.08436065912246704,0.009527565434680696,0.013280391693115234,-0.16144722700119019,0.006883475918428417,-0.014359354972839355,-0.19301241636276245,0.0010471586027307467,-0.046972692012786865,-0.19682711362838745,-0.0070892367622690244,0.018532216548919678,-0.20119443535804749,-0.01611747640360761,0.0035873055458068848,-0.29777300357818604,-0.026963782042159323,-0.0087662935256958,-0.35259944200515747,-0.029947357728971724,-0.018528223037719727,-0.396139532327652,-0.03233789327730108,-0.01107114553451538,-0.18700271844863892,-0.0261243623792069,-0.056379735469818115,-0.22206059098243713,-0.03867730918516088,-0.05451613664627075,-0.18742221593856812,-0.03416506993760038,-0.036620497703552246,-0.16564995050430298,-0.02954928624619413,-0.04389941692352295,-0.16221743822097778,-0.03403725522746015,-0.07699304819107056,-0.17891716957092285,-0.04103715765465665,-0.07096487283706665,-0.15007352828979492,-0.02990664961923528,-0.05463075637817383,-0.13420486450195312,-0.02204351174820829,-0.07567733526229858,-0.1349806785583496,-0.04144405993808675,-0.08948022127151489,-0.1452159285545349,-0.0431526866852181,-0.08238166570663452,-0.12000477313995361,-0.03358645039786268,-0.07110065221786499,-0.10384196043014526,-0.025231300398601775,pointing
0.0,0.0,0.0,0.023153305053710938,-0.08251327276229858,0.009513561310344087,0.013854026794433594,-0.1602247953414917,0.006927554657780277,-0.014960885047912598,-0.1904119849205017,0.0011499453560492867,-0.048668503761291504,-0.1911199688911438,-0.006874510856247795,0.020196974277496338,-0.2012537121772766,-0.0154062503258654,0.005491971969604492,-0.2995958924293518,-0.026309987833625925,-0.006940305233001709,-0.355785071849823,-0.0293240196312734,-0.01682370901107788,-0.40000975131988525,-0.031905291905529154,-0.00823521614074707,-0.1895398497581482,-0.025768129458553446,-0.05479025840759277,-0.22535309195518494,-0.039298994770176066,-0.053511977195739746,-0.18945491313934326,-0.035450464418060434,-0.03537154197692871,-0.16673517227172852,-0.030859913980490816,-0.041021108627319336,-0.16647541522979736,-0.03408682935488905,-0.07682687044143677,-0.18065637350082397,-0.04185524799478735,-0.07012701034545898,-0.15132415294647217,-0.03168353654993261,-0.05266851186752319,-0.13646429777145386,-0.024258474191553248,-0.07330453395843506,-0.14057999849319458,-0.041892117192871225,-0.08880019187927246,-0.14553993940353394,-0.04450112052810873,-0.08122634887695312,-0.12001168727874756,-0.036072539469129694,-0.06907051801681519,-0.10565316677093506,-0.028414544021613253,pointing
0.0,0.0,0.0,0.023081600666046143,-0.08287054300308228,0.010261701223619468,0.014220118522644043,-0.1602421998977661,0.007928984974689968,-0.013679265975952148,-0.19127213954925537,0.001868056402720697,-0.04675459861755371,-0.1941547393798828,-0.00646180911996197,0.019256412982940674,-0.20289510488510132,-0.012158942605189793,0.005377769470214844,-0.29853910207748413,-0.023017933788530343,-0.006363213062286377,-0.3536553978919983,-0.026519600498311036,-0.016237258911132812,-0.3969373106956482,-0.02945630085729789,-0.00860518217086792,-0.19209951162338257,-0.023255266445509903,-0.0550532341003418,-0.22595462203025818,-0.03678556178771686,-0.053346216678619385,-0.18937718868255615,-0.03325334210955333,-0.035472333431243896,-0.16718411445617676,-0.028895657705895417,-0.04149740934371948,-0.16901010274887085,-0.03249713053070735,-0.077079176902771,-0.1858149766921997,-0.040712773996226304,-0.07058745622634888,-0.15497571229934692,-0.02993782629334163,-0.0538288950920105,-0.13930147886276245,-0.021893887045614235,-0.07407021522521973,-0.14202767610549927,-0.041252762275568955,-0.08910322189331055,-0.14798009395599365,-0.043952767002217286,-0.08154809474945068,-0.12264937162399292,-0.03474261631333064,-0.07025569677352905,-0.10783243179321289,-0.026423178809515946,pointing
0.0,0.0,0.0,0.02529168128967285,-0.08269399404525757,0.008546849188544314,0.01746368408203125,-0.15982013940811157,0.005749202740528148,-0.010227739810943604,-0.19141817092895508,-0.0002934481020453461,-0.043529212474823,-0.1945856213569641,-0.008570642734728295,0.02167057991027832,-0.20159709453582764,-0.014689195494018037,0.008097648620605469,-0.2974303960800171,-0.0259093964126329,-0.003407597541809082,-0.35262367129325867,-0.029343046772144277,-0.012805521488189697,-0.39571550488471985,-0.03201267175640865,-0.00753098726272583,-0.18980169296264648,-0.024662325682900388,-0.0530397891998291,-0.22344434261322021,-0.03836369194354816,-0.05184531211853027,-0.18844455480575562,-0.03498993121352001,-0.03430759906768799,-0.16645395755767822,-0.030685166421196897,-0.040675580501556396,-0.16637402772903442,-0.032803889888189275,-0.07416164875030518,-0.18112611770629883,-0.0411566873666267,-0.06804871559143066,-0.15213274955749512,-0.031150416063926656,-0.05165201425552368,-0.13708001375198364,-0.02356606215503021,-0.07285887002944946,-0.1398630142211914,-0.040538956004045446,-0.08621102571487427,-0.14521890878677368,-0.04323294811215206,-0.0788843035697937,-0.12042421102523804,-0.03457173757519527,-0.06769448518753052,-0.10610640048980713,-0.026590820926092107,pointing
0.0,0.0,0.0,0.02398914098739624,-0.08668440580368042,0.008829066857600765,0.015114188194274902,-0.16261112689971924,0.005262937724495487,-0.011625409126281738,-0.19200462102890015,-0.0017529734392667251,-0.04431074857711792,-0.19381290674209595,-0.011187875315641804,0.019983410835266113,-0.2005128264427185,-0.013788908392285748,0.005577743053436279,-0.29265445470809937,-0.02393155232826416,-0.005506157875061035,-0.3460029065608978,-0.027735394097959443,-0.013988196849822998,-0.3882046639919281,-0.030818362392579957,-0.01194840669631958,-0.1850091814994812,-0.024083676420247002,-0.05147981643676758,-0.22021028399467468,-0.03594020441929047,-0.04838365316390991,-0.18659907579421997,-0.032692120082771225,-0.0309675931930542,-0.1634063720703125,-0.029044230140840455,-0.04615366458892822,-0.15815973281860352,-0.032393675901090546,-0.07495331764221191,-0.17734193801879883,-0.03795885727564041,-0.06797415018081665,-0.15074104070663452,-0.026932990782057686,-0.05249124765396118,-0.134324848651886,-0.019464804463183327,-0.07835167646408081,-0.12836527824401855,-0.04035626039663498,-0.09005647897720337,-0.14158791303634644,-0.03952211574474518,-0.08090716600418091,-0.11921173334121704,-0.02819497757414524,-0.06880271434783936,-0.10321235656738281,-0.019049630172645493,pointing
0.0,0.0,0.0,0.023280680179595947,-0.0801193118095398,0.007878231523960721,0.014879167079925537,-0.1560320258140564,0.004358952107310188,-0.011891186237335205,-0.18598780035972595,-0.0022525960240216136,-0.043738722801208496,-0.1872972846031189,-0.01111646118906151,0.02105700969696045,-0.198411762714386,-0.013023378619521964,0.0051503777503967285,-0.2906090319156647,-0.02172492753115307,-0.00498729944229126,-0.343332439661026,-0.02492660965171467,-0.012221217155456543,-0.38529741764068604,-0.027652479068905222,-0.012174487113952637,-0.18341967463493347,-0.022569087626010287,-0.04931020736694336,-0.21788594126701355,-0.03315033140924584,-0.04484724998474121,-0.18537384271621704,-0.030446912454038966,-0.02756589651107788,-0.1630987524986267,-0.027162668587237704,-0.045959532260894775,-0.15674322843551636,-0.030059988902479517,-0.0745500922203064,-0.17772626876831055,-0.034498145164519656,-0.06653857231140137,-0.15107810497283936,-0.024024780200392115,-0.05106848478317261,-0.1348239779472351,-0.017191992433339465,-0.07625025510787964,-0.1272163987159729,-0.037252986164361346,-0.08828824758529663,-0.13885855674743652,-0.03601410362270485,-0.07862275838851929,-0.11592024564743042,-0.024960550771623957,-0.06700849533081055,-0.09934777021408081,-0.01607181254175316,pointing
0.0,0.0,0.0,0.023546278476715088,-0.08387130498886108,0.01116434100232766,0.014909327030181885,-0.1589268445968628,0.00969953543655322,-0.00977778434753418,-0.18932658433914185,0.004435710489374856,-0.0401228666305542,-0.19314983487129211,-0.0029583155442054476,0.01994270086288452,-0.20169901847839355,-0.009895311788099548,0.004967153072357178,-0.2925530672073364,-0.01769791462309911,-0.005783200263977051,-0.34473705291748047,-0.01960712776370599,-0.013802051544189453,-0.38525664806365967,-0.021340129085260173,-0.012546539306640625,-0.18849244713783264,-0.020625789769368907,-0.04836922883987427,-0.22259163856506348,-0.03015077964253976,-0.04419302940368652,-0.18994781374931335,-0.026489923827725192,-0.02784860134124756,-0.16648751497268677,-0.022407706015187046,-0.045467913150787354,-0.16281163692474365,-0.029147221826391956,-0.07290792465209961,-0.17446279525756836,-0.03177916549928739,-0.06490558385848999,-0.14855390787124634,-0.02191834629364564,-0.050216853618621826,-0.13359588384628296,-0.015840227835255405,-0.0762130618095398,-0.1337757110595703,-0.03725740232356145,-0.08778595924377441,-0.13810473680496216,-0.03406806954033925,-0.07902544736862183,-0.11465096473693848,-0.023675997861104747,-0.06778079271316528,-0.10068875551223755,-0.01564589434154584,pointing
0.0,0.0,0.0,0.02179962396621704,-0.07874935865402222,0.007441340379742201,0.009911954402923584,-0.15535646677017212,0.003855777571303065,-0.020497500896453857,-0.18270182609558105,-0.0029610752664979145,-0.05305778980255127,-0.1798742413520813,-0.01225528456983227,0.01594942808151245,-0.20213022828102112,-0.012344757660898154,-0.0018318891525268555,-0.291801780462265,-0.02125515938517708,-0.012738823890686035,-0.3447718024253845,-0.025377176336618845,-0.020080387592315674,-0.3867490291595459,-0.028906296573254053,-0.016153454780578613,-0.18651768565177917,-0.021974159039231722,-0.05662655830383301,-0.21233272552490234,-0.033526844910952036,-0.05252730846405029,-0.17990127205848694,-0.032006632171246,-0.034739553928375244,-0.15952253341674805,-0.029379101104709093,-0.048936426639556885,-0.15821558237075806,-0.029539771012636606,-0.0809360146522522,-0.17473483085632324,-0.03515157812056202,-0.07295495271682739,-0.147455096244812,-0.02537394650993008,-0.05659604072570801,-0.13262063264846802,-0.01862723157522339,-0.07789862155914307,-0.12601101398468018,-0.03680025004562992,-0.09311318397521973,-0.1355193853378296,-0.03654675149140019,-0.08307141065597534,-0.11137187480926514,-0.02530833297190327,-0.07043474912643433,-0.09519171714782715,-0.015893546498986666,pointing
0.0,0.0,0.0,0.01950371265411377,-0.07998472452163696,0.0069650436675061655,0.005912959575653076,-0.15671581029891968,0.003525782555144019,-0.025609850883483887,-0.18300801515579224,-0.003402240395743661,-0.058691561222076416,-0.1785038411617279,-0.012508909505058341,0.012706577777862549,-0.20666173100471497,-0.010320780154515319,-0.005111038684844971,-0.2936182916164398,-0.020492346313048415,-0.017625927925109863,-0.34513747692108154,-0.025019283693481498,-0.026662886142730713,-0.3852042257785797,-0.028632163357187324,-0.017873644828796387,-0.19133952260017395,-0.020454899694968276,-0.06325733661651611,-0.21505871415138245,-0.03442903729920488,-0.06018704175949097,-0.1821967363357544,-0.03370775404219728,-0.0418781042098999,-0.16266247630119324,-0.030766834791947417,-0.0503082275390625,-0.16320118308067322,-0.02896370301787954,-0.08503836393356323,-0.1712905466556549,-0.037450262632418685,-0.07702773809432983,-0.142586350440979,-0.028850381549645476,-0.05973196029663086,-0.12938374280929565,-0.02191213081424337,-0.07943439483642578,-0.13109678030014038,-0.037313730742980056,-0.09663271903991699,-0.13277184963226318,-0.03945705043916803,-0.08707135915756226,-0.1067855954170227,-0.030039378728915267,-0.07359850406646729,-0.092323899269104,-0.021398335050989203,pointing
0.0,0.0,0.0,0.02007204294204712,-0.0809822678565979,0.007691231086884187,0.007314860820770264,-0.15680742263793945,0.004424418319050716,-0.022361695766448975,-0.18339258432388306,-0.0021724395956503884,-0.05522376298904419,-0.17954322695732117,-0.011009936224635197,0.014867126941680908,-0.20737305283546448,-0.011222116652842118,-0.0036020874977111816,-0.2957305312156677,-0.020788929428871228,-0.01598459482192993,-0.34836143255233765,-0.02469808143001373,-0.024946630001068115,-0.3892284631729126,-0.027793833058293416,-0.016333818435668945,-0.19344940781593323,-0.02088750433545883,-0.05973994731903076,-0.21766427159309387,-0.03329315875094707,-0.056487441062927246,-0.1852492094039917,-0.03177050594609554,-0.03814208507537842,-0.16484180092811584,-0.028603366579826428,-0.04929530620574951,-0.16638004779815674,-0.028757224794443204,-0.08116847276687622,-0.1726241111755371,-0.035158299844678,-0.07312387228012085,-0.14531993865966797,-0.026810980405624463,-0.056163907051086426,-0.132036030292511,-0.020644915293868138,-0.07914119958877563,-0.13564419746398926,-0.036442370157654835,-0.09286510944366455,-0.1360710859298706,-0.0365676740221339,-0.08370763063430786,-0.11062401533126831,-0.027360701005871846,-0.07125675678253174,-0.09626615047454834,-0.01932153944295223,pointing
0.0,0.0,0.0,0.021411359310150146,-0.08100241422653198,0.010784490466697605,0.008158266544342041,-0.15855979919433594,0.009431261070652397,-0.023271918296813965,-0.18791934847831726,0.004183852080835493,-0.05629056692123413,-0.18463027477264404,-0.0034834430882497713,0.013503551483154297,-0.208254873752594,-0.007925220332460015,-0.006245553493499756,-0.29734140634536743,-0.015566597259955017,-0.020010292530059814,-0.34885746240615845,-0.018116755909638016,-0.030070781707763672,-0.3885749578475952,-0.02048272689373931,-0.015715062618255615,-0.19448530673980713,-0.018671019501404373,-0.06252574920654297,-0.21702226996421814,-0.028580721966342537,-0.060378074645996094,-0.1856258511543274,-0.026066270224170296,-0.04293853044509888,-0.16700202226638794,-0.022916300720886795,-0.04765564203262329,-0.1671222746372223,-0.027306708074526398,-0.08309686183929443,-0.17473635077476501,-0.03277843309135875,-0.07540363073348999,-0.1469740867614746,-0.023896733797506897,-0.058298468589782715,-0.1333189606666565,-0.01754638043733081,-0.07755535840988159,-0.13581299781799316,-0.03534393993707141,-0.09431886672973633,-0.14138245582580566,-0.03565053132863483,-0.08503615856170654,-0.11477005481719971,-0.025526287532763092,-0.07216000556945801,-0.09823155403137207,-0.016670471555904953,pointing
0.0,0.0,0.0,0.020617961883544922,-0.08148092031478882,0.011288870353435065,0.00807487964630127,-0.1589982509613037,0.010049569647942569,-0.0217856764793396,-0.18844565749168396,0.0049743920044944545,-0.05487126111984253,-0.18643736839294434,-0.0026053844539477566,0.012445151805877686,-0.20805788040161133,-0.009266286860968087,-0.006756782531738281,-0.29795950651168823,-0.017014260176385854,-0.01989036798477173,-0.34987398982048035,-0.01935841027256391,-0.030192911624908447,-0.38915956020355225,-0.021369897533024762,-0.016067087650299072,-0.1928953230381012,-0.019856217089857076,-0.06218928098678589,-0.21272477507591248,-0.029681891906823132,-0.058652520179748535,-0.18136397004127502,-0.02670759405549905,-0.04084283113479614,-0.1634311079978943,-0.023445424396361325,-0.04769754409790039,-0.1649267077445984,-0.028242834616269086,-0.08225655555725098,-0.17070505023002625,-0.03358234162982843,-0.07435721158981323,-0.14353501796722412,-0.024688194278444264,-0.058114588260650635,-0.13037443161010742,-0.018449510220254872,-0.0776662826538086,-0.1347065567970276,-0.035947606671418164,-0.0933840274810791,-0.14003288745880127,-0.03615108947810075,-0.08419853448867798,-0.11375558376312256,-0.026324105221594785,-0.07200944423675537,-0.09774243831634521,-0.0177447542136564,pointing
0.0,0.0,0.0,0.02129805088043213,-0.08115547895431519,0.012545917218865554,0.007789313793182373,-0.1578439474105835,0.011412444560171764,-0.02254384756088257,-0.18579930067062378,0.00627227084556381,-0.05527818202972412,-0.1838403046131134,-0.0015470906735046697,0.014564037322998047,-0.20639777183532715,-0.009886274078546364,-0.00641179084777832,-0.29633641242980957,-0.018264094331918557,-0.020602941513061523,-0.3489699363708496,-0.021271191501675446,-0.031228363513946533,-0.3888624310493469,-0.023935986647067864,-0.013646304607391357,-0.19396069645881653,-0.02096717056041797,-0.06277459859848022,-0.21279340982437134,-0.03078477267330726,-0.0615043044090271,-0.18108659982681274,-0.02747976217573722,-0.04359012842178345,-0.1628168225288391,-0.024342842364369233,-0.04517143964767456,-0.16773751378059387,-0.0297407786936148,-0.08225303888320923,-0.1741310954093933,-0.03457723181849559,-0.0752822756767273,-0.1468217968940735,-0.02549762647753795,-0.057873666286468506,-0.1331549882888794,-0.019720097968040307,-0.07458597421646118,-0.13884907960891724,-0.03782632198339542,-0.09098368883132935,-0.14122188091278076,-0.0386009215951546,-0.08258074522018433,-0.11464434862136841,-0.029685733804164727,-0.06980270147323608,-0.09824162721633911,-0.021948363596258957,pointing
0.0,0.0,0.0,0.022214889526367188,-0.08035033941268921,0.010500974935517271,0.01102215051651001,-0.15702754259109497,0.007916185055897196,-0.016603708267211914,-0.18411055207252502,0.0016573095750441746,-0.04876786470413208,-0.18200010061264038,-0.007197156566157381,0.01575791835784912,-0.2058659791946411,-0.014489156211688559,-0.00419384241104126,-0.29843762516975403,-0.024871312099471132,-0.01849186420440674,-0.3518535792827606,-0.02869103105641846,-0.028991281986236572,-0.39133214950561523,-0.03163922766126637,-0.013049304485321045,-0.19184985756874084,-0.025279266777410547,-0.06058776378631592,-0.21252349019050598,-0.037192365172281305,-0.058778464794158936,-0.18042266368865967,-0.03413027712978367,-0.04036211967468262,-0.16178959608078003,-0.030783072131648104,-0.044572293758392334,-0.16463297605514526,-0.033859895559921305,-0.08067357540130615,-0.16953906416893005,-0.03981458211220745,-0.07302021980285645,-0.14216452836990356,-0.03040854075826649,-0.054995596408843994,-0.12942081689834595,-0.024250565114393274,-0.07407563924789429,-0.13473212718963623,-0.041955506446733515,-0.09094083309173584,-0.1348820924758911,-0.043276647123470346,-0.08262038230895996,-0.10877400636672974,-0.03416893446721081,-0.06924009323120117,-0.09415537118911743,-0.02618487739838604,pointing
0.0,0.0,0.0,0.022309839725494385,-0.08173316717147827,0.010635161544312766,0.011320948600769043,-0.15650153160095215,0.007970531243016055,-0.015674114227294922,-0.18354076147079468,0.0016404666287126446,-0.04764723777770996,-0.18149566650390625,-0.00719281960732765,0.015496611595153809,-0.20454546809196472,-0.014953129221568773,-0.004506945610046387,-0.29679274559020996,-0.0247363049954874,-0.018746137619018555,-0.3497238755226135,-0.027773698088596532,-0.029164135456085205,-0.38891181349754333,-0.029973040562937925,-0.015439748764038086,-0.1896684467792511,-0.02537817437655754,-0.057335853576660156,-0.21152976155281067,-0.03598144766397304,-0.054395318031311035,-0.1801491379737854,-0.03229817491478748,-0.036872684955596924,-0.1608436405658722,-0.028609796655247877,-0.04769331216812134,-0.16216248273849487,-0.033476555016706655,-0.07828187942504883,-0.16514822840690613,-0.03768488880700893,-0.0700690746307373,-0.13860386610031128,-0.028263352108071516,-0.053283512592315674,-0.1251886487007141,-0.022247099545667837,-0.07802373170852661,-0.13266384601593018,-0.041116074886987874,-0.09043234586715698,-0.1331385374069214,-0.039892901894519994,-0.08168661594390869,-0.10787415504455566,-0.030102887418935964,-0.06916475296020508,-0.09300470352172852,-0.02197512355155773,pointing
0.0,0.0,0.0,0.02142798900604248,-0.08360922336578369,0.011505960164089224,0.010199904441833496,-0.15651792287826538,0.00946063795449259,-0.017017602920532227,-0.18188220262527466,0.00312116546878638,-0.04932492971420288,-0.1789049208164215,-0.005857556449751833,0.013068139553070068,-0.2046169936656952,-0.010690244237463453,-0.0037149786949157715,-0.29408007860183716,-0.02044038972495077,-0.01809793710708618,-0.34634363651275635,-0.024082017453889826,-0.0292205810546875,-0.38566556572914124,-0.026905305075030306,-0.017452359199523926,-0.19023177027702332,-0.021937192740421274,-0.060006797313690186,-0.2138964831829071,-0.03248568004606245,-0.057465314865112305,-0.18255090713500977,-0.029458030449728945,-0.0402340292930603,-0.1633377969264984,-0.026222131537775972,-0.0494731068611145,-0.16150924563407898,-0.031052978100757578,-0.08086943626403809,-0.16471755504608154,-0.035863985630254724,-0.0731503963470459,-0.138261079788208,-0.02664683698354242,-0.05635958909988403,-0.12469053268432617,-0.020585575463752726,-0.07935541868209839,-0.12977105379104614,-0.03967766961691854,-0.09313195943832397,-0.12932223081588745,-0.03894799700615881,-0.08479619026184082,-0.10582298040390015,-0.0291986179971504,-0.07215559482574463,-0.09161752462387085,-0.021044769647102335,pointing
0.0,0.0,0.0,0.017170071601867676,-0.08275258541107178,0.009006096931971186,0.0022211074829101562,-0.1576017141342163,0.00580759667498576,-0.029589712619781494,-0.1842649281024933,-0.0009534185432311659,-0.06422150135040283,-0.1807907521724701,-0.010178295013629324,0.011727333068847656,-0.2037753164768219,-0.012394316543959505,-0.009405016899108887,-0.29473382234573364,-0.022447445479356176,-0.023586690425872803,-0.3471048176288605,-0.026292157408915884,-0.034027099609375,-0.38764452934265137,-0.02950706989797247,-0.016263246536254883,-0.18908849358558655,-0.022626501557551748,-0.06538617610931396,-0.2103550136089325,-0.03545782813163889,-0.06268298625946045,-0.17794269323349,-0.03316201740237368,-0.04315948486328125,-0.15980073809623718,-0.030072466519795782,-0.048039257526397705,-0.16243040561676025,-0.03105993480714453,-0.08594530820846558,-0.1665962040424347,-0.03828365826340807,-0.07792723178863525,-0.1390121579170227,-0.029633552816831,-0.059249043464660645,-0.12677758932113647,-0.023646424573980696,-0.0783085823059082,-0.1332218050956726,-0.03918619924517763,-0.09611707925796509,-0.1315014362335205,-0.041361057249032385,-0.08728033304214478,-0.1048581600189209,-0.03332988643380297,-0.07344210147857666,-0.09137755632400513,-0.026144213092647917,pointing
0.0,0.0,0.0,0.017647147178649902,-0.0820884108543396,0.010127549513359257,0.0030646920204162598,-0.1562754511833191,0.008249994821031281,-0.026917576789855957,-0.1831732988357544,0.0027147540702714412,-0.05987405776977539,-0.1798301339149475,-0.0053315828674243,0.010330498218536377,-0.20414745807647705,-0.010938752920250705,-0.011578977108001709,-0.2945786714553833,-0.020771032676915935,-0.02688056230545044,-0.34677088260650635,-0.024399238184909633,-0.03805375099182129,-0.3865850865840912,-0.02732530284009438,-0.01665276288986206,-0.19047385454177856,-0.020977726683835796,-0.06759995222091675,-0.20975267887115479,-0.0328409341283844,-0.0652085542678833,-0.17625689506530762,-0.0297308121927784,-0.045171141624450684,-0.15945157408714294,-0.02612329508445721,-0.047725141048431396,-0.16427749395370483,-0.02923959913931351,-0.08849078416824341,-0.1655418872833252,-0.03533682274899941,-0.08112698793411255,-0.1379166841506958,-0.02635261091671448,-0.06174623966217041,-0.12726563215255737,-0.020310476899962238,-0.07770848274230957,-0.13519048690795898,-0.03713759455166321,-0.09872442483901978,-0.131944477558136,-0.03815055686316948,-0.09031009674072266,-0.10491198301315308,-0.02955432097695332,-0.07582294940948486,-0.09146493673324585,-0.02203124995611172,pointing
0.0,0.0,0.0,0.02000635862350464,-0.081187903881073,0.007609441899174563,0.0075508952140808105,-0.1546524167060852,0.004346419614219776,-0.021328091621398926,-0.18303492665290833,-0.0021456051390229547,-0.05411088466644287,-0.1820787787437439,-0.01117539124149669,0.012239217758178711,-0.20253005623817444,-0.014857534296399244,-0.008737802505493164,-0.29238253831863403,-0.025429347507244238,-0.02346956729888916,-0.34522488713264465,-0.02963134644139398,-0.03414130210876465,-0.3857516646385193,-0.03298843277204622,-0.01668447256088257,-0.18809714913368225,-0.023996582232004293,-0.06583267450332642,-0.2059093713760376,-0.03644211215484727,-0.06426012516021729,-0.1745646893978119,-0.034128658450728544,-0.04507797956466675,-0.15773814916610718,-0.031329270429497846,-0.048416197299957275,-0.16078680753707886,-0.03133475778210748,-0.08591049909591675,-0.16130006313323975,-0.03823473674762834,-0.07903021574020386,-0.1346374750137329,-0.0296948756794988,-0.06049603223800659,-0.12332391738891602,-0.02402611074555505,-0.07829010486602783,-0.1308753490447998,-0.038480363763457426,-0.09702765941619873,-0.12736815214157104,-0.040216013766413816,-0.08935552835464478,-0.10134369134902954,-0.03190471602190126,-0.07552582025527954,-0.08774644136428833,-0.024562541372662672,pointing
0.0,0.0,0.0,0.017820537090301514,-0.08419007062911987,0.009082519356866214,0.002797722816467285,-0.15818873047828674,0.006741476152797077,-0.028582751750946045,-0.18450075387954712,0.0011411705294221974,-0.06170797348022461,-0.18008163571357727,-0.006871607247035172,0.00967717170715332,-0.20294791460037231,-0.01306562600586858,-0.012150228023529053,-0.2931467294692993,-0.022090006712119248,-0.028167307376861572,-0.3447839617729187,-0.02465846585039344,-0.03989589214324951,-0.38433849811553955,-0.02680457578901496,-0.018419325351715088,-0.1879546046257019,-0.022480398508946564,-0.06786948442459106,-0.208543598651886,-0.033670540991465714,-0.06500887870788574,-0.1755475401878357,-0.030117608699242737,-0.04482996463775635,-0.15793776512145996,-0.026144269946257737,-0.05004364252090454,-0.16040799021720886,-0.02999017769400325,-0.08884662389755249,-0.1630306839942932,-0.03540567317907062,-0.08062964677810669,-0.13605284690856934,-0.026579713541309502,-0.061121225357055664,-0.12477558851242065,-0.020535485911409523,-0.08029729127883911,-0.13041096925735474,-0.03710963213745799,-0.09898114204406738,-0.13093382120132446,-0.037085916939417984,-0.08972734212875366,-0.10688531398773193,-0.0282765944481298,-0.07504457235336304,-0.09361845254898071,-0.020676486286561158,pointing
0.0,0.0,0.0,0.01895439624786377,-0.08425724506378174,0.009917112275488194,0.0032634735107421875,-0.15938299894332886,0.008419050111896809,-0.02856755256652832,-0.18498003482818604,0.003680790982670601,-0.06228405237197876,-0.17828962206840515,-0.0036147625898053093,0.007932066917419434,-0.2061261236667633,-0.011939833663873856,-0.01362985372543335,-0.2963523268699646,-0.019860192925207798,-0.02922189235687256,-0.34855765104293823,-0.02215031141089696,-0.04068124294281006,-0.38844218850135803,-0.024250015408270542,-0.022417187690734863,-0.191560298204422,-0.021218867764346783,-0.07028782367706299,-0.2126869559288025,-0.030725301966540997,-0.06652849912643433,-0.1799812614917755,-0.027225734457843487,-0.04643136262893677,-0.16240647435188293,-0.02363809736120004,-0.05476415157318115,-0.16322794556617737,-0.028334986210339252,-0.09167957305908203,-0.16624823212623596,-0.03196111300634641,-0.08243685960769653,-0.13951915502548218,-0.023349448830359165,-0.06292146444320679,-0.12830662727355957,-0.01792976053106088,-0.0847235918045044,-0.13196641206741333,-0.034956060141794865,-0.10224395990371704,-0.13371813297271729,-0.03334973359154958,-0.09217709302902222,-0.11042112112045288,-0.02398120032297868,-0.07716101408004761,-0.09711897373199463,-0.01625962534593839,pointing
0.0,0.0,0.0,0.01924365758895874,-0.08509886264801025,0.010280112775634898,0.0026552677154541016,-0.16125869750976562,0.009336936327289713,-0.030272483825683594,-0.18678510189056396,0.005060066974382771,-0.06354731321334839,-0.18049168586730957,-0.0016949119347744457,0.006847798824310303,-0.2082967460155487,-0.010435263586569654,-0.014474749565124512,-0.29886364936828613,-0.018407145475376474,-0.029676318168640137,-0.35098326206207275,-0.0206035039921888,-0.04098367691040039,-0.3908579647541046,-0.022540925030935632,-0.022543370723724365,-0.1932533085346222,-0.01988980356358372,-0.07123804092407227,-0.2128744125366211,-0.02989966604613148,-0.06776696443557739,-0.1800834834575653,-0.026531459723938333,-0.04819846153259277,-0.16296333074569702,-0.022873943631876337,-0.05432313680648804,-0.16440349817276,-0.02726122546695553,-0.0915561318397522,-0.16875845193862915,-0.032208792825568544,-0.08237308263778687,-0.14164263010025024,-0.023613873829472887,-0.06320005655288696,-0.13006508350372314,-0.01765998635195576,-0.08344972133636475,-0.13294768333435059,-0.03400681908928238,-0.10068649053573608,-0.13784372806549072,-0.03378216173254334,-0.09047544002532959,-0.1140216588973999,-0.024488041137684213,-0.07567983865737915,-0.09927231073379517,-0.016391579022038805,pointing
0.0,0.0,0.0,0.01771986484527588,-0.0865291953086853,0.010363910964739986,0.0015004277229309082,-0.1600245237350464,0.008931229508531757,-0.030013740062713623,-0.18358570337295532,0.0037730598478145083,-0.06219285726547241,-0.17722535133361816,-0.0038740489044659654,0.0056601762771606445,-0.20796334743499756,-0.009189661906050972,-0.014959573745727539,-0.29656073451042175,-0.01736258933036261,-0.030190348625183105,-0.3477659225463867,-0.019991154164957337,-0.04166597127914429,-0.38727280497550964,-0.02220744857280188,-0.023936450481414795,-0.19283711910247803,-0.01905866184918814,-0.07100039720535278,-0.21223971247673035,-0.029311592073129944,-0.067066490650177,-0.17944639921188354,-0.026355425209688477,-0.04737788438796997,-0.1613261103630066,-0.022912239969658188,-0.055475831031799316,-0.1633867621421814,-0.026943646685170464,-0.09098243713378906,-0.16857385635375977,-0.03189130531339579,-0.08214527368545532,-0.14148682355880737,-0.02307850898890429,-0.06329768896102905,-0.12839800119400024,-0.016887793631243042,-0.08443987369537354,-0.13077569007873535,-0.03431164504675799,-0.10047638416290283,-0.13619720935821533,-0.033742763415860466,-0.09025096893310547,-0.11335974931716919,-0.02403765203146868,-0.07538813352584839,-0.0981174111366272,-0.015621253603088192,pointing
0.0,0.0,0.0,0.01753103733062744,-0.0859193205833435,0.010330606206773396,0.001289665699005127,-0.1585262417793274,0.00880790404182541,-0.029909193515777588,-0.18205785751342773,0.0036549844792919117,-0.06182527542114258,-0.17553871870040894,-0.004064115275175695,0.0053519606590271,-0.20559760928153992,-0.010733101562143688,-0.014660298824310303,-0.29418233036994934,-0.019342678644241218,-0.02958160638809204,-0.3454732298851013,-0.021944337569655303,-0.041039884090423584,-0.38486814498901367,-0.02410707347887886,-0.023867547512054443,-0.19089186191558838,-0.020584967963875656,-0.07155567407608032,-0.20782914757728577,-0.030913935088099365,-0.06759840250015259,-0.1750566065311432,-0.0276155295302285,-0.0477946400642395,-0.15765902400016785,-0.02398173422414196,-0.05504345893859863,-0.1616721749305725,-0.028405196078599815,-0.09057837724685669,-0.16264885663986206,-0.033462443434180145,-0.08141130208969116,-0.13572078943252563,-0.02486007944542301,-0.062478065490722656,-0.12386071681976318,-0.01888818205195797,-0.08374196290969849,-0.12942200899124146,-0.035720353059948806,-0.09977668523788452,-0.13005977869033813,-0.03563205250400436,-0.08955848217010498,-0.10630905628204346,-0.026647607841075782,-0.0748414397239685,-0.0921124815940857,-0.018714728810371284,pointing
0.0,0.0,0.0,0.019048035144805908,-0.08349663019180298,0.00944084874557305,0.004249751567840576,-0.15557152032852173,0.008102787800300604,-0.026836395263671875,-0.18180054426193237,0.0036143308060054835,-0.05916857719421387,-0.17822417616844177,-0.003334813609551901,0.006860315799713135,-0.20339512825012207,-0.012845087654721254,-0.013443470001220703,-0.2930390238761902,-0.021821403734218592,-0.028493225574493408,-0.3446044921875,-0.024343317232858652,-0.04029470682144165,-0.3842836916446686,-0.026334144033324236,-0.022330760955810547,-0.18826109170913696,-0.021706228934061045,-0.06922721862792969,-0.20802408456802368,-0.032192580260169024,-0.0650022029876709,-0.17515477538108826,-0.028301218382846827,-0.045783281326293945,-0.1581723392009735,-0.02414805614186477,-0.05326128005981445,-0.15989363193511963,-0.0285621339900608,-0.08880656957626343,-0.16138148307800293,-0.033512029655110354,-0.07981002330780029,-0.13490676879882812,-0.024761641256343836,-0.06167024374008179,-0.12381267547607422,-0.018647322289478296,-0.0821581482887268,-0.12898439168930054,-0.0349292865468378,-0.09863942861557007,-0.13085401058197021,-0.03441998720897388,-0.08862406015396118,-0.1085856556892395,-0.025598814569246287,-0.07452720403671265,-0.09605032205581665,-0.017916984714400286,pointing
0.0,0.0,0.0,0.017725646495819092,-0.08554613590240479,0.007070672856187343,0.00230330228805542,-0.15839117765426636,0.004899813485806703,-0.028895139694213867,-0.18464183807373047,-0.0004295455750451538,-0.061447083950042725,-0.18008247017860413,-0.007819698965633393,0.003915071487426758,-0.20455694198608398,-0.011486859834278107,-0.017610609531402588,-0.29241567850112915,-0.02082381474831152,-0.03393101692199707,-0.34306854009628296,-0.024154991684937954,-0.046833813190460205,-0.3824315071105957,-0.02664925794162798,-0.02529960870742798,-0.18802127242088318,-0.020173319457555294,-0.06847608089447021,-0.20784983038902283,-0.03257863300898123,-0.06159847974777222,-0.1761961281299591,-0.03061150278010416,-0.04159146547317505,-0.15840020775794983,-0.027053263811851025,-0.056515276432037354,-0.15849846601486206,-0.027283522142553807,-0.08926522731781006,-0.16098910570144653,-0.03412770929791975,-0.07833963632583618,-0.13567906618118286,-0.026496005086684704,-0.059318602085113525,-0.12364405393600464,-0.02021378169813204,-0.08599317073822021,-0.12662142515182495,-0.034158841548944,-0.0997474193572998,-0.1312299370765686,-0.03435278761246252,-0.08782577514648438,-0.11245471239089966,-0.02574962082364607,-0.07242828607559204,-0.10022598505020142,-0.017913219361091137,pointing
0.0,0.0,0.0,0.015971839427947998,-0.0866776704788208,0.00674741181351024,-0.0017933249473571777,-0.15948057174682617,0.004182310093117536,-0.034523725509643555,-0.18355724215507507,-0.0013495086292572012,-0.06707853078842163,-0.17767027020454407,-0.009109841410147368,0.0016933083534240723,-0.20276543498039246,-0.01435179890327376,-0.019467651844024658,-0.2919892966747284,-0.025143975142466246,-0.03657865524291992,-0.3427610695362091,-0.02853430223845166,-0.04959738254547119,-0.38219231367111206,-0.030892198655831038,-0.026357829570770264,-0.18493297696113586,-0.023007020104753195,-0.07326817512512207,-0.20524638891220093,-0.03671178010486287,-0.06862884759902954,-0.172722727060318,-0.034220272425638854,-0.04830366373062134,-0.15485453605651855,-0.03020286348842305,-0.05651670694351196,-0.1546851396560669,-0.030063187453972517,-0.09236675500869751,-0.15546202659606934,-0.03830238965533894,-0.08239680528640747,-0.12874650955200195,-0.030467932794319807,-0.06277453899383545,-0.11697471141815186,-0.023930711422192275,-0.08506137132644653,-0.12214702367782593,-0.03683044922732037,-0.1015235185623169,-0.12137478590011597,-0.03886659977220219,-0.09095275402069092,-0.09965932369232178,-0.031086645770894705,-0.07553994655609131,-0.08724933862686157,-0.02360440393172425,pointing
0.0,0.0,0.0,0.014368653297424316,-0.0885501503944397,0.0052833415419684115,-0.004910111427307129,-0.16029292345046997,0.0024699829836265508,-0.03816866874694824,-0.18079155683517456,-0.0035613809860421952,-0.07026934623718262,-0.1710720658302307,-0.011218811120755845,-0.0035704970359802246,-0.20486792922019958,-0.012274147678084546,-0.028591632843017578,-0.2930671274662018,-0.02421763605988758,-0.048206329345703125,-0.34258782863616943,-0.028383127149112397,-0.06281149387359619,-0.38072043657302856,-0.03095706246412533,-0.03245663642883301,-0.18490883708000183,-0.021423722352750474,-0.07690215110778809,-0.20721673965454102,-0.037632818069226914,-0.07012361288070679,-0.17556503415107727,-0.036811965253122025,-0.04956287145614624,-0.15717673301696777,-0.032804715182550126,-0.06253767013549805,-0.1527637541294098,-0.029418158080346757,-0.0958128571510315,-0.15579119324684143,-0.040178197171456986,-0.08440941572189331,-0.1292332410812378,-0.03316578521943825,-0.06496423482894897,-0.11707472801208496,-0.025866864915855103,-0.0908428430557251,-0.11819398403167725,-0.03733405351258057,-0.10394173860549927,-0.12096917629241943,-0.04088241114831703,-0.09159713983535767,-0.1020650863647461,-0.03342525541401642,-0.07564282417297363,-0.09027701616287231,-0.025555723082192117,pointing
0.0,0.0,0.0,0.010246872901916504,-0.09252017736434937,0.015120206194539243,-0.011623561382293701,-0.16440898180007935,0.013788029345293218,-0.0441243052482605,-0.18688592314720154,0.007122988606412584,-0.0748630166053772,-0.18000581860542297,-0.0022521503003494203,-0.018676280975341797,-0.20906299352645874,-0.008510992137174433,-0.04956108331680298,-0.29187390208244324,-0.017936267164926356,-0.06993794441223145,-0.33971697092056274,-0.02150785757360918,-0.08615177869796753,-0.37511634826660156,-0.024598257822375125,-0.043573856353759766,-0.19013294577598572,-0.022479152513127154,-0.08920049667358398,-0.20848453044891357,-0.033581445199827975,-0.08140939474105835,-0.18050643801689148,-0.031055558679084605,-0.062487781047821045,-0.16355112195014954,-0.02844113877175314,-0.06979626417160034,-0.1543976068496704,-0.03410473672805292,-0.10457557439804077,-0.17017808556556702,-0.0406004211133526,-0.09177261590957642,-0.14831021428108215,-0.03157628534493906,-0.07160621881484985,-0.1348665952682495,-0.025296738577465838,-0.09420561790466309,-0.11193042993545532,-0.04467151520905954,-0.10714530944824219,-0.12222498655319214,-0.04717529771981699,-0.09243649244308472,-0.11531376838684082,-0.03975273503122789,-0.07584422826766968,-0.11046189069747925,-0.03311572058258516,pointing
0.0,0.0,0.0,0.008081138134002686,-0.09639322757720947,0.01615793130644505,-0.01744711399078369,-0.16698536276817322,0.014372304671489644,-0.05133610963821411,-0.18742984533309937,0.007664252196484256,-0.08279812335968018,-0.1779182255268097,-0.0023280886159753322,-0.036567509174346924,-0.20977580547332764,-0.008107787339902472,-0.07757943868637085,-0.28664660453796387,-0.01587755732885654,-0.09671449661254883,-0.33110183477401733,-0.020240982404864383,-0.11208224296569824,-0.366943359375,-0.024439975029743266,-0.06126081943511963,-0.1852511465549469,-0.0213123293285733,-0.10491716861724854,-0.20919135212898254,-0.027810524559534144,-0.09209328889846802,-0.18059107661247253,-0.023761404088652682,-0.07281136512756348,-0.16272982954978943,-0.02130900450698192,-0.08595210313796997,-0.1449599266052246,-0.03180899970880802,-0.11626225709915161,-0.17366322875022888,-0.03383647777787502,-0.09957045316696167,-0.15281891822814941,-0.0226931268041497,-0.08152759075164795,-0.13583248853683472,-0.01664912082902248,-0.10778945684432983,-0.09759759902954102,-0.041099180809176517,-0.11593574285507202,-0.1191301941871643,-0.041875106624281955,-0.09709811210632324,-0.10910177230834961,-0.03259853028408344,-0.08174115419387817,-0.09894359111785889,-0.025209767154372287,pointing
0.0,0.0,0.0,0.007197558879852295,-0.09432333707809448,0.011327864530642273,-0.01791280508041382,-0.16664567589759827,0.009136416877765896,-0.05258208513259888,-0.18787482380867004,0.0028709402989193222,-0.08415085077285767,-0.18002822995185852,-0.005657831744144914,-0.033209025859832764,-0.20911523699760437,-0.008014799167256115,-0.07662719488143921,-0.2872788906097412,-0.01610080811832404,-0.0992174744606018,-0.3315255343914032,-0.018995142613391636,-0.11737126111984253,-0.3662717342376709,-0.021516918276290653,-0.05778098106384277,-0.18323355913162231,-0.018924615417461155,-0.09956210851669312,-0.21001404523849487,-0.028324591998796222,-0.0857204794883728,-0.1859649419784546,-0.025507784520129917,-0.06589043140411377,-0.17063161730766296,-0.022514448572735546,-0.08209830522537231,-0.14281237125396729,-0.02778279136572337,-0.11431479454040527,-0.17301681637763977,-0.032482991997937916,-0.09751749038696289,-0.15401598811149597,-0.02189526807222819,-0.07888650894165039,-0.14019304513931274,-0.014841194336156605,-0.10389852523803711,-0.09624963998794556,-0.03583476233933425,-0.11516600847244263,-0.11833846569061279,-0.0361800147936151,-0.09872263669967651,-0.11410480737686157,-0.026854899783472774,-0.0847010612487793,-0.10986518859863281,-0.01920184965882754,pointing
0.0,0.0,0.0,-0.004703521728515625,-0.09537827968597412,0.012985958294468247,-0.04151564836502075,-0.1607685685157776,0.012002357789771878,-0.08203989267349243,-0.17679229378700256,0.007181048435615622,-0.1123155951499939,-0.1700972318649292,5.198098968506315e-05,-0.06438934803009033,-0.2068977653980255,-0.006980935069275773,-0.11292517185211182,-0.26793497800827026,-0.015230521051687873,-0.14375805854797363,-0.30327820777893066,-0.020110183818740524,-0.16886451840400696,-0.33102619647979736,-0.02447151528160063,-0.08689296245574951,-0.1720486879348755,-0.019315748898787177,-0.13511496782302856,-0.18448394536972046,-0.02588188597421137,-0.12226521968841553,-0.15702149271965027,-0.02159453132609812,-0.09981274604797363,-0.1441066563129425,-0.018538863821429885,-0.10513854026794434,-0.12341362237930298,-0.029437615959448493,-0.13711494207382202,-0.12849098443984985,-0.031206685541672385,-0.12185996770858765,-0.11082160472869873,-0.020466317845983184,-0.10264337062835693,-0.10254687070846558,-0.014670206657154239,-0.1194494366645813,-0.0709720253944397,-0.03899946571747748,-0.13234812021255493,-0.07629024982452393,-0.038113852454824126,-0.11587601900100708,-0.06180524826049805,-0.027811165391010917,-0.09911990165710449,-0.05270618200302124,-0.01981240460137812,pointing
0.0,0.0,0.0,-0.013547301292419434,-0.09421783685684204,0.012710479017158605,-0.05630648136138916,-0.15607106685638428,0.011254556406100846,-0.09721118211746216,-0.1696850061416626,0.006095211416294433,-0.12856650352478027,-0.1599036157131195,-0.0016209596779219737,-0.07503724098205566,-0.19645807147026062,-0.00960071857664957,-0.13684207201004028,-0.25076404213905334,-0.01726699720714464,-0.1737934947013855,-0.2817016541957855,-0.0214403784612216,-0.2028351128101349,-0.3054826259613037,-0.025269233692625903,-0.09654605388641357,-0.15405017137527466,-0.02190608072672262,-0.1446155309677124,-0.16327396035194397,-0.02845367516968622,-0.12840229272842407,-0.14322775602340698,-0.02429406258855238,-0.10503500699996948,-0.13613831996917725,-0.021881296370366954,-0.11301290988922119,-0.1018216609954834,-0.031764266152123355,-0.14792245626449585,-0.11150681972503662,-0.03246139462683573,-0.13192689418792725,-0.09539622068405151,-0.02013771149907484,-0.11335736513137817,-0.08804517984390259,-0.013946378674546622,-0.1253642439842224,-0.04741787910461426,-0.04112082820032015,-0.14503401517868042,-0.06251740455627441,-0.03749581526611223,-0.1277545690536499,-0.050579190254211426,-0.02425477753970995,-0.111508309841156,-0.04250466823577881,-0.014933799464444064,pointing
0.0,0.0,0.0,-0.011757194995880127,-0.09283918142318726,0.015083991075432124,-0.054188668727874756,-0.15118324756622314,0.015252675014114203,-0.09287232160568237,-0.162663996219635,0.011199226687228503,-0.1231030821800232,-0.15089833736419678,0.004261742430305304,-0.07736462354660034,-0.19757184386253357,-0.00625750553744453,-0.14003878831863403,-0.2516339123249054,-0.012320266952240644,-0.17619800567626953,-0.2821440100669861,-0.014979488132023988,-0.20489349961280823,-0.3060878813266754,-0.017648737793290792,-0.09815365076065063,-0.1542302370071411,-0.01919273837419766,-0.14729750156402588,-0.17126116156578064,-0.025099070658409772,-0.13134032487869263,-0.14790689945220947,-0.020419992422187505,-0.10831683874130249,-0.13645875453948975,-0.017017168839895902,-0.11295247077941895,-0.10134309530258179,-0.029433453371250806,-0.14917349815368652,-0.1155463457107544,-0.029017791067683874,-0.13298428058624268,-0.09724175930023193,-0.01581904097410458,-0.11406338214874268,-0.08762288093566895,-0.00885491902890223,-0.12306946516036987,-0.04619419574737549,-0.038880245675766645,-0.1477866768836975,-0.06491941213607788,-0.03383493228765744,-0.13028860092163086,-0.052733004093170166,-0.01924832156809586,-0.11292022466659546,-0.0441286563873291,-0.009035047059381185,pointing
0.0,0.0,0.0,-0.020819425582885742,-0.09015542268753052,0.012302167350267013,-0.066531240940094,-0.14344513416290283,0.009536989601169665,-0.10874015092849731,-0.14409524202346802,0.0030537181159751015,-0.13707691431045532,-0.12524014711380005,-0.006287697134698789,-0.0921899676322937,-0.18266260623931885,-0.012683425462032716,-0.16023129224777222,-0.22772836685180664,-0.0215532364232196,-0.20130175352096558,-0.25254642963409424,-0.02637327033110992,-0.23422187566757202,-0.27208971977233887,-0.030785492984737317,-0.1096314787864685,-0.13573351502418518,-0.025117610944594304,-0.1597713828086853,-0.13986161351203918,-0.03345708492227928,-0.14060086011886597,-0.12083730101585388,-0.029370283140028874,-0.11625915765762329,-0.11618444323539734,-0.02702789883145229,-0.12046074867248535,-0.08169066905975342,-0.034892971990789334,-0.16041886806488037,-0.08736652135848999,-0.03642705026098625,-0.14174962043762207,-0.0723714828491211,-0.023064109860147397,-0.12068867683410645,-0.06693321466445923,-0.016210255576456944,-0.12625133991241455,-0.027225911617279053,-0.04420694279500381,-0.1526363492012024,-0.03924626111984253,-0.04064644816347496,-0.13406646251678467,-0.03029811382293701,-0.026418281151141088,-0.1155434250831604,-0.02464127540588379,-0.016571018276895444,pointing
0.0,0.0,0.0,-0.022498488426208496,-0.08654797077178955,0.008253203445230284,-0.07042145729064941,-0.137750506401062,0.002383045592461386,-0.11275863647460938,-0.1393476128578186,-0.005666983573581419,-0.14207899570465088,-0.12035027146339417,-0.016452176756109438,-0.09821468591690063,-0.17023423314094543,-0.025666125378455362,-0.17547744512557983,-0.20822668075561523,-0.03765514891489907,-0.22121363878250122,-0.22833555936813354,-0.042470183483208857,-0.25800055265426636,-0.24307119846343994,-0.04601648475870057,-0.11101669073104858,-0.11850970983505249,-0.03636820267781182,-0.16641002893447876,-0.12428566813468933,-0.047992460689391336,-0.1467495560646057,-0.10724443197250366,-0.04261438947066232,-0.12074500322341919,-0.09875050187110901,-0.03854943465336724,-0.1178852915763855,-0.0628284215927124,-0.04421119790419503,-0.16151762008666992,-0.07177144289016724,-0.04874146755680009,-0.1419774293899536,-0.058797478675842285,-0.03382140051468774,-0.11977845430374146,-0.05081367492675781,-0.02491045582934781,-0.12112706899642944,-0.0081864595413208,-0.05159175049408837,-0.15166133642196655,-0.02404308319091797,-0.05049334119900628,-0.13255441188812256,-0.018114089965820312,-0.036144279203261576,-0.11416584253311157,-0.012403786182403564,-0.025631655267323694,pointing
0.0,0.0,0.0,-0.02472245693206787,-0.087818443775177,0.007694282500137817,-0.07510292530059814,-0.13783901929855347,0.0023567927312750925,-0.11677449941635132,-0.13714489340782166,-0.005282328532944192,-0.14572185277938843,-0.11450901627540588,-0.015630838064412345,-0.10048460960388184,-0.17102208733558655,-0.023188086761097182,-0.17755287885665894,-0.2092524766921997,-0.034090629381994475,-0.22309839725494385,-0.2299720048904419,-0.038589975399832,-0.2594262361526489,-0.24432897567749023,-0.04206812621460365,-0.11340069770812988,-0.12094014883041382,-0.03375804291472839,-0.16842275857925415,-0.12444260716438293,-0.04525654257641243,-0.14825135469436646,-0.10731211304664612,-0.040679423673013915,-0.12148690223693848,-0.10035023093223572,-0.0366271609197657,-0.12039172649383545,-0.06477266550064087,-0.04161724687920021,-0.16450518369674683,-0.07299232482910156,-0.04587828235135483,-0.14574134349822998,-0.05911898612976074,-0.031887697590450514,-0.12334799766540527,-0.05171000957489014,-0.023200795588950385,-0.12390029430389404,-0.00990152359008789,-0.04907249153957771,-0.15597468614578247,-0.02529275417327881,-0.04751292483315872,-0.13848602771759033,-0.019227981567382812,-0.03346248210773872,-0.11959189176559448,-0.013382911682128906,-0.022922849817136992,pointing
0.0,0.0,0.0,-0.02487879991531372,-0.08834189176559448,0.004983140328192803,-0.08109194040298462,-0.1362830400466919,-1.760165861242058e-05,-0.12869763374328613,-0.14002782106399536,-0.005895232143586782,-0.15984147787094116,-0.11970612406730652,-0.014067902057206538,-0.11181467771530151,-0.16628164052963257,-0.024207223034238723,-0.19181811809539795,-0.19519183039665222,-0.035736586726045516,-0.24121922254562378,-0.20923689007759094,-0.04153373075160971,-0.2813990116119385,-0.2156393826007843,-0.045829210257863906,-0.12311661243438721,-0.11355957388877869,-0.03227497992548933,-0.18487954139709473,-0.11096185445785522,-0.04171947745118132,-0.1653565764427185,-0.0990334153175354,-0.036509264088010696,-0.1388912796974182,-0.09397882223129272,-0.03292758745584479,-0.12762629985809326,-0.05655491352081299,-0.037933688438272384,-0.1747204065322876,-0.06234210729598999,-0.0411447843674182,-0.15564066171646118,-0.05383414030075073,-0.026571890166735557,-0.13326293230056763,-0.04720073938369751,-0.01817116682860842,-0.1275484561920166,-0.0009135603904724121,-0.04350630176696768,-0.16025114059448242,-0.016004741191864014,-0.04255428520474425,-0.14100193977355957,-0.010361790657043457,-0.028831412843203452,-0.12163048982620239,-0.0033646821975708008,-0.01874216069910517,pointing
0.0,0.0,0.0,-0.028470158576965332,-0.08626478910446167,0.007996726767721896,-0.08603411912918091,-0.13258850574493408,0.004099667058888201,-0.1337425708770752,-0.1333337426185608,-0.0013242990378259378,-0.16619157791137695,-0.10764804482460022,-0.009392206570502992,-0.11599975824356079,-0.1613985300064087,-0.022360104149576898,-0.19748282432556152,-0.19226348400115967,-0.032395233413573976,-0.24696126580238342,-0.2083846628665924,-0.03720917647182631,-0.28783029317855835,-0.21600723266601562,-0.041438416591283556,-0.1274363398551941,-0.1094876229763031,-0.03176001926362204,-0.1894703507423401,-0.11010697484016418,-0.04070624431073355,-0.16660761833190918,-0.09823369979858398,-0.03487525974809813,-0.1386725902557373,-0.09115898609161377,-0.030785187160965677,-0.13127654790878296,-0.05272132158279419,-0.03832858895361113,-0.18046313524246216,-0.060261309146881104,-0.040180412134525056,-0.15929466485977173,-0.05277377367019653,-0.024583316421505685,-0.1366422176361084,-0.04539686441421509,-0.015966589576002832,-0.13035136461257935,0.002355813980102539,-0.04452819471656966,-0.16488301753997803,-0.014253079891204834,-0.04260896613299536,-0.1459299921989441,-0.009589195251464844,-0.028362733325359102,-0.12732458114624023,-0.0024517178535461426,-0.018295793807503458,pointing
0.0,0.0,0.0,-0.034856200218200684,-0.08633756637573242,0.012141893395046566,-0.09291690587997437,-0.12521713972091675,0.00923839002923188,-0.13739347457885742,-0.12046158313751221,0.0036376370217752196,-0.16570323705673218,-0.0916128158569336,-0.004645387399186518,-0.13164955377578735,-0.15171390771865845,-0.018937511592348244,-0.21505451202392578,-0.17226508259773254,-0.02975382678135219,-0.2665574848651886,-0.18157726526260376,-0.03543990313931289,-0.307848185300827,-0.1849108338356018,-0.03988510578795257,-0.13954555988311768,-0.09868133068084717,-0.029697878509004738,-0.19632327556610107,-0.0929296612739563,-0.036319377123554375,-0.1746324896812439,-0.0842985212802887,-0.029507853313525345,-0.1481761336326599,-0.08184164762496948,-0.025529500319798615,-0.13824313879013062,-0.04144221544265747,-0.03748375385924163,-0.18213951587677002,-0.04459178447723389,-0.03630025520845237,-0.1627376675605774,-0.039145052433013916,-0.020372543706734803,-0.14041030406951904,-0.03452789783477783,-0.012364329061647084,-0.13204455375671387,0.014543592929840088,-0.044832082688053276,-0.15934014320373535,0.005102336406707764,-0.04024360537453475,-0.14066100120544434,0.006104707717895508,-0.025778163447220948,-0.1225137710571289,0.009084761142730713,-0.015800355225046303,pointing
0.0,0.0,0.0,-0.037682950496673584,-0.08445820212364197,0.017111828543811214,-0.09916549921035767,-0.11837518215179443,0.016998408355384242,-0.14621680974960327,-0.11029922962188721,0.01300184800532378,-0.1766573190689087,-0.07959824800491333,0.005825726308493984,-0.14194846153259277,-0.1475449800491333,-0.011384128599793542,-0.22645044326782227,-0.1631905734539032,-0.01954716444704019,-0.27768266201019287,-0.17135357856750488,-0.024666186428994763,-0.31954634189605713,-0.1740744709968567,-0.029422223574847806,-0.1489279866218567,-0.09620198607444763,-0.02376726084145986,-0.2057945728302002,-0.0848265290260315,-0.02865842544230901,-0.1807107925415039,-0.07518041133880615,-0.02167612314912759,-0.15335363149642944,-0.07232969999313354,-0.01763186418208562,-0.14565926790237427,-0.03948777914047241,-0.032739361754984486,-0.1895011067390442,-0.03430914878845215,-0.029951049021811116,-0.16669052839279175,-0.029305219650268555,-0.013506749651760686,-0.1429661512374878,-0.02598440647125244,-0.005537544849694598,-0.13633257150650024,0.016293227672576904,-0.04088275321516477,-0.16662126779556274,0.011456608772277832,-0.035835297785133946,-0.14636468887329102,0.013254165649414062,-0.020871179185242283,-0.12666690349578857,0.015634596347808838,-0.010553586303622353,pointing
0.0,0.0,0.0,-0.03955942392349243,-0.08488696813583374,0.020356568786375817,-0.10085618495941162,-0.114625483751297,0.021496278512351807,-0.14741617441177368,-0.10454478859901428,0.018516167345516976,-0.17629724740982056,-0.07258984446525574,0.012152365687363442,-0.14343422651290894,-0.14262831211090088,-0.010604523775107566,-0.22881141304969788,-0.15355592966079712,-0.01820043539715499,-0.2799299359321594,-0.1599801480770111,-0.02352047404361457,-0.32223498821258545,-0.16122221946716309,-0.028699510452277366,-0.14927691221237183,-0.09187960624694824,-0.023443468567855064,-0.2060776948928833,-0.07540255784988403,-0.026510367822773162,-0.18089795112609863,-0.06643044948577881,-0.01865963144314975,-0.15410196781158447,-0.06511938571929932,-0.01485647233290166,-0.14584237337112427,-0.03593945503234863,-0.03243930330587119,-0.1895456314086914,-0.028440475463867188,-0.026825484541184608,-0.16712504625320435,-0.024048328399658203,-0.009270612803227607,-0.1437477469444275,-0.022021949291229248,-0.0015894864461714064,-0.1368456482887268,0.0183565616607666,-0.040404797253138724,-0.16768032312393188,0.013101935386657715,-0.032999586966759864,-0.14727520942687988,0.015000343322753906,-0.01723058214498252,-0.1272631287574768,0.01774740219116211,-0.006967039034641687,pointing
0.0,0.0,0.0,-0.04017233848571777,-0.08146226406097412,0.021141278624668303,-0.1012873649597168,-0.11100566387176514,0.02272698755575675,-0.14416253566741943,-0.09848397970199585,0.020145590484276,-0.16955971717834473,-0.06601932644844055,0.013989105887844744,-0.14288169145584106,-0.1360589563846588,-0.0130802410914157,-0.22641971707344055,-0.14989566802978516,-0.023490413024887857,-0.2774178981781006,-0.15622133016586304,-0.031524223208293733,-0.3190048933029175,-0.1574568748474121,-0.03852187183485967,-0.14873802661895752,-0.08763489127159119,-0.0255617470739935,-0.2016511857509613,-0.0652763843536377,-0.029661434635386286,-0.17538011074066162,-0.056350111961364746,-0.022183294340834436,-0.1485755443572998,-0.05774351954460144,-0.018619042754039583,-0.14518868923187256,-0.03258499503135681,-0.03416415017829877,-0.1854923963546753,-0.0179135799407959,-0.028434802710876284,-0.16261309385299683,-0.014567732810974121,-0.011402557536825952,-0.13859188556671143,-0.015370190143585205,-0.004083118334278879,-0.1353844404220581,0.021299421787261963,-0.04170269978033048,-0.16088837385177612,0.02259927988052368,-0.034874902039632616,-0.14009934663772583,0.023485660552978516,-0.02026453141854745,-0.11936891078948975,0.02335900068283081,-0.010530541583761988,pointing
0.0,0.0,0.0,-0.04004484415054321,-0.08290135860443115,0.020658075892001193,-0.10112649202346802,-0.10882923007011414,0.022076914169460338,-0.14461171627044678,-0.09436658024787903,0.019350225188404124,-0.16999214887619019,-0.059637755155563354,0.0130352043440638,-0.1428096890449524,-0.1344459056854248,-0.012618604033619363,-0.22841739654541016,-0.1444728672504425,-0.02244128651115318,-0.2812269926071167,-0.1494312286376953,-0.03007278769406696,-0.3237403333187103,-0.1501314342021942,-0.03678173191043754,-0.1494201421737671,-0.0840546190738678,-0.025166511453122098,-0.20280590653419495,-0.06290936470031738,-0.02874832592102905,-0.176255464553833,-0.053350239992141724,-0.020936563528508145,-0.1481839418411255,-0.0541364848613739,-0.017020165837735135,-0.1452392339706421,-0.027302592992782593,-0.03385042763444801,-0.18612009286880493,-0.01430898904800415,-0.027769248850077588,-0.16283446550369263,-0.010341286659240723,-0.010572302072674233,-0.13802838325500488,-0.010402143001556396,-0.0032562768658550567,-0.13413017988204956,0.02786839008331299,-0.0415127872595491,-0.15886062383651733,0.02896791696548462,-0.03460282824131866,-0.13779515027999878,0.028459012508392334,-0.019866323016017873,-0.1171841025352478,0.027575194835662842,-0.010088975458771188,pointing
0.0,0.0,0.0,-0.040926992893218994,-0.08216190338134766,0.016060058464077542,-0.10258376598358154,-0.10696679353713989,0.015700214047697614,-0.14621120691299438,-0.09051725268363953,0.012520512071219514,-0.17195260524749756,-0.05268377065658569,0.006122148566660712,-0.1428278088569641,-0.13161402940750122,-0.019359392608734538,-0.22939983010292053,-0.1386803686618805,-0.02892459326538699,-0.28116685152053833,-0.1424744725227356,-0.03494887755367415,-0.32319068908691406,-0.14259624481201172,-0.04057164446565764,-0.14736640453338623,-0.07980376482009888,-0.03000542477819579,-0.20315057039260864,-0.05494078993797302,-0.03455070735070365,-0.17658597230911255,-0.04628893733024597,-0.026277659024330546,-0.1478169560432434,-0.048767685890197754,-0.02198341631445544,-0.14266741275787354,-0.022722601890563965,-0.03693782494518416,-0.18394488096237183,-0.008999794721603394,-0.03238051341030257,-0.1612667441368103,-0.006215274333953857,-0.015561466600033214,-0.1366695761680603,-0.006962031126022339,-0.008259584690662791,-0.13273227214813232,0.03265249729156494,-0.04309726462814467,-0.1579371690750122,0.030364692211151123,-0.037803954939576556,-0.1372852325439453,0.03060823678970337,-0.02419148714396613,-0.11670190095901489,0.031134366989135742,-0.0151875368610348,pointing
0.0,0.0,0.0,-0.0415152907371521,-0.07926174998283386,0.016771149950365327,-0.10254907608032227,-0.10380533337593079,0.016769345047215722,-0.14413797855377197,-0.08607962727546692,0.013923322910706304,-0.16872209310531616,-0.04873862862586975,0.007839940617124341,-0.14091670513153076,-0.12797221541404724,-0.01909076130177567,-0.22739547491073608,-0.13622909784317017,-0.0288750891217191,-0.27822837233543396,-0.1401544213294983,-0.035146781114598014,-0.32011377811431885,-0.14033907651901245,-0.04101066371585915,-0.14535892009735107,-0.07965460419654846,-0.02980759633864949,-0.19892668724060059,-0.05222451686859131,-0.03398177480485032,-0.17262184619903564,-0.04205921292304993,-0.025332466570397116,-0.14518451690673828,-0.044785112142562866,-0.021064218936224677,-0.14102274179458618,-0.024954944849014282,-0.036893476603289344,-0.18157976865768433,-0.008353114128112793,-0.03176941430356095,-0.1592666506767273,-0.004762500524520874,-0.014810887967904307,-0.13561058044433594,-0.006673693656921387,-0.007778833491464354,-0.1314781904220581,0.028671711683273315,-0.043174211738367774,-0.15626263618469238,0.029269009828567505,-0.03781206241037438,-0.13609755039215088,0.029855161905288696,-0.024478199762960173,-0.11616110801696777,0.029817968606948853,-0.015814960805435874,pointing
0.0,0.0,0.0,-0.03916412591934204,-0.08390441536903381,0.013863413192666485,-0.10130220651626587,-0.10980463027954102,0.013011132896281197,-0.14510369300842285,-0.09216976165771484,0.009879234776235535,-0.17123013734817505,-0.05524054169654846,0.003649525175205781,-0.140733003616333,-0.13246428966522217,-0.021203278034590767,-0.22848457098007202,-0.1388121247291565,-0.03113066445257573,-0.2810356616973877,-0.14183133840560913,-0.037165647774600075,-0.3238772749900818,-0.14148497581481934,-0.042775890260600136,-0.14588260650634766,-0.08180749416351318,-0.030955316900872276,-0.2029663622379303,-0.053232789039611816,-0.035799840867184685,-0.1775091290473938,-0.043408602476119995,-0.02761253941025643,-0.14908826351165771,-0.04608345031738281,-0.023235459282659576,-0.14165139198303223,-0.02544158697128296,-0.0371791482266417,-0.18550056219100952,-0.011418312788009644,-0.03377661707963853,-0.16195261478424072,-0.008493393659591675,-0.017438242613934563,-0.13639158010482788,-0.00915682315826416,-0.009971701010726974,-0.13149994611740112,0.0285758376121521,-0.042739468097352074,-0.15669095516204834,0.026542246341705322,-0.038638050138615654,-0.13534706830978394,0.026660501956939697,-0.02554718072678952,-0.11398863792419434,0.02781742811203003,-0.016565096035265015,pointing
0.0,0.0,0.0,-0.03825795650482178,-0.08028203248977661,0.01722175554165517,-0.09728670120239258,-0.10638695955276489,0.018719836331698048,-0.13871532678604126,-0.09136128425598145,0.017387901626321423,-0.16222184896469116,-0.05527082085609436,0.013013012900742638,-0.13999104499816895,-0.12929213047027588,-0.016384606056121243,-0.22653615474700928,-0.13995641469955444,-0.025969588004258526,-0.2787352204322815,-0.14485511183738708,-0.03270780555179442,-0.3204456567764282,-0.1459387242794037,-0.038690141208675755,-0.14710259437561035,-0.08219319581985474,-0.02637863605490054,-0.19784694910049438,-0.05379900336265564,-0.028697497017887486,-0.1734457015991211,-0.04156005382537842,-0.019956291459706677,-0.14679229259490967,-0.043100208044052124,-0.015972182892468823,-0.14468669891357422,-0.027623265981674194,-0.0329314123766693,-0.1821080446243286,-0.009718894958496094,-0.025969593592193974,-0.1611500382423401,-0.004567772150039673,-0.009458078809288395,-0.13779085874557495,-0.005743235349655151,-0.0030759151952537422,-0.1356537938117981,0.025632023811340332,-0.03877168408801879,-0.15817415714263916,0.02748781442642212,-0.03136234990527953,-0.13863205909729004,0.029280543327331543,-0.01766792758574809,-0.11840736865997314,0.03003460168838501,-0.008932265259531391,pointing
0.0,0.0,0.0,-0.03990548849105835,-0.08153143525123596,0.01557524502406693,-0.10060316324234009,-0.10736441612243652,0.015918864869874483,-0.14243435859680176,-0.09127882122993469,0.013793596067827707,-0.16669440269470215,-0.053991734981536865,0.008598453366559511,-0.14095133543014526,-0.13010746240615845,-0.019514753481942648,-0.22796908020973206,-0.14085620641708374,-0.0297686578692975,-0.28081488609313965,-0.14517363905906677,-0.03666660096367025,-0.323127806186676,-0.14563465118408203,-0.04269112553318166,-0.14710599184036255,-0.08155378699302673,-0.029297831466990942,-0.19910573959350586,-0.05335959792137146,-0.032838690093356604,-0.1749381422996521,-0.04076316952705383,-0.024455974808532233,-0.14779716730117798,-0.04226222634315491,-0.020360290071565146,-0.1437138319015503,-0.02612137794494629,-0.03563263546546125,-0.18208378553390503,-0.008781582117080688,-0.02984208892901563,-0.1610735058784485,-0.00378340482711792,-0.013840202240842814,-0.13744699954986572,-0.00518527626991272,-0.007435652891743416,-0.1341468095779419,0.027373552322387695,-0.041298064401942725,-0.15591669082641602,0.029331505298614502,-0.03494140785058164,-0.13604235649108887,0.030254721641540527,-0.021750832906562323,-0.1154831051826477,0.030144333839416504,-0.01310092117508077,pointing
0.0,0.0,0.0,-0.04072314500808716,-0.08113357424736023,0.018780383701638925,-0.10035121440887451,-0.10590273141860962,0.019712767983989465,-0.14085805416107178,-0.0902632474899292,0.01789524355085348,-0.16407841444015503,-0.05438542366027832,0.012838372449593294,-0.1389482617378235,-0.12790238857269287,-0.020175276835246336,-0.22657886147499084,-0.13977903127670288,-0.03064953214375521,-0.2791246771812439,-0.1446923017501831,-0.03763176179377581,-0.32132381200790405,-0.1458989381790161,-0.043683574114723456,-0.14489459991455078,-0.07936245203018188,-0.030796940018220198,-0.1987401247024536,-0.05214500427246094,-0.03257786161152865,-0.17393136024475098,-0.04000574350357056,-0.022229981188459647,-0.1463766098022461,-0.04154860973358154,-0.017482640732808363,-0.14133107662200928,-0.02363598346710205,-0.03756392053215052,-0.18131518363952637,-0.007323414087295532,-0.029763641346974623,-0.15961825847625732,-0.0032684803009033203,-0.011965929110331786,-0.1352531909942627,-0.004471004009246826,-0.005138487134857428,-0.13148152828216553,0.03032463788986206,-0.04333588904587771,-0.15461832284927368,0.03177011013031006,-0.03558408520071055,-0.13431859016418457,0.03158360719680786,-0.021342410285754454,-0.11386466026306152,0.03105306625366211,-0.012479245242460024,pointing
0.0,0.0,0.0,-0.03975778818130493,-0.08219572901725769,0.016374208390850242,-0.10041987895965576,-0.10652372241020203,0.015850147590178665,-0.14349669218063354,-0.08799609541893005,0.01293633727743071,-0.16930919885635376,-0.05022752285003662,0.006817961003768858,-0.13865876197814941,-0.12813353538513184,-0.022175479322534386,-0.22772204875946045,-0.1391291618347168,-0.030961049362879578,-0.28030091524124146,-0.14415395259857178,-0.035613488048177544,-0.3221903443336487,-0.1449093520641327,-0.04005508089051801,-0.14421188831329346,-0.07727238535881042,-0.03232000359879095,-0.19829022884368896,-0.054068148136138916,-0.034883003324132744,-0.17369484901428223,-0.04245483875274658,-0.02484820188568193,-0.1456078290939331,-0.04245886206626892,-0.019779415443402115,-0.1400354504585266,-0.021257102489471436,-0.038547630995374504,-0.18094170093536377,-0.009116590023040771,-0.03220245206342298,-0.15884888172149658,-0.004999935626983643,-0.014910198390346352,-0.1348772644996643,-0.004705548286437988,-0.007942679911714379,-0.12992608547210693,0.032320618629455566,-0.04379413986192304,-0.15295034646987915,0.03111046552658081,-0.03657494822130758,-0.13251805305480957,0.03102874755859375,-0.022338797911864106,-0.11274069547653198,0.031324803829193115,-0.013391159117084328,pointing
0.0,0.0,0.0,-0.03656899929046631,-0.08529007434844971,0.014432418557490223,-0.09777563810348511,-0.11385306715965271,0.01455155240991246,-0.14167946577072144,-0.09879624843597412,0.012363410952175968,-0.16725122928619385,-0.06177899241447449,0.00717124708616268,-0.14191263914108276,-0.13873308897018433,-0.019376698484038002,-0.22974228858947754,-0.15153968334197998,-0.02895476256809104,-0.28324171900749207,-0.15744799375534058,-0.03446883109710086,-0.3257077932357788,-0.15930834412574768,-0.0394222676505791,-0.1495431661605835,-0.0894629955291748,-0.029197981183742172,-0.20455697178840637,-0.062425464391708374,-0.03413374123475421,-0.1789368987083435,-0.04719853401184082,-0.025808050831173546,-0.14990931749343872,-0.04708591103553772,-0.020816655432199127,-0.14680945873260498,-0.032166749238967896,-0.035569997107003815,-0.18680691719055176,-0.015511035919189453,-0.03188667965433467,-0.16455918550491333,-0.008663713932037354,-0.015694455777619964,-0.13979649543762207,-0.008579671382904053,-0.008285793078457004,-0.1368880271911621,0.023517251014709473,-0.04120290053388942,-0.15954166650772095,0.02579331398010254,-0.035278139238570816,-0.13879811763763428,0.028244972229003906,-0.02119620104632247,-0.11794358491897583,0.02938896417617798,-0.011649119270359165,pointing
0.0,0.0,0.0,-0.0391886830329895,-0.08565446734428406,0.015957669150523657,-0.10176223516464233,-0.11272090673446655,0.016177234035424704,-0.14585226774215698,-0.09518706798553467,0.013616596144132131,-0.1724461317062378,-0.058078378438949585,0.007947310600869173,-0.14376705884933472,-0.13882526755332947,-0.017433152738519198,-0.22929245233535767,-0.15348395705223083,-0.027128401416845804,-0.2812558114528656,-0.16106519103050232,-0.032598774153299814,-0.3232019543647766,-0.1645205318927765,-0.03769918831021357,-0.14974457025527954,-0.08983206748962402,-0.028677069786496645,-0.20572951436042786,-0.06362652778625488,-0.035055465269394404,-0.17986124753952026,-0.04948067665100098,-0.027457897755809313,-0.15070825815200806,-0.04918989539146423,-0.022646886501021868,-0.14587807655334473,-0.033319830894470215,-0.036425120401688105,-0.18685513734817505,-0.017391234636306763,-0.03438638078004885,-0.16396701335906982,-0.012224078178405762,-0.0189314123424964,-0.13985669612884521,-0.013063311576843262,-0.011629103887386805,-0.13529419898986816,0.022126734256744385,-0.043273168820448404,-0.15699195861816406,0.025902867317199707,-0.039729590732164866,-0.1358046531677246,0.025707781314849854,-0.027147558722205645,-0.1156659722328186,0.024187803268432617,-0.018282444420762545,pointing
0.0,0.0,0.0,-0.038665711879730225,-0.08644101023674011,0.01772953852586312,-0.10003840923309326,-0.11543256044387817,0.019239514167828986,-0.1431046724319458,-0.09971305727958679,0.01713843926362557,-0.16920113563537598,-0.06311950087547302,0.01189308803103728,-0.14193648099899292,-0.14496219158172607,-0.01178610694088178,-0.22878241539001465,-0.1643766164779663,-0.01885461897082763,-0.2815777659416199,-0.17341852188110352,-0.02246090300806003,-0.32345467805862427,-0.1779310405254364,-0.026187720675544313,-0.15127432346343994,-0.09572544693946838,-0.023394434679822496,-0.20575302839279175,-0.07504016160964966,-0.02775545508094268,-0.18053466081619263,-0.058337122201919556,-0.02001103848643737,-0.15130001306533813,-0.05574607849121094,-0.015004263226465753,-0.14997196197509766,-0.03850090503692627,-0.03142279290087657,-0.19005131721496582,-0.025510668754577637,-0.027257251520232728,-0.167558491230011,-0.01714545488357544,-0.011689987000600865,-0.142697274684906,-0.014988303184509277,-0.004512222916410735,-0.14149826765060425,0.017972290515899658,-0.038491527516917756,-0.1639164686203003,0.019979119300842285,-0.03238541536457973,-0.14302748441696167,0.023252129554748535,-0.01859071381814914,-0.12214034795761108,0.024929583072662354,-0.009002244998292497,pointing
0.0,0.0,0.0,-0.0377543568611145,-0.08985131978988647,0.017544843018811207,-0.10138142108917236,-0.1246291995048523,0.01989803439454363,-0.14710521697998047,-0.11318624019622803,0.018985515222709637,-0.17547178268432617,-0.07895883917808533,0.01505229970888422,-0.1460033655166626,-0.15141063928604126,-0.011885654418904323,-0.23262792825698853,-0.17094528675079346,-0.01893045590742304,-0.2859082818031311,-0.18088418245315552,-0.02246237756236269,-0.32779034972190857,-0.18578681349754333,-0.026078386469919224,-0.15457284450531006,-0.10042679309844971,-0.02277622768207266,-0.2101382613182068,-0.08395826816558838,-0.0278195219628401,-0.1836336851119995,-0.06916847825050354,-0.01986550377233698,-0.15306812524795532,-0.06439578533172607,-0.014255879684526462,-0.15216064453125,-0.04312187433242798,-0.03000406572147085,-0.19231337308883667,-0.03319185972213745,-0.026105128466326732,-0.1695283055305481,-0.02728903293609619,-0.01034214091970398,-0.14430254697799683,-0.02393275499343872,-0.002645763573411841,-0.14265096187591553,0.012956559658050537,-0.036250397800642986,-0.16740834712982178,0.012573182582855225,-0.03032416315301134,-0.14659959077835083,0.014405012130737305,-0.01662199036701395,-0.1251571774482727,0.01665198802947998,-0.006888353503484268,pointing
0.0,0.0,0.0,-0.0350569486618042,-0.09516584873199463,0.017291888183898152,-0.09736180305480957,-0.13344621658325195,0.019356393775886716,-0.14180606603622437,-0.12277919054031372,0.017498487195915402,-0.17002195119857788,-0.09007364511489868,0.012372898458487214,-0.14067840576171875,-0.1656876504421234,-0.009409685098582088,-0.22632572054862976,-0.18914437294006348,-0.01609946828430253,-0.27865907549858093,-0.20203951001167297,-0.01944056380634862,-0.3206523060798645,-0.20966124534606934,-0.02313265804296094,-0.15104585886001587,-0.11628642678260803,-0.021425383576207935,-0.20487579703330994,-0.09976240992546082,-0.027717557215147792,-0.17977124452590942,-0.08234795928001404,-0.021541905068808376,-0.15039128065109253,-0.07762560248374939,-0.016996728667074024,-0.15065991878509521,-0.05909782648086548,-0.030019939356499492,-0.1906365156173706,-0.04953283071517944,-0.02821521502082902,-0.1687888503074646,-0.039596378803253174,-0.013750531190090953,-0.1444494128227234,-0.035728394985198975,-0.006453372017496406,-0.14363479614257812,-0.0028066635131835938,-0.03766646277254182,-0.16907715797424316,-0.003957033157348633,-0.03284743841832238,-0.1490371823310852,0.000682830810546875,-0.01942073222344476,-0.12825781106948853,0.00416719913482666,-0.009757523835652648,pointing
0.0,0.0,0.0,-0.032262444496154785,-0.09347495436668396,0.01468998818366174,-0.08918607234954834,-0.13693395256996155,0.012861301849468987,-0.13254457712173462,-0.1292683184146881,0.007089403184934895,-0.1616268754005432,-0.09834787249565125,-0.0020179681416010453,-0.12748932838439941,-0.16848993301391602,-0.01496005644382592,-0.21164828538894653,-0.19918623566627502,-0.024128731613174637,-0.26162707805633545,-0.21634811162948608,-0.027977902715221603,-0.30206066370010376,-0.22799158096313477,-0.031721148912922104,-0.13690054416656494,-0.12011530995368958,-0.02747928937257882,-0.19531863927841187,-0.11075130105018616,-0.03760506240011807,-0.17011666297912598,-0.09412455558776855,-0.03229924691201802,-0.1411237120628357,-0.0893685519695282,-0.027731236343399246,-0.1379413604736328,-0.06377014517784119,-0.03665408891917821,-0.1836007833480835,-0.05865281820297241,-0.037982236866966446,-0.16130375862121582,-0.04897654056549072,-0.02278551672877427,-0.1374974250793457,-0.04500317573547363,-0.01433302955062743,-0.13388210535049438,-0.007269859313964844,-0.045061931287065704,-0.1625213623046875,-0.00961291790008545,-0.04210220304609891,-0.14299535751342773,-0.005649685859680176,-0.02826756266237851,-0.12329578399658203,-0.0020079612731933594,-0.018147889797702987,pointing
0.0,0.0,0.0,-0.03247952461242676,-0.09053891897201538,0.014229412697687849,-0.08891719579696655,-0.1344882845878601,0.011493006296888097,-0.13247066736221313,-0.1303267478942871,0.0052770213638098085,-0.163424551486969,-0.10255998373031616,-0.004232329740688101,-0.12624382972717285,-0.16507858037948608,-0.018438327550455824,-0.20924529433250427,-0.19525527954101562,-0.027863479643627898,-0.2586596608161926,-0.21212148666381836,-0.03183809058324982,-0.2983144521713257,-0.22223132848739624,-0.03561455519454171,-0.1341288685798645,-0.11432445049285889,-0.031157958745524184,-0.1933506429195404,-0.10713011026382446,-0.04067624868409325,-0.16842883825302124,-0.09290012717247009,-0.034225964411660925,-0.1390467882156372,-0.08807709813117981,-0.02939727292911698,-0.13410210609436035,-0.056215882301330566,-0.040449661626979605,-0.18008452653884888,-0.052182555198669434,-0.041688939049407736,-0.15740537643432617,-0.044104158878326416,-0.02578745545403649,-0.13353359699249268,-0.040466368198394775,-0.017298718407317892,-0.1293928027153015,0.0015465617179870605,-0.04889812828557183,-0.15906250476837158,-0.0019590258598327637,-0.046831616624757544,-0.13743877410888672,0.000998854637145996,-0.0327311507012098,-0.11669516563415527,0.0032236576080322266,-0.022552296012207762,pointing
0.0,0.0,0.0,-0.02553391456604004,-0.09495943784713745,0.008416211195161338,-0.07803916931152344,-0.1560329794883728,0.005160178486129041,-0.12499815225601196,-0.16502618789672852,-0.001038690367842321,-0.1580597162246704,-0.1398017406463623,-0.010075609237084393,-0.10622221231460571,-0.19608783721923828,-0.013415878676006798,-0.1787235140800476,-0.2381390631198883,-0.025557551570365433,-0.22113189101219177,-0.2622643709182739,-0.03142783980829478,-0.25440335273742676,-0.2809256911277771,-0.03566744368536234,-0.11758989095687866,-0.14958465099334717,-0.025216711722443108,-0.1851334571838379,-0.14583316445350647,-0.04195412065846682,-0.1611890196800232,-0.1245562732219696,-0.04076437842113734,-0.13058656454086304,-0.1203121542930603,-0.03667092885834933,-0.125676691532135,-0.09121847152709961,-0.03491451408726931,-0.1796388030052185,-0.08809971809387207,-0.04540384005768061,-0.1563214659690857,-0.07163387537002563,-0.032555205784866814,-0.13063353300094604,-0.06789159774780273,-0.022180561013648514,-0.13099199533462524,-0.03185737133026123,-0.04396431710583926,-0.17056512832641602,-0.03972107172012329,-0.047423122488090996,-0.14968764781951904,-0.029106199741363525,-0.03390001695616007,-0.12775009870529175,-0.022847294807434082,-0.022218635343143944,pointing
0.0,0.0,0.0,-0.016154825687408447,-0.08949393033981323,0.0032560803836130248,-0.05957704782485962,-0.15869194269180298,-0.004074547262684192,-0.10225921869277954,-0.17916563153266907,-0.013288394370869483,-0.13311100006103516,-0.16136127710342407,-0.025207293042734946,-0.07510358095169067,-0.20856833457946777,-0.026212557041839446,-0.13500696420669556,-0.27817049622535706,-0.04440725297649273,-0.1748972237110138,-0.3164669871330261,-0.05265610367973217,-0.2075747847557068,-0.34536564350128174,-0.058558118352488364,-0.08558040857315063,-0.17342498898506165,-0.036760211745098914,-0.15572810173034668,-0.16498282551765442,-0.05932644830067524,-0.1377519965171814,-0.13490164279937744,-0.056910310694769706,-0.11071044206619263,-0.12834906578063965,-0.05253766925056347,-0.0982404351234436,-0.1217806339263916,-0.045888450750902976,-0.1560993790626526,-0.10930752754211426,-0.0625359721573151,-0.1366165280342102,-0.08863657712936401,-0.04900525213201412,-0.11349606513977051,-0.08601188659667969,-0.03782712371070751,-0.11107528209686279,-0.06754612922668457,-0.054772161701516,-0.15527543425559998,-0.06295907497406006,-0.06328848079760441,-0.1361396312713623,-0.046824753284454346,-0.05162634403427013,-0.11628323793411255,-0.04258793592453003,-0.041136403390959586,pointing
0.0,0.0,0.0,-0.01356959342956543,-0.08941066265106201,0.005043036000991208,-0.055406808853149414,-0.156866192817688,-0.0033426248243060286,-0.09912872314453125,-0.1721821129322052,-0.01416009322348799,-0.13434720039367676,-0.1551380455493927,-0.02780718293580975,-0.06937485933303833,-0.20758038759231567,-0.02714891855213608,-0.13144570589065552,-0.2761487662792206,-0.04543868389520611,-0.1721373200416565,-0.31397223472595215,-0.05407073658499684,-0.20485949516296387,-0.3413432836532593,-0.06054607715997662,-0.08147907257080078,-0.17041003704071045,-0.03989788827094998,-0.15231701731681824,-0.16184556484222412,-0.061351123569345134,-0.13614332675933838,-0.1303318440914154,-0.05843444850835766,-0.10960811376571655,-0.12406373023986816,-0.05482681032810177,-0.09669774770736694,-0.11722081899642944,-0.05103313860092129,-0.1572812795639038,-0.10166704654693604,-0.0669063770452496,-0.13861960172653198,-0.07803910970687866,-0.05318609934840168,-0.11585253477096558,-0.07776713371276855,-0.04306998413596119,-0.11267590522766113,-0.06172347068786621,-0.0617753037491795,-0.15967515110969543,-0.056058287620544434,-0.0703880333581921,-0.1405813992023468,-0.03758949041366577,-0.05778707501087155,-0.12093710899353027,-0.035083115100860596,-0.04711858865413632,pointing
0.0,0.0,0.0,0.010198712348937988,-0.09102296829223633,0.006426078441265304,-0.013833165168762207,-0.16962271928787231,0.0014606119940907547,-0.05193406343460083,-0.20876026153564453,-0.00566891190904073,-0.08704817295074463,-0.20819702744483948,-0.01554262667271189,-0.02462667226791382,-0.22656112909317017,-0.02432970731827311,-0.07517892122268677,-0.31916749477386475,-0.040341636457768004,-0.10843908786773682,-0.3693245053291321,-0.047553735145655196,-0.13495764136314392,-0.4084411859512329,-0.052677659609642546,-0.04569131135940552,-0.19836655259132385,-0.03451711899909071,-0.1181110143661499,-0.22419023513793945,-0.05221790290745787,-0.11241987347602844,-0.18616557121276855,-0.047797223844852965,-0.0899343490600586,-0.16722893714904785,-0.04281546763452582,-0.06961679458618164,-0.15640521049499512,-0.04271785012754492,-0.12874948978424072,-0.17621278762817383,-0.054461824068155806,-0.12006691098213196,-0.1463971734046936,-0.03961146093281798,-0.09914398193359375,-0.12972557544708252,-0.028502393805709403,-0.09249681234359741,-0.11248576641082764,-0.0504674262491136,-0.13714659214019775,-0.1289246678352356,-0.05565385735901884,-0.12596368789672852,-0.10644960403442383,-0.043034253933754485,-0.10732287168502808,-0.09110885858535767,-0.03215981862815909,pointing
0.0,0.0,0.0,0.011935532093048096,-0.08773863315582275,0.006525911148301589,-0.005619227886199951,-0.17551422119140625,0.0011229674468182793,-0.045049965381622314,-0.21932291984558105,-0.006880434472449792,-0.08374285697937012,-0.22323918342590332,-0.017128091082312835,-0.0024396181106567383,-0.23465663194656372,-0.018773326427080406,-0.03877145051956177,-0.33596670627593994,-0.0352499203387282,-0.06323730945587158,-0.3938712477684021,-0.0415610165897391,-0.08151966333389282,-0.43992048501968384,-0.046498665362932456,-0.0183868408203125,-0.21524852514266968,-0.03061277955804087,-0.10298424959182739,-0.24517187476158142,-0.05180587783489443,-0.09879377484321594,-0.2007451057434082,-0.04774490907821871,-0.07317864894866943,-0.180572509765625,-0.042499197423794044,-0.04344809055328369,-0.18019014596939087,-0.04125353112850405,-0.1196247935295105,-0.1982731819152832,-0.05898972392115809,-0.10892832279205322,-0.15832817554473877,-0.04446005240116335,-0.08322679996490479,-0.14545297622680664,-0.03266273975405909,-0.07131749391555786,-0.14077502489089966,-0.05137933954630114,-0.12658613920211792,-0.1515154242515564,-0.06337580248747088,-0.11518353223800659,-0.11799341440200806,-0.05307914108071543,-0.09376078844070435,-0.10291838645935059,-0.04309279635582186,pointing
0.0,0.0,0.0,0.009966075420379639,-0.0854293704032898,0.009380164864097651,-0.006782412528991699,-0.16872036457061768,0.003204311784912761,-0.047280311584472656,-0.20687466859817505,-0.007129184593821947,-0.0862625241279602,-0.2082844376564026,-0.02006480253245968,-0.003407001495361328,-0.22961843013763428,-0.016295579885508005,-0.03856241703033447,-0.32936838269233704,-0.034644055803681795,-0.06170797348022461,-0.38572144508361816,-0.04207597642150063,-0.07913368940353394,-0.4288124442100525,-0.04706685586776871,-0.019317805767059326,-0.20673835277557373,-0.0309734602173819,-0.10266047716140747,-0.23967567086219788,-0.05486511408295769,-0.10120120644569397,-0.1961156129837036,-0.05218613489475388,-0.07602846622467041,-0.17374014854431152,-0.047052576830054704,-0.04394108057022095,-0.17053067684173584,-0.04439671306815285,-0.11944183707237244,-0.1894811987876892,-0.0636403371294989,-0.11085805296897888,-0.15131616592407227,-0.04988412900772232,-0.08552193641662598,-0.13930320739746094,-0.038022011210586015,-0.0710974931716919,-0.13070553541183472,-0.05708845674004692,-0.12667876482009888,-0.14599138498306274,-0.06805459751691956,-0.11476361751556396,-0.1141892671585083,-0.05619834705200333,-0.09258401393890381,-0.09972769021987915,-0.04498431428280014,pointing
0.0,0.0,0.0,0.018687427043914795,-0.0840044617652893,0.008135244037731582,0.0130690336227417,-0.1692909598350525,0.004184591371341639,-0.01791059970855713,-0.22178447246551514,-0.0032322087588170234,-0.05219835042953491,-0.23944801092147827,-0.01169398262001664,0.030494630336761475,-0.23474884033203125,-0.009450715247766084,0.00496828556060791,-0.3319167494773865,-0.024443744894341535,-0.005462348461151123,-0.3883538246154785,-0.03162604312248618,-0.010194361209869385,-0.4390774667263031,-0.03805803994484336,0.018055319786071777,-0.22634124755859375,-0.02171029823668391,-0.07179006934165955,-0.26680850982666016,-0.0424071822578469,-0.07360416650772095,-0.22145062685012817,-0.04105582947678954,-0.05138576030731201,-0.1990639567375183,-0.03828049565501601,-0.00505828857421875,-0.2045547366142273,-0.03320818508811385,-0.08760648965835571,-0.2253892421722412,-0.04896751905627639,-0.08219584822654724,-0.1839926838874817,-0.03745449448771865,-0.05911731719970703,-0.16950935125350952,-0.028904791202620572,-0.03217345476150513,-0.17918741703033447,-0.04479551802225501,-0.09471109509468079,-0.18634426593780518,-0.05601225907750518,-0.09058567881584167,-0.15171319246292114,-0.050390926402286595,-0.0740365982055664,-0.13677197694778442,-0.04470118622131736,pointing
0.0,0.0,0.0,-0.05215063691139221,-0.09244704246520996,3.363560335856164e-05,-0.06030985713005066,-0.17073148488998413,-0.00810154529153806,-0.06923344731330872,-0.23178362846374512,-0.02022843064605695,-0.07502847909927368,-0.27667081356048584,-0.030116142722363293,0.048278868198394775,-0.22968673706054688,0.003139010613267601,0.007225096225738525,-0.3128848075866699,-0.015861745941037952,-0.007690846920013428,-0.2979397177696228,-0.028523214178676426,-0.0008217692375183105,-0.28624802827835083,-0.03640741856634122,0.05537617206573486,-0.22524452209472656,-0.005818375403578102,-0.0267486572265625,-0.28743481636047363,-0.030267147364611446,-0.045657992362976074,-0.23519957065582275,-0.03682417796790105,-0.030021727085113525,-0.20159488916397095,-0.037444982694978535,0.04722309112548828,-0.21455657482147217,-0.016619376855487644,-0.0382026731967926,-0.2596527338027954,-0.037048183398837864,-0.051081180572509766,-0.21281945705413818,-0.03119741568207246,-0.03328403830528259,-0.1844155192375183,-0.023935530351991474,0.02755945920944214,-0.20130401849746704,-0.02827455663918954,-0.040374189615249634,-0.2234731912612915,-0.04230031745373708,-0.05147808790206909,-0.1841326355934143,-0.03861837090789777,-0.037643104791641235,-0.15718483924865723,-0.032262392359371006,pointing
0.0,0.0,0.0,-0.04958334565162659,-0.0843701958656311,0.000573087824960794,-0.059115469455718994,-0.1552753448486328,-0.008621842724750195,-0.06706240773200989,-0.21100562810897827,-0.02202360065049902,-0.0692434012889862,-0.24925625324249268,-0.03544518457121626,0.04945486783981323,-0.21434158086776733,-0.0007139791930228512,0.02233344316482544,-0.3041311800479889,-0.013707628597984467,0.014559566974639893,-0.36210542917251587,-0.022220351857612286,0.014507770538330078,-0.40940651297569275,-0.030358662021825467,0.05467885732650757,-0.21022462844848633,-0.011089557906160508,-0.028332889080047607,-0.2743534445762634,-0.033275515896747265,-0.05126011371612549,-0.2289373278617859,-0.03650492162771002,-0.041029393672943115,-0.19628256559371948,-0.035291058135697995,0.044754624366760254,-0.20022761821746826,-0.02238053188986555,-0.04061293601989746,-0.24769192934036255,-0.040976000142762814,-0.055056869983673096,-0.20257627964019775,-0.03308943764633909,-0.04012838006019592,-0.17351335287094116,-0.02559684695071951,0.023456931114196777,-0.18626683950424194,-0.034942452920148526,-0.044506341218948364,-0.20930570363998413,-0.04915951297945753,-0.057843148708343506,-0.1739182472229004,-0.046450075817773495,-0.048560917377471924,-0.14690428972244263,-0.0415568399555184,pointing
0.0,0.0,0.0,-0.04038822650909424,-0.08774280548095703,0.00036126428355487405,-0.04818624258041382,-0.15425407886505127,-0.010623010682621725,-0.053694725036621094,-0.20891815423965454,-0.026598640593448408,-0.04849278926849365,-0.2527795433998108,-0.04220272681371284,0.05994910001754761,-0.19913816452026367,0.0017701797264351171,0.05589926242828369,-0.2785470485687256,-0.012096009093085058,0.05536383390426636,-0.33177608251571655,-0.021018610211768873,0.0587993860244751,-0.3759385943412781,-0.02901291369155956,0.07155472040176392,-0.19292950630187988,-0.010214872534135111,0.002636253833770752,-0.2611442804336548,-0.03278818062202049,-0.02333170175552368,-0.21965855360031128,-0.034776680978694685,-0.015232473611831665,-0.18919527530670166,-0.03207239589349342,0.06564658880233765,-0.18360203504562378,-0.023805060299793013,-0.00801783800125122,-0.23902302980422974,-0.044505902441898115,-0.02745702862739563,-0.19820380210876465,-0.03540913841382576,-0.015146762132644653,-0.17150068283081055,-0.025867021518507727,0.04571986198425293,-0.17422473430633545,-0.03835441252843452,-0.014837652444839478,-0.21428656578063965,-0.05310199862972809,-0.02989298105239868,-0.18294161558151245,-0.047826823654332884,-0.02205479145050049,-0.15457648038864136,-0.04056597209230972,pointing
0.0,0.0,0.0,-0.03094843029975891,-0.09301489591598511,0.005422326562566582,-0.03350284695625305,-0.158197283744812,-0.003799600933106717,-0.0352153480052948,-0.2095189094543457,-0.019537348008142885,-0.021079570055007935,-0.24696552753448486,-0.03503899060784477,0.07638344168663025,-0.18131005764007568,0.011001001404238764,0.07872846722602844,-0.2551100552082062,-0.0004892915593330827,0.0814618170261383,-0.304045170545578,-0.008317639759169992,0.08823159337043762,-0.34396475553512573,-0.015764726033793863,0.08568087220191956,-0.17349320650100708,-0.004049220761643824,0.024946779012680054,-0.2479081153869629,-0.02528120548127788,-0.0030702948570251465,-0.21348750591278076,-0.02787069760857719,0.003462374210357666,-0.18141525983810425,-0.025808062112318453,0.07751819491386414,-0.1668248176574707,-0.020724175205813822,0.013513535261154175,-0.2330549955368042,-0.04053690069018501,-0.009428948163986206,-0.19809985160827637,-0.03229135059415,0.0009403526782989502,-0.16940033435821533,-0.023509954741584238,0.05653062462806702,-0.16348576545715332,-0.03797070839105743,0.003398686647415161,-0.21515512466430664,-0.05245221935807365,-0.014124304056167603,-0.18583500385284424,-0.047435546001779016,-0.007742166519165039,-0.15541523694992065,-0.04047383152543205,pointing
0.0,0.0,0.0,-0.030215561389923096,-0.08687156438827515,-0.0014244658987934145,-0.035149335861206055,-0.15117710828781128,-0.01384547991901286,-0.036688655614852905,-0.20377373695373535,-0.031211657321449593,-0.02018454670906067,-0.24032875895500183,-0.04752452472447999,0.0738777220249176,-0.17892462015151978,0.003959620033953115,0.07743296027183533,-0.2478354573249817,-0.010395730717476681,0.08228006958961487,-0.29625630378723145,-0.020803775510188416,0.08975431323051453,-0.33579275012016296,-0.030449224507805184,0.08514335751533508,-0.17083299160003662,-0.008949836587902382,0.02189752459526062,-0.24577024579048157,-0.033430063968893364,-0.006726354360580444,-0.20814001560211182,-0.03692106330990441,0.0005882978439331055,-0.1732996106147766,-0.035018117970224694,0.07865062355995178,-0.16350418329238892,-0.024021951353546456,0.012324661016464233,-0.23293298482894897,-0.04683770412802346,-0.01104205846786499,-0.19503551721572876,-0.03728349680304177,3.7282705307006836e-05,-0.1647455096244812,-0.027130707970258072,0.05800500512123108,-0.15777719020843506,-0.04034419903754838,0.003548949956893921,-0.21198129653930664,-0.058268369978662804,-0.014764934778213501,-0.18118059635162354,-0.05301267827152856,-0.008137017488479614,-0.1499924659729004,-0.045179908967014626,pointing
0.0,0.0,0.0,-0.026252388954162598,-0.08147382736206055,0.0014768395767674747,-0.02646276354789734,-0.14208108186721802,-0.00804589661218813,-0.027254372835159302,-0.19171571731567383,-0.023364374138495236,-0.015088051557540894,-0.22712546586990356,-0.03801776254930189,0.0823412835597992,-0.1667134165763855,0.010775978021243304,0.09091159701347351,-0.23118335008621216,-0.0007431255807972548,0.09908947348594666,-0.27657073736190796,-0.009116989284834176,0.10992893576622009,-0.31206244230270386,-0.017021877415558606,0.09068414568901062,-0.16062992811203003,-0.0026083606799005565,0.031626492738723755,-0.23894932866096497,-0.024745218180200368,0.0009041428565979004,-0.20582014322280884,-0.0284037345127075,0.005239993333816528,-0.1721428632736206,-0.026358028598210126,0.08310392498970032,-0.15527093410491943,-0.01802151436366728,0.022815614938735962,-0.22563037276268005,-0.03923888663210562,-0.0030554234981536865,-0.19230616092681885,-0.03156860703983,0.004649072885513306,-0.16295355558395386,-0.022323464699169904,0.06353935599327087,-0.15214800834655762,-0.034439040072342664,0.01509973406791687,-0.20780181884765625,-0.05068619335450819,-0.004991978406906128,-0.18114203214645386,-0.04632503698029211,-0.0013114511966705322,-0.15160739421844482,-0.039082990683695584,pointing
0.0,0.0,0.0,-0.02284809947013855,-0.07663017511367798,0.0010943460293049156,-0.020474344491958618,-0.1361546516418457,-0.005738099825947529,-0.02182045578956604,-0.18375593423843384,-0.017957984724461085,-0.013638406991958618,-0.2200559377670288,-0.0296608333228221,0.08875826001167297,-0.15608364343643188,0.012533648616255277,0.1005183756351471,-0.21741396188735962,0.003069678765342587,0.10997417569160461,-0.2619342803955078,-0.0046306050134887755,0.12159398198127747,-0.2962557077407837,-0.012336093255697733,0.09556558728218079,-0.15357166528701782,0.0008828531499887049,0.04222366213798523,-0.23199611902236938,-0.019497015768109804,0.00935983657836914,-0.2055024802684784,-0.02484632588308955,0.01033109426498413,-0.17364448308944702,-0.024278083139478213,0.08705148100852966,-0.150931715965271,-0.012574765154539591,0.0310269296169281,-0.22241675853729248,-0.03343975476306582,0.002960681915283203,-0.19296294450759888,-0.02884656868261004,0.00828242301940918,-0.16388171911239624,-0.02154749377947951,0.06709840893745422,-0.15035748481750488,-0.026812908494292742,0.021157056093215942,-0.20714333653450012,-0.043487417766272074,-0.0001634061336517334,-0.1824427843093872,-0.04075285352152491,0.0025285184383392334,-0.15191709995269775,-0.034440621056972986,pointing
0.0,0.0,0.0,-0.021826058626174927,-0.08369463682174683,0.0023039304151240003,-0.01979348063468933,-0.14237600564956665,-0.00656822002837032,-0.018924355506896973,-0.1896989941596985,-0.021327759189247786,-0.004719078540802002,-0.22223031520843506,-0.03553639077925652,0.08971250057220459,-0.15586799383163452,0.012303937176525892,0.10093677043914795,-0.21370291709899902,0.00088907883856848,0.11077392101287842,-0.2571428120136261,-0.008009354633927046,0.12193471193313599,-0.2909889817237854,-0.016438198325872122,0.09829020500183105,-0.1497860550880432,-0.001500841396577357,0.042056143283843994,-0.22960233688354492,-0.023783848670959173,0.007932543754577637,-0.20216912031173706,-0.028545209256648718,0.00958263874053955,-0.16869813203811646,-0.02743610651576489,0.0897681713104248,-0.14575064182281494,-0.01729918555700749,0.03274053335189819,-0.22108882665634155,-0.03980203071022004,0.0038558542728424072,-0.1910386085510254,-0.03347413712525338,0.010107487440109253,-0.15999835729599,-0.024877219510912596,0.06893974542617798,-0.14566570520401,-0.03379474305891961,0.021480858325958252,-0.20716023445129395,-0.0516286539413926,-0.00035512447357177734,-0.18212991952896118,-0.04794380166912049,0.003180593252182007,-0.15033257007598877,-0.04086250537419289,pointing
0.0,0.0,0.0,-0.02171182632446289,-0.07787191867828369,0.004661628031627174,-0.016833096742630005,-0.1381952166557312,-0.0017988729658640068,-0.0157930850982666,-0.1859215497970581,-0.013913788846238617,-0.006209075450897217,-0.21833544969558716,-0.025633844560488228,0.0923733115196228,-0.15002602338790894,0.0131180817126193,0.1034286618232727,-0.21533244848251343,0.005584847168520923,0.11568987369537354,-0.2552349865436554,-0.0007498251060127359,0.13164657354354858,-0.28526026010513306,-0.007690015262468819,0.10017818212509155,-0.1464989185333252,1.4159730326923636e-05,0.048399925231933594,-0.2280900478363037,-0.01617179532955504,0.018053293228149414,-0.2021797001361847,-0.018867936930163864,0.02145695686340332,-0.1702091097831726,-0.017827832153543,0.09077805280685425,-0.1459132432937622,-0.014505121870442395,0.0359954833984375,-0.22133487462997437,-0.030545408851011757,0.009497910737991333,-0.19191232323646545,-0.024605163386567597,0.01670628786087036,-0.16212677955627441,-0.0183234987915597,0.07003509998321533,-0.14980721473693848,-0.029662248692019944,0.024714410305023193,-0.20946162939071655,-0.043688024407728676,0.004355758428573608,-0.18416815996170044,-0.04074769747863627,0.007501274347305298,-0.15355753898620605,-0.03532510904084063,pointing
0.0,0.0,0.0,-0.015954941511154175,-0.07401525974273682,0.0022156829506627673,-0.008682698011398315,-0.13369286060333252,-0.004413464150530899,-0.011542409658432007,-0.1811298131942749,-0.015831356446398104,-0.015065699815750122,-0.2182682454586029,-0.02691224734033426,0.09731605648994446,-0.14207154512405396,0.011653435838269388,0.11049142479896545,-0.20828822255134583,0.0037094135329596156,0.12304356694221497,-0.2502747178077698,-0.003308889034343565,0.13661208748817444,-0.28122782707214355,-0.010436477649164999,0.1021784245967865,-0.14291399717330933,0.00014189304758360777,0.052648693323135376,-0.2278365194797516,-0.017718333329213465,0.02141055464744568,-0.20470944046974182,-0.02265521655525049,0.020284324884414673,-0.17291367053985596,-0.022403683091653193,0.09073659777641296,-0.14759784936904907,-0.01271933368141731,0.03841981291770935,-0.2253044843673706,-0.02991561176921209,0.010926961898803711,-0.19729691743850708,-0.0259145214661487,0.014653116464614868,-0.16746610403060913,-0.020107328470004404,0.06926396489143372,-0.15668535232543945,-0.026342108423961008,0.02508530020713806,-0.21631494164466858,-0.0411949898555406,0.002603590488433838,-0.19187673926353455,-0.038809805686724985,0.0027300119400024414,-0.16139346361160278,-0.033152039672387446,pointing
0.0,0.0,0.0,-0.02097061276435852,-0.07970577478408813,0.007399614506539365,-0.013147741556167603,-0.13767117261886597,0.003679937522065302,-0.013535559177398682,-0.184573233127594,-0.006006745084050635,-0.01340380311012268,-0.22231146693229675,-0.015660168531212548,0.09768453240394592,-0.1413058638572693,0.017547061738696357,0.1095823347568512,-0.20986676216125488,0.011015193608727714,0.12311676144599915,-0.24991768598556519,0.004762112700518628,0.13845476508140564,-0.2807501554489136,-0.002292888865667919,0.10547038912773132,-0.140794575214386,0.0032163782298084698,0.05468103289604187,-0.2315649390220642,-0.014529906141433457,0.020219534635543823,-0.20818710327148438,-0.019753817397031526,0.016700774431228638,-0.17391180992126465,-0.019729165288481454,0.09618207812309265,-0.1454707384109497,-0.01226311076698039,0.042271047830581665,-0.23145222663879395,-0.030727267193469743,0.011004358530044556,-0.20334014296531677,-0.02732940569785569,0.012953788042068481,-0.17112189531326294,-0.021607924180898408,0.07586106657981873,-0.15630418062210083,-0.027937643158111314,0.028362423181533813,-0.22571656107902527,-0.04405720338490937,0.0024036169052124023,-0.2014659345149994,-0.04233642474082444,0.0014873743057250977,-0.16895127296447754,-0.037158312204155663,pointing
0.0,0.0,0.0,-0.020011454820632935,-0.07771658897399902,0.0045855019214116055,-0.013217836618423462,-0.13494765758514404,-0.000979907627169041,-0.014914065599441528,-0.18232420086860657,-0.011808038040015845,-0.016343027353286743,-0.21935036778450012,-0.022526788807425646,0.09793242812156677,-0.1390860676765442,0.013658318386461588,0.11030420660972595,-0.20723247528076172,0.006387178969617935,0.1236787736415863,-0.24770206212997437,-0.0004358448988739383,0.1385861337184906,-0.2786063253879547,-0.007772966570172457,0.10473522543907166,-0.13851231336593628,0.0007019827696979064,0.05472967028617859,-0.2289198935031891,-0.017601332909379153,0.01993420720100403,-0.20634248852729797,-0.02324108341983333,0.01579877734184265,-0.17295289039611816,-0.023480513415250925,0.09470728039741516,-0.1428651213645935,-0.013397826163981108,0.041529566049575806,-0.2281109094619751,-0.03192563290050998,0.010668337345123291,-0.20076334476470947,-0.028859718984875826,0.01198875904083252,-0.1686878800392151,-0.02334785023978725,0.07393160462379456,-0.1533105969429016,-0.02787553826621547,0.02748289704322815,-0.2224903106689453,-0.04401335427812114,0.002482116222381592,-0.19976428151130676,-0.042463950163636355,0.001344442367553711,-0.16773778200149536,-0.037311393118415026,pointing
0.0,0.0,0.0,-0.01699623465538025,-0.07841068506240845,0.006586506294979699,-0.007833033800125122,-0.1379258632659912,0.0028774931868156273,-0.007735460996627808,-0.18611377477645874,-0.006537831590549104,-0.007702916860580444,-0.22401008009910583,-0.015853289251253955,0.10457214713096619,-0.13334029912948608,0.017048035080506452,0.11656138300895691,-0.20369037985801697,0.010675997736825593,0.13020601868629456,-0.2448941469192505,0.00453295026250089,0.14481666684150696,-0.27654290199279785,-0.0023659034325191897,0.10992869734764099,-0.1348816156387329,0.0036772012551864464,0.0621701180934906,-0.22752046585083008,-0.013816040677056662,0.026813417673110962,-0.20680242776870728,-0.019746307020113818,0.020622700452804565,-0.17488789558410645,-0.020190253590271823,0.09855934977531433,-0.141743004322052,-0.010736427937672488,0.046843916177749634,-0.22890979051589966,-0.030253950242922656,0.013855129480361938,-0.20288187265396118,-0.02873154889516627,0.012169718742370605,-0.1716597080230713,-0.023807711635754458,0.07624062895774841,-0.15452814102172852,-0.025119434778616778,0.031018108129501343,-0.2257305085659027,-0.041962697838471286,0.004056811332702637,-0.20283928513526917,-0.04119892392031943,0.0005877017974853516,-0.17035794258117676,-0.036501459513829104,pointing
0.0,0.0,0.0,-0.01557248830795288,-0.07963943481445312,0.004354160762005677,-0.00609976053237915,-0.14040088653564453,-0.00013625024891439352,-0.006199240684509277,-0.18819835782051086,-0.00987829964739717,-0.006860613822937012,-0.22477245330810547,-0.019363262207633625,0.10461044311523438,-0.13431262969970703,0.014713939762287964,0.11716455221176147,-0.20501989126205444,0.007951907365196575,0.13050556182861328,-0.24634861946105957,0.0012130012210320729,0.1449192762374878,-0.27798226475715637,-0.006080992036885391,0.10863178968429565,-0.13686323165893555,0.0024375927341964143,0.06200128793716431,-0.22724679112434387,-0.015520152152902256,0.026764392852783203,-0.20691633224487305,-0.022034487204081188,0.0207979679107666,-0.1746038794517517,-0.0227875900281731,0.09614837169647217,-0.14471900463104248,-0.010936257877773414,0.04603797197341919,-0.23042339086532593,-0.03010253280532993,0.01365777850151062,-0.20590224862098694,-0.028957862855321537,0.012684881687164307,-0.17482024431228638,-0.024336385057694088,0.07328975200653076,-0.15771305561065674,-0.024509663210636745,0.03147643804550171,-0.22898337244987488,-0.04065553330016769,0.005221694707870483,-0.20767247676849365,-0.03953393779826797,0.001785188913345337,-0.17505580186843872,-0.03454067416620887,pointing
0.0,0.0,0.0,-0.015632182359695435,-0.0791391134262085,0.004713983817651979,-0.006290316581726074,-0.13958758115768433,0.0006809720840976752,-0.006867706775665283,-0.1873876452445984,-0.008600053300455102,-0.00866478681564331,-0.22353842854499817,-0.01770440853883315,0.1040036678314209,-0.13696008920669556,0.015238000156983844,0.11743587255477905,-0.20691409707069397,0.008681271302208415,0.13142842054367065,-0.2474135160446167,0.0023863905413747943,0.14673995971679688,-0.27789872884750366,-0.004530239307626971,0.1083071231842041,-0.13959622383117676,0.0028697967833579696,0.06152886152267456,-0.23050165176391602,-0.014817110185816773,0.026618659496307373,-0.20849594473838806,-0.02057654961694766,0.02181476354598999,-0.17519551515579224,-0.020635686737790593,0.0962369441986084,-0.14654982089996338,-0.010586615574851521,0.044863343238830566,-0.23144733905792236,-0.02918768480171252,0.01297229528427124,-0.2046239972114563,-0.02706983677794028,0.013657152652740479,-0.17321616411209106,-0.021818233576908597,0.07368290424346924,-0.15806716680526733,-0.024310531017675885,0.030378878116607666,-0.22790145874023438,-0.03986198633660365,0.003937363624572754,-0.20525431632995605,-0.038010818806782254,0.0011664330959320068,-0.1731722354888916,-0.032494882044687756,pointing
0.0,0.0,0.0,-0.017519474029541016,-0.08725643157958984,0.00619855980318107,-0.0064553916454315186,-0.14975392818450928,0.0026966698088131125,-0.002125561237335205,-0.19827914237976074,-0.006922581317610366,0.001635044813156128,-0.23439884185791016,-0.016292664306945426,0.10429161787033081,-0.14033043384552002,0.0186938596044115,0.11715924739837646,-0.20914679765701294,0.011615766127818006,0.13230329751968384,-0.24935102462768555,0.005245093637370246,0.14860814809799194,-0.2790205478668213,-0.0017266146286942785,0.10982561111450195,-0.14088022708892822,0.004850330212377685,0.0615086555480957,-0.23476868867874146,-0.014118373478538615,0.024963736534118652,-0.21131879091262817,-0.019717735322899443,0.02071446180343628,-0.17662760615348816,-0.019126639785952193,0.0989377498626709,-0.1459326148033142,-0.010333666662461383,0.04548752307891846,-0.23489946126937866,-0.030861324715203864,0.012041538953781128,-0.20570161938667297,-0.027625496583766562,0.013349354267120361,-0.17196083068847656,-0.021018364551252944,0.07694584131240845,-0.15515977144241333,-0.025760169225520713,0.030778169631958008,-0.22809427976608276,-0.043082618239111525,0.003483116626739502,-0.20457547903060913,-0.04113696617145024,0.00162544846534729,-0.1710352897644043,-0.035162896933741195,pointing
0.0,0.0,0.0,-0.01354306936264038,-0.08650773763656616,0.006668005013409584,-0.0020482242107391357,-0.1490342617034912,0.003287610472682445,0.0020419061183929443,-0.19648844003677368,-0.006096648177560837,0.0045239925384521484,-0.23047998547554016,-0.015345273664649994,0.10461166501045227,-0.1387871503829956,0.017974139065984218,0.11812296509742737,-0.20556893944740295,0.011586367027405231,0.1326245367527008,-0.24630233645439148,0.005483789244237869,0.14782264828681946,-0.27681177854537964,-0.0015795491723906707,0.10979864001274109,-0.1403244137763977,0.00425819108778569,0.060483306646347046,-0.2354331612586975,-0.013625893867072136,0.025238484144210815,-0.21278411149978638,-0.018801017789598973,0.02060452103614807,-0.17832866311073303,-0.018459628461357624,0.0987497866153717,-0.1454487442970276,-0.010634264102634461,0.04374632239341736,-0.2337031364440918,-0.029196699275132687,0.012079358100891113,-0.20532819628715515,-0.025733425407167942,0.013462483882904053,-0.17272520065307617,-0.01983840682959226,0.07656732201576233,-0.15438807010650635,-0.02582665452217725,0.02790704369544983,-0.22548681497573853,-0.04178345495319036,0.001851111650466919,-0.20243942737579346,-0.03995072388505605,0.0007218718528747559,-0.17039477825164795,-0.034641358195301564,pointing
0.0,0.0,0.0,-0.016347795724868774,-0.09061026573181152,0.006556565805652781,-0.0025140047073364258,-0.15426069498062134,0.003695406883338137,0.005258709192276001,-0.20115801692008972,-0.005350945585092859,0.01236221194267273,-0.23452967405319214,-0.014164990813156919,0.10423389077186584,-0.1400378942489624,0.01891491927889888,0.11844310164451599,-0.20849204063415527,0.01189945817677085,0.133635014295578,-0.24845224618911743,0.005649708609411164,0.15005996823310852,-0.27791646122932434,-0.0012363364898249074,0.10946843028068542,-0.1398618221282959,0.0051105361686438755,0.060237497091293335,-0.2321537733078003,-0.014524036154767828,0.024165183305740356,-0.20796337723731995,-0.020399240844568567,0.020011037588119507,-0.17291459441184998,-0.019761575453600244,0.09841719269752502,-0.14426815509796143,-0.00993984199376996,0.04408523440361023,-0.23061618208885193,-0.03067295260044034,0.01108396053314209,-0.2008279263973236,-0.027477752484998064,0.01242014765739441,-0.16748034954071045,-0.020806947790703134,0.07637211680412292,-0.1524488925933838,-0.025189880349358873,0.029933303594589233,-0.22366011142730713,-0.042675940387567834,0.0033677220344543457,-0.1991184651851654,-0.040768617831787424,0.0022981464862823486,-0.16597020626068115,-0.03473604663523133,pointing
0.0,0.0,0.0,-0.01255086064338684,-0.08728611469268799,0.004441868771806412,0.002271801233291626,-0.1518833041191101,-0.0005155536094605395,0.009625643491744995,-0.20051899552345276,-0.010675761125042982,0.014230281114578247,-0.23598331212997437,-0.020441685079589433,0.10701599717140198,-0.14355403184890747,0.012924878650352412,0.11738023161888123,-0.21248972415924072,0.004832792819485121,0.1317240297794342,-0.2539106607437134,-0.002722808833226509,0.14800569415092468,-0.2836700975894928,-0.010803071058347768,0.11087152361869812,-0.14422893524169922,-0.00024204666655691653,0.05831083655357361,-0.23882004618644714,-0.017601661591783113,0.025132328271865845,-0.21516138315200806,-0.02171698605920369,0.024940937757492065,-0.18077054619789124,-0.02166956311370427,0.09749886393547058,-0.14826196432113647,-0.014748952559187956,0.04136660695075989,-0.23535820841789246,-0.03191759271825845,0.011975497007369995,-0.20727750658988953,-0.026563283263698168,0.017238885164260864,-0.17540419101715088,-0.02074890231992299,0.07330039143562317,-0.15589910745620728,-0.029997991605654306,0.025318533182144165,-0.2266932725906372,-0.0453311560889631,7.56978988647461e-05,-0.20362642407417297,-0.04264473377074296,0.0001341104507446289,-0.17252212762832642,-0.03742351962532098,pointing
0.0,0.0,0.0,-0.018588483333587646,-0.08885538578033447,0.005935763979692865,-0.007219433784484863,-0.15416604280471802,0.002082891568903733,-0.0031799376010894775,-0.20276570320129395,-0.007595550695072006,0.0006847679615020752,-0.23654484748840332,-0.01695204010010798,0.10233652591705322,-0.1476346254348755,0.017062108537544418,0.11608576774597168,-0.21481862664222717,0.010792124590267349,0.13032668828964233,-0.25492870807647705,0.005322310647358108,0.14579707384109497,-0.28454095125198364,-0.00117679786180247,0.1076056957244873,-0.1472775936126709,0.00358593560977738,0.058252036571502686,-0.2379067838191986,-0.014149741695831608,0.02223140001296997,-0.21438276767730713,-0.018480711111436676,0.019072890281677246,-0.1805221438407898,-0.01741498565078814,0.09565585851669312,-0.1507331132888794,-0.011128790171454739,0.04202425479888916,-0.23565879464149475,-0.030056586915264916,0.009701192378997803,-0.20811998844146729,-0.026180465200553726,0.012035578489303589,-0.17643648386001587,-0.0197845534026726,0.07271701097488403,-0.15833383798599243,-0.02614412871898253,0.02645641565322876,-0.22860437631607056,-0.04223327753842909,-0.0007094442844390869,-0.20629489421844482,-0.039944597014795136,-0.00293084979057312,-0.17463558912277222,-0.03409978789986212,pointing
0.0,0.0,0.0,-0.021267622709274292,-0.09151977300643921,0.010205625495956383,-0.010826975107192993,-0.15623420476913452,0.007078563268379412,-0.005625635385513306,-0.20442280173301697,-0.0032461071991463086,6.330013275146484e-05,-0.2356652021408081,-0.013641407773747005,0.10020339488983154,-0.15110909938812256,0.023807147457347355,0.11335796117782593,-0.216384619474411,0.018255801810965977,0.12694650888442993,-0.2580724060535431,0.012742279968307457,0.14196068048477173,-0.28991198539733887,0.005915041486815653,0.10775953531265259,-0.1485469937324524,0.0071843345045010665,0.05654001235961914,-0.24152642488479614,-0.011434245915069141,0.02065873146057129,-0.21619093418121338,-0.01619503839398817,0.01750314235687256,-0.17951661348342896,-0.015029041157021084,0.0973978042602539,-0.15098083019256592,-0.010713492580606498,0.04302406311035156,-0.2379215657711029,-0.03002434602464632,0.01106041669845581,-0.20822939276695251,-0.025773763717069187,0.014287322759628296,-0.1742212176322937,-0.018933204994453945,0.07577764987945557,-0.15940409898757935,-0.0286680609592338,0.02709364891052246,-0.23075687885284424,-0.04448664753223852,0.0009573101997375488,-0.20672589540481567,-0.04204248456741766,0.0009303689002990723,-0.17396849393844604,-0.03634793503667311,pointing
0.0,0.0,0.0,-0.02077770233154297,-0.0874018669128418,0.007575255047498786,-0.012307018041610718,-0.14797449111938477,0.0021295425686673752,-0.009630829095840454,-0.19571667909622192,-0.009866840045930303,-0.006391078233718872,-0.22651627659797668,-0.02196028905737535,0.10003671050071716,-0.15046334266662598,0.018415522921799266,0.11369112133979797,-0.21417021751403809,0.012142314735768878,0.1269955337047577,-0.25664716958999634,0.006104672022132718,0.14119908213615417,-0.28886574506759644,-0.0010308948839394816,0.10651937127113342,-0.14699721336364746,0.00323161475543543,0.05811837315559387,-0.2360314130783081,-0.014220163065971292,0.024858683347702026,-0.21216312050819397,-0.018676119696380056,0.022668272256851196,-0.17869135737419128,-0.01808028931546346,0.09623417258262634,-0.14779943227767944,-0.013133014392138875,0.043380528688430786,-0.23183676600456238,-0.030945281337977804,0.013671576976776123,-0.20340436697006226,-0.026617490526319898,0.016704648733139038,-0.17076069116592407,-0.02054090316224233,0.07528182864189148,-0.15444207191467285,-0.029815007772327817,0.026213854551315308,-0.22323191165924072,-0.04484178575503961,0.0015152990818023682,-0.20011687278747559,-0.042528492238403715,0.000820159912109375,-0.1680956482887268,-0.0372923471294655,pointing
0.0,0.0,0.0,-0.024204492568969727,-0.08785790205001831,0.006225566325213094,-0.017283499240875244,-0.15024733543395996,0.0016332910782352883,-0.014358103275299072,-0.19912558794021606,-0.009175779352460722,-0.010393083095550537,-0.2326434850692749,-0.02007793174919925,0.09307098388671875,-0.1588779091835022,0.015467300956572672,0.10611546039581299,-0.22292277216911316,0.006393940599139114,0.11867630481719971,-0.2665581703186035,-0.002068360856299023,0.13188177347183228,-0.30068543553352356,-0.010524517911051134,0.10195869207382202,-0.15427708625793457,0.000937934037267496,0.0481988787651062,-0.24326467514038086,-0.019444777684782366,0.012441545724868774,-0.21911227703094482,-0.025425988303993563,0.008895188570022583,-0.18274176120758057,-0.025489919873450617,0.09279602766036987,-0.15248805284500122,-0.014862753505383353,0.036540448665618896,-0.23690307140350342,-0.035165350007389407,0.005688220262527466,-0.20888936519622803,-0.03067085431752048,0.007256954908370972,-0.17397361993789673,-0.023612846674893717,0.07164663076400757,-0.15512466430664062,-0.03107250021633945,0.02401268482208252,-0.222763329744339,-0.047611053156231264,-0.0004030466079711914,-0.20075681805610657,-0.04490654827890239,-0.001434922218322754,-0.16731464862823486,-0.038701950626943926,pointing
0.0,0.0,0.0,-0.024871885776519775,-0.08738565444946289,0.006511830779203365,-0.01819714903831482,-0.1497322916984558,0.00013423608820062327,-0.014388173818588257,-0.1996467113494873,-0.012792580240926554,-0.007475227117538452,-0.23384380340576172,-0.025849978850743582,0.09538209438323975,-0.15631896257400513,0.015426786205210874,0.10686701536178589,-0.22303199768066406,0.006532354334780166,0.11990290880203247,-0.2680765390396118,-0.001388666398412397,0.13352757692337036,-0.3020065426826477,-0.009426322245559504,0.10257071256637573,-0.15290367603302002,0.000514617302400211,0.049694597721099854,-0.24293416738510132,-0.018941781894824317,0.014871329069137573,-0.2174888253211975,-0.02356857940699797,0.012513011693954468,-0.18184441328048706,-0.022831487880608847,0.09181481599807739,-0.1530895233154297,-0.015729857088587096,0.03659868240356445,-0.23861905932426453,-0.03542367130663138,0.006232649087905884,-0.20886093378067017,-0.030306606964728644,0.008837610483169556,-0.17332297563552856,-0.023224882261416724,0.06975007057189941,-0.1579575538635254,-0.03236764803673964,0.021433770656585693,-0.2252075970172882,-0.04871558904793005,-0.0028504133224487305,-0.20139101147651672,-0.04618884012248259,-0.003720521926879883,-0.16684699058532715,-0.04041956499364119,pointing
0.0,0.0,0.0,-0.02540820837020874,-0.09072995185852051,0.0013097406762483388,-0.021713614463806152,-0.15622931718826294,-0.006350625103635821,-0.016730189323425293,-0.20778235793113708,-0.020006420353723797,-0.003403574228286743,-0.23891311883926392,-0.03265973020560864,0.08819466829299927,-0.16789621114730835,0.013831482005940643,0.09940659999847412,-0.22944694757461548,0.0022260094691830545,0.11051028966903687,-0.2748972475528717,-0.006904803945047888,0.12183088064193726,-0.31089669466018677,-0.015722044075204167,0.09807074069976807,-0.15981251001358032,-0.00010864238092267442,0.03832954168319702,-0.24367117881774902,-0.02562131013937119,0.004769563674926758,-0.20939967036247253,-0.03168722827203396,0.006109148263931274,-0.17024660110473633,-0.030113075191451344,0.09126728773117065,-0.15432339906692505,-0.016233874747825894,0.028186500072479248,-0.23143815994262695,-0.040902370849920544,0.0005466043949127197,-0.19583991169929504,-0.03476387102372769,0.007584869861602783,-0.16180342435836792,-0.025171552116347584,0.07084786891937256,-0.1525576114654541,-0.033362126240803036,0.01941913366317749,-0.21522259712219238,-0.052178567538334164,-0.001569122076034546,-0.1885072886943817,-0.048911294231487545,0.0024217963218688965,-0.15658468008041382,-0.041598266253544125,pointing
0.0,0.0,0.0,-0.0269850492477417,-0.08905082941055298,0.0007239306775375098,-0.026068896055221558,-0.15656882524490356,-0.010386227901420853,-0.022069871425628662,-0.20938071608543396,-0.027480491708359978,-0.005137085914611816,-0.23800399899482727,-0.04381415554448154,0.08792883157730103,-0.16707700490951538,0.010192017730929592,0.09681791067123413,-0.230608731508255,-0.002247878155998251,0.10744428634643555,-0.276614785194397,-0.011301317523560783,0.11941003799438477,-0.3125855326652527,-0.020086475919327995,0.09841418266296387,-0.1588900089263916,-0.0038657356438704937,0.039525508880615234,-0.24420809745788574,-0.027350626225910446,0.006500214338302612,-0.21028023958206177,-0.030348201553664467,0.010558277368545532,-0.17404794692993164,-0.027344740267238876,0.0908498764038086,-0.15373998880386353,-0.020164956610045692,0.029561161994934082,-0.2342090606689453,-0.04274441608353641,0.0014410614967346191,-0.1995612382888794,-0.034847564335308334,0.009473681449890137,-0.16622114181518555,-0.025200999613247177,0.06926244497299194,-0.15331882238388062,-0.03753510424061801,0.018696308135986328,-0.21684861183166504,-0.055695037628851196,-0.0018265247344970703,-0.18896955251693726,-0.05220420220061328,0.0028306543827056885,-0.15574461221694946,-0.04533762418790843,pointing
0.0,0.0,0.0,-0.03526732325553894,-0.0869550108909607,0.000769835323467305,-0.03869229555130005,-0.15235793590545654,-0.006948110929783979,-0.040229469537734985,-0.2024659514427185,-0.019818815684971014,-0.031239807605743408,-0.23523369431495667,-0.031759809053596655,0.0744330883026123,-0.1790136694908142,0.00733306416952928,0.07209819555282593,-0.25337883830070496,-0.005789656008687416,0.07663160562515259,-0.30361273884773254,-0.016689035392460028,0.08393758535385132,-0.34380099177360535,-0.0268197276658384,0.08569633960723877,-0.17245978116989136,-0.005508234075364271,0.019566893577575684,-0.25506216287612915,-0.029566484785732428,-0.011538267135620117,-0.21772480010986328,-0.035096082187351385,-0.006532520055770874,-0.17827457189559937,-0.03446941385334412,0.07938581705093384,-0.16703712940216064,-0.02014293829267899,0.008024156093597412,-0.24271702766418457,-0.04322707215612809,-0.01703590154647827,-0.20412689447402954,-0.03646516735022942,-0.007974833250045776,-0.16829806566238403,-0.027619400343951384,0.05840402841567993,-0.163993239402771,-0.03591430867379586,0.002135038375854492,-0.22271612286567688,-0.05450913245147149,-0.01765894889831543,-0.19489094614982605,-0.05126660252278725,-0.013170868158340454,-0.16266721487045288,-0.04460149566000382,pointing
0.0,0.0,0.0,-0.03795421123504639,-0.08491283655166626,0.00025202403139701346,-0.046606361865997314,-0.1512262225151062,-0.010514717497244419,-0.050240516662597656,-0.2045821249485016,-0.027054626442804874,-0.03742784261703491,-0.23884537816047668,-0.04224766599418217,0.06255090236663818,-0.1956949234008789,0.007957058079227863,0.05329406261444092,-0.26861461997032166,-0.006890823547109903,0.05195736885070801,-0.3206137716770172,-0.01668711373986298,0.05415225028991699,-0.35984259843826294,-0.025575691782250942,0.07585400342941284,-0.18717873096466064,-0.00636166654931003,0.00226438045501709,-0.2582901120185852,-0.031366055779471935,-0.025242120027542114,-0.21176159381866455,-0.033203722857251705,-0.012446165084838867,-0.17535346746444702,-0.02943125175715977,0.07279044389724731,-0.17760145664215088,-0.02327932225944096,-0.005957126617431641,-0.23925724625587463,-0.04687636899234349,-0.027681589126586914,-0.19391101598739624,-0.03598144459010655,-0.011768966913223267,-0.16260099411010742,-0.024549594097152294,0.05471760034561157,-0.16825103759765625,-0.04171908827902371,-0.008578658103942871,-0.21724197268486023,-0.06005659507991368,-0.025416046380996704,-0.18396836519241333,-0.05475503759862477,-0.014323770999908447,-0.15422606468200684,-0.046785036050096096,pointing
0.0,0.0,0.0,-0.03883862495422363,-0.0849042534828186,0.0026113256316193656,-0.04839599132537842,-0.14936089515686035,-0.007425963602258889,-0.0536406934261322,-0.20312851667404175,-0.023660432270958154,-0.04362419247627258,-0.24100658297538757,-0.03904745700140211,0.06283992528915405,-0.19220507144927979,0.008766161554262908,0.054834604263305664,-0.2656831741333008,-0.005476318023397653,0.05424553155899048,-0.31820619106292725,-0.015145311787023275,0.056559741497039795,-0.36005133390426636,-0.02407647082884523,0.0763171911239624,-0.18569064140319824,-0.006143595281287162,0.0014023780822753906,-0.25693297386169434,-0.030638195297910897,-0.0271378755569458,-0.21024039387702942,-0.032449900827600686,-0.016518980264663696,-0.17445766925811768,-0.02876624996144983,0.07239556312561035,-0.17789417505264282,-0.023230343780710427,-0.0067303478717803955,-0.240433931350708,-0.046636264494850366,-0.029470592737197876,-0.19372203946113586,-0.035686652831032006,-0.015579640865325928,-0.1610327959060669,-0.02399267228622648,0.05296134948730469,-0.17019182443618774,-0.04142038496513578,-0.011788517236709595,-0.2178909182548523,-0.05983716966886732,-0.028562158346176147,-0.18444150686264038,-0.0546693277575514,-0.018236935138702393,-0.15414375066757202,-0.04661804782529089,pointing
0.0,0.0,0.0,-0.04253709316253662,-0.08026057481765747,-0.004850003047778273,-0.057485342025756836,-0.1412791609764099,-0.018638770672424698,-0.06617486476898193,-0.19202962517738342,-0.036833237501724625,-0.057323455810546875,-0.23241010308265686,-0.05346485191856232,0.04842883348464966,-0.20066916942596436,-0.0008148709837598744,0.03390711545944214,-0.2746656537055969,-0.018904724734767342,0.030050694942474365,-0.3283001780509949,-0.03138385677610245,0.031092524528503418,-0.3713482618331909,-0.04230771178279724,0.06438809633255005,-0.19418105483055115,-0.013256670552237892,-0.015844881534576416,-0.2548251748085022,-0.041914537194116974,-0.03887540102005005,-0.20219752192497253,-0.04540601709757652,-0.02208542823791504,-0.16632187366485596,-0.042552496883018875,0.0637814998626709,-0.18404680490493774,-0.028353910538299942,-0.020678997039794922,-0.23362290859222412,-0.05419279226933327,-0.03908348083496094,-0.1837049126625061,-0.04282302746449318,-0.020328760147094727,-0.15368205308914185,-0.030887011083706284,0.04741877317428589,-0.17180657386779785,-0.045403081568821335,-0.02047640085220337,-0.20983672142028809,-0.06570367107067909,-0.034955739974975586,-0.17437440156936646,-0.0602863017645916,-0.021178454160690308,-0.1466064453125,-0.0518779788342556,pointing
0.0,0.0,0.0,-0.04918026924133301,-0.07314848899841309,-0.007176821933541078,-0.07093319296836853,-0.1337517499923706,-0.023006864705536145,-0.0852074921131134,-0.18407440185546875,-0.042717828297469396,-0.08036532998085022,-0.22794970870018005,-0.06064977391943671,0.0292966365814209,-0.21078532934188843,-0.005194860858324546,0.005765140056610107,-0.2893567383289337,-0.02586031600222327,-0.0029502511024475098,-0.3454475402832031,-0.039084105634543675,-0.005670607089996338,-0.38932761549949646,-0.04989724128827788,0.04552924633026123,-0.20551064610481262,-0.01666532724485137,-0.03891563415527344,-0.2587055563926697,-0.04772129177436568,-0.0600011944770813,-0.2028067708015442,-0.05095875903353431,-0.041580915451049805,-0.16834110021591187,-0.046942240440699834,0.04604339599609375,-0.19486084580421448,-0.03094191185519435,-0.041931718587875366,-0.2350657880306244,-0.05802091106161811,-0.0577029287815094,-0.1829622983932495,-0.045819892430159825,-0.03698885440826416,-0.15563160181045532,-0.03269341483101584,0.031221449375152588,-0.17930179834365845,-0.04739079146966674,-0.03913077712059021,-0.20465421676635742,-0.06725739582762458,-0.05079898238182068,-0.16769015789031982,-0.061258467727753896,-0.03404277563095093,-0.14356309175491333,-0.05223740532383658,pointing
0.0,0.0,0.0,-0.05015069246292114,-0.07223308086395264,-0.005034050474705509,-0.07163801789283752,-0.13098949193954468,-0.01965403700137358,-0.08507487177848816,-0.18242400884628296,-0.03862072111928683,-0.08166337013244629,-0.22570720314979553,-0.05631160320604067,0.027248144149780273,-0.20909816026687622,-0.002291184420528225,0.005281627178192139,-0.2874752879142761,-0.023332006799819283,-0.0026709437370300293,-0.34344881772994995,-0.03699619280064326,-0.005281507968902588,-0.38884684443473816,-0.04794756280148249,0.04379928112030029,-0.2036445438861847,-0.014300572256388477,-0.04025012254714966,-0.25671887397766113,-0.04597530098521929,-0.0625143051147461,-0.19970059394836426,-0.048977329897525124,-0.04688677191734314,-0.16689527034759521,-0.044323615300299934,0.043722689151763916,-0.1920682191848755,-0.029004757794382385,-0.04312810301780701,-0.2319459617137909,-0.05727828251087885,-0.05769217014312744,-0.17791038751602173,-0.04453422458732348,-0.037215083837509155,-0.15164542198181152,-0.030229571777226738,0.028312504291534424,-0.17466706037521362,-0.0454642321344636,-0.04171106219291687,-0.19993913173675537,-0.0660420577403329,-0.05240204930305481,-0.16176795959472656,-0.05946882398689013,-0.035005807876586914,-0.1389479637145996,-0.04961227582657557,pointing
0.0,0.0,0.0,-0.05003732442855835,-0.06552433967590332,-0.005461537383069981,-0.07551318407058716,-0.1246180534362793,-0.019995948403646935,-0.09272968769073486,-0.1749209761619568,-0.03920944417970418,-0.08929747343063354,-0.2159346342086792,-0.05690058331148862,0.015375912189483643,-0.21466806530952454,-0.002409496215676654,-0.008258283138275146,-0.2932497560977936,-0.02338919612722634,-0.0194130539894104,-0.34826189279556274,-0.03627453754799603,-0.024181783199310303,-0.39193713665008545,-0.046601679279973496,0.03366971015930176,-0.2108525037765503,-0.01454402982400893,-0.051280677318573,-0.2527523934841156,-0.04610698680536984,-0.07158970832824707,-0.19348308444023132,-0.04899931336896657,-0.05482882261276245,-0.16193193197250366,-0.04403613145606755,0.03776806592941284,-0.1984769105911255,-0.029575929149558533,-0.051468074321746826,-0.22128912806510925,-0.05707773204105138,-0.06153795123100281,-0.16669416427612305,-0.045210875674655426,-0.03904008865356445,-0.14171326160430908,-0.031572286143472184,0.02717006206512451,-0.1787400245666504,-0.04668881754534482,-0.0446431040763855,-0.19109854102134705,-0.06572444747345685,-0.05540299415588379,-0.1531243920326233,-0.05974259237902402,-0.03914099931716919,-0.13141298294067383,-0.05056406195419072,pointing
0.0,0.0,0.0,-0.050013720989227295,-0.05658161640167236,-0.005940422114179,-0.07728061079978943,-0.11393463611602783,-0.019908692851856813,-0.0953839123249054,-0.16046667098999023,-0.03840615616758214,-0.09962642192840576,-0.20047488808631897,-0.05554320307095395,0.00380706787109375,-0.21663039922714233,-0.004237974692330226,-0.019161999225616455,-0.296359121799469,-0.026260661125377283,-0.030528128147125244,-0.351340651512146,-0.03920442627389775,-0.03638559579849243,-0.3947528600692749,-0.049369052216604814,0.024178922176361084,-0.21233722567558289,-0.016501564696625337,-0.056875020265579224,-0.24696043133735657,-0.049291741267040834,-0.07517668604850769,-0.18766313791275024,-0.052558787331179246,-0.060554444789886475,-0.15831536054611206,-0.04765564964731084,0.03209412097930908,-0.19773262739181519,-0.03170218707640515,-0.05467778444290161,-0.20962685346603394,-0.05998157353718625,-0.0611456036567688,-0.1559719443321228,-0.04784686507304059,-0.03995174169540405,-0.13650786876678467,-0.03388918952663289,0.026500403881072998,-0.17405426502227783,-0.04894366131742345,-0.04477900266647339,-0.17892032861709595,-0.06737943010051595,-0.05027461051940918,-0.14014875888824463,-0.06038757057507382,-0.031767308712005615,-0.12377822399139404,-0.05055314691384183,pointing
