0.0,0.0,0.0,0.039920270442962646,-0.14547359943389893,-0.0014544628645580815,0.10159409046173096,-0.28100335597991943,-0.02275335286662994,0.14244455099105835,-0.38660499453544617,-0.04331786614761768,0.1646660566329956,-0.472447007894516,-0.0574619924734634,0.1734066605567932,-0.2382373809814453,-0.07706982326612888,0.3174406886100769,-0.23314857482910156,-0.10019442123279987,0.28033071756362915,-0.20171904563903809,-0.09394481462345539,0.22600489854812622,-0.2015397548675537,-0.08531865906820713,0.18322575092315674,-0.13607639074325562,-0.09181220513687549,0.32432085275650024,-0.14173126220703125,-0.10585492533550678,0.27723777294158936,-0.11795449256896973,-0.08527084124193607,0.2224978804588318,-0.11658287048339844,-0.07365390342579303,0.1885092854499817,-0.035153090953826904,-0.10283640456304965,0.32970643043518066,-0.047762930393218994,-0.10979566407308994,0.28413575887680054,-0.035147786140441895,-0.07360890191898761,0.22833222150802612,-0.03422260284423828,-0.053388193816999774,0.1879110336303711,0.05909240245819092,-0.11305440646515308,0.29590749740600586,0.03944963216781616,-0.11468845290050922,0.257568359375,0.041032254695892334,-0.08551598024473606,0.21082991361618042,0.040671467781066895,-0.06611258965835987,thumbs_up
0.0,0.0,0.0,0.03880411386489868,-0.1451365351676941,-0.004122104417604078,0.09850215911865234,-0.2769423723220825,-0.02816878297932135,0.13697081804275513,-0.3829534649848938,-0.0511601515264033,0.1573941707611084,-0.471717894077301,-0.06784101055569636,0.17621445655822754,-0.2378966212272644,-0.0781282209009646,0.3192431926727295,-0.23195898532867432,-0.10242828206725108,0.2830783724784851,-0.20068377256393433,-0.09807595835633265,0.22936540842056274,-0.20028400421142578,-0.09075094984478937,0.18694740533828735,-0.1349477767944336,-0.0923811592311381,0.32736629247665405,-0.13910740613937378,-0.10695515052981364,0.28044188022613525,-0.11466127634048462,-0.08757732288546549,0.225239098072052,-0.1130104660987854,-0.07670702265210139,0.19231200218200684,-0.033654749393463135,-0.10329541789002405,0.332832396030426,-0.04508697986602783,-0.11040885971493708,0.2883402705192566,-0.032615721225738525,-0.07511563824124323,0.23215824365615845,-0.03174471855163574,-0.055544464305114616,0.19150227308273315,0.06039553880691528,-0.11365878061957346,0.29938918352127075,0.04090195894241333,-0.1152291320414065,0.26184630393981934,0.0423351526260376,-0.08623633013672816,0.21474915742874146,0.04168039560317993,-0.06687541531033503,thumbs_up
0.0,0.0,0.0,0.0408703088760376,-0.14581358432769775,-0.0005644979323164989,0.10438388586044312,-0.28110140562057495,-0.020790627321218835,0.1452668309211731,-0.3860088586807251,-0.0407369845565313,0.16787207126617432,-0.47103866934776306,-0.05473475540242134,0.1771337389945984,-0.24051296710968018,-0.07314127693138062,0.32139140367507935,-0.23477387428283691,-0.09677366176805435,0.2838084101676941,-0.20322251319885254,-0.09257709989509522,0.22965288162231445,-0.20353209972381592,-0.08534838268718659,0.18729948997497559,-0.13844192028045654,-0.08834230164251267,0.3286619186401367,-0.14321058988571167,-0.10232158759794174,0.2810579538345337,-0.11868059635162354,-0.08304987112245499,0.22586750984191895,-0.11822396516799927,-0.07208432266673981,0.19233733415603638,-0.03686016798019409,-0.10004962990245758,0.33350640535354614,-0.048218607902526855,-0.10703900465927063,0.28769874572753906,-0.03544896841049194,-0.07195134470424591,0.23154985904693604,-0.035501718521118164,-0.052168715840196,0.19110488891601562,0.05825650691986084,-0.11086794743499695,0.2992696166038513,0.03731667995452881,-0.11193096647224365,0.26110154390335083,0.03951871395111084,-0.08262709537706314,0.2144591212272644,0.03984248638153076,-0.06301270434818207,thumbs_up
0.0,0.0,0.0,0.03828045725822449,-0.14687198400497437,-0.00410603250549002,0.09780004620552063,-0.28268587589263916,-0.02663273721174164,0.13862845301628113,-0.38983553647994995,-0.04796648196116848,0.16405591368675232,-0.4761619567871094,-0.06264440885917111,0.17503538727760315,-0.24241513013839722,-0.07746856830254956,0.31811192631721497,-0.2361171841621399,-0.10011124781505032,0.2826145589351654,-0.20475679636001587,-0.09385056219235821,0.22873571515083313,-0.20454728603363037,-0.08531813494101925,0.18638601899147034,-0.13804024457931519,-0.09082738480702801,0.32662442326545715,-0.1425139307975769,-0.10439217261210842,0.2800511419773102,-0.11868876218795776,-0.08421562782660885,0.2251405417919159,-0.11785781383514404,-0.0730065869464056,0.19255909323692322,-0.035984933376312256,-0.1007414998783247,0.33372750878334045,-0.048283278942108154,-0.10754991493359967,0.28933438658714294,-0.03652220964431763,-0.07236574760810299,0.232919842004776,-0.03620952367782593,-0.052904074855007366,0.19237330555915833,0.057794034481048584,-0.1100382300390379,0.29942014813423157,0.03774738311767578,-0.11218796841041012,0.26229801774024963,0.03793972730636597,-0.08404109797612591,0.21521303057670593,0.036608874797821045,-0.06516593120232983,thumbs_up
0.0,0.0,0.0,0.03935879468917847,-0.14507955312728882,-0.005018132737404812,0.09911179542541504,-0.2782270908355713,-0.028462310320264805,0.13641202449798584,-0.38534975051879883,-0.05082136299324702,0.15870451927185059,-0.47108006477355957,-0.06682965811205577,0.17292344570159912,-0.23798811435699463,-0.07704964186859797,0.31842124462127686,-0.22856295108795166,-0.10139012243462275,0.28323936462402344,-0.19593608379364014,-0.09694755729151439,0.230521559715271,-0.19566714763641357,-0.0894319629283018,0.1831423044204712,-0.1340630054473877,-0.0900273090214796,0.3248082399368286,-0.13761985301971436,-0.10422421898556422,0.2787597179412842,-0.1141660213470459,-0.08472877647591304,0.2248707413673401,-0.11436843872070312,-0.07383242156220149,0.18834972381591797,-0.03153407573699951,-0.09991592075539302,0.32921111583709717,-0.0452614426612854,-0.10775034036350917,0.28449541330337524,-0.03387153148651123,-0.07279467489433955,0.22947120666503906,-0.033393919467926025,-0.05300417449188899,0.18812960386276245,0.0629950761795044,-0.10920816566658686,0.2948188781738281,0.03931945562362671,-0.1115123843760557,0.2579110860824585,0.03952103853225708,-0.08295855577898692,0.2121373414993286,0.0393030047416687,-0.06364638265085887,thumbs_up
0.0,0.0,0.0,0.03867238759994507,-0.14580225944519043,-0.005354240230474261,0.09959989786148071,-0.27983224391937256,-0.029028281728926686,0.13929694890975952,-0.3886421024799347,-0.05138756164461711,0.1633853316307068,-0.47592663764953613,-0.06728713416606524,0.17409533262252808,-0.2395542860031128,-0.07762135022431949,0.32063382863998413,-0.22981685400009155,-0.10111826860457995,0.2848324179649353,-0.19638556241989136,-0.09571397506744006,0.23138797283172607,-0.19547319412231445,-0.08767149799615481,0.1849389672279358,-0.1358102560043335,-0.09034716540128329,0.3266642093658447,-0.13933902978897095,-0.10374330186397174,0.28056633472442627,-0.11446160078048706,-0.08387231283933261,0.2261291742324829,-0.11369353532791138,-0.07297001981288531,0.19032734632492065,-0.03289914131164551,-0.09985911303311923,0.33062219619750977,-0.04652142524719238,-0.10657070034295657,0.28632718324661255,-0.0343591570854187,-0.07136503809243777,0.2309398651123047,-0.03359675407409668,-0.051923616017404584,0.19035524129867554,0.0622977614402771,-0.1087802594259415,0.29672181606292725,0.037994980812072754,-0.1104889830306206,0.25979727506637573,0.03874385356903076,-0.08181693607122043,0.21372205018997192,0.03830665349960327,-0.06266797536164859,thumbs_up
0.0,0.0,0.0,0.04019588232040405,-0.14479750394821167,-0.0062485924398174575,0.0993228554725647,-0.2786068916320801,-0.030421982094424038,0.13631540536880493,-0.38619518280029297,-0.05357891744353083,0.1599329113960266,-0.4721520245075226,-0.07031176289893892,0.17520302534103394,-0.2380724549293518,-0.07560144415475634,0.31813281774520874,-0.22989708185195923,-0.10066229900695589,0.2805964946746826,-0.19705575704574585,-0.09805904379464891,0.2269420027732849,-0.19623255729675293,-0.09193723699428347,0.18550896644592285,-0.1339179277420044,-0.08858805945493486,0.3251487612724304,-0.13971400260925293,-0.10418961247779635,0.27818578481674194,-0.1158674955368042,-0.08674029311515596,0.22316503524780273,-0.11446893215179443,-0.07683975300170687,0.1907958984375,-0.03127163648605347,-0.09878533384181765,0.3296203017234802,-0.0462992787361145,-0.10745832374669817,0.2846238613128662,-0.03479409217834473,-0.07387420585729387,0.22897660732269287,-0.033241450786590576,-0.05476030385472086,0.19077318906784058,0.06341153383255005,-0.10856093516923693,0.29546642303466797,0.03856790065765381,-0.11149821481086519,0.25778818130493164,0.03865313529968262,-0.08368930271245745,0.21186906099319458,0.03954392671585083,-0.06473046591855791,thumbs_up
0.0,0.0,0.0,0.038392484188079834,-0.14700621366500854,-0.0015779469825929482,0.09709113836288452,-0.28023308515548706,-0.024031261141658433,0.1345546841621399,-0.387010395526886,-0.04587695577299655,0.1571441888809204,-0.4729327857494354,-0.06153327428853572,0.17468053102493286,-0.2427470088005066,-0.07547182419455112,0.3188096880912781,-0.23339015245437622,-0.09671251305496753,0.28160804510116577,-0.1985977292060852,-0.08935014733231128,0.2274007797241211,-0.19754964113235474,-0.08030852505123676,0.18592500686645508,-0.14046365022659302,-0.09038827397978366,0.32726866006851196,-0.14439749717712402,-0.10362914034283222,0.2801099419593811,-0.11754095554351807,-0.0835578052059418,0.22463244199752808,-0.11556291580200195,-0.07204983958160938,0.19169890880584717,-0.03806990385055542,-0.10156104543364108,0.33144867420196533,-0.0510936975479126,-0.10761213877356113,0.28638172149658203,-0.03652578592300415,-0.07238990643179477,0.2308037281036377,-0.03518795967102051,-0.05302129143035472,0.19144034385681152,0.05803626775741577,-0.11181110718405307,0.2973478436470032,0.034487903118133545,-0.11316405811464847,0.2589801549911499,0.03690129518508911,-0.08414182641661228,0.2127407193183899,0.037158191204071045,-0.0647713375941521,thumbs_up
0.0,0.0,0.0,0.0349389910697937,-0.14213556051254272,-0.009029800880256289,0.08511066436767578,-0.27540379762649536,-0.03773377823412716,0.10513472557067871,-0.3865048289299011,-0.06514418857872784,0.11115247011184692,-0.4771248698234558,-0.08680628972828686,0.17009872198104858,-0.2407706379890442,-0.08214434223950207,0.31494176387786865,-0.23415642976760864,-0.10883221762955486,0.2770938277244568,-0.20078176259994507,-0.10754492121517956,0.22386223077774048,-0.19881898164749146,-0.10206523525297939,0.18155670166015625,-0.13614434003829956,-0.09412479388296902,0.3239341974258423,-0.1411038041114807,-0.11013691860020458,0.2775408625602722,-0.11847937107086182,-0.09309951948702633,0.22294628620147705,-0.11590325832366943,-0.08339706050932705,0.1875220537185669,-0.03455108404159546,-0.10326331841528713,0.32747554779052734,-0.048959434032440186,-0.11138392972529232,0.28295302391052246,-0.038990139961242676,-0.07887490826428234,0.22780239582061768,-0.03703153133392334,-0.060631532098653906,0.18864357471466064,0.05782097578048706,-0.11207995551407635,0.29386216402053833,0.03210192918777466,-0.11340190457880794,0.2564513683319092,0.031107306480407715,-0.0851180403190881,0.21032506227493286,0.031175673007965088,-0.06615856277525722,thumbs_up
0.0,0.0,0.0,0.038504987955093384,-0.14666271209716797,-0.006114389976630719,0.09692418575286865,-0.2809045910835266,-0.03167451801351717,0.12934070825576782,-0.3881728947162628,-0.055841649646083624,0.1460949182510376,-0.4761560559272766,-0.07394949230007342,0.1712748408317566,-0.24328309297561646,-0.0837376851087015,0.31789642572402954,-0.23510658740997314,-0.1086623209958475,0.2803094983100891,-0.20216119289398193,-0.10377482953123263,0.22682124376296997,-0.20182549953460693,-0.09584256144813708,0.1805984377861023,-0.13857388496398926,-0.09674268844179323,0.32632988691329956,-0.1439824104309082,-0.11272567393831423,0.2806019186973572,-0.1208726167678833,-0.09352487953952959,0.22651934623718262,-0.11844056844711304,-0.08219685288719347,0.1860080361366272,-0.03613346815109253,-0.10627699526600054,0.32793718576431274,-0.05155539512634277,-0.1150903690104883,0.283303439617157,-0.04109853506088257,-0.0810155782347124,0.2286691665649414,-0.03900104761123657,-0.06162105383924654,0.1875244379043579,0.05765640735626221,-0.11513209226183108,0.29415202140808105,0.031204938888549805,-0.11805477621606997,0.2567873001098633,0.030088841915130615,-0.08989930781177691,0.21075069904327393,0.030156373977661133,-0.07084672781280688,thumbs_up
0.0,0.0,0.0,0.033330053091049194,-0.14087730646133423,-0.010773577465556627,0.08304354548454285,-0.2711537480354309,-0.03961148086830235,0.107786625623703,-0.3803982138633728,-0.06626122418686009,0.11931994557380676,-0.4702574610710144,-0.08677832756086445,0.1676100790500641,-0.23508226871490479,-0.0862407681707964,0.3126043379306793,-0.22998255491256714,-0.11229965064569569,0.2741636335849762,-0.1996557116508484,-0.10889411691471196,0.2206369936466217,-0.19744718074798584,-0.1019716260199175,0.18082955479621887,-0.12869685888290405,-0.09672241631790257,0.3228563964366913,-0.1376013159751892,-0.1126518097881899,0.2755003869533539,-0.11856472492218018,-0.0938486230735407,0.22107884287834167,-0.11528283357620239,-0.0829504278664217,0.1869424283504486,-0.027028381824493408,-0.10415974233194447,0.32567837834358215,-0.0458751916885376,-0.11257726672931767,0.2806927263736725,-0.03835022449493408,-0.07851200524612523,0.22667917609214783,-0.03522539138793945,-0.05927584294124699,0.18762412667274475,0.06459301710128784,-0.11127289358421422,0.290681928396225,0.03630036115646362,-0.11330433163686848,0.25283995270729065,0.03426480293273926,-0.08466267559572316,0.20813503861427307,0.035496532917022705,-0.0653447133664713,thumbs_up
0.0,0.0,0.0,0.03787660598754883,-0.14419639110565186,-0.010976561596351075,0.09314268827438354,-0.2762405276298523,-0.038855844428496766,0.127264142036438,-0.3848418593406677,-0.06495045243735831,0.14890682697296143,-0.4756113588809967,-0.08489431559081595,0.17385876178741455,-0.23159795999526978,-0.08191592364545386,0.3180866837501526,-0.22805815935134888,-0.10927904515500586,0.27986228466033936,-0.19686663150787354,-0.10896056263680975,0.2241089940071106,-0.1944894790649414,-0.10401366024251502,0.1866549849510193,-0.12725728750228882,-0.09270829825635474,0.3258628249168396,-0.13557463884353638,-0.10717575370307486,0.2806137800216675,-0.1143370270729065,-0.0906452920937113,0.22448676824569702,-0.11273735761642456,-0.0823452410006098,0.1920180320739746,-0.026337385177612305,-0.10102530687089484,0.3301023840904236,-0.043934762477874756,-0.1079853486918978,0.2866218090057373,-0.03460896015167236,-0.07540316252942603,0.23009222745895386,-0.032631635665893555,-0.05810538052554648,0.1918453574180603,0.06456762552261353,-0.10936679064269583,0.2931039333343506,0.03789418935775757,-0.11253248273368399,0.2578325867652893,0.03432035446166992,-0.08619035898681204,0.21242737770080566,0.03181380033493042,-0.0686109003328852,thumbs_up
0.0,0.0,0.0,0.03659951686859131,-0.14377999305725098,-0.011255799064315397,0.090800940990448,-0.27485501766204834,-0.04041316846189602,0.12323629856109619,-0.3834403157234192,-0.06757709124860867,0.14187026023864746,-0.4748760461807251,-0.0884500641542445,0.17089110612869263,-0.2321668267250061,-0.0853300143199931,0.31610339879989624,-0.22730106115341187,-0.11290558168468579,0.2766450047492981,-0.1945456862449646,-0.11166865119514569,0.22075271606445312,-0.19315093755722046,-0.10592826941785916,0.18323349952697754,-0.12765443325042725,-0.09614734837589367,0.3251439929008484,-0.13505882024765015,-0.1121220041233073,0.27833056449890137,-0.11316978931427002,-0.09533582368669613,0.22125989198684692,-0.11243391036987305,-0.08615476378975018,0.1881672739982605,-0.027027428150177002,-0.10419052580175503,0.32765549421310425,-0.04228430986404419,-0.11208603272018536,0.2832397222518921,-0.03243046998977661,-0.07928604373512371,0.22621381282806396,-0.03088092803955078,-0.06134156996188267,0.1876751184463501,0.06324076652526855,-0.11219885686216458,0.28949636220932007,0.03866779804229736,-0.11588469633636578,0.25390923023223877,0.03577125072479248,-0.08959419766244991,0.20846819877624512,0.03300529718399048,-0.07184174397764309,thumbs_up
0.0,0.0,0.0,0.03499788045883179,-0.14644885063171387,-0.009027917142134356,0.09354567527770996,-0.27969926595687866,-0.03554337492130344,0.1290462613105774,-0.3901599645614624,-0.06052959358237331,0.146834135055542,-0.4842102825641632,-0.0791017377927119,0.1733253002166748,-0.23903441429138184,-0.07817662900231426,0.3182966113090515,-0.23161953687667847,-0.10387089496396129,0.2796552777290344,-0.2029615044593811,-0.1010736564352328,0.225227952003479,-0.20239263772964478,-0.09472618644974773,0.1852726936340332,-0.13286322355270386,-0.09044745957396572,0.32828396558761597,-0.14125198125839233,-0.10708093291066234,0.28025782108306885,-0.12039226293563843,-0.08985333537600582,0.22381985187530518,-0.11784815788269043,-0.07959085350773876,0.1904585361480713,-0.030887305736541748,-0.10012669509194438,0.33063989877700806,-0.04789316654205322,-0.10841179286978786,0.2843647599220276,-0.037952423095703125,-0.07453173046849315,0.22766345739364624,-0.0352320671081543,-0.05527770539663379,0.19007575511932373,0.062227845191955566,-0.10977470522664134,0.29341286420822144,0.038294315338134766,-0.11280289685271327,0.25607210397720337,0.03526496887207031,-0.08596008663914745,0.2101777195930481,0.03380274772644043,-0.06778493171475475,thumbs_up
0.0,0.0,0.0,0.03794330358505249,-0.1489887237548828,-0.007595068297405305,0.09445583820343018,-0.2820531725883484,-0.03290701516630179,0.1309184432029724,-0.3915276825428009,-0.056616591743249955,0.14899832010269165,-0.48247021436691284,-0.07409985595108992,0.17522019147872925,-0.2368960976600647,-0.07801683478714949,0.31749576330184937,-0.2318938970565796,-0.10132212423445708,0.280051589012146,-0.20212489366531372,-0.09642308436991698,0.22567659616470337,-0.20063704252243042,-0.08876202487113005,0.1884663701057434,-0.13152724504470825,-0.089536222151537,0.32664966583251953,-0.14336556196212769,-0.10294093423249251,0.28038084506988525,-0.12297332286834717,-0.08441790424944884,0.22553443908691406,-0.11959463357925415,-0.07417380296351439,0.1942373514175415,-0.029949426651000977,-0.09801402174593932,0.33121341466903687,-0.04959511756896973,-0.10485277556540495,0.28649812936782837,-0.041611313819885254,-0.0716589861428929,0.23082488775253296,-0.03845834732055664,-0.053337572596092286,0.19376236200332642,0.06167721748352051,-0.10605853282572753,0.2944013476371765,0.03286254405975342,-0.10885490708710677,0.2582278251647949,0.028628528118133545,-0.08227019243599898,0.21364015340805054,0.02787572145462036,-0.064255560270567,thumbs_up
0.0,0.0,0.0,0.039459288120269775,-0.1451135277748108,-0.013703773560962418,0.09312647581100464,-0.28095728158950806,-0.04442536162122224,0.12454652786254883,-0.39314618706703186,-0.072811898606858,0.14301085472106934,-0.48608067631721497,-0.09510727675541375,0.17274445295333862,-0.2307898998260498,-0.08503204287870858,0.3183004856109619,-0.2290433645248413,-0.11598881782873605,0.27633386850357056,-0.1958916187286377,-0.1199014753280494,0.21739381551742554,-0.19368880987167358,-0.11766392441376183,0.1857873797416687,-0.12644124031066895,-0.09484337719067071,0.323039174079895,-0.1350885033607483,-0.11124923529013131,0.2762271761894226,-0.11124259233474731,-0.09672037960871194,0.21886277198791504,-0.1105799674987793,-0.08995027543886636,0.19219201803207397,-0.025339901447296143,-0.10265065433367226,0.3292649984359741,-0.0435221791267395,-0.11143658758982156,0.2846277356147766,-0.031171798706054688,-0.07963373215778802,0.22648245096206665,-0.028920114040374756,-0.06283589156254266,0.19287562370300293,0.06506341695785522,-0.11072189809664224,0.28917396068573,0.03925979137420654,-0.11618712248190377,0.25175178050994873,0.039578795433044434,-0.09072746040209267,0.2061406373977661,0.03945720195770264,-0.07354670466764901,thumbs_up
0.0,0.0,0.0,0.039759546518325806,-0.14803051948547363,-0.01040522944026634,0.09723398089408875,-0.2846023440361023,-0.03751489430510446,0.1323055922985077,-0.3958554267883301,-0.06338490456187174,0.15331509709358215,-0.48846229910850525,-0.08327092885815546,0.17700782418251038,-0.23342323303222656,-0.07535252630555078,0.3181646764278412,-0.2317844033241272,-0.10420317113243982,0.2776843011379242,-0.20164763927459717,-0.10739222079359934,0.22101780772209167,-0.19945180416107178,-0.10483715593659326,0.18961462378501892,-0.13021761178970337,-0.08663943320357248,0.32458510994911194,-0.1394660472869873,-0.1017732015236561,0.27823320031166077,-0.11808383464813232,-0.08759094685160562,0.22202011942863464,-0.11551177501678467,-0.08068698555075571,0.19460585713386536,-0.028930962085723877,-0.09608004897677347,0.32971224188804626,-0.04499250650405884,-0.1038336148842518,0.2857936918735504,-0.0358806848526001,-0.07329162865721628,0.229055255651474,-0.03371000289916992,-0.056983190624350755,0.1937035620212555,0.06328260898590088,-0.10557921886288568,0.2927407920360565,0.03885972499847412,-0.10884948730313226,0.2565816342830658,0.03461313247680664,-0.08336363643252298,0.21073898673057556,0.03248035907745361,-0.06626543313109323,thumbs_up
0.0,0.0,0.0,0.04147866368293762,-0.14791780710220337,-0.007323577431009198,0.09862947463989258,-0.2813304662704468,-0.0327750466661314,0.13566601276397705,-0.3914557695388794,-0.056703290333018685,0.15917891263961792,-0.47958266735076904,-0.07440785913632908,0.17838609218597412,-0.2329283356666565,-0.075899524976478,0.31970423460006714,-0.2268347144126892,-0.0992488846080164,0.28411298990249634,-0.19642066955566406,-0.0955448731677393,0.2303968071937561,-0.19633984565734863,-0.08851866274045506,0.1904338002204895,-0.129907488822937,-0.08689962177442112,0.3274037837982178,-0.13838118314743042,-0.09921394883559742,0.28390341997146606,-0.11598938703536987,-0.0816753566162447,0.23018485307693481,-0.11461746692657471,-0.07243976591990986,0.19543659687042236,-0.029395878314971924,-0.09491970985101261,0.3313538432121277,-0.04550004005432129,-0.10055384634898701,0.2888132333755493,-0.03543144464492798,-0.06848186104463139,0.23388618230819702,-0.033945441246032715,-0.051256167133317376,0.19393903017044067,0.062029242515563965,-0.10248572229312458,0.2944576144218445,0.037761807441711426,-0.10422498582767048,0.25936800241470337,0.034998416900634766,-0.0780052527682642,0.21460402011871338,0.03358703851699829,-0.06040095015333691,thumbs_up
0.0,0.0,0.0,0.03947529196739197,-0.14665526151657104,-0.010156249674139417,0.09646648168563843,-0.2791491150856018,-0.03747112681168119,0.13514471054077148,-0.39028802514076233,-0.06269560758966009,0.15775376558303833,-0.481841504573822,-0.08141094450849096,0.17543703317642212,-0.23303967714309692,-0.07901142542260686,0.3158811926841736,-0.22787445783615112,-0.10320117329257528,0.2801116108894348,-0.1965411901473999,-0.09947907929318944,0.2271273136138916,-0.1955999732017517,-0.09259177749055425,0.18791306018829346,-0.12879431247711182,-0.08927189563411275,0.32447779178619385,-0.1399071216583252,-0.10325064514773885,0.2808050513267517,-0.11717057228088379,-0.08582192664044896,0.22673183679580688,-0.11444765329360962,-0.07636045669215719,0.19329488277435303,-0.02759838104248047,-0.09681926672357122,0.3291108012199402,-0.0460435152053833,-0.1038066149224619,0.28751295804977417,-0.036113440990448,-0.07186015700000326,0.23283612728118896,-0.034157752990722656,-0.05445135016935865,0.19293749332427979,0.06419122219085693,-0.104137703823028,0.293651282787323,0.0366131067276001,-0.10686834906238118,0.25963538885116577,0.03363633155822754,-0.08120094989436666,0.215520441532135,0.03267019987106323,-0.06389891360896627,thumbs_up
0.0,0.0,0.0,0.039854973554611206,-0.147527277469635,-0.008770755449063472,0.09902390837669373,-0.28052234649658203,-0.03312726966453283,0.1379266083240509,-0.3905600905418396,-0.05623537949634283,0.15723595023155212,-0.48193949460983276,-0.07343202731919973,0.1738915741443634,-0.23443371057510376,-0.06676295302224844,0.31252405047416687,-0.2302878499031067,-0.0912483101279804,0.2759610116481781,-0.201887309551239,-0.09182456783366888,0.22393038868904114,-0.20127975940704346,-0.08816187731338232,0.1882677972316742,-0.129142165184021,-0.07731955401015966,0.32058170437812805,-0.14300662279129028,-0.09005695483995169,0.27737531065940857,-0.12232619524002075,-0.07623810223651617,0.22397324442863464,-0.11985164880752563,-0.06950726262641638,0.19545570015907288,-0.028063714504241943,-0.08579843393874853,0.3261447250843048,-0.049055278301239014,-0.09171181074691503,0.28373172879219055,-0.03933078050613403,-0.061770628163344554,0.22933092713356018,-0.0367969274520874,-0.04575709156108587,0.19679102301597595,0.06243163347244263,-0.09419580451560705,0.2917306125164032,0.03116476535797119,-0.09499457381082266,0.2561284601688385,0.03010457754135132,-0.06931428513837545,0.2130635678768158,0.032412827014923096,-0.052360142538077525,thumbs_up
0.0,0.0,0.0,0.03926938772201538,-0.15389472246170044,-0.009643273832807608,0.09343516826629639,-0.28667259216308594,-0.03234232164413697,0.13277900218963623,-0.39732974767684937,-0.054346966961929866,0.15171462297439575,-0.4869402348995209,-0.07088311708957917,0.17917346954345703,-0.2276066541671753,-0.051766976187536784,0.29878008365631104,-0.23230630159378052,-0.07392806507141358,0.26398926973342896,-0.2094213366508484,-0.07922552473337419,0.21411138772964478,-0.203180730342865,-0.07979954726488359,0.198106050491333,-0.12329906225204468,-0.060903526315996714,0.30861926078796387,-0.14538568258285522,-0.06965866632253892,0.270412802696228,-0.1307165026664734,-0.061083871344635554,0.22087764739990234,-0.12371432781219482,-0.059286891887495585,0.20612794160842896,-0.024855315685272217,-0.06873808003456361,0.31631094217300415,-0.051679909229278564,-0.0712039837935663,0.2785668969154358,-0.047038733959198,-0.04649967275054223,0.2282833456993103,-0.041155099868774414,-0.03502318582923181,0.20575213432312012,0.0609205961227417,-0.07691066659481294,0.283852219581604,0.02876901626586914,-0.07496070064098603,0.2505330443382263,0.0241011381149292,-0.051352761159250804,0.21131253242492676,0.02959728240966797,-0.03628376446158654,thumbs_up
0.0,0.0,0.0,0.03943875432014465,-0.153378427028656,-0.009160813430867165,0.09275561571121216,-0.2881218492984772,-0.0325835156464791,0.1320447325706482,-0.39765530824661255,-0.05497163862230536,0.15252071619033813,-0.48436567187309265,-0.07201845154406783,0.17755615711212158,-0.2263650894165039,-0.05663732767345664,0.2992485761642456,-0.22707754373550415,-0.0765886600339627,0.2639055848121643,-0.20612508058547974,-0.07834909811856505,0.21466749906539917,-0.20258432626724243,-0.07660121426226851,0.19471585750579834,-0.12292671203613281,-0.06546527847888228,0.30770963430404663,-0.14543801546096802,-0.07205589816214797,0.2694064974784851,-0.13269126415252686,-0.06113292604925391,0.21999311447143555,-0.12601351737976074,-0.0579576711380696,0.20153605937957764,-0.025446593761444092,-0.07236406907679793,0.3137434720993042,-0.05266928672790527,-0.0734211127484059,0.2751196026802063,-0.04795187711715698,-0.04809506565572974,0.22485321760177612,-0.04126238822937012,-0.03662235245349166,0.20109403133392334,0.06114363670349121,-0.07930285439135787,0.28258949518203735,0.029334187507629395,-0.07773026779534575,0.248052179813385,0.024824559688568115,-0.05454366982223746,0.20783203840255737,0.030561745166778564,-0.0397880929732537,thumbs_up
0.0,0.0,0.0,0.03638815879821777,-0.15603423118591309,-0.008107087070470698,0.08667877316474915,-0.2878068685531616,-0.0299250273577627,0.1315661370754242,-0.3972732424736023,-0.050818686800425894,0.15572211146354675,-0.4824123680591583,-0.06637871401233042,0.1872478425502777,-0.2275458574295044,-0.04802278565091456,0.29272225499153137,-0.22441160678863525,-0.06241746755165423,0.2590690553188324,-0.20620310306549072,-0.061913350092595465,0.2124529778957367,-0.203435480594635,-0.05986546860856379,0.20617082715034485,-0.12500840425491333,-0.05655191602033938,0.30105528235435486,-0.14123976230621338,-0.0564598193935808,0.2641463577747345,-0.13198322057724,-0.04434031756443346,0.21882900595664978,-0.1263858675956726,-0.042217561470693,0.21217265725135803,-0.028251588344573975,-0.06319204853696192,0.3093096911907196,-0.05027437210083008,-0.06057712944073046,0.2708943784236908,-0.04795557260513306,-0.03588414328021372,0.2233256995677948,-0.041720569133758545,-0.026189816611235983,0.20950743556022644,0.057977497577667236,-0.06984290616435374,0.27858296036720276,0.028883635997772217,-0.06641005860490168,0.24252715706825256,0.02527230978012085,-0.0431941276959833,0.20475521683692932,0.03233695030212402,-0.02875017883104647,thumbs_up
0.0,0.0,0.0,0.03468737006187439,-0.15991628170013428,-0.003570024686553097,0.08297231793403625,-0.28693923354148865,-0.02243058599407277,0.12692996859550476,-0.389337956905365,-0.04100261285776696,0.1523008644580841,-0.4690157175064087,-0.054674044548221445,0.19530150294303894,-0.22222071886062622,-0.04164161935324273,0.28471633791923523,-0.22054243087768555,-0.04895386874551377,0.2505941092967987,-0.20209062099456787,-0.04509566381449304,0.20616158843040466,-0.1983342170715332,-0.04199923977131448,0.21353307366371155,-0.12077534198760986,-0.050906844733901835,0.2922199070453644,-0.13263565301895142,-0.04322538554544053,0.2572849690914154,-0.1253708004951477,-0.030135685874768114,0.21480903029441833,-0.12056100368499756,-0.028901001735277987,0.21658524870872498,-0.025479435920715332,-0.05737688049549661,0.2952546179294586,-0.046599507331848145,-0.04779820918912492,0.2601011097431183,-0.04384636878967285,-0.024608930869646883,0.21615460515022278,-0.037429869174957275,-0.01789022639269433,0.21001800894737244,0.058545589447021484,-0.06366277143234811,0.267002135515213,0.029237449169158936,-0.05602002546066842,0.23372653126716614,0.025024056434631348,-0.03291080549234948,0.19792130589485168,0.031058013439178467,-0.019166939257331705,thumbs_up
0.0,0.0,0.0,0.030868083238601685,-0.15499001741409302,-0.009056928092491034,0.07597437500953674,-0.2808978259563446,-0.031276628831278686,0.12074986100196838,-0.3834112286567688,-0.051955536464106444,0.15180787444114685,-0.4613669812679291,-0.0673425611945504,0.18913140892982483,-0.21413999795913696,-0.04881558612908066,0.27882781624794006,-0.21098309755325317,-0.05803959117258728,0.2427068054676056,-0.195456862449646,-0.05460189701045692,0.19831159710884094,-0.19294416904449463,-0.051574480244767074,0.20773985981941223,-0.11107790470123291,-0.05511830420221031,0.28644636273384094,-0.1264902949333191,-0.04951825783575714,0.2500617206096649,-0.12141835689544678,-0.03624471322621048,0.208494633436203,-0.11527043581008911,-0.034554124334704284,0.21075454354286194,-0.016953349113464355,-0.05894501180375755,0.28952547907829285,-0.04155999422073364,-0.05103920445765198,0.25355085730552673,-0.040343284606933594,-0.027622132087003592,0.21054086089134216,-0.03287839889526367,-0.020495297843467597,0.20481231808662415,0.06468355655670166,-0.06293667525972069,0.259012907743454,0.03371143341064453,-0.057282306710135344,0.2256312072277069,0.029561638832092285,-0.03546026767219246,0.19185134768486023,0.03722101449966431,-0.022300050118815307,thumbs_up
0.0,0.0,0.0,0.030045926570892334,-0.15213125944137573,-0.01479898894319831,0.07333880662918091,-0.278964638710022,-0.038185166550078975,0.11871665716171265,-0.3832240700721741,-0.05965296773354112,0.1502171754837036,-0.46288764476776123,-0.07548335043827592,0.19404172897338867,-0.20669865608215332,-0.04458904488126336,0.2711327075958252,-0.20944076776504517,-0.05384961737433969,0.23583656549453735,-0.19462049007415771,-0.052091712487140285,0.19486254453659058,-0.1894397735595703,-0.050908698124089824,0.2124829888343811,-0.10501205921173096,-0.04902431590596734,0.2821499705314636,-0.12450045347213745,-0.045671297592321025,0.24559557437896729,-0.12102490663528442,-0.035596454871097194,0.20575112104415894,-0.11385548114776611,-0.03557702375690042,0.21389490365982056,-0.012918531894683838,-0.05204270256797372,0.2868282198905945,-0.038450658321380615,-0.04793181864658891,0.2508155107498169,-0.03930699825286865,-0.027419219148555385,0.2080693244934082,-0.031114816665649414,-0.020909987745085346,0.20595043897628784,0.06792408227920532,-0.055823674780526744,0.2547917366027832,0.03587150573730469,-0.053420363349118816,0.22315549850463867,0.028667032718658447,-0.03408346546927987,0.1902914047241211,0.03534179925918579,-0.021888247114816295,thumbs_up
0.0,0.0,0.0,0.0326685905456543,-0.15478360652923584,-0.009258533509466815,0.07999342679977417,-0.2799530625343323,-0.030647647248599696,0.1276460886001587,-0.3856472969055176,-0.05116702677497642,0.15579408407211304,-0.46811404824256897,-0.066715296970699,0.20076686143875122,-0.20747590065002441,-0.04014362083563583,0.27843666076660156,-0.21770107746124268,-0.046595387773606944,0.24268704652786255,-0.2013378143310547,-0.0434970005024411,0.20161354541778564,-0.19348043203353882,-0.04164654450306671,0.219346821308136,-0.10760736465454102,-0.04586976455340164,0.28991180658340454,-0.12825536727905273,-0.039515838639829326,0.2536890506744385,-0.12443369626998901,-0.028871482851002384,0.21349340677261353,-0.11653238534927368,-0.02880997458288448,0.22029542922973633,-0.015928983688354492,-0.04929060177693145,0.2910354733467102,-0.04152899980545044,-0.04078623341212051,0.25665444135665894,-0.04255157709121704,-0.020571888105962444,0.2144482135772705,-0.03487873077392578,-0.015339489707741905,0.21201539039611816,0.06417065858840942,-0.05312018157729881,0.26058828830718994,0.03350597620010376,-0.04681997062454002,0.22966134548187256,0.02616935968399048,-0.026926322521660495,0.19618964195251465,0.03220009803771973,-0.01501686280408876,thumbs_up
0.0,0.0,0.0,0.033021003007888794,-0.15190333127975464,-0.011084311196952967,0.079620361328125,-0.2775150537490845,-0.03103645753338924,0.12652045488357544,-0.3796943724155426,-0.05022035401538005,0.1568414568901062,-0.4575885236263275,-0.06449260052517047,0.20562875270843506,-0.1992872953414917,-0.03323364120200267,0.2710009217262268,-0.21111243963241577,-0.03925081204846492,0.23492377996444702,-0.20352649688720703,-0.03873814504817119,0.1974615454673767,-0.19639748334884644,-0.03911504756882778,0.22216278314590454,-0.10093379020690918,-0.03702291708663097,0.281460702419281,-0.12599116563796997,-0.03131538119390598,0.24675405025482178,-0.12770259380340576,-0.023071153575926928,0.21010130643844604,-0.11718618869781494,-0.024227750042825846,0.22066688537597656,-0.012532711029052734,-0.0392825999505817,0.2790732979774475,-0.03951430320739746,-0.03173962097838512,0.24775850772857666,-0.044279396533966064,-0.01475676663443437,0.20836913585662842,-0.0357358455657959,-0.010721615070849566,0.21022969484329224,0.06477522850036621,-0.0422815554983913,0.2493153214454651,0.03496736288070679,-0.035621660316735415,0.22209042310714722,0.02601039409637451,-0.018022798488289027,0.19150131940841675,0.0319594144821167,-0.007373578867316155,thumbs_up
0.0,0.0,0.0,0.03286626935005188,-0.15301185846328735,-0.007563970947273901,0.08104926347732544,-0.2771994173526764,-0.02522669728995197,0.12831473350524902,-0.379034161567688,-0.04240629818440311,0.15665966272354126,-0.45680829882621765,-0.055102601611622504,0.20619076490402222,-0.1968083381652832,-0.030801396781214407,0.2717640995979309,-0.21492129564285278,-0.032073546165236166,0.23509681224822998,-0.20876538753509521,-0.027990002149351767,0.19645661115646362,-0.20097190141677856,-0.02629799019695156,0.22265523672103882,-0.09849578142166138,-0.034285683149107626,0.28439825773239136,-0.13108325004577637,-0.02554350342751377,0.24991744756698608,-0.13538265228271484,-0.016448596456655196,0.21169966459274292,-0.12453246116638184,-0.017190972307332686,0.22014164924621582,-0.009791791439056396,-0.03524134304524296,0.28232520818710327,-0.04255855083465576,-0.024495771119006804,0.2529783844947815,-0.0506054162979126,-0.007735173647859028,0.21303504705429077,-0.04218244552612305,-0.0044234236344777855,0.20920729637145996,0.06668233871459961,-0.036394063347586325,0.25450599193573,0.03364759683609009,-0.027445530483134917,0.22893214225769043,0.020737290382385254,-0.009466598705955676,0.19732201099395752,0.02528160810470581,0.0010146239431492177,thumbs_up
0.0,0.0,0.0,0.03251469135284424,-0.153950035572052,-0.009719894299053067,0.08087146282196045,-0.2790723145008087,-0.028298312829576844,0.1280360221862793,-0.3781551122665405,-0.04632590527995717,0.15598279237747192,-0.45670637488365173,-0.059988504307114,0.20951837301254272,-0.2064163088798523,-0.028058085622035378,0.2654554843902588,-0.2186097502708435,-0.0323964972363342,0.23107761144638062,-0.21258223056793213,-0.031882939891659134,0.1966986060142517,-0.20340925455093384,-0.032398493991934174,0.22678357362747192,-0.10807973146438599,-0.031764255868040436,0.2802203893661499,-0.13842391967773438,-0.026894792945824975,0.24639427661895752,-0.1412813663482666,-0.020632687987529152,0.2101762294769287,-0.12853705883026123,-0.021841801734410637,0.2259703278541565,-0.01958996057510376,-0.03390531431301724,0.2768424153327942,-0.05534183979034424,-0.027389179946624154,0.24802815914154053,-0.06046652793884277,-0.013509666578613633,0.21031129360198975,-0.04993128776550293,-0.010244168372594231,0.21658068895339966,0.05695527791976929,-0.036548858539902085,0.2515086531639099,0.01996368169784546,-0.030401922793828362,0.22672569751739502,0.01043015718460083,-0.014411350743614548,0.1975155472755432,0.016983747482299805,-0.004066700612895602,thumbs_up
0.0,0.0,0.0,0.027460068464279175,-0.15043097734451294,-0.013973761445186028,0.07446873188018799,-0.27431029081344604,-0.034296450300416836,0.12101709842681885,-0.3758634626865387,-0.05300992457409848,0.14906096458435059,-0.45667365193367004,-0.06729437140961636,0.20246976613998413,-0.20316565036773682,-0.032749117447337994,0.2570721507072449,-0.22317230701446533,-0.036081177277765164,0.22119784355163574,-0.2163568139076233,-0.034378097487888226,0.184512197971344,-0.2030022144317627,-0.03442543475171078,0.2226172685623169,-0.10564959049224854,-0.03280114857693661,0.26967430114746094,-0.14103776216506958,-0.027598046792945752,0.23221468925476074,-0.142753005027771,-0.021418525932631383,0.19515091180801392,-0.12707585096359253,-0.02346451496919144,0.22257602214813232,-0.016678333282470703,-0.030972332788905987,0.27244454622268677,-0.053835391998291016,-0.023992515264353642,0.24162143468856812,-0.05918163061141968,-0.009482505826554188,0.2019597291946411,-0.046961843967437744,-0.006742522215745339,0.21357786655426025,0.060936689376831055,-0.029771938083968053,0.24504846334457397,0.025344014167785645,-0.024584838284454236,0.21749097108840942,0.017307043075561523,-0.008969014605781922,0.18689709901809692,0.02581489086151123,0.0007417333174544183,thumbs_up
0.0,0.0,0.0,0.029583871364593506,-0.15712112188339233,-0.014537025315860319,0.07949087023735046,-0.2833239734172821,-0.033564587196508455,0.1266426146030426,-0.38576561212539673,-0.05092250656167607,0.15470609068870544,-0.468425452709198,-0.06442359562794309,0.21265819668769836,-0.20245569944381714,-0.02689004231075387,0.24987295269966125,-0.2415967583656311,-0.02815259720961194,0.21367624402046204,-0.23814523220062256,-0.02701073240319829,0.18344959616661072,-0.22177660465240479,-0.02818955767730813,0.23140355944633484,-0.10623025894165039,-0.02567003954032998,0.2773200571537018,-0.1586281657218933,-0.021911894044080782,0.2412337362766266,-0.1656355857849121,-0.018364892414012957,0.20456334948539734,-0.1481669545173645,-0.02109768714586835,0.22936055064201355,-0.019810855388641357,-0.02253554675559144,0.2744446098804474,-0.06948250532150269,-0.01666749927977662,0.24486538767814636,-0.07948315143585205,-0.005106398442933369,0.20775851607322693,-0.06581515073776245,-0.0030660702178124666,0.21821174025535583,0.0544620156288147,-0.01992552269081216,0.24885109066963196,0.011183202266693115,-0.013141940420666742,0.2237372100353241,-0.0026603341102600098,0.0016851996041964412,0.19600126147270203,0.004911184310913086,0.010831983687182856,thumbs_up
0.0,0.0,0.0,0.03141796588897705,-0.15775138139724731,-0.01585481467174077,0.08328801393508911,-0.2847508192062378,-0.036140879266724824,0.13330912590026855,-0.38758063316345215,-0.05377926828788304,0.16301262378692627,-0.47041040658950806,-0.06694607587979817,0.21756702661514282,-0.2006748914718628,-0.03274338098691487,0.25986117124557495,-0.23792952299118042,-0.03168272378371739,0.22099071741104126,-0.23486799001693726,-0.027711899601683854,0.1869308352470398,-0.2172781229019165,-0.026962754898534058,0.23577207326889038,-0.10143619775772095,-0.029028055840001343,0.2795361876487732,-0.15573692321777344,-0.021946420543656586,0.241277813911438,-0.16320651769638062,-0.016043414943681,0.2041594386100769,-0.1439250111579895,-0.018146594636903046,0.23205506801605225,-0.013841092586517334,-0.02270915510581517,0.27656424045562744,-0.06662625074386597,-0.013474595383570431,0.2468712329864502,-0.07683366537094116,-0.0006084624909021841,0.20851832628250122,-0.061309814453125,0.001091848476960422,0.21932095289230347,0.05965924263000488,-0.01684050227032685,0.2501317858695984,0.01448822021484375,-0.008725601830349206,0.2242119312286377,0.002438962459564209,0.006457460927947523,0.1945183277130127,0.012972652912139893,0.01564390992297149,thumbs_up
0.0,0.0,0.0,0.03382515907287598,-0.15674710273742676,-0.015530002531704667,0.08507266640663147,-0.2826060354709625,-0.03527935617148614,0.13171961903572083,-0.3853028118610382,-0.05305332713305688,0.16118666529655457,-0.4683265686035156,-0.06714293011009431,0.22493204474449158,-0.1998634934425354,-0.027483536158797506,0.24583259224891663,-0.2379569411277771,-0.029427152355310682,0.20427784323692322,-0.2324945330619812,-0.030816983659860853,0.16997644305229187,-0.2132049798965454,-0.033757057269212964,0.24211248755455017,-0.10489213466644287,-0.025377677981850866,0.26896730065345764,-0.1580662727355957,-0.022402936820981267,0.22909888625144958,-0.16182422637939453,-0.022203726922271017,0.19161078333854675,-0.1400775909423828,-0.027675971617100004,0.23705825209617615,-0.018261969089508057,-0.020988982399103406,0.2689368426799774,-0.06995731592178345,-0.01653900579094625,0.23671802878379822,-0.07834553718566895,-0.007146101673242811,0.19844022393226624,-0.062355875968933105,-0.006396920182851318,0.2221257984638214,0.056708574295043945,-0.01707298331439233,0.2451924979686737,0.0096360445022583,-0.01191882160037494,0.2164193093776703,-0.00202178955078125,0.002182172615903255,0.18675640225410461,0.008870959281921387,0.011424083965721366,thumbs_up
0.0,0.0,0.0,0.033352822065353394,-0.1610811948776245,-0.015331671664569058,0.08969956636428833,-0.28642410039901733,-0.03299101451233355,0.13987386226654053,-0.3880598545074463,-0.048739455731663384,0.17033761739730835,-0.4716157019138336,-0.06036642575458018,0.22763127088546753,-0.2038487195968628,-0.019780043603930153,0.24576431512832642,-0.2508363723754883,-0.018396478237661995,0.20356899499893188,-0.24391871690750122,-0.01849365988567797,0.16963601112365723,-0.22189587354660034,-0.021026102917346634,0.24572330713272095,-0.11161381006240845,-0.01699716048136679,0.2661319971084595,-0.17227935791015625,-0.01305615724817244,0.2249700427055359,-0.1730515956878662,-0.014106746854338326,0.18805450201034546,-0.14869463443756104,-0.020158793868574776,0.24100261926651,-0.027892589569091797,-0.012125494981262364,0.2732197046279907,-0.08681309223175049,-0.007685829510990061,0.24045777320861816,-0.09390676021575928,0.00042176339371735594,0.2014281153678894,-0.0768735408782959,0.0007342557324250265,0.2261856198310852,0.04522150754928589,-0.007653968034389891,0.25158828496932983,-0.010216772556304932,-0.00402070032254187,0.2244989275932312,-0.020296752452850342,0.008977358138110958,0.1939713954925537,-0.007513523101806641,0.01805128334268602,thumbs_up
0.0,0.0,0.0,0.02998068928718567,-0.15860635042190552,-0.01754630939637991,0.08278876543045044,-0.27925682067871094,-0.03629596555208536,0.131708562374115,-0.37925219535827637,-0.05267843255376192,0.1588539481163025,-0.4651617705821991,-0.06502881669973704,0.21330296993255615,-0.19170087575912476,-0.024456037446611845,0.2331429123878479,-0.23889786005020142,-0.02434792765950533,0.19289547204971313,-0.23205137252807617,-0.023562424123042547,0.15817111730575562,-0.2101736068725586,-0.025031388044112646,0.23376429080963135,-0.09802460670471191,-0.02023438015555712,0.2556924819946289,-0.15925467014312744,-0.018101791158073866,0.21431666612625122,-0.16107183694839478,-0.018893523379915678,0.17728573083877563,-0.1387702226638794,-0.024383377521985494,0.23112571239471436,-0.013846099376678467,-0.013876732676976644,0.265669584274292,-0.07184463739395142,-0.011482065781706297,0.23427164554595947,-0.08154529333114624,-0.002875341573485457,0.19504064321517944,-0.06821274757385254,-0.0017846809986394874,0.2170988917350769,0.05785113573074341,-0.007901975191884958,0.2431718111038208,0.00956052541732788,-0.00614074175780388,0.21791547536849976,-0.004390895366668701,0.006317040179169453,0.18846362829208374,0.0012911558151245117,0.015150568209833182,thumbs_up
0.0,0.0,0.0,0.030674874782562256,-0.1592782735824585,-0.014457823505381384,0.08457720279693604,-0.2844092845916748,-0.031691427139321604,0.1347426176071167,-0.38463133573532104,-0.04731704181222085,0.16367238759994507,-0.46707892417907715,-0.05900077035812501,0.21920543909072876,-0.20209074020385742,-0.01896437330333356,0.23560500144958496,-0.24299001693725586,-0.018260425684729853,0.19451189041137695,-0.23335975408554077,-0.018739932013431826,0.16047942638397217,-0.212935209274292,-0.021442719531933108,0.23862028121948242,-0.11154025793075562,-0.017116355506459513,0.2559727430343628,-0.16444778442382812,-0.014045357500890532,0.21541404724121094,-0.1638258695602417,-0.01621047852722768,0.1784672737121582,-0.14227920770645142,-0.022968816367665568,0.23578619956970215,-0.02812826633453369,-0.013174869848171511,0.26320743560791016,-0.08114826679229736,-0.009052232635895052,0.23125845193862915,-0.08770447969436646,-0.001339791372174659,0.19300365447998047,-0.07314491271972656,-0.0012940211749992159,0.222428560256958,0.04554343223571777,-0.009722047282139101,0.24502110481262207,-0.004367053508758545,-0.005817910918722191,0.2182033658027649,-0.015589714050292969,0.007175150530656538,0.18790125846862793,-0.0063936710357666016,0.01609407292517062,thumbs_up
0.0,0.0,0.0,0.031006544828414917,-0.15811359882354736,-0.01699591758972474,0.08646968007087708,-0.2806260585784912,-0.03529939945167371,0.1345878541469574,-0.38237714767456055,-0.05122180055207082,0.15962812304496765,-0.47149473428726196,-0.06327438871687718,0.22061654925346375,-0.19338011741638184,-0.02353692571944066,0.22944995760917664,-0.2422667145729065,-0.024281279699266634,0.18673333525657654,-0.23313093185424805,-0.025910289542139253,0.15341994166374207,-0.21053242683410645,-0.02927379082268544,0.24014243483543396,-0.1023949384689331,-0.019375241876900873,0.24905851483345032,-0.16369152069091797,-0.01732676993435689,0.20758721232414246,-0.16415166854858398,-0.019982657910645685,0.17234250903129578,-0.1426464319229126,-0.027469461367786607,0.23664912581443787,-0.019268572330474854,-0.01288931775218316,0.25908753275871277,-0.07926928997039795,-0.010202125230193815,0.22878381609916687,-0.08816665410995483,-0.002408461927757344,0.19143560528755188,-0.07481926679611206,-0.0022852491152889343,0.22238263487815857,0.05136376619338989,-0.006809877281398258,0.2418462336063385,-0.0016637444496154785,-0.004519985572756013,0.21685060858726501,-0.014902055263519287,0.00823771063858203,0.18836793303489685,-0.008492767810821533,0.017190587191521445,thumbs_up
0.0,0.0,0.0,0.02967008948326111,-0.15883058309555054,-0.018360844830567657,0.08343273401260376,-0.2805722653865814,-0.03823902180283767,0.1309138536453247,-0.3843202590942383,-0.05489859452336532,0.15743118524551392,-0.4730643033981323,-0.06764248480885726,0.21889251470565796,-0.19571202993392944,-0.028916076774294197,0.22795867919921875,-0.24636703729629517,-0.02573850845783454,0.18596380949020386,-0.2360408902168274,-0.022486262972051918,0.15262025594711304,-0.2123415470123291,-0.023068577999765694,0.2388768196105957,-0.10296529531478882,-0.023515927622611343,0.24927115440368652,-0.1658616065979004,-0.019546580518181145,0.20634883642196655,-0.16696351766586304,-0.020026068220431625,0.16948246955871582,-0.14503514766693115,-0.026228518242533028,0.23520898818969727,-0.019087612628936768,-0.015038161555821716,0.2588226795196533,-0.08019471168518066,-0.010455002094204247,0.22634994983673096,-0.08925759792327881,-0.0015286603183994885,0.18758749961853027,-0.07545870542526245,-0.0012938097524965997,0.22043371200561523,0.05269265174865723,-0.006926835997546732,0.23958450555801392,-0.0001932382583618164,-0.003976105263973295,0.2128455638885498,-0.013425886631011963,0.00894719733059901,0.18337684869766235,-0.00705564022064209,0.017709697579448402,thumbs_up
0.0,0.0,0.0,0.029291927814483643,-0.1589236855506897,-0.013873305648644418,0.08193287253379822,-0.28313642740249634,-0.03145131423332259,0.12904146313667297,-0.38693684339523315,-0.04664611398436591,0.15276435017585754,-0.4751255512237549,-0.058101098530073614,0.2141604721546173,-0.20381247997283936,-0.02719181171812579,0.23178401589393616,-0.25044870376586914,-0.025299321405668707,0.18903008103370667,-0.24050867557525635,-0.022885890223165006,0.15497079491615295,-0.2174476981163025,-0.023477091930885763,0.23677757382392883,-0.11147093772888184,-0.023551560483952017,0.24936196208000183,-0.1744937300682068,-0.018599198676724882,0.2069980800151825,-0.17461544275283813,-0.017909446276803465,0.17143484950065613,-0.15129613876342773,-0.02346603154398963,0.2358631193637848,-0.02735316753387451,-0.01678290172674224,0.2594887316226959,-0.092587411403656,-0.010735558822830171,0.22680506110191345,-0.1007041335105896,-0.0016033577379630515,0.18926581740379333,-0.08547258377075195,-0.0015021558032231042,0.2242504060268402,0.04371225833892822,-0.010054309398014993,0.24524077773094177,-0.014877021312713623,-0.004781668551345319,0.2180670201778412,-0.02600276470184326,0.008760246902625113,0.1883065402507782,-0.017002642154693604,0.01757298827908471,thumbs_up
0.0,0.0,0.0,0.030603110790252686,-0.16031646728515625,-0.014429009474781651,0.08512914180755615,-0.28319549560546875,-0.03259511473771681,0.134846031665802,-0.3853262662887573,-0.04879082176086058,0.15986061096191406,-0.4750880002975464,-0.061276351988283295,0.21913278102874756,-0.20299214124679565,-0.023926610082355637,0.2367541790008545,-0.2529294788837433,-0.02437826055285086,0.1939173936843872,-0.2454899549484253,-0.024540668308702607,0.15984058380126953,-0.22350448369979858,-0.026585005179015297,0.24042320251464844,-0.1111716628074646,-0.02073804843422522,0.2546757459640503,-0.17540258169174194,-0.018405351743069787,0.2116425633430481,-0.17732155323028564,-0.019699295937982697,0.17585575580596924,-0.15449297428131104,-0.02593262116607775,0.23874449729919434,-0.027060329914093018,-0.01488509210940947,0.2651746869087219,-0.09104478359222412,-0.011487487658826012,0.23305189609527588,-0.10204696655273438,-0.002620560770822067,0.1950206160545349,-0.08789700269699097,-0.0016740391282041855,0.2263919711112976,0.0444025993347168,-0.009075025983122487,0.24886518716812134,-0.013089656829833984,-0.005429182622549433,0.22258663177490234,-0.02768605947494507,0.008347717158528667,0.19351565837860107,-0.020652413368225098,0.017983825922044616,thumbs_up
0.0,0.0,0.0,0.024135708808898926,-0.15871214866638184,-0.020553282885771296,0.07463321089744568,-0.2815319299697876,-0.04267918640277912,0.12229260802268982,-0.3856838345527649,-0.061130132018547556,0.14535680413246155,-0.47816574573516846,-0.07561902651093533,0.20855507254600525,-0.20406115055084229,-0.03687781044743588,0.22598418593406677,-0.2589700222015381,-0.039425670593004725,0.1810401976108551,-0.24880343675613403,-0.03904259154103329,0.14556214213371277,-0.22264349460601807,-0.040714457123499415,0.23276761174201965,-0.11151641607284546,-0.031502168117981455,0.24572989344596863,-0.17938745021820068,-0.031128998338203928,0.20116975903511047,-0.17847585678100586,-0.03148732656143238,0.16528871655464172,-0.1522655487060547,-0.037226393311243555,0.23228392004966736,-0.026464998722076416,-0.02341548488936951,0.2572462856769562,-0.09405297040939331,-0.022338255732279322,0.22246840596199036,-0.10112333297729492,-0.012756161815445921,0.18467047810554504,-0.08301132917404175,-0.011598793282132647,0.22047272324562073,0.04603254795074463,-0.01572934301100304,0.23825368285179138,-0.012316405773162842,-0.015002479269128344,0.2094053328037262,-0.022935450077056885,-0.0022684994199835273,0.18112525343894958,-0.012081384658813477,0.006598698948550918,thumbs_up
0.0,0.0,0.0,0.027681052684783936,-0.15975022315979004,-0.016573118371297824,0.08038431406021118,-0.28411829471588135,-0.036461370391180026,0.128778338432312,-0.3880655765533447,-0.053595608425666796,0.15239906311035156,-0.47972771525382996,-0.06703828121476363,0.21619480848312378,-0.2060070037841797,-0.031435517919589984,0.2378975749015808,-0.26058563590049744,-0.03315010885648917,0.1941043734550476,-0.2521754503250122,-0.033395449024965274,0.1588847041130066,-0.22731822729110718,-0.03549325312428664,0.23947834968566895,-0.11299097537994385,-0.02741512316219996,0.2561066746711731,-0.1799226999282837,-0.02471623043470572,0.21260416507720947,-0.1797727346420288,-0.02466306867950152,0.17697644233703613,-0.15471792221069336,-0.030412299883892047,0.2383183240890503,-0.027189135551452637,-0.020634150457908618,0.2648013234138489,-0.09346729516983032,-0.01697716894500445,0.23169296979904175,-0.10165172815322876,-0.007442888663490521,0.19439822435379028,-0.08507585525512695,-0.006655642622490632,0.2257944941520691,0.04580622911453247,-0.014000222412278163,0.2466956377029419,-0.01232689619064331,-0.010574126941492068,0.21867191791534424,-0.02378767728805542,0.0030877095653067954,0.18891304731369019,-0.014179050922393799,0.01231058747566749,thumbs_up
0.0,0.0,0.0,0.027342796325683594,-0.15864068269729614,-0.014318041651335989,0.07698547840118408,-0.2876279652118683,-0.03467658642568949,0.12267088890075684,-0.3943076729774475,-0.05352453622856501,0.14718908071517944,-0.48261937499046326,-0.06893916908541087,0.20890402793884277,-0.20418643951416016,-0.027718232161191736,0.24232029914855957,-0.254832923412323,-0.0340977023903406,0.20110976696014404,-0.2452402114868164,-0.03868849683442477,0.16538041830062866,-0.2182331681251526,-0.042939116394904886,0.2312818169593811,-0.11049705743789673,-0.026140255070117746,0.26241153478622437,-0.1716408133506775,-0.025310767031101022,0.22228604555130005,-0.17151153087615967,-0.025405722818163667,0.1871887445449829,-0.1449671983718872,-0.03099525641539458,0.23093605041503906,-0.02427208423614502,-0.02266598973312739,0.26658493280410767,-0.08443009853363037,-0.019993952623394762,0.2344597578048706,-0.09005504846572876,-0.009217441229907308,0.19808101654052734,-0.07020723819732666,-0.007574251535174881,0.22003602981567383,0.04971092939376831,-0.0194745801005638,0.2454851269721985,-0.003052949905395508,-0.016188700831321512,0.2165968418121338,-0.01173621416091919,-0.0016946528654671056,0.18746215105056763,0.0025049448013305664,0.007967849114152159,thumbs_up
0.0,0.0,0.0,0.030167609453201294,-0.15638822317123413,-0.012807918876887925,0.07890361547470093,-0.28314143419265747,-0.03332002011734403,0.1252814531326294,-0.3880361318588257,-0.05243012977439321,0.15077722072601318,-0.4748760461807251,-0.0680449858089105,0.21313703060150146,-0.20124846696853638,-0.030126662157954343,0.2508338689804077,-0.2543713450431824,-0.03336511103111661,0.21004730463027954,-0.24848270416259766,-0.034549015738548405,0.17446446418762207,-0.22492831945419312,-0.036879564799846776,0.2347508668899536,-0.10745221376419067,-0.028740427621187337,0.27192050218582153,-0.1697293519973755,-0.02585919497209943,0.23371636867523193,-0.17208659648895264,-0.024328663178266652,0.1975078582763672,-0.14836233854293823,-0.029301083811105855,0.2336801290512085,-0.022099614143371582,-0.02468548265892423,0.27206796407699585,-0.08093929290771484,-0.01862410565513528,0.24198096990585327,-0.08795440196990967,-0.007357429411740668,0.2052951455116272,-0.06992882490158081,-0.006360400166840918,0.22232580184936523,0.05032503604888916,-0.020810657345236905,0.2522451877593994,-0.0011311769485473633,-0.014484269708873398,0.22558075189590454,-0.011538088321685791,0.0004899113075680361,0.19648152589797974,0.0007396936416625977,0.009725348859547012,thumbs_up
0.0,0.0,0.0,0.026818394660949707,-0.1558435559272766,-0.009984367197148458,0.06932443380355835,-0.2829979658126831,-0.03268957663863148,0.11331480741500854,-0.3877825140953064,-0.05356388319819416,0.14024996757507324,-0.4693777561187744,-0.06956801716773953,0.1938689947128296,-0.21644377708435059,-0.04156042043655361,0.2624562382698059,-0.23927795886993408,-0.04523876835196461,0.2268834114074707,-0.22496742010116577,-0.041438998324565546,0.1887010931968689,-0.2117213010787964,-0.039309864533834116,0.21362721920013428,-0.11783033609390259,-0.04428924028366055,0.2746503949165344,-0.1506146788597107,-0.0377612613567635,0.23911446332931519,-0.1484978199005127,-0.02848066542833294,0.2004941701889038,-0.13502204418182373,-0.02830676515191044,0.214341402053833,-0.02785634994506836,-0.043923811657123224,0.2694854140281677,-0.06234478950500488,-0.03384932283847775,0.2395998239517212,-0.06300580501556396,-0.016035001395039217,0.20174390077590942,-0.051036834716796875,-0.012018487458817617,0.20688140392303467,0.050766587257385254,-0.04371392135112728,0.245375394821167,0.016519904136657715,-0.03573094089119877,0.21630287170410156,0.01318502426147461,-0.016409735796742098,0.18482226133346558,0.024031400680541992,-0.0045363382862433355,thumbs_up
0.0,0.0,0.0,0.027049660682678223,-0.15574336051940918,-0.006710650471632107,0.07160893082618713,-0.28535908460617065,-0.026272790113125666,0.1161336600780487,-0.39316409826278687,-0.044361915046010836,0.14176616072654724,-0.47408315539360046,-0.05723888760212503,0.1835402548313141,-0.22570794820785522,-0.04569704791310869,0.27243831753730774,-0.24288785457611084,-0.04892684852484308,0.23569515347480774,-0.22076362371444702,-0.040252964550290926,0.1926056444644928,-0.21000885963439941,-0.03426295479539476,0.2066052258014679,-0.1275683045387268,-0.05078219955566965,0.2802784740924835,-0.15328258275985718,-0.041899460905824526,0.24376562237739563,-0.14443492889404297,-0.028028985092078074,0.20233407616615295,-0.1352672576904297,-0.025581739449535235,0.21176955103874207,-0.03459745645523071,-0.05241278147104822,0.2778860032558441,-0.06621408462524414,-0.040496382468973025,0.2444545328617096,-0.06069183349609375,-0.019736840927635058,0.20387253165245056,-0.049334943294525146,-0.014858726018701418,0.20817556977272034,0.048388123512268066,-0.05388513540628992,0.25134149193763733,0.013453483581542969,-0.04583084543946825,0.22121229767799377,0.011541128158569336,-0.02646070679429613,0.190985769033432,0.022292613983154297,-0.015190230289135798,thumbs_up
0.0,0.0,0.0,0.02619171142578125,-0.15512961149215698,-0.007885996633433479,0.06784218549728394,-0.28326353430747986,-0.02834226787950911,0.11034727096557617,-0.388175904750824,-0.04720731117691912,0.1358465552330017,-0.46795663237571716,-0.060909085356854575,0.17897427082061768,-0.21881967782974243,-0.04730451145138659,0.26648885011672974,-0.24052757024765015,-0.05210305415954508,0.23197674751281738,-0.22096669673919678,-0.04409568422403254,0.18855434656143188,-0.20980411767959595,-0.03808317744102396,0.20147734880447388,-0.12111783027648926,-0.05226596855487742,0.2752315402030945,-0.1516406536102295,-0.04560624473657526,0.24063849449157715,-0.14517265558242798,-0.032494847112559455,0.19925439357757568,-0.13560491800308228,-0.030200729527734893,0.20670175552368164,-0.029564261436462402,-0.05398350247111239,0.2729344964027405,-0.0664905309677124,-0.043649752074145454,0.2408522367477417,-0.06209844350814819,-0.022574134552144187,0.20118510723114014,-0.049791574478149414,-0.017133601390980857,0.20368343591690063,0.051951467990875244,-0.05558841341104426,0.248207688331604,0.011727690696716309,-0.04770736434426226,0.2188570499420166,0.0096510648727417,-0.027340446048640388,0.18934357166290283,0.021377086639404297,-0.015434078322016376,thumbs_up
0.0,0.0,0.0,0.027543604373931885,-0.15419727563858032,-0.008940164499449565,0.06917685270309448,-0.28947266936302185,-0.031456590198445156,0.10669922828674316,-0.39905768632888794,-0.052258611225056484,0.12924975156784058,-0.4812479615211487,-0.06785513510601504,0.16130131483078003,-0.24176663160324097,-0.05608202939527018,0.2696080803871155,-0.25289422273635864,-0.07067928513185961,0.2389061450958252,-0.2233169674873352,-0.06788997402088626,0.1932673454284668,-0.21698874235153198,-0.06371396829979403,0.18524694442749023,-0.14433354139328003,-0.06322994878189547,0.27786678075790405,-0.16285169124603271,-0.06308344056503756,0.24563175439834595,-0.14391911029815674,-0.051371783517765834,0.20222246646881104,-0.13861042261123657,-0.04919721981184466,0.19645345211029053,-0.049053966999053955,-0.06774786164658053,0.28042638301849365,-0.07386600971221924,-0.0632562865843056,0.246296226978302,-0.06065499782562256,-0.04063604449527247,0.20294404029846191,-0.05186939239501953,-0.032820992671418026,0.19912701845169067,0.03775995969772339,-0.07226371070044024,0.2544628977775574,0.005181849002838135,-0.06824571689264758,0.2220679521560669,0.010711133480072021,-0.04683100109593852,0.18961101770401,0.02262246608734131,-0.03358941947715266,thumbs_up
0.0,0.0,0.0,0.030233234167099,-0.15065312385559082,-0.011971923998544298,0.07506051659584045,-0.28611111640930176,-0.03399902164096602,0.1117960512638092,-0.3947088122367859,-0.05441812007779845,0.1315613090991974,-0.4779236614704132,-0.06927137776369818,0.17093482613563538,-0.23818564414978027,-0.05070279865617522,0.2787337601184845,-0.24233174324035645,-0.06991046621556052,0.2475164830684662,-0.21303075551986694,-0.07351613744253882,0.1998114287853241,-0.20813536643981934,-0.0734677310204006,0.1915837824344635,-0.1405736804008484,-0.05855404540056952,0.2842542231082916,-0.1521206498146057,-0.06302504195923575,0.2504611313343048,-0.1327628493309021,-0.054749484649846636,0.20473513007164001,-0.12982600927352905,-0.05389996572489508,0.20114967226982117,-0.045008063316345215,-0.06519645406956442,0.2855437099933624,-0.06471002101898193,-0.06585814013237723,0.24995103478431702,-0.05144214630126953,-0.043420440993259035,0.205398291349411,-0.04489099979400635,-0.03396991594786414,0.20191964507102966,0.042080044746398926,-0.07232978149409064,0.2601865231990814,0.013149082660675049,-0.07064979477877387,0.22676530480384827,0.01819700002670288,-0.04803875415677794,0.19273242354393005,0.02693188190460205,-0.03324812232608565,thumbs_up
0.0,0.0,0.0,0.026963084936141968,-0.1488550901412964,-0.00831877686849225,0.0762576162815094,-0.29033583402633667,-0.029648648247331266,0.10937640070915222,-0.39877647161483765,-0.049660555690735464,0.12403818964958191,-0.482430100440979,-0.06390799176713813,0.15435418486595154,-0.2638499140739441,-0.05822979998609412,0.2747638523578644,-0.2616491913795471,-0.07870476287624228,0.2428136169910431,-0.22258806228637695,-0.07884426009675849,0.19483789801597595,-0.2173597812652588,-0.07607525926849235,0.17272892594337463,-0.166759192943573,-0.0695758421423136,0.28305527567863464,-0.16917657852172852,-0.07777382028123725,0.24595871567726135,-0.1403319239616394,-0.06672454965135444,0.19679495692253113,-0.13835948705673218,-0.0626313943865,0.18404486775398254,-0.06728261709213257,-0.07899894905111182,0.2861521542072296,-0.07704770565032959,-0.08314203810712684,0.24657180905342102,-0.05709570646286011,-0.05842405152341712,0.19803747534751892,-0.052982211112976074,-0.046599618762940054,0.1883516013622284,0.026182830333709717,-0.08845565062782157,0.25995108485221863,0.005646049976348877,-0.09098916095516074,0.22243371605873108,0.01720649003982544,-0.0683326382639109,0.1833251416683197,0.025323927402496338,-0.053058225333899145,thumbs_up
0.0,0.0,0.0,0.0267677903175354,-0.14414942264556885,-0.013723938893463128,0.07508164644241333,-0.2860528826713562,-0.03768812416114997,0.1086997389793396,-0.3975045382976532,-0.0586700953356285,0.12456345558166504,-0.4844849109649658,-0.07331338075914573,0.15543878078460693,-0.2603491544723511,-0.06622763274231147,0.2766379117965698,-0.25169557332992554,-0.08994486479082298,0.24338126182556152,-0.21597468852996826,-0.09152991620817374,0.19376927614212036,-0.21192777156829834,-0.08991600869217109,0.17455589771270752,-0.16052097082138062,-0.07579306809225272,0.28770381212234497,-0.165155827999115,-0.08664006290950965,0.24915826320648193,-0.13971203565597534,-0.07459913490333747,0.19860565662384033,-0.13543999195098877,-0.07008061109104347,0.18621587753295898,-0.05972248315811157,-0.08379951415577125,0.2887304425239563,-0.07430630922317505,-0.08998117147007179,0.24862998723983765,-0.05614680051803589,-0.06247621698298644,0.1998767852783203,-0.0500909686088562,-0.048833935689117425,0.1905396580696106,0.03479677438735962,-0.09220122097053718,0.26180243492126465,0.009635388851165771,-0.09477345941581916,0.22404617071151733,0.019684314727783203,-0.07028596399345588,0.18460148572921753,0.026072025299072266,-0.05406052542844009,thumbs_up
0.0,0.0,0.0,0.02604985237121582,-0.1441008448600769,-0.00823923719391928,0.07671934366226196,-0.29040437936782837,-0.03137532674983845,0.10520333051681519,-0.4012373685836792,-0.052572392460859874,0.11325019598007202,-0.487762987613678,-0.0680026119323145,0.1434420347213745,-0.2715471386909485,-0.0695832153530489,0.2747555375099182,-0.26565223932266235,-0.09411452763990269,0.24395596981048584,-0.22467577457427979,-0.09473808908180104,0.1946764588356018,-0.21920323371887207,-0.09177178942874775,0.15950685739517212,-0.17384356260299683,-0.08206694626525746,0.2863449454307556,-0.1757006049156189,-0.09472151153997288,0.24763143062591553,-0.14410215616226196,-0.08112110995963917,0.19604390859603882,-0.13938122987747192,-0.07450408541873799,0.1720631718635559,-0.07253193855285645,-0.09206046962455616,0.2883608937263489,-0.08440005779266357,-0.098036982652701,0.24783110618591309,-0.06144428253173828,-0.06866318040803776,0.1981070637702942,-0.05444455146789551,-0.05343702116326199,0.17990368604660034,0.024523556232452393,-0.10197927856162892,0.26463037729263306,-0.0009226202964782715,-0.10332787835315571,0.22620242834091187,0.014130890369415283,-0.07689576649383412,0.18499493598937988,0.024804532527923584,-0.059485853251970866,thumbs_up
0.0,0.0,0.0,0.02399122714996338,-0.13452357053756714,-0.009183285485534043,0.0731666088104248,-0.2863946259021759,-0.03320166255119261,0.09888923168182373,-0.39817124605178833,-0.05523758168104109,0.10336750745773315,-0.4843255579471588,-0.07154204482915816,0.13370192050933838,-0.277030348777771,-0.07633115882757124,0.273520290851593,-0.27390265464782715,-0.10661742622735915,0.24117118120193481,-0.22845995426177979,-0.11041871244790968,0.18985486030578613,-0.21892279386520386,-0.10906033749463973,0.14817744493484497,-0.17987221479415894,-0.08952349210861144,0.287111759185791,-0.18310856819152832,-0.10869822437646803,0.24553430080413818,-0.14682942628860474,-0.09509113962533888,0.1902201771736145,-0.14065158367156982,-0.08730463470104155,0.16123926639556885,-0.07848185300827026,-0.10047057057502684,0.287939190864563,-0.09129989147186279,-0.1117619254696649,0.2438228726387024,-0.0632314682006836,-0.07971536154630599,0.19047105312347412,-0.05563557147979736,-0.06131438324931082,0.1706790328025818,0.019567787647247314,-0.11143183494689879,0.263627827167511,-0.005341649055480957,-0.11532245362880644,0.222969651222229,0.013285219669342041,-0.08770599747779784,0.1787129044532776,0.021484673023223877,-0.06916966820838866,thumbs_up
0.0,0.0,0.0,0.026753664016723633,-0.1366289258003235,-0.007141758768966611,0.07591944932937622,-0.2881461977958679,-0.030419773969015296,0.10175192356109619,-0.39980992674827576,-0.05290199032720011,0.10246700048446655,-0.4866050183773041,-0.06963334566648882,0.13697010278701782,-0.28124839067459106,-0.07106002009209078,0.2748311758041382,-0.27893590927124023,-0.1039198968439905,0.24286258220672607,-0.2319554090499878,-0.11124780363138598,0.1905205249786377,-0.2225196361541748,-0.11244394964273852,0.14967626333236694,-0.18701988458633423,-0.0868535522251932,0.2886768579483032,-0.19069212675094604,-0.10731479859646242,0.24722325801849365,-0.15107065439224243,-0.09479236936863344,0.1918078064918518,-0.1431291103363037,-0.08794037586744707,0.1613529920578003,-0.08642750978469849,-0.10097429490383547,0.2894483208656311,-0.09821397066116333,-0.11370409614141863,0.24450337886810303,-0.06743943691253662,-0.0817106176048128,0.1898488998413086,-0.05866044759750366,-0.06316964662369173,0.16961658000946045,0.013282716274261475,-0.11530068105753344,0.26464515924453735,-0.008795678615570068,-0.11983120030458849,0.2230941653251648,0.008961319923400879,-0.0924455258875696,0.1765456199645996,0.014775395393371582,-0.07409716731604021,thumbs_up
0.0,0.0,0.0,0.026292800903320312,-0.1376490592956543,-0.0047047937709976395,0.07672238349914551,-0.29534995555877686,-0.026934743249057647,0.10747939348220825,-0.409357488155365,-0.04831036584937465,0.11296999454498291,-0.4958581030368805,-0.06380111383759868,0.13245224952697754,-0.2838919162750244,-0.07483774828278911,0.27798599004745483,-0.28098243474960327,-0.10817771064603221,0.24601393938064575,-0.2356763482093811,-0.11405472117030513,0.19239336252212524,-0.22814178466796875,-0.11405897545182597,0.14385783672332764,-0.18930268287658691,-0.09114627944791209,0.28954726457595825,-0.1926959753036499,-0.11173093723618877,0.24778413772583008,-0.15390580892562866,-0.0968704785641421,0.19075125455856323,-0.14788466691970825,-0.08891749041640651,0.15553075075149536,-0.08835482597351074,-0.10523118483388316,0.2884032130241394,-0.10112076997756958,-0.11670940774047267,0.2430824637413025,-0.06916892528533936,-0.08187503027284038,0.18758738040924072,-0.06188547611236572,-0.06217154147589099,0.16482847929000854,0.010985732078552246,-0.11933236973845851,0.2644946575164795,-0.011590003967285156,-0.12228954243028056,0.22309958934783936,0.007358193397521973,-0.09336210446917903,0.17588520050048828,0.011962532997131348,-0.07457725363337886,thumbs_up
0.0,0.0,0.0,0.02608206868171692,-0.14036548137664795,-0.0028547608197868612,0.07585424184799194,-0.2957342267036438,-0.024413586677724197,0.10409635305404663,-0.40866711735725403,-0.04575018127422936,0.10779619216918945,-0.4959598481655121,-0.06159273077707894,0.13211983442306519,-0.2862602472305298,-0.0733990325496734,0.2777705788612366,-0.28657352924346924,-0.10754198868733056,0.2477424144744873,-0.24139130115509033,-0.11433387090426095,0.19443976879119873,-0.2322993278503418,-0.11482919295292504,0.14260172843933105,-0.19127720594406128,-0.09075095792275079,0.2882394790649414,-0.195878267288208,-0.11142516423922189,0.2481323480606079,-0.15768420696258545,-0.09735711951714165,0.19176381826400757,-0.15098530054092407,-0.09036553193789132,0.15395039319992065,-0.09000694751739502,-0.10574051280480035,0.28800004720687866,-0.10434842109680176,-0.11729326386910088,0.24450618028640747,-0.07430857419967651,-0.08304228176336892,0.1893935203552246,-0.0665169358253479,-0.06393547643881448,0.16330981254577637,0.00936746597290039,-0.120541396634394,0.264004111289978,-0.01749551296234131,-0.12270099212389596,0.22386759519577026,0.000484466552734375,-0.09314950843315728,0.1772347092628479,0.006987214088439941,-0.07415746440153725,thumbs_up
0.0,0.0,0.0,0.027033209800720215,-0.13785260915756226,-0.004948794842277948,0.07853323221206665,-0.2949790358543396,-0.02882613567686576,0.1107020378112793,-0.4089788794517517,-0.05187918571806449,0.12349355220794678,-0.4965910017490387,-0.06889285100675124,0.1288178563117981,-0.280631959438324,-0.08055324060893554,0.276991605758667,-0.27924400568008423,-0.11744759185290832,0.24661266803741455,-0.23869240283966064,-0.12426289869523544,0.19257694482803345,-0.23110908269882202,-0.12418903363919753,0.1355499029159546,-0.18536978960037231,-0.0972660626289894,0.2858826518058777,-0.18950921297073364,-0.12029288662648696,0.2461707592010498,-0.15370917320251465,-0.1045885826466133,0.18964731693267822,-0.14746785163879395,-0.09646431310153503,0.14499038457870483,-0.08455473184585571,-0.11171327484822768,0.2846813201904297,-0.09902596473693848,-0.12482287688231963,0.24155831336975098,-0.0700579285621643,-0.08856259984946746,0.18645823001861572,-0.06346452236175537,-0.06804530276036758,0.15406525135040283,0.014126896858215332,-0.12612587167001266,0.2614913582801819,-0.011880338191986084,-0.12860137177682418,0.22273582220077515,0.006254732608795166,-0.09817171050286788,0.1752799153327942,0.012168586254119873,-0.07871705992198486,thumbs_up
0.0,0.0,0.0,0.02763223648071289,-0.13756966590881348,-0.006859303623912183,0.08177739381790161,-0.29489052295684814,-0.032067364253578035,0.11602765321731567,-0.4067283868789673,-0.056684559382972566,0.134382963180542,-0.4975583255290985,-0.07499996776181206,0.12541478872299194,-0.2717173099517822,-0.08175340498286232,0.27660971879959106,-0.2846526503562927,-0.12318884784775719,0.24900752305984497,-0.2429993748664856,-0.13434041494923576,0.19514286518096924,-0.23162096738815308,-0.13609666580754265,0.13128912448883057,-0.17680585384368896,-0.09800217504101738,0.28572559356689453,-0.18970239162445068,-0.1252996271331881,0.24625736474990845,-0.15351468324661255,-0.11190340871411308,0.18786007165908813,-0.14457416534423828,-0.10407913679676994,0.14028328657150269,-0.07756650447845459,-0.11247802729207024,0.28395557403564453,-0.09747767448425293,-0.12785659188824638,0.24233758449554443,-0.0711216926574707,-0.0922858884413813,0.18680965900421143,-0.06390565633773804,-0.07105562294321999,0.14997082948684692,0.019589662551879883,-0.12711405212479576,0.261913537979126,-0.01098322868347168,-0.12915315682488426,0.22621870040893555,0.0022699832916259766,-0.09820717776614174,0.17780077457427979,0.007429599761962891,-0.0780029540737246,thumbs_up
0.0,0.0,0.0,0.029246509075164795,-0.1381596326828003,-0.007003795691076675,0.08256298303604126,-0.2960922122001648,-0.032941991798821846,0.11211282014846802,-0.4086611866950989,-0.05842246335024015,0.12742501497268677,-0.5014001429080963,-0.07776955362433569,0.1267538070678711,-0.2722572088241577,-0.08537547137612478,0.27825218439102173,-0.28808844089508057,-0.12766952659958974,0.25057268142700195,-0.24533456563949585,-0.13932859744900838,0.1966235637664795,-0.23535841703414917,-0.1414567663895525,0.13101035356521606,-0.17841649055480957,-0.10224077697867529,0.2864428162574768,-0.19414573907852173,-0.13066074099415914,0.24670326709747314,-0.1569097638130188,-0.1183835699784197,0.1868005394935608,-0.1473563313484192,-0.11131127771014349,0.13833409547805786,-0.07906264066696167,-0.1170545875656046,0.2840259075164795,-0.10120260715484619,-0.1332979485022463,0.2426968812942505,-0.07446843385696411,-0.09851053204411642,0.18529415130615234,-0.06554031372070312,-0.07770642485493795,0.14647644758224487,0.01888883113861084,-0.13201942887181417,0.25991731882095337,-0.013031721115112305,-0.13554568436020986,0.2246471643447876,-0.00014281272888183594,-0.10540675219172613,0.17436224222183228,0.006153106689453125,-0.0855672493206896,thumbs_up
0.0,0.0,0.0,0.031592369079589844,-0.1344543695449829,-0.010238953630278047,0.0879216194152832,-0.28936445713043213,-0.03802588651592487,0.12434417009353638,-0.4010869264602661,-0.06465846742207759,0.15412163734436035,-0.48887506127357483,-0.0843042700987553,0.12099212408065796,-0.2636075019836426,-0.09055681968743556,0.27630263566970825,-0.2838194966316223,-0.13454266334588283,0.2538856863975525,-0.24343538284301758,-0.14458191836888545,0.20052814483642578,-0.22847598791122437,-0.14422776247079128,0.12328433990478516,-0.1699201464653015,-0.10530747170264476,0.28582894802093506,-0.18664425611495972,-0.13699245894963497,0.24975985288619995,-0.15142738819122314,-0.1234367534023022,0.1892935037612915,-0.1397762894630432,-0.11408338392789119,0.13099122047424316,-0.07165968418121338,-0.11820836062247508,0.2836090922355652,-0.09302550554275513,-0.1367068483930325,0.24545252323150635,-0.07018929719924927,-0.10176673228556865,0.188937246799469,-0.06319200992584229,-0.07970755244309657,0.14151811599731445,0.024645090103149414,-0.131404285083363,0.262398362159729,-0.00479888916015625,-0.13621910358483547,0.2315462827682495,0.004557907581329346,-0.10721347923094982,0.18212729692459106,0.008282184600830078,-0.08754244143779033,thumbs_up
0.0,0.0,0.0,0.03277301788330078,-0.13423460721969604,-0.011070935916364988,0.09063714742660522,-0.29088085889816284,-0.03919495448863586,0.1263555884361267,-0.40552377700805664,-0.06589062691128333,0.15519440174102783,-0.49658453464508057,-0.08561544299519142,0.11862486600875854,-0.26745879650115967,-0.09110373437798103,0.2764780521392822,-0.2908868193626404,-0.13575010180866798,0.25276416540145874,-0.2470494508743286,-0.14709030270969947,0.20074695348739624,-0.2328546643257141,-0.14824368238842567,0.12293285131454468,-0.17429184913635254,-0.10581405640041908,0.2857998013496399,-0.19505518674850464,-0.1378182190696009,0.24820655584335327,-0.15877693891525269,-0.12570329189694007,0.1881086230278015,-0.14907854795455933,-0.11752338886654456,0.1321592926979065,-0.07631230354309082,-0.11876050562059959,0.28494083881378174,-0.09920859336853027,-0.13725625157749732,0.24637287855148315,-0.07500451803207397,-0.10332024276650031,0.19091367721557617,-0.06855213642120361,-0.08214523822462638,0.14450490474700928,0.019414424896240234,-0.13200864375031074,0.26125311851501465,-0.011173903942108154,-0.13645766854679664,0.2295987606048584,-0.0009104609489440918,-0.10812555432713111,0.18096822500228882,0.0019891858100891113,-0.08923620909845908,thumbs_up
0.0,0.0,0.0,0.04067066311836243,-0.13117694854736328,-0.014836668277354192,0.10081186890602112,-0.2847687005996704,-0.044993675554366064,0.13631078600883484,-0.3961450457572937,-0.07231014525351043,0.16482505202293396,-0.48700031638145447,-0.09218710219320769,0.1281813681125641,-0.24178248643875122,-0.09699371015486236,0.28521719574928284,-0.2564195394515991,-0.1433737680858087,0.25878968834877014,-0.2245568037033081,-0.15623922204432006,0.20497456192970276,-0.21405774354934692,-0.1580447659438562,0.1284986436367035,-0.14341342449188232,-0.10968972300943847,0.29461124539375305,-0.15531963109970093,-0.14371902799067016,0.2567942440509796,-0.13275045156478882,-0.13116931473669524,0.195574551820755,-0.12510591745376587,-0.12221471523699279,0.13383755087852478,-0.04574793577194214,-0.12081351434645171,0.285998672246933,-0.06180167198181152,-0.14052222227510924,0.25171706080436707,-0.04999232292175293,-0.10728270118889327,0.19892540574073792,-0.04742240905761719,-0.08614559775051589,0.14273777604103088,0.04727679491043091,-0.13235704159197326,0.2577926814556122,0.019680380821228027,-0.13617507671770568,0.23177233338356018,0.02164357900619507,-0.10772166704592223,0.18802329897880554,0.02217763662338257,-0.08876987105068679,thumbs_up
0.0,0.0,0.0,0.034623026847839355,-0.13180005550384521,-0.011869219986635926,0.09451764822006226,-0.28285855054855347,-0.04061946544601369,0.1327303647994995,-0.3915833532810211,-0.06734483215763021,0.15841341018676758,-0.48204609751701355,-0.08662079546405721,0.12233757972717285,-0.24427390098571777,-0.09559659931613851,0.27993857860565186,-0.2693559527397156,-0.13975054297401357,0.2624019980430603,-0.22923606634140015,-0.14987667176677633,0.20958268642425537,-0.21229642629623413,-0.148461538290519,0.12516993284225464,-0.14907711744308472,-0.10831019554092336,0.28654778003692627,-0.1676100492477417,-0.14119915935947347,0.2598803639411926,-0.13983571529388428,-0.12871340188934255,0.20287680625915527,-0.13016009330749512,-0.11855525795175481,0.13129115104675293,-0.050709307193756104,-0.11899709228231359,0.28394198417663574,-0.06996595859527588,-0.13876682791664052,0.2600095868110657,-0.05530250072479248,-0.10763211075021673,0.2105756402015686,-0.051621317863464355,-0.08655040237857747,0.1410159468650818,0.044386982917785645,-0.12968151543094564,0.25890129804611206,0.01976257562637329,-0.13621169600440908,0.24129563570022583,0.0200575590133667,-0.11045229706718374,0.2001606822013855,0.01682424545288086,-0.09183018926336217,thumbs_up
0.0,0.0,0.0,0.04066997766494751,-0.13003027439117432,-0.016008357964864217,0.10750269889831543,-0.27734291553497314,-0.047221863158455335,0.1467002034187317,-0.38459980487823486,-0.07444685090374037,0.16775155067443848,-0.478633850812912,-0.09423280645202681,0.132598876953125,-0.2276167869567871,-0.10558334130834623,0.2970845699310303,-0.22349858283996582,-0.1528893275935559,0.27514177560806274,-0.19740325212478638,-0.1643101735789685,0.21851766109466553,-0.19090211391448975,-0.16345690328668638,0.12976235151290894,-0.12664395570755005,-0.11671522397588774,0.30195367336273193,-0.11758524179458618,-0.15285144884180113,0.2681856155395508,-0.10229629278182983,-0.13875636596273466,0.20493614673614502,-0.10004574060440063,-0.12734305996488615,0.13136368989944458,-0.02711784839630127,-0.12574312228750273,0.28861045837402344,-0.0226668119430542,-0.14665383238386198,0.260736882686615,-0.018982350826263428,-0.11415608365129515,0.2083166241645813,-0.022547245025634766,-0.09234270591329619,0.13628816604614258,0.06538987159729004,-0.1349519803006558,0.2588174343109131,0.05412644147872925,-0.14003181595396086,0.24021798372268677,0.04893898963928223,-0.11283800143789335,0.1993890404701233,0.04187279939651489,-0.09383396942209288,thumbs_up
0.0,0.0,0.0,0.03929722309112549,-0.12849974632263184,-0.01708317393240577,0.10464608669281006,-0.2752150893211365,-0.04878548564192897,0.14436030387878418,-0.38175100088119507,-0.07611104504940158,0.16980862617492676,-0.4736478328704834,-0.09557814555046207,0.1316801905632019,-0.23351889848709106,-0.10960337178585178,0.2930310368537903,-0.23341083526611328,-0.1522072892057622,0.275532603263855,-0.20328712463378906,-0.1579109619724477,0.21980798244476318,-0.1936781406402588,-0.1529496799576009,0.13031387329101562,-0.13495957851409912,-0.11849367277500278,0.29628247022628784,-0.12937510013580322,-0.1513363610374654,0.2720605731010437,-0.11233019828796387,-0.13540362225649005,0.21408212184906006,-0.10927820205688477,-0.12278584049818164,0.1321818232536316,-0.03528207540512085,-0.12471519814607746,0.28768378496170044,-0.032527804374694824,-0.14414456890699512,0.26769864559173584,-0.026853561401367188,-0.11245572225925571,0.21780645847320557,-0.028480052947998047,-0.09109072791216022,0.13779592514038086,0.0597720742225647,-0.13092983173009998,0.26055818796157837,0.04838019609451294,-0.13740067587968952,0.24603724479675293,0.043122708797454834,-0.11212069945213443,0.20446264743804932,0.034774959087371826,-0.09376790033456928,thumbs_up
0.0,0.0,0.0,0.04194819927215576,-0.130459725856781,-0.013988671467231484,0.10964006185531616,-0.2746521234512329,-0.0443135310118663,0.14836245775222778,-0.3799707889556885,-0.0698892098074424,0.16853684186935425,-0.4721700847148895,-0.08856930548004982,0.13724243640899658,-0.21597731113433838,-0.11097767168335793,0.29711711406707764,-0.21171391010284424,-0.15259051287226555,0.2865661382675171,-0.1920832395553589,-0.15771630370669243,0.23444831371307373,-0.18863153457641602,-0.15222451055102226,0.13266372680664062,-0.11604666709899902,-0.12004235351137993,0.296115517616272,-0.10614603757858276,-0.14986333215288994,0.278688907623291,-0.09886735677719116,-0.1320358511214721,0.22707140445709229,-0.1021389365196228,-0.11930216068081734,0.13185274600982666,-0.01822000741958618,-0.12571179831080315,0.28323787450790405,-0.011307835578918457,-0.14222614431433556,0.27016115188598633,-0.01379096508026123,-0.11030691826395866,0.2267720103263855,-0.022796988487243652,-0.08977134490065453,0.1335962414741516,0.07151192426681519,-0.13095857167296288,0.25592976808547974,0.06603097915649414,-0.13441146874480125,0.24752378463745117,0.0575406551361084,-0.10780911856942055,0.21295905113220215,0.04640018939971924,-0.08912241423182365,thumbs_up
0.0,0.0,0.0,0.04043400287628174,-0.13210666179656982,-0.015521753694017093,0.10733085870742798,-0.27511823177337646,-0.04865455452640788,0.15063977241516113,-0.38257718086242676,-0.0772158076270415,0.17138230800628662,-0.4777226448059082,-0.09916591096957461,0.13902050256729126,-0.22320818901062012,-0.11331676144440905,0.2998359203338623,-0.21919536590576172,-0.1550596078141524,0.2937045693397522,-0.19208180904388428,-0.16005303163369433,0.2430451512336731,-0.18627142906188965,-0.1540960987313582,0.1348412036895752,-0.1255059838294983,-0.12187160749276416,0.29738718271255493,-0.11580890417098999,-0.15251946647008197,0.2862153649330139,-0.10363823175430298,-0.13621977169354693,0.23634850978851318,-0.10568803548812866,-0.12392334837754504,0.13294029235839844,-0.027343332767486572,-0.12692499358495013,0.28718650341033936,-0.02317512035369873,-0.14480784733136431,0.281965970993042,-0.023094534873962402,-0.11515057284672991,0.24016410112380981,-0.030780911445617676,-0.09558166016181247,0.13338851928710938,0.06389999389648438,-0.13156852323849932,0.25504612922668457,0.05767536163330078,-0.13965554733117358,0.25889408588409424,0.04575800895690918,-0.11747975845177905,0.23369252681732178,0.028040766716003418,-0.10088188398917453,thumbs_up
0.0,0.0,0.0,0.039961427450180054,-0.1316307783126831,-0.013484426377864622,0.10753586888313293,-0.2745674252510071,-0.04515831598505571,0.14964303374290466,-0.3795691728591919,-0.07220575639471605,0.16944345831871033,-0.47347500920295715,-0.0928342981027086,0.13853314518928528,-0.22287660837173462,-0.11504082062706544,0.3008315861225128,-0.2177920937538147,-0.15589859762653901,0.2959461510181427,-0.1942015290260315,-0.15932443418964937,0.245753675699234,-0.18939483165740967,-0.15231504717335298,0.13364526629447937,-0.12450540065765381,-0.12450901099905565,0.3010552227497101,-0.11348849534988403,-0.1560250339792688,0.29022684693336487,-0.10391855239868164,-0.13881566801533296,0.24022218585014343,-0.10625362396240234,-0.12536154368385866,0.13172689080238342,-0.02652716636657715,-0.12993038871750429,0.288151353597641,-0.0209428071975708,-0.14811849275097444,0.28378191590309143,-0.021792888641357422,-0.11805835792288377,0.24299249053001404,-0.029415011405944824,-0.0979077113555391,0.13191524147987366,0.06370830535888672,-0.1346484837816675,0.2553350627422333,0.058632731437683105,-0.14212977567181184,0.25963273644447327,0.046843111515045166,-0.11923046091065004,0.2345990240573883,0.030315160751342773,-0.10211008468136384,thumbs_up
0.0,0.0,0.0,0.04164236783981323,-0.13109838962554932,-0.01336720439094563,0.10939574241638184,-0.27412933111190796,-0.04406263811934252,0.15223026275634766,-0.37982818484306335,-0.07092799751508494,0.17357027530670166,-0.4722461998462677,-0.09133153913963099,0.1384175419807434,-0.22225522994995117,-0.10900450258004923,0.3013077974319458,-0.21760809421539307,-0.15105836598623057,0.29408252239227295,-0.19562965631484985,-0.15777546672570963,0.24234908819198608,-0.19080424308776855,-0.1529135754560258,0.13370198011398315,-0.12541699409484863,-0.11864404140460749,0.2990378737449646,-0.117695152759552,-0.14821742980230113,0.2873087525367737,-0.10865193605422974,-0.13286647705781718,0.23697245121002197,-0.10875773429870605,-0.12179525701749583,0.13275128602981567,-0.02814340591430664,-0.12492588667619486,0.2915056347846985,-0.023385047912597656,-0.1416697850679185,0.28319406509399414,-0.024945557117462158,-0.1128919324134614,0.23899072408676147,-0.031141340732574463,-0.09432264922607203,0.13494032621383667,0.06196773052215576,-0.13083975522268076,0.26066774129867554,0.055907607078552246,-0.13735893873918315,0.2586072087287903,0.043908536434173584,-0.11506032703864832,0.2264450192451477,0.029482007026672363,-0.09880781678903361,thumbs_up
0.0,0.0,0.0,0.03933572769165039,-0.1304803490638733,-0.013470650005984908,0.10971784591674805,-0.2778557538986206,-0.04102572082345546,0.15237575769424438,-0.3845927119255066,-0.06571439682309688,0.17579758167266846,-0.4752870202064514,-0.08338854490583003,0.14521050453186035,-0.21767979860305786,-0.09786453871791423,0.30626237392425537,-0.21817463636398315,-0.13996715127294124,0.2784022092819214,-0.2001240849494934,-0.14852581201856196,0.218936026096344,-0.19746315479278564,-0.14594151853387416,0.1438431739807129,-0.11995112895965576,-0.10780822514360011,0.3075827956199646,-0.11887633800506592,-0.13574255286519588,0.27025264501571655,-0.11202025413513184,-0.1198418664819485,0.2087966799736023,-0.1139494776725769,-0.10898558079068721,0.14423155784606934,-0.024159133434295654,-0.11557995556657374,0.2987055778503418,-0.03149759769439697,-0.1302551257497555,0.2604573965072632,-0.030715882778167725,-0.09581184415881694,0.20214521884918213,-0.03205770254135132,-0.07409477262561381,0.14564114809036255,0.06474125385284424,-0.12372045247619212,0.2689167261123657,0.04642128944396973,-0.12623827933137477,0.23919737339019775,0.03912883996963501,-0.09821475325887263,0.18821096420288086,0.03477567434310913,-0.07923238753144801,thumbs_up
0.0,0.0,0.0,0.03957328200340271,-0.13489341735839844,-0.013809778801515904,0.10902217030525208,-0.28107377886772156,-0.041317229233101216,0.15192946791648865,-0.3861161470413208,-0.06650466199906191,0.18047812581062317,-0.4759308695793152,-0.08471628006489595,0.14648810029029846,-0.22634094953536987,-0.09260029818804583,0.30818477272987366,-0.2221064567565918,-0.1329249861458095,0.2808133065700531,-0.19655698537826538,-0.14136421408446154,0.2244938313961029,-0.19503343105316162,-0.13922689583094439,0.14674445986747742,-0.12619298696517944,-0.10276891019137224,0.3088642656803131,-0.12289780378341675,-0.1291398378828319,0.2734764516353607,-0.10916787385940552,-0.11444066192896685,0.2138632833957672,-0.11268848180770874,-0.10469153996498903,0.1471032202243805,-0.02868884801864624,-0.1111371415475162,0.3021787703037262,-0.03435403108596802,-0.12567797031195482,0.26633813977241516,-0.028774142265319824,-0.0921786772826465,0.20949098467826843,-0.032189905643463135,-0.07114103164465746,0.1478876769542694,0.061083436012268066,-0.11989169295819124,0.2695637047290802,0.04488480091094971,-0.12328391995222887,0.24104073643684387,0.03988522291183472,-0.09565456684620699,0.19086244702339172,0.032691895961761475,-0.0768167274812015,thumbs_up
0.0,0.0,0.0,0.03982049226760864,-0.13743114471435547,-0.01440803946937308,0.1086462140083313,-0.28183016180992126,-0.042334310319375845,0.15313631296157837,-0.3848426938056946,-0.06785145735378251,0.18401074409484863,-0.4743955731391907,-0.08636318480606064,0.1607782244682312,-0.22589844465255737,-0.09063287412757859,0.31806957721710205,-0.2133333683013916,-0.13202183282012925,0.28128349781036377,-0.19138294458389282,-0.14284390544528947,0.22068172693252563,-0.1955741047859192,-0.14314531123275742,0.16170555353164673,-0.12330526113510132,-0.1014496344887732,0.3184624910354614,-0.11219620704650879,-0.12718697225685105,0.27207475900650024,-0.10082167387008667,-0.11251424586410508,0.20852714776992798,-0.10838443040847778,-0.10388607120151505,0.16039156913757324,-0.024448752403259277,-0.11083626335496888,0.3070443272590637,-0.02752685546875,-0.1243952099048613,0.261543869972229,-0.020446181297302246,-0.08765996580953583,0.20121783018112183,-0.0223844051361084,-0.06564754581089005,0.15798121690750122,0.06643497943878174,-0.12101763075227723,0.27528470754623413,0.05132746696472168,-0.12402505015964493,0.23887306451797485,0.04752868413925171,-0.09361166840429291,0.18667513132095337,0.041615068912506104,-0.07323218470449433,thumbs_up
0.0,0.0,0.0,0.04036611318588257,-0.13675600290298462,-0.015255792371647203,0.11445993185043335,-0.2813054323196411,-0.041417684711234415,0.16014879941940308,-0.3859682083129883,-0.06510145620228514,0.19099801778793335,-0.4763873815536499,-0.08178112313868269,0.16079169511795044,-0.22710329294204712,-0.08684662387491926,0.32177048921585083,-0.21985602378845215,-0.1251424516809152,0.2833523750305176,-0.19396978616714478,-0.1336645896804498,0.22553598880767822,-0.19751757383346558,-0.13289567486168608,0.16520541906356812,-0.12339180707931519,-0.09656247899653181,0.3225998282432556,-0.11802250146865845,-0.1193787346851991,0.2760331630706787,-0.10333162546157837,-0.10494212464215025,0.2141004204750061,-0.11014878749847412,-0.09676685587288603,0.16627418994903564,-0.023537397384643555,-0.10490996793629392,0.3144201636314392,-0.03033757209777832,-0.11655484542967542,0.2681155800819397,-0.021203160285949707,-0.08060158447148069,0.2081114649772644,-0.0232124924659729,-0.05948749960185751,0.16505134105682373,0.06728053092956543,-0.11414266035677656,0.2792925238609314,0.049294471740722656,-0.1165515150201486,0.242242693901062,0.04651826620101929,-0.08703685954930052,0.19100487232208252,0.04016149044036865,-0.06768810407044157,thumbs_up
0.0,0.0,0.0,0.04106038808822632,-0.14007526636123657,-0.01727140299618668,0.11677396297454834,-0.28354141116142273,-0.042272990342382855,0.16591066122055054,-0.3864958584308624,-0.06368525117278523,0.1998022198677063,-0.4748581647872925,-0.07760625123620457,0.17133992910385132,-0.22138774394989014,-0.08610567241549916,0.3337826132774353,-0.21116578578948975,-0.12176893442511982,0.290596067905426,-0.19020742177963257,-0.12867907970786518,0.23090261220932007,-0.19469863176345825,-0.12727786391616291,0.17962193489074707,-0.11123484373092651,-0.0931466573441071,0.3333091139793396,-0.1089431643486023,-0.11329248338580555,0.2835503816604614,-0.09807056188583374,-0.09790151357293553,0.22220486402511597,-0.10302525758743286,-0.0893440598213715,0.1819925308227539,-0.009596526622772217,-0.09897362976909108,0.32476699352264404,-0.022532224655151367,-0.10876624077201313,0.27780449390411377,-0.016112446784973145,-0.07349072932839817,0.21860617399215698,-0.016604900360107422,-0.05318225338697857,0.18128138780593872,0.07943588495254517,-0.10569779365897602,0.28925615549087524,0.055073559284210205,-0.10793299018979496,0.2526401877403259,0.0515936017036438,-0.07976919948697514,0.20455390214920044,0.04791325330734253,-0.06119288667679257,thumbs_up
0.0,0.0,0.0,0.04254728555679321,-0.1425107717514038,-0.01802815855944573,0.11889833211898804,-0.2868204116821289,-0.04526843117082535,0.16466456651687622,-0.3947938084602356,-0.06932195635044991,0.19826620817184448,-0.4857693016529083,-0.08606287450993477,0.1735396385192871,-0.22530674934387207,-0.0885814613243383,0.33756476640701294,-0.21611332893371582,-0.124391931905393,0.2931819558143616,-0.19056296348571777,-0.1305416783829969,0.23351585865020752,-0.19409042596817017,-0.12849370749199807,0.18079453706741333,-0.11415785551071167,-0.09617844582999169,0.3346462845802307,-0.11241012811660767,-0.11669456572735726,0.2854576110839844,-0.09931403398513794,-0.10248157741034447,0.22472023963928223,-0.10485851764678955,-0.09474565447771965,0.1817585825920105,-0.010879755020141602,-0.10244127721989571,0.326434850692749,-0.02111870050430298,-0.11317894221747338,0.2803829312324524,-0.014423072338104248,-0.07963080318177163,0.22133731842041016,-0.0158158540725708,-0.060386299951915134,0.17993658781051636,0.07939153909683228,-0.1094814276834768,0.2886592745780945,0.0565563440322876,-0.11300541819537102,0.2531161904335022,0.05307304859161377,-0.08580686511004387,0.20560628175735474,0.049210548400878906,-0.06779351444447457,thumbs_up
0.0,0.0,0.0,0.045821309089660645,-0.15084242820739746,-0.015969708563716267,0.12010157108306885,-0.295215904712677,-0.04176989942970977,0.16559666395187378,-0.40073949098587036,-0.06397782638850913,0.19320029020309448,-0.4907519221305847,-0.07894934341493354,0.18558716773986816,-0.21287959814071655,-0.08680727705541358,0.34688282012939453,-0.2053629755973816,-0.11863700673166022,0.29854947328567505,-0.19017601013183594,-0.12234314903798804,0.23622918128967285,-0.19479870796203613,-0.11899297312083945,0.19504576921463013,-0.10009783506393433,-0.09293736145082221,0.34140825271606445,-0.10344308614730835,-0.10913409665408835,0.2908679246902466,-0.09821540117263794,-0.09293895587506995,0.23032701015472412,-0.10117113590240479,-0.08473381027761206,0.1964990496635437,0.0007502436637878418,-0.09716800227943168,0.3330256938934326,-0.015322506427764893,-0.10314323380771384,0.28768807649612427,-0.01544177532196045,-0.06931125000301108,0.2284994125366211,-0.01553189754486084,-0.05118408426824317,0.19322627782821655,0.08564168214797974,-0.10199838504377112,0.2966212034225464,0.060094356536865234,-0.1025528498012136,0.2615343928337097,0.05295562744140625,-0.07518703118148551,0.21555596590042114,0.05023390054702759,-0.057499680669934605,thumbs_up
0.0,0.0,0.0,0.04693475365638733,-0.15002483129501343,-0.013316152548441096,0.1240139901638031,-0.29210177063941956,-0.03737893134916703,0.16960331797599792,-0.3968219459056854,-0.05845362127388398,0.1975860297679901,-0.4848596155643463,-0.07298327789271752,0.18769553303718567,-0.21265733242034912,-0.08555950776303689,0.3474588692188263,-0.20443052053451538,-0.11513238952124993,0.3005369007587433,-0.18531817197799683,-0.11657704964841287,0.23988869786262512,-0.18854761123657227,-0.11165160492623727,0.19584336876869202,-0.09995722770690918,-0.09259587333167474,0.3415372669696808,-0.09981614351272583,-0.1068416218515722,0.2929084002971649,-0.09408235549926758,-0.09008492336238305,0.23419395089149475,-0.09935033321380615,-0.08144174323047082,0.1956169307231903,0.0016503334045410156,-0.09732177660430352,0.33206501603126526,-0.007283687591552734,-0.10281760797465722,0.2883549630641937,-0.008731245994567871,-0.0709587465282766,0.2312832772731781,-0.011965692043304443,-0.05400085256064813,0.19091323018074036,0.08669662475585938,-0.10219734713996331,0.2940963804721832,0.06523609161376953,-0.10304964140618722,0.2607293426990509,0.05733448266983032,-0.07672729150021951,0.21593186259269714,0.05373978614807129,-0.05962930426562707,thumbs_up
0.0,0.0,0.0,0.04886949062347412,-0.15196889638900757,-0.015981943370945828,0.12628644704818726,-0.2902197241783142,-0.04236612750793256,0.17370396852493286,-0.3927038609981537,-0.06501375793123998,0.19553512334823608,-0.4849957525730133,-0.08073595820570745,0.19194871187210083,-0.20114338397979736,-0.09131611792946615,0.3553200960159302,-0.18700653314590454,-0.12174238918925084,0.30494773387908936,-0.17753934860229492,-0.12245230286026754,0.24411457777023315,-0.18260818719863892,-0.11694015471840657,0.19885891675949097,-0.08418184518814087,-0.09691864906454839,0.347675085067749,-0.08504289388656616,-0.11339074282551564,0.29434144496917725,-0.0879051685333252,-0.09507241009379186,0.2351287603378296,-0.09166097640991211,-0.08441154568100728,0.19721007347106934,0.015953004360198975,-0.10018804578686513,0.3364027142524719,0.005797922611236572,-0.1067682942619399,0.29088157415390015,-0.0032303333282470703,-0.07320850996876516,0.23277604579925537,-0.005784153938293457,-0.05441500155831136,0.1912636160850525,0.09570837020874023,-0.10383129029179372,0.2963923215866089,0.07432526350021362,-0.10430522917414464,0.2637762427330017,0.06224822998046875,-0.0773527389636115,0.21988201141357422,0.05926114320755005,-0.0595747931172923,thumbs_up
0.0,0.0,0.0,0.04802730679512024,-0.15911954641342163,-0.01202806711029325,0.12767907977104187,-0.29929518699645996,-0.036134509107284885,0.1737813651561737,-0.4047158658504486,-0.05733186166565929,0.19519510865211487,-0.4997335374355316,-0.07235190432351146,0.19148454070091248,-0.21127307415008545,-0.08776363145392452,0.35544219613075256,-0.19917088747024536,-0.11474102895539318,0.30421367287635803,-0.18529999256134033,-0.1130256966857246,0.24264147877693176,-0.18952661752700806,-0.10616276573222194,0.19922497868537903,-0.09416484832763672,-0.0942057983187965,0.34896495938301086,-0.09474325180053711,-0.10647116016428981,0.29789718985557556,-0.09451693296432495,-0.08797276925128017,0.23950514197349548,-0.10020166635513306,-0.07828913044016872,0.19740894436836243,0.008265137672424316,-0.09749395560305629,0.3389769494533539,-0.0005320310592651367,-0.1005498261360458,0.2935725748538971,-0.00682443380355835,-0.06733533155005489,0.23601463437080383,-0.010773658752441406,-0.050110714247637134,0.19122615456581116,0.08980929851531982,-0.10070666085761104,0.29780080914497375,0.06851762533187866,-0.09960607599299465,0.2641502916812897,0.056321144104003906,-0.07244488756936107,0.2195000946521759,0.05250835418701172,-0.055347526183538776,thumbs_up
0.0,0.0,0.0,0.05090677738189697,-0.15414118766784668,-0.011482796629650238,0.13344711065292358,-0.291238009929657,-0.03591439220843995,0.17994827032089233,-0.3946886658668518,-0.05763857532082284,0.195986807346344,-0.48985758423805237,-0.07303912658034051,0.19983458518981934,-0.20598465204238892,-0.08748165983496392,0.3639553189277649,-0.18847274780273438,-0.11595424730120385,0.3132782578468323,-0.1780397891998291,-0.11571173090277398,0.25268375873565674,-0.18371713161468506,-0.10980825591622079,0.2039179801940918,-0.08948439359664917,-0.09555950481234277,0.35648268461227417,-0.08585363626480103,-0.11086406279144967,0.3031267523765564,-0.08811014890670776,-0.09238417912064278,0.24259406328201294,-0.09303724765777588,-0.08124561328230584,0.20012414455413818,0.011643826961517334,-0.1008173944407531,0.3421207666397095,0.003782927989959717,-0.10483396518765176,0.29815924167633057,-0.004494011402130127,-0.07142332661686623,0.24080324172973633,-0.007400691509246826,-0.053091005420071724,0.19338876008987427,0.09312403202056885,-0.10619824100075448,0.3025015592575073,0.07185029983520508,-0.10416201222477639,0.27251332998275757,0.0593300461769104,-0.07663699704943383,0.22902286052703857,0.05658811330795288,-0.05888376850424493,thumbs_up
0.0,0.0,0.0,0.05376237630844116,-0.1593172550201416,-0.011981214160584841,0.1373003125190735,-0.29928016662597656,-0.03697625058379117,0.18146514892578125,-0.4087894856929779,-0.059537107820176516,0.19529545307159424,-0.509615570306778,-0.07591308536615315,0.20155829191207886,-0.2087957262992859,-0.08563926699247304,0.36688733100891113,-0.19023281335830688,-0.11318444343891088,0.31636232137680054,-0.1762312650680542,-0.11249450477447454,0.2556871175765991,-0.1834598183631897,-0.10659800353136006,0.20663678646087646,-0.09112489223480225,-0.09336022915925923,0.35874098539352417,-0.08724135160446167,-0.1063702318319315,0.3062624931335449,-0.0873640775680542,-0.08799970033254567,0.24709999561309814,-0.09486889839172363,-0.07818554225053731,0.20243972539901733,0.011858701705932617,-0.09830449404802266,0.34552502632141113,0.00521165132522583,-0.10161051782455388,0.30003172159194946,-0.0008692145347595215,-0.06796530517425481,0.2418433427810669,-0.005620777606964111,-0.05023522185769025,0.19417321681976318,0.09410792589187622,-0.10339128109302465,0.30285096168518066,0.07662463188171387,-0.10124843450870458,0.2707958221435547,0.06487852334976196,-0.07303351047124806,0.22616881132125854,0.060400426387786865,-0.05524369212474767,thumbs_up
0.0,0.0,0.0,0.054311931133270264,-0.15969175100326538,-0.011091694131664553,0.1376415491104126,-0.3009280860424042,-0.03521957983093671,0.1826363205909729,-0.4078928828239441,-0.05697248120623044,0.19774580001831055,-0.506145179271698,-0.07258949790912084,0.2036423683166504,-0.20831358432769775,-0.08443269495683126,0.3676775097846985,-0.18902534246444702,-0.1119136622996848,0.3179490566253662,-0.17859089374542236,-0.11153838400559835,0.2579384446144104,-0.18625706434249878,-0.10584554438310079,0.20809924602508545,-0.09005355834960938,-0.0924017763586562,0.3597450256347656,-0.08616840839385986,-0.10510816042142324,0.30801403522491455,-0.08973079919815063,-0.08646691207604817,0.2487688660621643,-0.0968509316444397,-0.07642419998364858,0.20357996225357056,0.012790799140930176,-0.09766889725642613,0.34656018018722534,0.006485700607299805,-0.10049228732304982,0.30177998542785645,-0.0021744966506958008,-0.0670387632103484,0.24346959590911865,-0.0067330002784729,-0.04945956532674245,0.19498640298843384,0.09507215023040771,-0.10304511700587682,0.30337387323379517,0.07740437984466553,-0.10062962387519292,0.27200645208358765,0.06431061029434204,-0.07282097999768666,0.22739046812057495,0.0601847767829895,-0.055284365907482425,thumbs_up
0.0,0.0,0.0,0.053016066551208496,-0.16146814823150635,-0.012383954716540302,0.13549035787582397,-0.3047024607658386,-0.03818625037155243,0.17888092994689941,-0.41598013043403625,-0.061685236287928547,0.19366925954818726,-0.5178371965885162,-0.07870909769616219,0.20452731847763062,-0.21329468488693237,-0.08596795250258538,0.3692193627357483,-0.19424408674240112,-0.11604944069466683,0.3158109784126282,-0.1812194585800171,-0.1177546103724012,0.25317370891571045,-0.18928790092468262,-0.1132687648066053,0.20844006538391113,-0.09497326612472534,-0.09423174907050225,0.3602452874183655,-0.08945631980895996,-0.10868650127730461,0.3059811592102051,-0.08930623531341553,-0.09089149732670876,0.24616003036499023,-0.09755271673202515,-0.08154741872630211,0.2032199501991272,0.008983910083770752,-0.1001004521974096,0.34743666648864746,0.0047650933265686035,-0.1045555268653402,0.30017149448394775,-0.0010094642639160156,-0.07030287582955452,0.24075818061828613,-0.007075667381286621,-0.05221189383945557,0.19365322589874268,0.09225678443908691,-0.10623744328103157,0.3030385971069336,0.07665705680847168,-0.1051576306351194,0.2693789601325989,0.065060555934906,-0.07680837262950035,0.22368741035461426,0.059424519538879395,-0.058860259247637714,thumbs_up
0.0,0.0,0.0,0.051529139280319214,-0.1582288146018982,-0.010367549583236269,0.1324656903743744,-0.3018237054347992,-0.03510695658616214,0.17438676953315735,-0.410827100276947,-0.057589657232085756,0.1924842894077301,-0.5088186264038086,-0.07332687787703662,0.2060810625553131,-0.209850013256073,-0.08737643025807529,0.3717362582683563,-0.1928974986076355,-0.11745054982594638,0.31783202290534973,-0.17937231063842773,-0.11788209490470081,0.254628449678421,-0.18590736389160156,-0.11207827888421207,0.20910868048667908,-0.0929790735244751,-0.09630694948128848,0.3634791672229767,-0.0864829421043396,-0.1114639859645763,0.30809828639030457,-0.08553189039230347,-0.09214457832268863,0.2468724548816681,-0.09266436100006104,-0.08113954178980975,0.20409712195396423,0.010339319705963135,-0.1025656756012836,0.34990379214286804,0.005364477634429932,-0.10649748854331165,0.3024960458278656,-0.0006256699562072754,-0.0707658823578754,0.24359241127967834,-0.005943000316619873,-0.05151308663181453,0.19563928246498108,0.09456068277359009,-0.10890625379971652,0.30894389748573303,0.07582229375839233,-0.10771966688326984,0.27568700909614563,0.06331706047058105,-0.07895701341323047,0.23038902878761292,0.05711197853088379,-0.06052642650894313,thumbs_up
0.0,0.0,0.0,0.05125224590301514,-0.16104578971862793,-0.011448613376785488,0.13170278072357178,-0.30443429946899414,-0.03676530905948994,0.17310428619384766,-0.41363343596458435,-0.05963263847814915,0.19025427103042603,-0.512662261724472,-0.07593647205220577,0.20228201150894165,-0.21319293975830078,-0.08893389814483044,0.36766839027404785,-0.19646596908569336,-0.11825340800868389,0.3150362968444824,-0.18431198596954346,-0.11808734201775906,0.25332629680633545,-0.19139188528060913,-0.11214921438084957,0.2058960199356079,-0.09539180994033813,-0.09737121873484966,0.3609849810600281,-0.08852797746658325,-0.11145951413499233,0.3072759509086609,-0.08960700035095215,-0.09195302241431591,0.24698138236999512,-0.09721440076828003,-0.0813302528201234,0.20115721225738525,0.008299648761749268,-0.10302723758803722,0.34779298305511475,0.004202663898468018,-0.10640107654916164,0.3010662794113159,-0.003287076950073242,-0.07085296326266644,0.24227923154830933,-0.00847315788269043,-0.052134571605790825,0.19276368618011475,0.09223127365112305,-0.10884968751059887,0.30670231580734253,0.07459968328475952,-0.10732463561879513,0.2732151746749878,0.06095588207244873,-0.07845181041346905,0.2268686294555664,0.0554661750793457,-0.060241403066982,thumbs_up
0.0,0.0,0.0,0.05244511365890503,-0.15725260972976685,-0.012847193088077802,0.13265490531921387,-0.2998493015766144,-0.03998172240301301,0.1718389391899109,-0.4126906991004944,-0.06424824478074243,0.1851365566253662,-0.5144363939762115,-0.08201065244122674,0.20493340492248535,-0.20994818210601807,-0.0902269888107412,0.3696252107620239,-0.1908842921257019,-0.11983343543454339,0.3179802894592285,-0.17527180910110474,-0.12023051412745644,0.25699639320373535,-0.18405836820602417,-0.11497003169699838,0.20894718170166016,-0.09170758724212646,-0.0978130433146589,0.3634307384490967,-0.08436203002929688,-0.11161847742243935,0.3097788691520691,-0.08259838819503784,-0.0921522635404699,0.2501106858253479,-0.09205758571624756,-0.08195147993012597,0.2037845253944397,0.012795805931091309,-0.10260105462714364,0.3504742980003357,0.007443428039550781,-0.10625566871806313,0.3032320737838745,0.0026146769523620605,-0.07052219243689706,0.24426835775375366,-0.0033450722694396973,-0.05172295080467393,0.19490575790405273,0.09750580787658691,-0.10753291429921319,0.3056851029396057,0.07869958877563477,-0.10636732311888863,0.2722315788269043,0.0660828948020935,-0.07754992278262307,0.2272803783416748,0.059221625328063965,-0.05935177909179856,thumbs_up
0.0,0.0,0.0,0.05262213945388794,-0.15818297863006592,-0.012180014235639192,0.13310986757278442,-0.3006793260574341,-0.03898142902340851,0.17336082458496094,-0.41398754715919495,-0.06288864715185127,0.18605148792266846,-0.5164304673671722,-0.08047885699357948,0.20516037940979004,-0.20816147327423096,-0.09053512169208489,0.3694634437561035,-0.19058096408843994,-0.11953109754409752,0.3171878457069397,-0.17698705196380615,-0.11925033731546364,0.25596171617507935,-0.18516892194747925,-0.11354132993307076,0.20889919996261597,-0.09077882766723633,-0.09803379578676186,0.3622990846633911,-0.08385622501373291,-0.11158450944509468,0.30797386169433594,-0.08391916751861572,-0.09183036042537651,0.24883592128753662,-0.09295058250427246,-0.08134408546771965,0.20308303833007812,0.013074696063995361,-0.10251533491697273,0.34992045164108276,0.009408295154571533,-0.10594906909551582,0.3025120496749878,0.0024884939193725586,-0.07042752457942925,0.24361830949783325,-0.004003465175628662,-0.051719261986875154,0.19325530529022217,0.09690320491790771,-0.10699319346036873,0.3027135133743286,0.07825833559036255,-0.10583307845678291,0.26975297927856445,0.06448870897293091,-0.07734964294519386,0.22558164596557617,0.0575067400932312,-0.0593003469535347,thumbs_up
0.0,0.0,0.0,0.05321809649467468,-0.1586071252822876,-0.012379011685823116,0.13556379079818726,-0.30182522535324097,-0.038245703640257034,0.17562955617904663,-0.4145106077194214,-0.060805409761940155,0.1872289776802063,-0.5153285562992096,-0.07713230288294426,0.20714950561523438,-0.2162443995475769,-0.08987494892147652,0.3707541227340698,-0.1853313446044922,-0.11802036649254433,0.31866925954818726,-0.17182844877243042,-0.11774448639420143,0.2564464807510376,-0.1844419240951538,-0.11242404914167992,0.2105315923690796,-0.09705227613449097,-0.09666745698717705,0.3612740635871887,-0.08148664236068726,-0.10745559221771828,0.30866968631744385,-0.08068931102752686,-0.08727182036903969,0.24963456392288208,-0.09256726503372192,-0.07773350513247124,0.20424234867095947,0.009859919548034668,-0.1004345673945295,0.34867173433303833,0.012000083923339844,-0.10227876490620247,0.3011741042137146,0.0070632100105285645,-0.06694227791098228,0.24177318811416626,-0.0012614130973815918,-0.04933879858521095,0.19353967905044556,0.09699767827987671,-0.1042223755147802,0.3001302480697632,0.08229464292526245,-0.10287027395037285,0.2650603652000427,0.06962782144546509,-0.07488647437361351,0.21926367282867432,0.061792194843292236,-0.05767931378153435,thumbs_up
0.0,0.0,0.0,0.0534665584564209,-0.1567239761352539,-0.009938282321172665,0.13360899686813354,-0.29910874366760254,-0.034853062021511505,0.1731526255607605,-0.40908125042915344,-0.05737637578226895,0.1871383786201477,-0.5079837739467621,-0.07388387470223279,0.20808124542236328,-0.21599507331848145,-0.08571609704472394,0.3683171272277832,-0.18568986654281616,-0.11357531546332211,0.31795841455459595,-0.17014998197555542,-0.11407635210730405,0.2574842572212219,-0.18238931894302368,-0.10946052371241421,0.21116334199905396,-0.09842288494110107,-0.09452614783026547,0.3597712516784668,-0.08196568489074707,-0.10550883262135358,0.30683469772338867,-0.07854348421096802,-0.0862170517323193,0.24749892950057983,-0.0904967188835144,-0.077152116584557,0.20496410131454468,0.007979631423950195,-0.10033031402804227,0.3481569290161133,0.011212646961212158,-0.10238995997883649,0.3002099394798279,0.007768154144287109,-0.06713471411444516,0.24030327796936035,-0.0010254979133605957,-0.04937675072528691,0.19393038749694824,0.09594696760177612,-0.10603514908530087,0.3005713224411011,0.08229696750640869,-0.10461398808934064,0.2657430171966553,0.0711435079574585,-0.07601435332276196,0.2196965217590332,0.06290346384048462,-0.05813087372757764,thumbs_up
0.0,0.0,0.0,0.05408850312232971,-0.15589922666549683,-0.008905800794650531,0.13507124781608582,-0.29433709383010864,-0.0336260784318938,0.1782325804233551,-0.4037473499774933,-0.05661552659182689,0.19420680403709412,-0.5019983053207397,-0.07369962221889637,0.2138822376728058,-0.21322566270828247,-0.07971608526020191,0.37167730927467346,-0.18230366706848145,-0.10714230573682926,0.32078680396080017,-0.16346341371536255,-0.10872325188427112,0.25799331068992615,-0.17440229654312134,-0.1050439987233176,0.2178458273410797,-0.09879285097122192,-0.08929996824770114,0.36025187373161316,-0.07945752143859863,-0.09838773197441242,0.3080388009548187,-0.07426714897155762,-0.08039882666378162,0.24923202395439148,-0.08627903461456299,-0.07300847656040332,0.2108956277370453,0.007351338863372803,-0.09615231937675617,0.34681466221809387,0.013969838619232178,-0.09640076643734119,0.3001915514469147,0.013131856918334961,-0.06258753574400089,0.24201354384422302,0.004591882228851318,-0.046769893532086826,0.19803759455680847,0.09726154804229736,-0.10300017035513065,0.29812344908714294,0.08652842044830322,-0.09969093537836216,0.2614608108997345,0.0763399600982666,-0.07079498357086322,0.21572449803352356,0.06815391778945923,-0.05320954582600734,thumbs_up
0.0,0.0,0.0,0.05303376913070679,-0.15558338165283203,-0.007092169956763428,0.13461828231811523,-0.2949400544166565,-0.02989894664426629,0.17697840929031372,-0.4029664397239685,-0.050999611155589264,0.19406867027282715,-0.49930474162101746,-0.06628297595818822,0.2119680643081665,-0.21674799919128418,-0.07948459266265218,0.3713971972465515,-0.18476122617721558,-0.10610583751042668,0.3204314112663269,-0.16670358180999756,-0.10639325855811421,0.2576887011528015,-0.1775689721107483,-0.10148513643582646,0.21559327840805054,-0.10155081748962402,-0.08891005395491902,0.35947656631469727,-0.08272737264633179,-0.09724930255254094,0.3068211078643799,-0.07740896940231323,-0.07784147142012898,0.24808508157730103,-0.08886277675628662,-0.06928514270623509,0.2098488211631775,0.004937708377838135,-0.09543256788094823,0.3487156629562378,0.011002838611602783,-0.09530253289779012,0.3008987307548523,0.009675741195678711,-0.0609758677943546,0.24201077222824097,0.0008488893508911133,-0.04461163981397931,0.19907844066619873,0.09457552433013916,-0.10170217184861485,0.3016844391822815,0.08244669437408447,-0.09894709615548436,0.265312135219574,0.07264536619186401,-0.07075804053386037,0.21931761503219604,0.06465840339660645,-0.053448475436766785,thumbs_up
0.0,0.0,0.0,0.05369183421134949,-0.15613532066345215,-0.002747913261089252,0.1271568238735199,-0.29023629426956177,-0.024693252655822562,0.17468026280403137,-0.3956802189350128,-0.046006214010674285,0.19505932927131653,-0.488519549369812,-0.06185417263503723,0.21839776635169983,-0.2115052342414856,-0.06859598322506599,0.36425039172172546,-0.18472552299499512,-0.09085367633696251,0.3184448778629303,-0.16406548023223877,-0.08939772112961464,0.26010528206825256,-0.17372417449951172,-0.08407582356329613,0.22458234429359436,-0.10044610500335693,-0.07951574041243248,0.3578823506832123,-0.0873449444770813,-0.08470308794375114,0.31150028109550476,-0.07923644781112671,-0.06666809334154777,0.2550150454044342,-0.08840042352676392,-0.05919846533532791,0.21979984641075134,0.0033193230628967285,-0.08711534752245598,0.3443538248538971,0.006003975868225098,-0.08388958140011482,0.30280426144599915,0.008426547050476074,-0.052532106775004195,0.24804958701133728,0.001468658447265625,-0.03866437091227226,0.2082836925983429,0.09205704927444458,-0.09411986930962257,0.3003701865673065,0.07779955863952637,-0.08850857629175835,0.2651536762714386,0.07072919607162476,-0.06096674888129883,0.22226819396018982,0.06478947401046753,-0.04413595809336357,thumbs_up
0.0,0.0,0.0,0.05302143096923828,-0.15567779541015625,-0.001504450111042388,0.1278497576713562,-0.292024701833725,-0.02160908934320105,0.174510657787323,-0.3993881940841675,-0.04126828816379202,0.19521629810333252,-0.49201858043670654,-0.055826256988893874,0.21595793962478638,-0.21662616729736328,-0.06554382201875342,0.3610583543777466,-0.1862398386001587,-0.08628053870643271,0.3159540891647339,-0.16422110795974731,-0.08495023009027136,0.2582632899284363,-0.17393380403518677,-0.08002942707980765,0.22263365983963013,-0.10645627975463867,-0.07630363759244574,0.35585135221481323,-0.09087991714477539,-0.08011011686767233,0.3114039897918701,-0.08204609155654907,-0.06276998576367987,0.2556542158126831,-0.09309881925582886,-0.055888525216232665,0.21826601028442383,-0.003047168254852295,-0.0836429586693157,0.34560590982437134,0.0006043910980224609,-0.07910331246102942,0.3051559329032898,0.0028895139694213867,-0.04852428939784659,0.25102853775024414,-0.005472004413604736,-0.03532583919013632,0.20750397443771362,0.08547908067703247,-0.09026399162257803,0.3006061911582947,0.07073849439620972,-0.08435033914292944,0.26801353693008423,0.06364727020263672,-0.057854532270084746,0.22697210311889648,0.056835293769836426,-0.0418096697017063,thumbs_up
0.0,0.0,0.0,0.04946446418762207,-0.15630781650543213,-0.0013007408483076688,0.11437666416168213,-0.2887749671936035,-0.020497580152948558,0.16060751676559448,-0.39240220189094543,-0.03988447142859286,0.18389892578125,-0.48023271560668945,-0.054108363670309245,0.21861940622329712,-0.21962076425552368,-0.05200867829938716,0.344717800617218,-0.1898401975631714,-0.06839760122915095,0.3048010468482971,-0.16765481233596802,-0.06750603495260066,0.2539101839065552,-0.1755063533782959,-0.0643296810807783,0.22943484783172607,-0.1110835075378418,-0.06334680048843211,0.3484359383583069,-0.09630906581878662,-0.06399969486614054,0.30740785598754883,-0.08597797155380249,-0.04921013591905421,0.2546083927154541,-0.09430837631225586,-0.04459365187307185,0.22853899002075195,-0.009354829788208008,-0.07184149799962825,0.33945661783218384,-0.00020778179168701172,-0.06479406086822337,0.3000142574310303,0.0016953349113464355,-0.037183703017433345,0.24801158905029297,-0.006334185600280762,-0.02657878315170592,0.21940374374389648,0.07961583137512207,-0.08010569689889735,0.2975028157234192,0.07368260622024536,-0.07157680122276133,0.2627401351928711,0.06716954708099365,-0.04654238848110026,0.2233707308769226,0.0608486533164978,-0.031934899372060954,thumbs_up
0.0,0.0,0.0,0.039889752864837646,-0.15584099292755127,-0.0011226555925532011,0.10266989469528198,-0.2868468165397644,-0.019864746149323764,0.15237635374069214,-0.3886476159095764,-0.039307568933509174,0.1804441213607788,-0.4734891653060913,-0.053940747644446674,0.21309161186218262,-0.227156400680542,-0.04523066874935466,0.3345334529876709,-0.19716721773147583,-0.0606613352556451,0.2999001145362854,-0.17132586240768433,-0.0608858547766431,0.2513514757156372,-0.17463606595993042,-0.05865616049959499,0.22583186626434326,-0.12331730127334595,-0.057360411401532474,0.3393784165382385,-0.10417675971984863,-0.056422536041282,0.29908424615859985,-0.08918529748916626,-0.042096846516869846,0.2470031976699829,-0.09623169898986816,-0.037907507981799426,0.226723313331604,-0.02352839708328247,-0.06734569814398128,0.33619654178619385,-0.01349020004272461,-0.059640970792315784,0.29659515619277954,-0.006459176540374756,-0.03209647234871227,0.24456185102462769,-0.013668179512023926,-0.021699524264477077,0.21831709146499634,0.06561911106109619,-0.07744484838440258,0.2957115173339844,0.06199604272842407,-0.06874361332847911,0.2598460912704468,0.061488330364227295,-0.04355973448946315,0.21897166967391968,0.056008756160736084,-0.02877804894342262,thumbs_up
0.0,0.0,0.0,0.04305502772331238,-0.1535196304321289,-0.001101275706105298,0.10703524947166443,-0.2821056842803955,-0.019864304606244332,0.15377381443977356,-0.3809088468551636,-0.038982926551625496,0.17900440096855164,-0.4644853174686432,-0.05335187787227369,0.21459904313087463,-0.21877717971801758,-0.0486380929689858,0.33576658368110657,-0.18400537967681885,-0.06560399631075597,0.29853370785713196,-0.16218680143356323,-0.06677689651064611,0.24739661812782288,-0.17029350996017456,-0.06517476836256719,0.22506341338157654,-0.11616986989974976,-0.061642373595759636,0.34006598591804504,-0.09561073780059814,-0.06256358573250509,0.29933425784111023,-0.08274877071380615,-0.049609704558179146,0.24722746014595032,-0.09212130308151245,-0.0464393856566403,0.2245199978351593,-0.01663130521774292,-0.07220723727755285,0.33601775765419006,-0.006861448287963867,-0.06704838821701742,0.294249564409256,-0.00012040138244628906,-0.03954003253988958,0.24232164025306702,-0.0072547197341918945,-0.028869651873037583,0.2144927680492401,0.07228744029998779,-0.08262345442585683,0.2969006597995758,0.06684249639511108,-0.07625736543946005,0.2595936954021454,0.06572437286376953,-0.050500529501960045,0.21755459904670715,0.0604172945022583,-0.035106519852206475,thumbs_up
0.0,0.0,0.0,0.03837007284164429,-0.15447288751602173,0.0016290291742393492,0.09757623076438904,-0.28621870279312134,-0.015492414583547998,0.14196911454200745,-0.3896339535713196,-0.033798507873996186,0.16623470187187195,-0.4734143614768982,-0.04744557244060843,0.21016421914100647,-0.23477518558502197,-0.04046048176763861,0.32872137427330017,-0.20313936471939087,-0.05426782694934218,0.2959732115268707,-0.17512398958206177,-0.053865588729365754,0.24802294373512268,-0.17811906337738037,-0.05138370347498267,0.22467884421348572,-0.1317152976989746,-0.05361923528192847,0.3341399133205414,-0.11301171779632568,-0.04999691945789664,0.2959999740123749,-0.09467202425003052,-0.03548418310759871,0.2456015646457672,-0.10060405731201172,-0.03179584023831694,0.2273845374584198,-0.032009899616241455,-0.0645933817076525,0.3312738239765167,-0.02314305305480957,-0.05454009351609557,0.29271283745765686,-0.012989461421966553,-0.027448702131493974,0.24166664481163025,-0.019132018089294434,-0.01802951050279944,0.22073444724082947,0.057931482791900635,-0.07558136386154501,0.2943764626979828,0.05164980888366699,-0.06546126258848517,0.25984880328178406,0.05333089828491211,-0.04054920700667708,0.21978768706321716,0.04873174428939819,-0.026259721716030526,thumbs_up
0.0,0.0,0.0,0.04010814428329468,-0.1532268524169922,-0.00023433619253410143,0.09978431463241577,-0.28235721588134766,-0.018975569554186222,0.14536631107330322,-0.38441723585128784,-0.0386184162130121,0.1694534420967102,-0.46872758865356445,-0.05363852592608964,0.21410971879959106,-0.22713547945022583,-0.044645839058375714,0.3297908306121826,-0.19566935300827026,-0.06030742140910661,0.2923853397369385,-0.16967540979385376,-0.061910838507628796,0.2416999340057373,-0.17590415477752686,-0.061046977215028164,0.2268863320350647,-0.12715691328048706,-0.05792678209445512,0.33535927534103394,-0.1072460412979126,-0.056400575362658856,0.2949784994125366,-0.09148269891738892,-0.04306139858863389,0.2440807819366455,-0.10034191608428955,-0.040567957483744976,0.22773289680480957,-0.02888345718383789,-0.06892257990739381,0.3329423666000366,-0.016676485538482666,-0.062269129477954266,0.29136043787002563,-0.009000957012176514,-0.034830365948891995,0.23970991373062134,-0.016262829303741455,-0.024891863264656422,0.21885263919830322,0.05987149477005005,-0.07981800349853074,0.29788845777511597,0.056630611419677734,-0.07172704549930131,0.25976258516311646,0.056262969970703125,-0.04532188611528909,0.21738791465759277,0.050299644470214844,-0.029975021876907704,thumbs_up
0.0,0.0,0.0,0.03515198826789856,-0.15592807531356812,-0.0015524137034503838,0.0905156135559082,-0.28700563311576843,-0.01958027775077653,0.13517433404922485,-0.3896516263484955,-0.03866584705798459,0.1598367691040039,-0.47301533818244934,-0.05303129660575223,0.21170014142990112,-0.2359558343887329,-0.03707303586094213,0.31920379400253296,-0.2076857089996338,-0.05129703241078687,0.28689026832580566,-0.1815665364265442,-0.0535346764573319,0.23950457572937012,-0.18303215503692627,-0.05312043535201383,0.22729092836380005,-0.13478130102157593,-0.049148698473857166,0.3258519768714905,-0.1189691424369812,-0.04594157742945981,0.28860682249069214,-0.10164868831634521,-0.033705038155005695,0.23929476737976074,-0.10503649711608887,-0.03155060591785741,0.23001450300216675,-0.036538779735565186,-0.05975650730221105,0.32421576976776123,-0.029903054237365723,-0.0511865179487927,0.2870088815689087,-0.020253300666809082,-0.026430276359008076,0.23756885528564453,-0.023375868797302246,-0.01803935798494649,0.22281676530838013,0.05278885364532471,-0.07074203448979688,0.2912437915802002,0.046756863594055176,-0.061861940796063664,0.2567065954208374,0.0481870174407959,-0.037931312943385365,0.2169237732887268,0.0451359748840332,-0.023738923619077923,thumbs_up
0.0,0.0,0.0,0.033366888761520386,-0.15676486492156982,0.0005694060636187714,0.08783605694770813,-0.2889249920845032,-0.01554219432375703,0.13351306319236755,-0.3904905915260315,-0.0324878861030129,0.15799525380134583,-0.4708128571510315,-0.04475018575988088,0.211579829454422,-0.24308046698570251,-0.03466416716776166,0.3124763071537018,-0.2196563482284546,-0.04429776787958417,0.2820298373699188,-0.19195032119750977,-0.042953046115258076,0.23659494519233704,-0.19015580415725708,-0.04089748308263097,0.2288213074207306,-0.14217817783355713,-0.04722812965712819,0.32168033719062805,-0.12748116254806519,-0.040249990375855305,0.2871834933757782,-0.10832279920578003,-0.026621803717830517,0.23982688784599304,-0.11015439033508301,-0.02417361185155187,0.23281940817832947,-0.04363530874252319,-0.05777229190073285,0.3207571804523468,-0.03983801603317261,-0.046247029753544666,0.28576162457466125,-0.02758115530014038,-0.0217421837916163,0.238366037607193,-0.028684139251708984,-0.01437386784903083,0.226799875497818,0.047426819801330566,-0.06848376065693174,0.29031553864479065,0.03622657060623169,-0.05853144273362432,0.25656262040138245,0.040314674377441406,-0.03474006995759282,0.2181241810321808,0.03967684507369995,-0.020817464294054844,thumbs_up
0.0,0.0,0.0,0.03179273009300232,-0.15560126304626465,0.00020419163575979837,0.08338025212287903,-0.28653979301452637,-0.016130725032951432,0.1274975836277008,-0.38897693157196045,-0.033780338353778916,0.1508714258670807,-0.4710392355918884,-0.046827407664920884,0.20906034111976624,-0.23549339175224304,-0.031957930065061646,0.3083483874797821,-0.21334445476531982,-0.041337749100591736,0.27853479981422424,-0.18555492162704468,-0.04059321630683144,0.23365691304206848,-0.18442732095718384,-0.039166720695163804,0.22675952315330505,-0.1382196545600891,-0.04425200644817551,0.3186394274234772,-0.1245378851890564,-0.03771282557335098,0.28475162386894226,-0.10695505142211914,-0.025155659876133996,0.23636314272880554,-0.10956156253814697,-0.023176448530819016,0.2304815948009491,-0.042795419692993164,-0.05480439413275917,0.3152458965778351,-0.037338972091674805,-0.04339435148921211,0.280683308839798,-0.02681952714920044,-0.02012485463109215,0.2325325310230255,-0.029076993465423584,-0.013405818603303032,0.22367653250694275,0.04556584358215332,-0.0657233094045182,0.28337427973747253,0.039955198764801025,-0.05588548827853401,0.250592976808548,0.040722012519836426,-0.03352470893349846,0.21137592196464539,0.035495221614837646,-0.020608013606931763,thumbs_up
0.0,0.0,0.0,0.02855926752090454,-0.1559673547744751,-0.0040626076132639355,0.08065885305404663,-0.29066723585128784,-0.02101416486209473,0.12439215183258057,-0.3960314393043518,-0.0387550049543961,0.14732128381729126,-0.47982367873191833,-0.0515583359718903,0.2096511721611023,-0.24547645449638367,-0.02885534214681229,0.30041855573654175,-0.22262871265411377,-0.036454913866577954,0.27019983530044556,-0.1940399408340454,-0.03538676510459027,0.2265915870666504,-0.19046950340270996,-0.03402400175934872,0.22729426622390747,-0.14501643180847168,-0.03912792886501393,0.3137741684913635,-0.1329008936882019,-0.03286024714714131,0.2796288728713989,-0.11339926719665527,-0.02212835076159081,0.2312413454055786,-0.11300075054168701,-0.02067687894111714,0.23069781064987183,-0.04799091815948486,-0.04809553707843861,0.3088924288749695,-0.0465967059135437,-0.03681096966272435,0.2755032181739807,-0.03327071666717529,-0.01499412461078009,0.22855383157730103,-0.03317970037460327,-0.008541821231005997,0.2227270007133484,0.04117321968078613,-0.05781615684634289,0.2823079824447632,0.031041443347930908,-0.046671448004303784,0.25056082010269165,0.03430438041687012,-0.023631108653603405,0.21156853437423706,0.03175687789916992,-0.009987179850099892,thumbs_up
0.0,0.0,0.0,0.029612600803375244,-0.15852200984954834,0.001611705730738322,0.08081269264221191,-0.291897714138031,-0.012614115978522022,0.12561577558517456,-0.3972282409667969,-0.028344033191842755,0.14858001470565796,-0.4803354740142822,-0.039427481497568806,0.21266049146652222,-0.24756595492362976,-0.02390255210821124,0.3035390377044678,-0.2252863645553589,-0.028927838335675915,0.2711520791053772,-0.19762778282165527,-0.026810616160673817,0.22565394639968872,-0.19625568389892578,-0.02515650531177016,0.23170959949493408,-0.14931219816207886,-0.03531695520405265,0.3138669729232788,-0.1395137906074524,-0.02489741882209273,0.28088366985321045,-0.12108641862869263,-0.013019404279930313,0.2331487536430359,-0.12055546045303345,-0.011934678907437046,0.2361593246459961,-0.05304062366485596,-0.0448467842293212,0.3106594681739807,-0.05403488874435425,-0.030705576668424328,0.2794591784477234,-0.04137498140335083,-0.009222498069448193,0.2326589822769165,-0.0407368540763855,-0.0038907799394110043,0.22990602254867554,0.03563803434371948,-0.05459471410040351,0.28578025102615356,0.022544145584106445,-0.042787272388977726,0.2549704313278198,0.02612936496734619,-0.020636841560644825,0.21609652042388916,0.024655520915985107,-0.007767569179577549,thumbs_up
0.0,0.0,0.0,0.02183753252029419,-0.15720033645629883,-0.006642130654086031,0.0700904130935669,-0.29203173518180847,-0.02465179654188887,0.11234575510025024,-0.40288248658180237,-0.04228809567518965,0.13275635242462158,-0.4919421970844269,-0.05499344410725371,0.20671415328979492,-0.2500867247581482,-0.029598266802508988,0.2910149097442627,-0.23713907599449158,-0.03214691298433081,0.2581747770309448,-0.20910745859146118,-0.028462997622568764,0.21614521741867065,-0.20365506410598755,-0.026462064109523453,0.22891515493392944,-0.14959025382995605,-0.035762728176791825,0.3032323122024536,-0.15338504314422607,-0.02507226446994082,0.26629817485809326,-0.13527703285217285,-0.013639207914252438,0.22042113542556763,-0.12849444150924683,-0.012848114579696812,0.2347043752670288,-0.053547561168670654,-0.04003397094436423,0.3055797815322876,-0.06835246086120605,-0.02628555426724688,0.27161699533462524,-0.056664228439331055,-0.005510215632398285,0.22628146409988403,-0.05057084560394287,-0.0004061874782337327,0.23016256093978882,0.03277021646499634,-0.04480914863177077,0.2842153310775757,0.008096694946289062,-0.03334689231940047,0.2527514100074768,0.010874807834625244,-0.011243251137216248,0.21593642234802246,0.015104413032531738,0.001757220263812087,thumbs_up
0.0,0.0,0.0,0.02494180202484131,-0.15763580799102783,-0.004254369668558411,0.07090264558792114,-0.2893540859222412,-0.02198737081874924,0.112865149974823,-0.39520153403282166,-0.0399093978552969,0.13310712575912476,-0.48002466559410095,-0.053018944010034375,0.20593547821044922,-0.23862862586975098,-0.03276980821777897,0.29299813508987427,-0.2320314347743988,-0.038231769248739056,0.257810115814209,-0.2074303925037384,-0.03594542820741253,0.21222984790802002,-0.20159697532653809,-0.03414792348434048,0.22708427906036377,-0.14073413610458374,-0.04050960917760449,0.3049294352531433,-0.14968961477279663,-0.03111055460561829,0.27005118131637573,-0.13562655448913574,-0.019913490533724598,0.22467344999313354,-0.1288946270942688,-0.01928150434781628,0.23097264766693115,-0.04651224613189697,-0.04604358379532414,0.30463576316833496,-0.06423598527908325,-0.033518207862869076,0.2721390724182129,-0.056013405323028564,-0.013077122762695126,0.2275962233543396,-0.04922217130661011,-0.008025759503141217,0.2244977355003357,0.03916442394256592,-0.051814542755380444,0.2810373306274414,0.011948764324188232,-0.04177986238886433,0.2510719895362854,0.010440587997436523,-0.020279489129677586,0.21517813205718994,0.014291226863861084,-0.007455946549669079,thumbs_up
0.0,0.0,0.0,0.02183094620704651,-0.15660512447357178,-0.005086950843065097,0.06533929705619812,-0.28780853748321533,-0.024246143993764235,0.1063825786113739,-0.3968418836593628,-0.04300398833754571,0.1254042088985443,-0.4848717749118805,-0.056809973788290336,0.20125386118888855,-0.24788373708724976,-0.03293748281600983,0.2865212857723236,-0.23651659488677979,-0.03484669781926186,0.25604209303855896,-0.20686185359954834,-0.029074220803408934,0.2152397334575653,-0.20027491450309753,-0.025603811141877486,0.22518816590309143,-0.15007787942886353,-0.03941905580165894,0.29929396510124207,-0.15491771697998047,-0.027271664586692168,0.263475626707077,-0.13590764999389648,-0.014117978398530795,0.21898457407951355,-0.12885957956314087,-0.012505310472874953,0.23185303807258606,-0.0551685094833374,-0.043471810293226554,0.30143818259239197,-0.06950807571411133,-0.027996824008255317,0.268400102853775,-0.058296144008636475,-0.006867526450037076,0.2233351171016693,-0.05311030149459839,-0.002269652557401969,0.2279321849346161,0.03188687562942505,-0.04785223386886628,0.2746224105358124,0.006941676139831543,-0.036151532900362326,0.24383142590522766,0.00865083932876587,-0.014978429187863185,0.20850887894630432,0.01161283254623413,-0.0027351084880820054,thumbs_up
0.0,0.0,0.0,0.020340830087661743,-0.156305193901062,-0.0070672454626219405,0.061813294887542725,-0.2858586609363556,-0.027681882990236772,0.10270774364471436,-0.39607691764831543,-0.046979471606846346,0.11970049142837524,-0.4848064184188843,-0.061379558903809084,0.20224547386169434,-0.24349310994148254,-0.04105532498442699,0.28325921297073364,-0.23686432838439941,-0.04225077064120342,0.25203657150268555,-0.2067994475364685,-0.03433711410843898,0.21005016565322876,-0.19818565249443054,-0.02943105579697658,0.22588443756103516,-0.1456066370010376,-0.04583940984093715,0.29628288745880127,-0.15367984771728516,-0.03359343068086673,0.2593346834182739,-0.1367155909538269,-0.01902109899901916,0.21497595310211182,-0.1283746361732483,-0.01670047411107589,0.2300199270248413,-0.05023837089538574,-0.04751185284339954,0.29741549491882324,-0.06416964530944824,-0.03232549460017253,0.26463162899017334,-0.05641007423400879,-0.01132236191415359,0.2198946475982666,-0.05031305551528931,-0.007047113993849052,0.22378313541412354,0.03638625144958496,-0.049331385208006395,0.2698174715042114,0.012450754642486572,-0.038193996561403765,0.23878389596939087,0.010942459106445312,-0.017496758637662424,0.20289814472198486,0.01368093490600586,-0.005669467182542576,thumbs_up
0.0,0.0,0.0,0.02166178822517395,-0.15462183952331543,-0.005717088250605684,0.06388568878173828,-0.28610000014305115,-0.024613056114105802,0.10398489236831665,-0.3954979181289673,-0.04290981010177575,0.12136030197143555,-0.48237553238868713,-0.05643439084866486,0.203149676322937,-0.24185246229171753,-0.03867853597381554,0.2845398783683777,-0.23572227358818054,-0.04065206066348992,0.2515001893043518,-0.2085210382938385,-0.03363325238802872,0.2094166874885559,-0.20306795835494995,-0.029402253931550604,0.2261248230934143,-0.14522004127502441,-0.04455770716646157,0.2968587279319763,-0.1503797173500061,-0.03259639233925782,0.26055383682250977,-0.1347106695175171,-0.01835337445714913,0.21752816438674927,-0.12875080108642578,-0.01633301541784249,0.2303687334060669,-0.05105191469192505,-0.04749828369000397,0.2979455590248108,-0.0635034441947937,-0.03275861010530434,0.2652509808540344,-0.05578559637069702,-0.011935108123509508,0.22087132930755615,-0.05019247531890869,-0.007565195920108181,0.22434395551681519,0.03494173288345337,-0.05067017466404877,0.270333468914032,0.01312190294265747,-0.0396026426611229,0.23981904983520508,0.011159241199493408,-0.01905956470051251,0.20456773042678833,0.01304173469543457,-0.00724463003331266,thumbs_up
0.0,0.0,0.0,0.023050278425216675,-0.1545196771621704,-0.0016092647016989758,0.06672489643096924,-0.2871186435222626,-0.01871518564047392,0.10681337118148804,-0.3944575786590576,-0.035746303914208966,0.12427890300750732,-0.48011502623558044,-0.04856570955934103,0.20599061250686646,-0.24103307723999023,-0.03583618026794966,0.28587281703948975,-0.232413649559021,-0.03719040897311743,0.2534281015396118,-0.20555540919303894,-0.030844574390073376,0.2104533314704895,-0.2007359266281128,-0.026952327756305294,0.22676199674606323,-0.1452968716621399,-0.04281934124054487,0.3001003861427307,-0.14882487058639526,-0.02984560054363783,0.2636576294898987,-0.13357782363891602,-0.015621880596597748,0.21835964918136597,-0.12902623414993286,-0.013636285966356354,0.22878724336624146,-0.050924479961395264,-0.046356761423965054,0.299598753452301,-0.06072503328323364,-0.02985034470083292,0.26722514629364014,-0.054119765758514404,-0.008678391171713429,0.2214202880859375,-0.05096161365509033,-0.004405187038798886,0.22055882215499878,0.03554236888885498,-0.049691410331149655,0.26840513944625854,0.013255894184112549,-0.03642416891278799,0.23754721879959106,0.010434508323669434,-0.014631741276105004,0.20138323307037354,0.01069486141204834,-0.00240598136196013,thumbs_up
0.0,0.0,0.0,0.02211582660675049,-0.15430855751037598,-0.002262131163547565,0.06469929218292236,-0.2864294648170471,-0.019693603824521233,0.10498452186584473,-0.3934533894062042,-0.03688419060006254,0.12380415201187134,-0.47859060764312744,-0.049729531716252495,0.20470738410949707,-0.24109959602355957,-0.036051264118100335,0.28451007604599,-0.2297362983226776,-0.037262203257228066,0.25025278329849243,-0.20210495591163635,-0.03085171067311876,0.20817089080810547,-0.19905808568000793,-0.02720807873799913,0.22673547267913818,-0.14505469799041748,-0.04320473418727033,0.2991825342178345,-0.14579617977142334,-0.029573706995392968,0.2630752921104431,-0.1283780336380005,-0.015114020641590287,0.21919721364974976,-0.12377309799194336,-0.013147640127385785,0.2305055856704712,-0.05093204975128174,-0.0470115152110111,0.2979910373687744,-0.06010323762893677,-0.029728775929356743,0.2655007839202881,-0.0503886342048645,-0.008474121886933972,0.2208450436592102,-0.046447694301605225,-0.004489693876053025,0.22413086891174316,0.035645365715026855,-0.05081526757373922,0.2683154344558716,0.013407528400421143,-0.03739562452926748,0.23649060726165771,0.013705432415008545,-0.01578421340479963,0.20101279020309448,0.015801608562469482,-0.0037281693347495093,thumbs_up
0.0,0.0,0.0,0.021308422088623047,-0.15568077564239502,-0.004678982327391168,0.06292223930358887,-0.28876563906669617,-0.023161777778227588,0.10282284021377563,-0.39639151096343994,-0.04061832979198243,0.12192362546920776,-0.48191556334495544,-0.05344640791292932,0.20485937595367432,-0.24143677949905396,-0.03870625749107148,0.28253400325775146,-0.23499217629432678,-0.0394032779323652,0.24798882007598877,-0.2097659409046173,-0.0322410869586065,0.20628702640533447,-0.20515570044517517,-0.028087421803434154,0.22856104373931885,-0.14470785856246948,-0.04388190761085298,0.29755979776382446,-0.15279757976531982,-0.03110653862233903,0.26012808084487915,-0.13822728395462036,-0.016583362145979663,0.21640217304229736,-0.13143008947372437,-0.014173357299227973,0.2327589988708496,-0.05191850662231445,-0.04565788015599992,0.29763323068618774,-0.06628769636154175,-0.028870703204233905,0.26510411500930786,-0.05877417325973511,-0.008065468183417579,0.22073453664779663,-0.053053081035614014,-0.004066650307436248,0.22672522068023682,0.031856000423431396,-0.047527066914994975,0.26816296577453613,0.007468760013580322,-0.03454623326535966,0.23724251985549927,0.007166624069213867,-0.013788557163138648,0.2030898928642273,0.010741829872131348,-0.002074067498256227,thumbs_up
0.0,0.0,0.0,0.020382821559906006,-0.15494894981384277,-0.005359157246516588,0.06170076131820679,-0.28743991255760193,-0.024309184660182837,0.10183346271514893,-0.39529675245285034,-0.04227782439159,0.12047356367111206,-0.48151037096977234,-0.055522080768810156,0.20434123277664185,-0.24159854650497437,-0.03878543179200733,0.2829568386077881,-0.23433077335357666,-0.03999221350716198,0.24796128273010254,-0.2071712613105774,-0.03331908609436596,0.20648342370986938,-0.20230543613433838,-0.029510161166058424,0.2284477949142456,-0.14449405670166016,-0.04387033011482799,0.29845643043518066,-0.15123820304870605,-0.03106036994324768,0.26120275259017944,-0.13535034656524658,-0.016605783511863592,0.21807748079299927,-0.128886878490448,-0.014345980507300737,0.23279792070388794,-0.051474928855895996,-0.04572613935636127,0.298544704914093,-0.06537133455276489,-0.028923152272568586,0.2660410404205322,-0.05762666463851929,-0.00807409200535858,0.22193783521652222,-0.052350759506225586,-0.004083678384290579,0.22661787271499634,0.03216797113418579,-0.04777909096048916,0.26879191398620605,0.007859289646148682,-0.034802224745021704,0.23822420835494995,0.00700300931930542,-0.014069536027477625,0.20398634672164917,0.00999218225479126,-0.0023758304556622534,thumbs_up
0.0,0.0,0.0,0.020654737949371338,-0.15518707036972046,-0.004989171840293238,0.06185370683670044,-0.2881387174129486,-0.024059822291178534,0.10169166326522827,-0.39673125743865967,-0.0418248879462908,0.11982375383377075,-0.48384085297584534,-0.05478083293144209,0.2034648060798645,-0.24610143899917603,-0.03985666807000143,0.2823367118835449,-0.2379620373249054,-0.038639038309497664,0.24798530340194702,-0.2106861174106598,-0.029497183367652724,0.20657294988632202,-0.20584455132484436,-0.024319635212464163,0.22809439897537231,-0.14846724271774292,-0.04445075194541914,0.29690539836883545,-0.15702801942825317,-0.03007799710337622,0.25949639081954956,-0.14047938585281372,-0.014650864034933875,0.21591877937316895,-0.13315904140472412,-0.01211435671154959,0.23309266567230225,-0.05459785461425781,-0.045357651516837905,0.29936766624450684,-0.0717310905456543,-0.027467343464536498,0.2671439051628113,-0.062362611293792725,-0.00630178020526273,0.2225683331489563,-0.055738627910614014,-0.002494070187253783,0.22809207439422607,0.029574096202850342,-0.04625136728589041,0.2713487148284912,0.0007922649383544922,-0.03294106151167853,0.24105066061019897,0.0017365813255310059,-0.01212707112733824,0.20718568563461304,0.006758749485015869,-0.0005331843016165294,thumbs_up
0.0,0.0,0.0,0.016359716653823853,-0.15705132484436035,-0.006364024781817079,0.05276140570640564,-0.29038965702056885,-0.02706716263406861,0.09294739365577698,-0.3981242775917053,-0.04627925211303818,0.11268368363380432,-0.4848405718803406,-0.06068614179008591,0.19431695342063904,-0.24745357036590576,-0.043740984589987875,0.2731375992298126,-0.24178192019462585,-0.04439445638769257,0.24085429310798645,-0.21422797441482544,-0.03551615083330262,0.19876429438591003,-0.2081190049648285,-0.030035755203300596,0.22084280848503113,-0.1499495506286621,-0.04839204305523026,0.28774294257164,-0.15986865758895874,-0.03588042089455712,0.2515049874782562,-0.14335209131240845,-0.020863293276363493,0.20835945010185242,-0.13461953401565552,-0.018624470175439,0.2277550995349884,-0.05619686841964722,-0.049437527151042104,0.291721910238266,-0.07372725009918213,-0.033575237334900976,0.2598288953304291,-0.0638473629951477,-0.012289482706421495,0.21561554074287415,-0.05523878335952759,-0.008264962190025926,0.22467824816703796,0.028294622898101807,-0.05052961090319741,0.2677033245563507,0.0008633732795715332,-0.03933602997773278,0.2364979088306427,0.002848386764526367,-0.01865375468247521,0.20181170105934143,0.009383976459503174,-0.006875604463004947,thumbs_up
0.0,0.0,0.0,0.017697423696517944,-0.15693771839141846,-0.006152529830558251,0.055706292390823364,-0.29014596343040466,-0.02568615796275253,0.0947096049785614,-0.3976512849330902,-0.04390643546588535,0.11402234435081482,-0.4830547571182251,-0.057535432374550055,0.19669434428215027,-0.2476169466972351,-0.04261339465386982,0.2747527062892914,-0.24411419034004211,-0.04454529667503948,0.2422548234462738,-0.21484893560409546,-0.03774143019921894,0.2012418806552887,-0.2070644497871399,-0.03374018157131786,0.22290495038032532,-0.15076082944869995,-0.047858480459524344,0.29037222266197205,-0.15950137376785278,-0.03505205000050182,0.25464025139808655,-0.14201855659484863,-0.02054838473208065,0.2122001349925995,-0.13407063484191895,-0.018693948260022353,0.22881600260734558,-0.056800901889801025,-0.04974408084757442,0.2936778962612152,-0.07474768161773682,-0.033707354313207816,0.26134398579597473,-0.0646018385887146,-0.012679766959024619,0.21789470314979553,-0.05688583850860596,-0.00881887795634384,0.2237381637096405,0.028782188892364502,-0.05176015580303783,0.26481470465660095,0.0014936327934265137,-0.040308382457567404,0.2343558967113495,0.0027138590812683105,-0.019563386312199782,0.20076754689216614,0.00748831033706665,-0.00770319961242194,thumbs_up
0.0,0.0,0.0,0.019733190536499023,-0.15452146530151367,-0.005361001033747925,0.060003817081451416,-0.28518956899642944,-0.025553180862630143,0.09737229347229004,-0.39399802684783936,-0.04471425435360743,0.11362320184707642,-0.48180168867111206,-0.05934222510870768,0.19409650564193726,-0.2473190426826477,-0.04415088987764193,0.2771662473678589,-0.24263465404510498,-0.04655207044299914,0.24662554264068604,-0.21063867211341858,-0.038743843350971474,0.2050911784172058,-0.20296835899353027,-0.03391647434648348,0.21876829862594604,-0.1506415605545044,-0.050331921343172326,0.29021894931793213,-0.15619122982025146,-0.03820237985667063,0.25503015518188477,-0.13638603687286377,-0.022893571321333184,0.2114936113357544,-0.13008242845535278,-0.020656486068332924,0.22452348470687866,-0.05528998374938965,-0.053084486190641655,0.2928033471107483,-0.06929534673690796,-0.03787551543530299,0.26050031185150146,-0.057087600231170654,-0.015620599527323975,0.21563786268234253,-0.05063199996948242,-0.011047539327705636,0.21977472305297852,0.03203988075256348,-0.05584841689881159,0.2658885717391968,0.00840848684310913,-0.04470165914710833,0.234469473361969,0.011035442352294922,-0.02303635611053778,0.1985662579536438,0.014731347560882568,-0.01085980984237267,thumbs_up
0.0,0.0,0.0,0.021741271018981934,-0.15537744760513306,-0.00351912548336486,0.06311488151550293,-0.2871612310409546,-0.022737889751226703,0.10026472806930542,-0.39617031812667847,-0.04126407319250802,0.11443662643432617,-0.4841899275779724,-0.05541662985029916,0.19406187534332275,-0.25036507844924927,-0.04275096693578462,0.2777618169784546,-0.24752187728881836,-0.04506145903411607,0.2476537823677063,-0.21432098746299744,-0.03737742194476823,0.20637893676757812,-0.2064252495765686,-0.032692765086324016,0.2189241647720337,-0.15534913539886475,-0.050205839067132274,0.2926982641220093,-0.16095620393753052,-0.03784217798653344,0.25851333141326904,-0.13883572816848755,-0.02247162090185384,0.21491575241088867,-0.13238906860351562,-0.02019479052665929,0.22538232803344727,-0.06050848960876465,-0.05413222053590516,0.2953176498413086,-0.07345277070999146,-0.038492997377545635,0.2629912495613098,-0.05967611074447632,-0.016279882952005664,0.21775120496749878,-0.053597867488861084,-0.011901661954254905,0.22109436988830566,0.027219057083129883,-0.057987791686684886,0.2672744393348694,0.004112720489501953,-0.04660587125960092,0.2357923984527588,0.007615327835083008,-0.0250505704576085,0.19973605871200562,0.010951340198516846,-0.013110052063495914,thumbs_up
0.0,0.0,0.0,0.022559016942977905,-0.15306824445724487,-0.00359019823122253,0.0656718909740448,-0.2842492163181305,-0.02310925838287403,0.10413101315498352,-0.39182648062705994,-0.04224496264691879,0.12051078677177429,-0.47889623045921326,-0.05684193526144554,0.19324412941932678,-0.24739843606948853,-0.04167145048018028,0.2841029465198517,-0.24017110466957092,-0.048275429054456254,0.25637444853782654,-0.20614027976989746,-0.04404218797321846,0.2136034071445465,-0.19866663217544556,-0.040604586943345566,0.2159387767314911,-0.15178459882736206,-0.05038228188391258,0.2963695824146271,-0.15406298637390137,-0.04107891325588753,0.26322367787361145,-0.1318930983543396,-0.026922608956056138,0.2180103361606598,-0.1268557906150818,-0.02458216924901535,0.22230705618858337,-0.05671274662017822,-0.05625934083695938,0.298443466424942,-0.06660425662994385,-0.04305186425085594,0.2664051353931427,-0.05278658866882324,-0.020124747648196717,0.22063574194908142,-0.047799527645111084,-0.014379599361973305,0.21826615929603577,0.03229743242263794,-0.06224044714804222,0.2708013951778412,0.012694358825683594,-0.052129145010667344,0.2388509213924408,0.016702651977539062,-0.02974954736168911,0.20169487595558167,0.019131898880004883,-0.016759441464500924,thumbs_up
0.0,0.0,0.0,0.02788570523262024,-0.15382063388824463,-0.0030678414785825225,0.07539290189743042,-0.28647008538246155,-0.023111995733302138,0.11211466789245605,-0.3929961919784546,-0.04279682268850138,0.12853574752807617,-0.4808754324913025,-0.05766982441298296,0.19124764204025269,-0.25467997789382935,-0.04730845471374323,0.29860156774520874,-0.23534291982650757,-0.057540676048915884,0.26696300506591797,-0.1994401216506958,-0.05410418515555193,0.22048550844192505,-0.1982317566871643,-0.05054288958660891,0.2115105390548706,-0.15549582242965698,-0.05800513779274752,0.3090200424194336,-0.14847630262374878,-0.05156244193665316,0.2735777497291565,-0.12388962507247925,-0.03642697488419344,0.22516071796417236,-0.12364000082015991,-0.032998102209489844,0.2186381220817566,-0.05630701780319214,-0.06589610730759432,0.30855363607406616,-0.06004369258880615,-0.05486710598222544,0.27299314737319946,-0.044607698917388916,-0.02912051459304621,0.22461193799972534,-0.04314577579498291,-0.021039585075300238,0.21600979566574097,0.03581202030181885,-0.07381753479592135,0.2835267186164856,0.01790672540664673,-0.06446394180409243,0.24923217296600342,0.022854626178741455,-0.0394018129026108,0.20848655700683594,0.023068606853485107,-0.024629613808315298,thumbs_up
0.0,0.0,0.0,0.027329236268997192,-0.15084099769592285,-0.002579341936552737,0.07483360171318054,-0.28404155373573303,-0.02175183460644803,0.11247852444648743,-0.3905075490474701,-0.04090366378954968,0.1296718418598175,-0.477109432220459,-0.05550252140096745,0.18929430842399597,-0.25180304050445557,-0.04690798238448224,0.2987309396266937,-0.23590311408042908,-0.05937436461977086,0.27016153931617737,-0.19994163513183594,-0.056941809659520004,0.22419676184654236,-0.19645583629608154,-0.05349023879102788,0.20996174216270447,-0.15504717826843262,-0.057743570362845276,0.31077077984809875,-0.14813101291656494,-0.052474370753088806,0.2762419879436493,-0.12221640348434448,-0.03699538723162732,0.22859707474708557,-0.12192577123641968,-0.0332793058507832,0.21780827641487122,-0.05691498517990112,-0.06604556605748257,0.31116756796836853,-0.05957508087158203,-0.05728040129474721,0.27364251017570496,-0.04271823167800903,-0.030578373526850555,0.22517189383506775,-0.04135352373123169,-0.021311125313559387,0.21514013409614563,0.03549611568450928,-0.07431090489558301,0.286566823720932,0.020396173000335693,-0.06608842924765668,0.25040820240974426,0.027392089366912842,-0.040575059657612655,0.20947673916816711,0.027563869953155518,-0.025464015608349655,thumbs_up
0.0,0.0,0.0,0.03278443217277527,-0.1484023928642273,1.3638171196816984e-05,0.08294069766998291,-0.2831909656524658,-0.01881753163632993,0.11904454231262207,-0.3893057703971863,-0.03747153165039663,0.13842076063156128,-0.47328734397888184,-0.05154005320963506,0.18748432397842407,-0.25045838952064514,-0.05291436122951154,0.3056578040122986,-0.23282018303871155,-0.06579469772276525,0.27292394638061523,-0.19616764783859253,-0.061252019128176016,0.2243950366973877,-0.19390112161636353,-0.05605877073702459,0.2060157060623169,-0.15222233533859253,-0.06499975057539586,0.31791573762893677,-0.1457899808883667,-0.06158502282795553,0.2799326777458191,-0.11905723810195923,-0.04429910959896688,0.22908920049667358,-0.11968642473220825,-0.03873706491884832,0.2136405110359192,-0.05263113975524902,-0.07375423493084554,0.31626272201538086,-0.05423617362976074,-0.06481663765606527,0.27559733390808105,-0.036891818046569824,-0.03563123824295644,0.22528076171875,-0.037683188915252686,-0.024908537736507697,0.2113669514656067,0.041325926780700684,-0.08207454415259008,0.2887668013572693,0.026056230068206787,-0.07292085768875722,0.2502424120903015,0.03367722034454346,-0.04589682700333242,0.20886754989624023,0.03283601999282837,-0.030234592726799292,thumbs_up
0.0,0.0,0.0,0.031188368797302246,-0.15082073211669922,-0.003857951872760168,0.08246517181396484,-0.28417477011680603,-0.023521942115166894,0.12150949239730835,-0.39178532361984253,-0.0426975032601149,0.14003127813339233,-0.47896608710289,-0.05683518483374428,0.18910932540893555,-0.2513268291950226,-0.05097374229762863,0.30705809593200684,-0.23545438051223755,-0.06481123252842735,0.27602553367614746,-0.1999264657497406,-0.061416412732341996,0.22814702987670898,-0.19626671075820923,-0.056873611203172914,0.2090168595314026,-0.15359580516815186,-0.06122285409901451,0.31819307804107666,-0.1498579978942871,-0.05992099552486252,0.2806612253189087,-0.1247483491897583,-0.04425966276858162,0.22999119758605957,-0.12329268455505371,-0.03926240935061287,0.2170659303665161,-0.054593682289123535,-0.06894657298062157,0.3192369341850281,-0.05848538875579834,-0.06289810224507164,0.27990520000457764,-0.0426790714263916,-0.03560003175471138,0.22885996103286743,-0.040702104568481445,-0.024959987989404908,0.21531176567077637,0.03871488571166992,-0.07655275895331215,0.29306864738464355,0.022585809230804443,-0.07008031292889427,0.2568049430847168,0.02773284912109375,-0.04522050454352211,0.21466034650802612,0.02716076374053955,-0.03023649848137211,thumbs_up
0.0,0.0,0.0,0.034155577421188354,-0.1493605375289917,-0.002996772692313243,0.08774527907371521,-0.2845590114593506,-0.022986925371696998,0.12300160527229309,-0.390558123588562,-0.042437070213964034,0.14022931456565857,-0.476961612701416,-0.05669164394657855,0.18345007300376892,-0.24666762351989746,-0.05685012524645572,0.31239697337150574,-0.23196089267730713,-0.07463253399055247,0.2787724435329437,-0.19882550835609436,-0.07213496526401286,0.2286071479320526,-0.19532698392868042,-0.06720351537387614,0.2007494866847992,-0.14656323194503784,-0.06830668558995967,0.3231944739818573,-0.14632242918014526,-0.0720684986345077,0.28270217776298523,-0.12314587831497192,-0.05592766141216998,0.22988906502723694,-0.12050336599349976,-0.04891814401071315,0.20775362849235535,-0.04600822925567627,-0.07713206221978908,0.3212062418460846,-0.05547153949737549,-0.07429711630265956,0.2797851264476776,-0.04027891159057617,-0.04507866983931308,0.2282285988330841,-0.03667938709259033,-0.031862341963460494,0.2057967483997345,0.048380494117736816,-0.08563911279361491,0.2911442816257477,0.028303444385528564,-0.08072349538724666,0.25420328974723816,0.032774150371551514,-0.05460741853039508,0.21170994639396667,0.03512990474700928,-0.03826556836884265,thumbs_up
0.0,0.0,0.0,0.034263789653778076,-0.15179336071014404,-0.00013382636325331987,0.0895046591758728,-0.28763413429260254,-0.018593838040487753,0.12667709589004517,-0.3950529396533966,-0.036115116973178374,0.14338558912277222,-0.4827529191970825,-0.048216811914699065,0.1815909743309021,-0.2525068521499634,-0.06116605882789372,0.3138216733932495,-0.23529380559921265,-0.07507804741408108,0.2804752588272095,-0.20138567686080933,-0.06612954248930691,0.22953665256500244,-0.19862091541290283,-0.05685324927117108,0.200558602809906,-0.15195375680923462,-0.07249308337713956,0.32547324895858765,-0.15036755800247192,-0.07415324409748791,0.2856106162071228,-0.12621170282363892,-0.054114795823352324,0.23276299238204956,-0.12297117710113525,-0.04464764108206509,0.20933789014816284,-0.050496578216552734,-0.0800133865072894,0.3246750831604004,-0.05932396650314331,-0.07474190701987027,0.2848658561706543,-0.04359549283981323,-0.04315749143506764,0.23341059684753418,-0.03975188732147217,-0.028932151918070304,0.20895439386367798,0.04432070255279541,-0.08670199622656583,0.2964661717414856,0.02311992645263672,-0.07973640372301816,0.2613328695297241,0.027552247047424316,-0.05242017616774319,0.21938443183898926,0.02975398302078247,-0.035687502075688826,thumbs_up
0.0,0.0,0.0,0.03526961803436279,-0.145896315574646,-0.002374758224107154,0.09158140420913696,-0.28602033853530884,-0.022770824588008054,0.1278895139694214,-0.3947785198688507,-0.04201454550690187,0.14648699760437012,-0.4824456572532654,-0.05561750263638032,0.1826276183128357,-0.2539174258708954,-0.0649101759559585,0.3192223310470581,-0.2362796664237976,-0.08244458839959634,0.284579336643219,-0.20080998539924622,-0.07668404535121454,0.23281168937683105,-0.1979343295097351,-0.06922871873445047,0.19959479570388794,-0.15203243494033813,-0.07621775821513666,0.3308734893798828,-0.15040647983551025,-0.08030765757627023,0.2897786498069763,-0.12470144033432007,-0.061336415565676816,0.23471742868423462,-0.1220889687538147,-0.05227566391891969,0.2080550193786621,-0.04946857690811157,-0.08406126008100046,0.3272349238395691,-0.05847519636154175,-0.0801367487079574,0.2863160967826843,-0.04142111539840698,-0.04817958430118097,0.23369252681732178,-0.03782951831817627,-0.03353273377484811,0.209134042263031,0.0465889573097229,-0.09134049222535623,0.29946404695510864,0.023148834705352783,-0.08500755832261575,0.26315605640411377,0.029060006141662598,-0.05707477659649385,0.2201249599456787,0.03136318922042847,-0.03985490903920663,thumbs_up
0.0,0.0,0.0,0.03615599870681763,-0.1473327875137329,-0.0005137384189310978,0.09423339366912842,-0.28633540868759155,-0.019924256824424447,0.12997561693191528,-0.39600467681884766,-0.03847459691064614,0.1468980312347412,-0.4843488335609436,-0.051506783687045754,0.18409496545791626,-0.2527872920036316,-0.06413554387586373,0.3220522999763489,-0.2383536398410797,-0.08218983548181313,0.2891521453857422,-0.20517581701278687,-0.07606940703885812,0.2387675642967224,-0.2020358145236969,-0.06829319136636514,0.20090609788894653,-0.15118443965911865,-0.07640991347329873,0.33440959453582764,-0.1504877805709839,-0.08212044822471398,0.2929629683494568,-0.12672358751296997,-0.06256242083804864,0.2389429211616516,-0.12418371438980103,-0.05262403550045747,0.20913928747177124,-0.04887598752975464,-0.08514814066188592,0.32988351583480835,-0.056677043437957764,-0.0831887571741845,0.288551926612854,-0.042852163314819336,-0.05078434559004563,0.23651891946792603,-0.04094928503036499,-0.03509190293448228,0.20933353900909424,0.04636430740356445,-0.09308406698005456,0.3009055256843567,0.024710774421691895,-0.08716440188186425,0.2640444040298462,0.02803218364715576,-0.05887161182658929,0.22086948156356812,0.028435111045837402,-0.0412530078222062,thumbs_up
0.0,0.0,0.0,0.03552785515785217,-0.14597541093826294,-0.004586076532859806,0.09564128518104553,-0.28923526406288147,-0.026814179663915638,0.1326073706150055,-0.4003016948699951,-0.047371115704436306,0.1510397493839264,-0.4913376569747925,-0.062107742001671795,0.1829453408718109,-0.25063133239746094,-0.07214345054831028,0.3245640695095062,-0.24037858843803406,-0.09246516244616032,0.2906341254711151,-0.20636197924613953,-0.08667791651691914,0.23993602395057678,-0.2016620934009552,-0.07873614149298191,0.19842734932899475,-0.14790046215057373,-0.08315647410358906,0.33795908093452454,-0.1510239839553833,-0.09140016155447483,0.29457685351371765,-0.12660127878189087,-0.07119817303623677,0.23877385258674622,-0.12249380350112915,-0.060050204565186505,0.20577433705329895,-0.04523277282714844,-0.09073816256727696,0.33193227648735046,-0.05795705318450928,-0.09055791812147618,0.2889052927494049,-0.04329836368560791,-0.05670628341044903,0.236207515001297,-0.03993368148803711,-0.039510347118039135,0.20617136359214783,0.051003217697143555,-0.09778783487286091,0.3027072250843048,0.025344252586364746,-0.09340553747620106,0.26525840163230896,0.029097259044647217,-0.06421113776173115,0.22135582566261292,0.030173778533935547,-0.045603059401173596,thumbs_up
0.0,0.0,0.0,0.036993324756622314,-0.14829713106155396,-0.006827105691797897,0.0974993109703064,-0.29359614849090576,-0.02932131049982445,0.13663560152053833,-0.40374985337257385,-0.0501167303120269,0.15688669681549072,-0.4941636323928833,-0.0647579146718158,0.18441176414489746,-0.24677473306655884,-0.07141030711881058,0.32866370677948,-0.23749369382858276,-0.09514967484227554,0.28875505924224854,-0.2087334394454956,-0.09292918575755493,0.23362135887145996,-0.20632076263427734,-0.08675653619519608,0.1998608112335205,-0.14292192459106445,-0.08143232894889252,0.3381822109222412,-0.14664983749389648,-0.09105907512656586,0.29222410917282104,-0.12763607501983643,-0.07340005172244446,0.235740065574646,-0.12626183032989502,-0.06424934549085037,0.20702201128005981,-0.04033684730529785,-0.08857580406419174,0.33426910638809204,-0.05188339948654175,-0.09022750837556259,0.28926897048950195,-0.041249096393585205,-0.057653305510200425,0.23495572805404663,-0.03915780782699585,-0.040927519479907915,0.2071555256843567,0.05419641733169556,-0.0953672914003505,0.30417245626449585,0.02967655658721924,-0.09191826117984192,0.2648504972457886,0.03034675121307373,-0.06313837451688187,0.21992605924606323,0.030508041381835938,-0.044713610241331025,thumbs_up
0.0,0.0,0.0,0.03638327121734619,-0.14904040098190308,-0.005377520253205148,0.09862470626831055,-0.2933180332183838,-0.027465152000331727,0.13867437839508057,-0.40492573380470276,-0.04807172567143425,0.15870004892349243,-0.496372789144516,-0.06279435605301842,0.18386030197143555,-0.2488647699356079,-0.07160515189661965,0.3292107582092285,-0.23986628651618958,-0.09394349009289726,0.2930222153663635,-0.2111779749393463,-0.0897561892916201,0.2402808666229248,-0.20833751559257507,-0.08232553899779305,0.19916659593582153,-0.1447354555130005,-0.08238671571507439,0.3401750922203064,-0.1496787667274475,-0.09242751300826058,0.2951846122741699,-0.1302616000175476,-0.07384347767128929,0.23888248205184937,-0.1278359293937683,-0.06347591281428322,0.20620518922805786,-0.04172021150588989,-0.08995509744181618,0.33695870637893677,-0.055209994316101074,-0.09187733978524193,0.2926411032676697,-0.04430675506591797,-0.05865771919980034,0.2382407784461975,-0.041647493839263916,-0.04107590616240486,0.20639002323150635,0.05365794897079468,-0.09699433148398384,0.30646979808807373,0.02778691053390503,-0.09388299882903084,0.26839131116867065,0.028209686279296875,-0.06500268579020485,0.22315913438796997,0.028947830200195312,-0.04622679427757248,thumbs_up
0.0,0.0,0.0,0.03788915276527405,-0.14869612455368042,-0.008200129128795197,0.09913632273674011,-0.29335543513298035,-0.03200422656516366,0.14040610194206238,-0.4028119742870331,-0.053947665363352826,0.16391679644584656,-0.4932742416858673,-0.06989328247288995,0.18642482161521912,-0.24110150337219238,-0.0739936498997622,0.3323463499546051,-0.23444229364395142,-0.0995502067802363,0.2928735315799713,-0.20812299847602844,-0.09910393190364175,0.2383091151714325,-0.20478752255439758,-0.09380814117173486,0.20099535584449768,-0.135215163230896,-0.08337834161500268,0.34104177355766296,-0.1440984606742859,-0.09476044458131128,0.29609498381614685,-0.12704360485076904,-0.07796105426530175,0.24013450741767883,-0.1241837739944458,-0.06906404775361352,0.206974059343338,-0.032691240310668945,-0.08992428761700921,0.33631113171577454,-0.04937303066253662,-0.09281249028424554,0.2922275960445404,-0.040788471698760986,-0.05996839013675981,0.23858806490898132,-0.037914812564849854,-0.0426324835119658,0.20622089505195618,0.06025654077529907,-0.09619376492480569,0.306241899728775,0.03229951858520508,-0.09292386156300836,0.2674119770526886,0.03129678964614868,-0.06343775671700769,0.2224302589893341,0.032213687896728516,-0.044342693507473996,thumbs_up
0.0,0.0,0.0,0.03763854503631592,-0.15172970294952393,-0.011577946312172571,0.0977712869644165,-0.2941579222679138,-0.03732270392720238,0.13938653469085693,-0.40634340047836304,-0.060786068617744604,0.16005218029022217,-0.5008944869041443,-0.07828627917115227,0.18516075611114502,-0.2340206503868103,-0.07456498238389031,0.33184170722961426,-0.23339220881462097,-0.10035863909070031,0.29178524017333984,-0.2123909890651703,-0.10071358475033776,0.2370624542236328,-0.20937246084213257,-0.09605645033661858,0.2017689347267151,-0.12613332271575928,-0.08201438578907982,0.33934658765792847,-0.14029139280319214,-0.09349488857333199,0.29298949241638184,-0.13002532720565796,-0.077301662593527,0.23664700984954834,-0.12768179178237915,-0.06896935048644082,0.20795565843582153,-0.02509605884552002,-0.08706132712904946,0.3361254334449768,-0.04514014720916748,-0.08947457018439309,0.29132020473480225,-0.04137122631072998,-0.057520613252563635,0.23682141304016113,-0.03766101598739624,-0.041069891482038656,0.2075672149658203,0.06360679864883423,-0.09224492701832787,0.30157458782196045,0.03507208824157715,-0.08922864887063042,0.26329439878463745,0.031585752964019775,-0.06128500047270791,0.2202264666557312,0.033670902252197266,-0.04343933257405297,thumbs_up
0.0,0.0,0.0,0.037328094244003296,-0.1522158980369568,-0.00879647944645967,0.09642967581748962,-0.29455870389938354,-0.03428979766147222,0.13681814074516296,-0.4069332480430603,-0.058194255349803825,0.15794417262077332,-0.5011805295944214,-0.07651726704614248,0.1835143268108368,-0.2339206039905548,-0.07446169656293478,0.3279227316379547,-0.23236814141273499,-0.09961969953553762,0.2895565330982208,-0.2109997570514679,-0.098944960055519,0.2360001504421234,-0.20733550190925598,-0.09357572150008764,0.19918933510780334,-0.1275741457939148,-0.08368973237054433,0.3370992839336395,-0.13860458135604858,-0.0953528712369689,0.291680246591568,-0.12761342525482178,-0.07846413355844106,0.23528847098350525,-0.12500911951065063,-0.06937066268699255,0.20479443669319153,-0.027432262897491455,-0.090179150817562,0.3344172537326813,-0.0443493127822876,-0.09239722591416921,0.2904576361179352,-0.039651691913604736,-0.05995334115402784,0.23605754971504211,-0.036192476749420166,-0.043087160108257194,0.2037549912929535,0.061257779598236084,-0.0966081897594222,0.3014537990093231,0.036174237728118896,-0.093484273073841,0.2639625370502472,0.03231626749038696,-0.0650481785513648,0.2199127972126007,0.03307640552520752,-0.046745223817993065,thumbs_up
0.0,0.0,0.0,0.036694109439849854,-0.1480109691619873,-0.01188071508943267,0.09822893142700195,-0.29018986225128174,-0.03804657393186517,0.14019763469696045,-0.3990497887134552,-0.0618569941171927,0.16260933876037598,-0.4920344650745392,-0.07984594785659738,0.18404793739318848,-0.22159028053283691,-0.07934280269830651,0.33131182193756104,-0.22613215446472168,-0.10603959643333383,0.28877246379852295,-0.20556876063346863,-0.10659467213838525,0.23231172561645508,-0.2015041708946228,-0.10181127273529,0.19867700338363647,-0.11565947532653809,-0.08684681885927148,0.33932584524154663,-0.1324390172958374,-0.10068717383830972,0.29212552309036255,-0.1218651533126831,-0.08493664645641275,0.23362714052200317,-0.11903411149978638,-0.0761782281944079,0.2033618688583374,-0.01690042018890381,-0.09160139196603723,0.3359810709953308,-0.03821808099746704,-0.09482741885869928,0.291611909866333,-0.03371918201446533,-0.062260655398063136,0.23632705211639404,-0.03016561269760132,-0.04509003245323129,0.20191389322280884,0.07065612077713013,-0.09652319335430093,0.30289459228515625,0.0444256067276001,-0.09472334914892144,0.26523470878601074,0.04009115695953369,-0.06666839652746148,0.2202221155166626,0.0397074818611145,-0.0485380121418757,thumbs_up
0.0,0.0,0.0,0.036852359771728516,-0.15123659372329712,-0.012612651136862496,0.09633994102478027,-0.2938232421875,-0.04045488595698998,0.13845229148864746,-0.40626752376556396,-0.06625448450182603,0.16454261541366577,-0.4995550215244293,-0.08636700644825623,0.18424886465072632,-0.22619789838790894,-0.07640784516667054,0.32756876945495605,-0.23374029994010925,-0.10363220706318543,0.2884308695793152,-0.21163859963417053,-0.10549854770039246,0.23468923568725586,-0.20436641573905945,-0.10147932454680131,0.19917243719100952,-0.11908644437789917,-0.0841298727664821,0.3382457494735718,-0.1372145414352417,-0.09885713740919755,0.2934686541557312,-0.12642163038253784,-0.08503723427389787,0.23554837703704834,-0.12235277891159058,-0.07707330867384599,0.204342782497406,-0.020226478576660156,-0.08945209815834687,0.33630669116973877,-0.04259997606277466,-0.09331895693873093,0.2936667799949646,-0.038376569747924805,-0.0625793664131038,0.2385355830192566,-0.03447335958480835,-0.04620720728968308,0.20367103815078735,0.06717920303344727,-0.09504212721918748,0.30195051431655884,0.038434743881225586,-0.09338946923350022,0.2655406594276428,0.03487485647201538,-0.06619499906634019,0.22181260585784912,0.03645753860473633,-0.04833342417811082,thumbs_up
0.0,0.0,0.0,0.03655821084976196,-0.1502963900566101,-0.0150561287207438,0.09838873147964478,-0.2923816442489624,-0.04315255406777396,0.1402682065963745,-0.402021586894989,-0.06928788695017829,0.16495978832244873,-0.4962407350540161,-0.08954662654082313,0.18298161029815674,-0.21605417132377625,-0.08008476916234031,0.3325192928314209,-0.22418734431266785,-0.11106391820590034,0.28743135929107666,-0.20504406094551086,-0.11620924446265235,0.22968155145645142,-0.2006331980228424,-0.11410283121745124,0.19639670848846436,-0.10742181539535522,-0.08779012981335654,0.3394289016723633,-0.12576812505722046,-0.1048866045800878,0.29166358709335327,-0.11826634407043457,-0.09224594953934684,0.23312795162200928,-0.11588972806930542,-0.0853342843381597,0.19890791177749634,-0.008324801921844482,-0.09354673895518317,0.3339253067970276,-0.03009617328643799,-0.09920225116889014,0.2892031669616699,-0.02993398904800415,-0.06724140617529883,0.233270525932312,-0.02752786874771118,-0.04991316619793906,0.1954837441444397,0.07779330015182495,-0.10000245842616096,0.3008873462677002,0.0525016188621521,-0.09871780696789756,0.26512593030929565,0.04332280158996582,-0.070222994419737,0.21925508975982666,0.041111886501312256,-0.051777226957483435,thumbs_up
0.0,0.0,0.0,0.03625380992889404,-0.15479344129562378,-0.012600093575827032,0.09960192441940308,-0.29961705207824707,-0.03972453759860173,0.13942742347717285,-0.4118199944496155,-0.06496995823334828,0.1644725203514099,-0.5057361125946045,-0.08468534188222065,0.18315309286117554,-0.22437548637390137,-0.0812568380112566,0.3347401022911072,-0.23214149475097656,-0.11049493538092747,0.2928638458251953,-0.21222105622291565,-0.11328022317837849,0.23625296354293823,-0.20684650540351868,-0.10929568247746602,0.19580703973770142,-0.11526697874069214,-0.08937157081317082,0.3435233235359192,-0.13218694925308228,-0.10581237958621159,0.29865139722824097,-0.12364566326141357,-0.09231520580004826,0.24048107862472534,-0.12222051620483398,-0.08419098840903416,0.19857841730117798,-0.016091465950012207,-0.09489922361325398,0.338293194770813,-0.03811079263687134,-0.09977161275099888,0.2968013882637024,-0.036149024963378906,-0.06867201017092839,0.2418246865272522,-0.034892141819000244,-0.05163362758111134,0.19546788930892944,0.0692787766456604,-0.1006280122871317,0.30044591426849365,0.041097819805145264,-0.09876866029452458,0.2677297592163086,0.0337674617767334,-0.07086283849429265,0.22386318445205688,0.031830549240112305,-0.052576997744552045,thumbs_up
0.0,0.0,0.0,0.03675559163093567,-0.15111792087554932,-0.01539555358118605,0.10290941596031189,-0.29738226532936096,-0.04312131161219668,0.14092442393302917,-0.41071808338165283,-0.06849276999361109,0.1629216969013214,-0.5075568556785583,-0.08747501651174616,0.1731264293193817,-0.2231728434562683,-0.0876001341117103,0.33307304978370667,-0.23476234078407288,-0.11913137862808298,0.28833702206611633,-0.21530219912528992,-0.12068656811840128,0.23002853989601135,-0.2086336612701416,-0.11519866416580271,0.18612512946128845,-0.11290699243545532,-0.09513910839683604,0.3414725363254547,-0.13316667079925537,-0.11423587778932642,0.29187485575675964,-0.1277674436569214,-0.09865330139524531,0.23165515065193176,-0.12485957145690918,-0.08851221928722453,0.1910618245601654,-0.013863682746887207,-0.1004785595310409,0.33778664469718933,-0.036473751068115234,-0.10805349776870798,0.2923605740070343,-0.03911745548248291,-0.07481238970882487,0.2352430522441864,-0.03654521703720093,-0.05552897582180094,0.190880686044693,0.07038712501525879,-0.10632373372442316,0.30351558327674866,0.04400157928466797,-0.10535033772117686,0.26918622851371765,0.03352701663970947,-0.0766964031232078,0.22279855608940125,0.0309179425239563,-0.058004714347191566,thumbs_up
0.0,0.0,0.0,0.036416053771972656,-0.15260982513427734,-0.015871101262689535,0.10295969247817993,-0.2998729646205902,-0.043765255453706686,0.14365988969802856,-0.41294628381729126,-0.069145911576868,0.16360092163085938,-0.5118442475795746,-0.08817035818350405,0.1730726957321167,-0.22399446368217468,-0.08819165939343065,0.3345322608947754,-0.23263999819755554,-0.11993195230019182,0.29056453704833984,-0.21500349044799805,-0.12128080541145891,0.23229444026947021,-0.20950886607170105,-0.11559864247095675,0.1867440938949585,-0.1135871410369873,-0.09527132773649782,0.3419240713119507,-0.13264834880828857,-0.11401090139401049,0.29264527559280396,-0.12851035594940186,-0.0978968750859508,0.23301345109939575,-0.12539279460906982,-0.08768405133736223,0.19234657287597656,-0.013897240161895752,-0.10018313044560045,0.339117169380188,-0.03678697347640991,-0.10761449599516482,0.29345178604125977,-0.040364742279052734,-0.07399334126961321,0.23618042469024658,-0.03710681200027466,-0.05462298655760378,0.1927933692932129,0.07081085443496704,-0.10564389193308443,0.3058236837387085,0.04344528913497925,-0.10466896856081576,0.2710534930229187,0.03196275234222412,-0.07600151115906328,0.22429394721984863,0.02968662977218628,-0.05735649281990618,thumbs_up
0.0,0.0,0.0,0.034263789653778076,-0.15367555618286133,-0.018292909709543892,0.10398596525192261,-0.30508172512054443,-0.04772629983517618,0.14470672607421875,-0.4212583005428314,-0.07373292766305894,0.16582143306732178,-0.5222651660442352,-0.09310840837451906,0.1683657169342041,-0.23040518164634705,-0.09747816644403429,0.33517080545425415,-0.24364721775054932,-0.13040664814207048,0.28917449712753296,-0.2224278748035431,-0.1305923464128682,0.2285851240158081,-0.21489062905311584,-0.12379848979207964,0.18189716339111328,-0.11916810274124146,-0.10390152804347963,0.34402358531951904,-0.14096122980117798,-0.12411701701375932,0.2921585440635681,-0.13373655080795288,-0.10649731777402849,0.2291136384010315,-0.12998062372207642,-0.09517660014125795,0.1875666379928589,-0.01846611499786377,-0.10797493181917162,0.3401501774787903,-0.0439600944519043,-0.11638149641248674,0.29232174158096313,-0.04478633403778076,-0.0812171103784749,0.2327042818069458,-0.040026962757110596,-0.06093892104718179,0.18857795000076294,0.06685763597488403,-0.1127005817720601,0.3053019642829895,0.03845888376235962,-0.11333691350910158,0.27004826068878174,0.028998255729675293,-0.0849804507920453,0.2222861647605896,0.02763909101486206,-0.06675162188503236,thumbs_up
0.0,0.0,0.0,0.03622499108314514,-0.15227574110031128,-0.019471773326017683,0.10510870814323425,-0.30519533157348633,-0.04856109563968403,0.14374688267707825,-0.4218367040157318,-0.0740760224010728,0.16318592429161072,-0.5220861732959747,-0.09269192387125713,0.166885644197464,-0.22989648580551147,-0.09440031219980938,0.333075612783432,-0.24334943294525146,-0.12794306446573955,0.2861138880252838,-0.2228221893310547,-0.13018789459727031,0.2253376543521881,-0.2168542444705963,-0.12508560289404613,0.18069007992744446,-0.11917197704315186,-0.10031573791764004,0.34263667464256287,-0.13937067985534668,-0.12066681255362255,0.29167935252189636,-0.13303643465042114,-0.10420155097506267,0.22851529717445374,-0.13164550065994263,-0.09397744704745037,0.1867847740650177,-0.018705010414123535,-0.1043143527653001,0.33917054533958435,-0.04393911361694336,-0.11275454927942974,0.29178860783576965,-0.04494607448577881,-0.07737005074284298,0.23188915848731995,-0.04147118330001831,-0.05699351002238018,0.18786200881004333,0.06763094663619995,-0.10923479069731457,0.3050093352794647,0.039822280406951904,-0.1090254517342828,0.2683852016925812,0.030521392822265625,-0.07981373687050564,0.21868523955345154,0.027991175651550293,-0.06125286538861019,thumbs_up
0.0,0.0,0.0,0.03642362356185913,-0.15178638696670532,-0.017480157460795454,0.10963648557662964,-0.3058122992515564,-0.04659521594248872,0.15091562271118164,-0.42242786288261414,-0.07202166705928903,0.17154252529144287,-0.5229533612728119,-0.09046613066993814,0.1673406958580017,-0.23636388778686523,-0.10073474436603647,0.3352687358856201,-0.24456068873405457,-0.13492774605356317,0.2920530438423157,-0.22259265184402466,-0.13503485560022455,0.232349693775177,-0.21666407585144043,-0.127828207012044,0.17745769023895264,-0.12490594387054443,-0.1077106037696467,0.3455160856246948,-0.1379069685935974,-0.1308487468918429,0.2947981357574463,-0.12932485342025757,-0.1127498561104403,0.23063796758651733,-0.12681102752685547,-0.10019778102241617,0.18296784162521362,-0.02268660068511963,-0.11191609888874154,0.34064334630966187,-0.04140198230743408,-0.12179700672231775,0.2932204008102417,-0.041306376457214355,-0.08499717354379754,0.23352420330047607,-0.03804755210876465,-0.0627640300949679,0.1851595640182495,0.06592655181884766,-0.11662184089027505,0.3084524869918823,0.04034525156021118,-0.11671536802850824,0.2723069190979004,0.031738102436065674,-0.0865655431111918,0.22250795364379883,0.02812826633453369,-0.06676537930570703,thumbs_up
0.0,0.0,0.0,0.0371168851852417,-0.15132761001586914,-0.018099321245074407,0.11116582155227661,-0.30774909257888794,-0.04715892133009447,0.15213829278945923,-0.4225414991378784,-0.07213271242272867,0.17287564277648926,-0.5225862860679626,-0.08997904342305674,0.15954679250717163,-0.24087387323379517,-0.10494719278705134,0.33073943853378296,-0.24353429675102234,-0.1412835327972175,0.28672754764556885,-0.22506815195083618,-0.14212924820077433,0.2261325716972351,-0.22370076179504395,-0.13514035028111948,0.16774475574493408,-0.1278212070465088,-0.11211700570476069,0.33905088901519775,-0.1382344365119934,-0.1364975927461387,0.2878623604774475,-0.13198047876358032,-0.11705236714971079,0.22305864095687866,-0.13082247972488403,-0.10373563897502436,0.17266857624053955,-0.02441638708114624,-0.11660165917766108,0.3320176601409912,-0.04262048006057739,-0.12735386770856394,0.2834765315055847,-0.04294198751449585,-0.08836766165387644,0.2227819561958313,-0.03969472646713257,-0.06452931296718134,0.1749069094657898,0.06496655941009521,-0.1217241866577865,0.3011872172355652,0.03986924886703491,-0.12126257848632349,0.2650541663169861,0.03191220760345459,-0.0895509181607963,0.21413874626159668,0.029544949531555176,-0.06887104940307154,thumbs_up
0.0,0.0,0.0,0.03570747375488281,-0.15225666761398315,-0.019670919472559945,0.10964787006378174,-0.30666691064834595,-0.04935172289071943,0.15417736768722534,-0.41889578104019165,-0.07483872115074064,0.17842304706573486,-0.5193734765052795,-0.09280004441200163,0.15885353088378906,-0.23784807324409485,-0.1050783553665724,0.33148372173309326,-0.2412605583667755,-0.1443261140531149,0.28771334886550903,-0.22439897060394287,-0.14831393300949003,0.223949134349823,-0.22368094325065613,-0.1430279546922293,0.1673668622970581,-0.12609398365020752,-0.11220704852996732,0.3400005102157593,-0.13595491647720337,-0.13822145103870298,0.2886658310890198,-0.13074147701263428,-0.11938086240945722,0.22216111421585083,-0.1297122836112976,-0.10647639721094038,0.17184001207351685,-0.02300083637237549,-0.11723798602281477,0.3316624164581299,-0.04088127613067627,-0.1286657684987631,0.283586323261261,-0.042101263999938965,-0.08870891570506956,0.22200500965118408,-0.03859353065490723,-0.06421323954521085,0.1732783317565918,0.06681805849075317,-0.1233351239508238,0.30078768730163574,0.04209524393081665,-0.12299394696412946,0.2658223509788513,0.03320145606994629,-0.09066874622760679,0.21390312910079956,0.030813157558441162,-0.06946935593543913,thumbs_up
0.0,0.0,0.0,0.03706943988800049,-0.15011978149414062,-0.018515169469878856,0.11004990339279175,-0.30594244599342346,-0.04738937116997022,0.15528273582458496,-0.41824010014533997,-0.07231775469915647,0.18191099166870117,-0.5154730677604675,-0.08964774556295652,0.16173303127288818,-0.2403029203414917,-0.10184429384605664,0.32681989669799805,-0.23679178953170776,-0.139435788465903,0.28617018461227417,-0.22030764818191528,-0.14315279371874112,0.22617071866989136,-0.22209089994430542,-0.13813810594217557,0.16693347692489624,-0.13112950325012207,-0.10898971356289167,0.33487147092819214,-0.1298004388809204,-0.1331687325968005,0.28770601749420166,-0.12423622608184814,-0.1147346923484065,0.2243329882621765,-0.12574845552444458,-0.10288153387443799,0.16980522871017456,-0.028599977493286133,-0.11382793433801908,0.32540011405944824,-0.035994887351989746,-0.12436311490671415,0.27987903356552124,-0.03645586967468262,-0.08549297399656552,0.21977823972702026,-0.035287320613861084,-0.06215462259785909,0.1705918312072754,0.062414705753326416,-0.11966682024137754,0.2976391315460205,0.044623613357543945,-0.1190357411636569,0.2629261016845703,0.036992669105529785,-0.08726614512340802,0.21147388219833374,0.03210616111755371,-0.06664903260605115,thumbs_up
0.0,0.0,0.0,0.035382628440856934,-0.14675015211105347,-0.02002237873955437,0.10486704111099243,-0.3012498617172241,-0.05037012087984749,0.14825737476348877,-0.4131276309490204,-0.07661080869718262,0.17554545402526855,-0.5098168849945068,-0.09504728528543183,0.1565685272216797,-0.23826122283935547,-0.10470755907579132,0.32196682691574097,-0.23122653365135193,-0.1441484368114061,0.2800283432006836,-0.21471866965293884,-0.14839052918239304,0.21822547912597656,-0.21713435649871826,-0.14339290323539444,0.16109412908554077,-0.1292283535003662,-0.11158613624854752,0.3281565308570862,-0.12595343589782715,-0.13695785167499253,0.27927738428115845,-0.11911708116531372,-0.11825877192302414,0.21523630619049072,-0.12071424722671509,-0.10623888435645767,0.16433560848236084,-0.02687656879425049,-0.11642069133802124,0.3202461004257202,-0.03218424320220947,-0.12821615996642777,0.2736539840698242,-0.031198859214782715,-0.08905952933116623,0.21247732639312744,-0.03033900260925293,-0.06537107142492005,0.1661745309829712,0.06452584266662598,-0.12236796828790375,0.2940022945404053,0.048253655433654785,-0.12324762853666016,0.25908344984054565,0.041743338108062744,-0.09198076787276932,0.2065717577934265,0.03595566749572754,-0.0714480704335756,thumbs_up
0.0,0.0,0.0,0.03786188364028931,-0.14736151695251465,-0.018218588420154447,0.10758733749389648,-0.29923683404922485,-0.04765085537076175,0.15099728107452393,-0.41035473346710205,-0.07374512437820613,0.17746776342391968,-0.5073103904724121,-0.09218505803585231,0.1590430736541748,-0.2364119291305542,-0.1011315662050265,0.3250080943107605,-0.23207387328147888,-0.1419958028578776,0.28367429971694946,-0.21832427382469177,-0.14815084669828593,0.22263920307159424,-0.22052428126335144,-0.1443911794209498,0.16210514307022095,-0.12909209728240967,-0.10907044295311152,0.3291100859642029,-0.12862128019332886,-0.13676023516893565,0.28040337562561035,-0.12559354305267334,-0.11946598474025905,0.21728402376174927,-0.12651389837265015,-0.10792348567485988,0.16340625286102295,-0.02811640501022339,-0.11511459235191523,0.3182736039161682,-0.034514784812927246,-0.12876930866480052,0.2721714973449707,-0.037399470806121826,-0.09048152003526866,0.21194922924041748,-0.03695023059844971,-0.06673282418489634,0.16331297159194946,0.06241363286972046,-0.12214318696499049,0.29173189401626587,0.047384798526763916,-0.12350691143512904,0.25711435079574585,0.03730112314224243,-0.09256617013454616,0.20438140630722046,0.02986079454421997,-0.07202169332742869,thumbs_up
0.0,0.0,0.0,0.04103389382362366,-0.1476636528968811,-0.016661732620377734,0.11183550953865051,-0.30044716596603394,-0.04596789290644665,0.15591022372245789,-0.41157296299934387,-0.07232020904757519,0.1816370189189911,-0.5086042582988739,-0.0912176009032919,0.15714022517204285,-0.23631322383880615,-0.10048344095685025,0.32007279992103577,-0.23226335644721985,-0.14169569422938366,0.2822921574115753,-0.21625134348869324,-0.1483246695015623,0.22186383605003357,-0.21777033805847168,-0.14468020310141583,0.15839198231697083,-0.1307457685470581,-0.10956610103585263,0.32386061549186707,-0.12770432233810425,-0.13718374182917614,0.2793230712413788,-0.12325310707092285,-0.12041700740792294,0.2171051800251007,-0.1251620054244995,-0.10930595656373043,0.15838977694511414,-0.030219316482543945,-0.11659824957587261,0.3135855495929718,-0.0343896746635437,-0.130661578080435,0.27130594849586487,-0.03675025701522827,-0.09392486622073193,0.21209636330604553,-0.037398695945739746,-0.07096595426537533,0.1569184958934784,0.060250818729400635,-0.1243596832964613,0.2854892313480377,0.04714876413345337,-0.12581588437296887,0.25445500016212463,0.03532099723815918,-0.09560199936368008,0.20241644978523254,0.02594238519668579,-0.07538384308554669,thumbs_up
0.0,0.0,0.0,0.03922063112258911,-0.14329665899276733,-0.01738628374334894,0.10779577493667603,-0.29481786489486694,-0.047880964371529444,0.1505475640296936,-0.40681689977645874,-0.07474117541607939,0.17600464820861816,-0.504432737827301,-0.09413782322701536,0.15321612358093262,-0.23468121886253357,-0.10744137132462583,0.3180820345878601,-0.22758632898330688,-0.1486684885054501,0.28031039237976074,-0.21190011501312256,-0.15311763251122557,0.21945172548294067,-0.21451622247695923,-0.1479714568882855,0.15381431579589844,-0.12866973876953125,-0.11575414800938688,0.3203882575035095,-0.12340414524078369,-0.1429750528365048,0.27497732639312744,-0.11809641122817993,-0.12359353715476118,0.21267372369766235,-0.12063664197921753,-0.11122550630864225,0.15383869409561157,-0.028102219104766846,-0.12165570074614607,0.3096161484718323,-0.031103432178497314,-0.13507861459549986,0.2665403485298157,-0.03280067443847656,-0.09666459822949491,0.2075602412223816,-0.03466874361038208,-0.07331786120232664,0.15353870391845703,0.062429070472717285,-0.12821071410473905,0.28199559450149536,0.04936718940734863,-0.13010894322690092,0.24978363513946533,0.03867924213409424,-0.09996355140503965,0.19775491952896118,0.02745795249938965,-0.08012293094691358,thumbs_up
0.0,0.0,0.0,0.04002615809440613,-0.14304226636886597,-0.016643434634801224,0.10859498381614685,-0.29345038533210754,-0.046956296882029847,0.1504383385181427,-0.40388286113739014,-0.07370746122896321,0.17663273215293884,-0.49990010261535645,-0.09300530689060338,0.15344539284706116,-0.23484760522842407,-0.10643435256778844,0.31662604212760925,-0.22678574919700623,-0.14739929871856816,0.2822932302951813,-0.21048033237457275,-0.15256171660720952,0.22272804379463196,-0.21278715133666992,-0.14802595215141423,0.15382120013237,-0.1299402117729187,-0.11508770274221547,0.3192417323589325,-0.12470293045043945,-0.1423264964133466,0.277344673871994,-0.12024074792861938,-0.12339369194805272,0.21562853455543518,-0.1229853630065918,-0.11128945635854848,0.1535111367702484,-0.029801607131958008,-0.12125802027284749,0.31015172600746155,-0.03321486711502075,-0.13464560346901067,0.2702421247959137,-0.03620213270187378,-0.09672708051502354,0.21132966876029968,-0.03895443677902222,-0.07353666411935933,0.1527291238307953,0.06033444404602051,-0.12802188830673344,0.2824515402317047,0.047036588191986084,-0.1295093818217481,0.2535245716571808,0.035597383975982666,-0.09924375253021367,0.201742023229599,0.024901151657104492,-0.07910048203765996,thumbs_up
0.0,0.0,0.0,0.03814429044723511,-0.1438094973564148,-0.01649543626575678,0.10730278491973877,-0.2941364645957947,-0.04638307338922232,0.15029895305633545,-0.4046728312969208,-0.07246381214230269,0.17549854516983032,-0.5012015402317047,-0.09111979773609846,0.1533554196357727,-0.23656433820724487,-0.10727995058863371,0.31579869985580444,-0.2273331582546234,-0.14802839031784742,0.2799983620643616,-0.21104425191879272,-0.1524898575839302,0.21905630826950073,-0.21405890583992004,-0.14749458602040022,0.15383374691009521,-0.13194096088409424,-0.11565965583889692,0.31842321157455444,-0.12564396858215332,-0.142136158257415,0.2755894064903259,-0.1192827820777893,-0.12223719975321501,0.21419578790664673,-0.1222151517868042,-0.10976991972296446,0.15338361263275146,-0.03175008296966553,-0.12147604098885267,0.3087642788887024,-0.03390854597091675,-0.1345702128705284,0.2677304148674011,-0.03453469276428223,-0.09600548616020887,0.20923840999603271,-0.036853015422821045,-0.0726153942045471,0.15211141109466553,0.05900287628173828,-0.12783764472573012,0.28144437074661255,0.0468786358833313,-0.12971851399510115,0.2506926655769348,0.03689682483673096,-0.09949333390562742,0.19850414991378784,0.026414990425109863,-0.07948806306688994,thumbs_up
0.0,0.0,0.0,0.04028782248497009,-0.14333993196487427,-0.017686391697338877,0.10778746008872986,-0.2930539846420288,-0.04862035483222371,0.15075579285621643,-0.4037953019142151,-0.07588959157567388,0.17765334248542786,-0.49964433908462524,-0.09559350133042699,0.1513548195362091,-0.23307538032531738,-0.10649274706941014,0.31230977177619934,-0.22568055987358093,-0.1487979558120287,0.2756064236164093,-0.20976188778877258,-0.1551502016196764,0.21461108326911926,-0.21177148818969727,-0.15135243207316762,0.15160098671913147,-0.12886542081832886,-0.11482357651095754,0.31558218598365784,-0.12283921241760254,-0.14281400710444814,0.2720912992954254,-0.11737102270126343,-0.12450458526711827,0.20994403958320618,-0.12005108594894409,-0.11292045235734349,0.15137097239494324,-0.029239952564239502,-0.1209615734229601,0.3057919442653656,-0.030944645404815674,-0.13539199203353292,0.2644786536693573,-0.033215880393981934,-0.09803305983643895,0.20545372366905212,-0.03609883785247803,-0.07519744008880025,0.15083476901054382,0.06096237897872925,-0.1278013852248705,0.27981051802635193,0.049657583236694336,-0.13063214391570455,0.24921616911888123,0.03823751211166382,-0.10133935928445226,0.1967621147632599,0.02666783332824707,-0.08187633425097829,thumbs_up
0.0,0.0,0.0,0.03995567560195923,-0.14141058921813965,-0.017005640840181968,0.10733312368392944,-0.2909851372241974,-0.04767848720217671,0.14983683824539185,-0.40145769715309143,-0.07464519684577908,0.17638427019119263,-0.49650418758392334,-0.0940896997358891,0.15158039331436157,-0.23139333724975586,-0.10737441276575055,0.3114328980445862,-0.22469407320022583,-0.14920889382625546,0.27460789680480957,-0.20917847752571106,-0.15474682097698178,0.21323460340499878,-0.21117636561393738,-0.15024585073257413,0.15155023336410522,-0.12823599576950073,-0.11576404218936887,0.31472331285476685,-0.12209320068359375,-0.143678104331741,0.27145880460739136,-0.1162947416305542,-0.12503825669551816,0.20944982767105103,-0.11847853660583496,-0.11290557478929486,0.1512041687965393,-0.0292741060256958,-0.12169456278348889,0.3054375648498535,-0.03039848804473877,-0.1358840370681378,0.26429349184036255,-0.03214240074157715,-0.09867050295139279,0.20536810159683228,-0.03475910425186157,-0.07572639529968228,0.1507718563079834,0.06103783845901489,-0.1282039934899899,0.2793641686439514,0.050033748149871826,-0.13105874305034604,0.2491070032119751,0.03854912519454956,-0.10207649116779294,0.19711697101593018,0.02675485610961914,-0.08264575695062604,thumbs_up
0.0,0.0,0.0,0.040611088275909424,-0.1433435082435608,-0.01432170093173113,0.11002147197723389,-0.29176849126815796,-0.0436911324795517,0.15304327011108398,-0.4005245566368103,-0.07036564525330391,0.17729443311691284,-0.49605053663253784,-0.08977268662417259,0.15247631072998047,-0.23170122504234314,-0.10186418917143669,0.3118298053741455,-0.22515904903411865,-0.14369282152617302,0.2735050916671753,-0.20718157291412354,-0.15053302075827446,0.211902916431427,-0.20914888381958008,-0.14712215986216393,0.15124130249023438,-0.1296600103378296,-0.11188131597006645,0.31324678659439087,-0.12396609783172607,-0.13807430889571037,0.26854705810546875,-0.11458557844161987,-0.11939463045561638,0.207710862159729,-0.11621004343032837,-0.10804320152962532,0.15018808841705322,-0.03075695037841797,-0.11956565108263817,0.3047639727592468,-0.033911287784576416,-0.13260267701113548,0.2602508068084717,-0.031026721000671387,-0.0933250712987217,0.20037025213241577,-0.03105020523071289,-0.06948374983036842,0.14826112985610962,0.059872984886169434,-0.12789073612654533,0.27747488021850586,0.047685980796813965,-0.12915551688635674,0.244115948677063,0.039859771728515625,-0.09774521019423332,0.19079744815826416,0.03132009506225586,-0.0770414995785984,thumbs_up
0.0,0.0,0.0,0.041953593492507935,-0.13845467567443848,-0.016040031980196545,0.11397126317024231,-0.2872229814529419,-0.04403141997329385,0.15639623999595642,-0.39750435948371887,-0.06945555768481881,0.1804298460483551,-0.49224212765693665,-0.08751339576713235,0.15543565154075623,-0.23103362321853638,-0.09443189315072686,0.3155689537525177,-0.22314006090164185,-0.13646448514930398,0.2756703794002533,-0.2029111087322235,-0.1455172534989515,0.2142382562160492,-0.2040243148803711,-0.14391613862983377,0.1565864384174347,-0.12920361757278442,-0.10394901148549707,0.31749358773231506,-0.12006199359893799,-0.13081779442302377,0.2690826952457428,-0.10886287689208984,-0.11469511799089105,0.20578327775001526,-0.11154836416244507,-0.10453660152427346,0.15644410252571106,-0.030034303665161133,-0.11198417953721673,0.30755504965782166,-0.029028713703155518,-0.12593992910854013,0.2604413330554962,-0.024132728576660156,-0.08852620534173639,0.19949260354042053,-0.024650096893310547,-0.06553101650945337,0.15443655848503113,0.06130188703536987,-0.12097255996934564,0.27993711829185486,0.05264770984649658,-0.12279825023881585,0.24403604865074158,0.048282623291015625,-0.09234391264192254,0.1902625858783722,0.04099440574645996,-0.07225058339111001,thumbs_up
0.0,0.0,0.0,0.03740459680557251,-0.14348846673965454,-0.014904143361320621,0.10616141557693481,-0.29283154010772705,-0.0424318323637749,0.14959996938705444,-0.40106645226478577,-0.06707216154592288,0.1756969690322876,-0.4945351779460907,-0.08428265254752887,0.15255707502365112,-0.23668330907821655,-0.09593875061528934,0.313374400138855,-0.2266945242881775,-0.13509950142162097,0.271790087223053,-0.20898309350013733,-0.14075988631503833,0.21167010068893433,-0.21220123767852783,-0.1372133950497414,0.15523755550384521,-0.13319164514541626,-0.10485623132245792,0.315376877784729,-0.1237943172454834,-0.1280992488171364,0.26712608337402344,-0.11486256122589111,-0.10920824210899127,0.2063835859298706,-0.11935371160507202,-0.09820817511337054,0.1563294529914856,-0.03410911560058594,-0.11179107527988208,0.3052148222923279,-0.034510791301727295,-0.1220487962271477,0.2585653066635132,-0.029764235019683838,-0.08259688418166888,0.19992250204086304,-0.031129837036132812,-0.05953735213535083,0.1552337408065796,0.05622601509094238,-0.1195681552197243,0.27927762269973755,0.0458674430847168,-0.11874742906348956,0.24286013841629028,0.04120892286300659,-0.08668807249324573,0.19003188610076904,0.0327107310295105,-0.06619446825044406,thumbs_up
0.0,0.0,0.0,0.04095417261123657,-0.13785618543624878,-0.016246325062695632,0.11037057638168335,-0.2874015271663666,-0.04528085021871675,0.15194177627563477,-0.39695701003074646,-0.07157248883146394,0.17691856622695923,-0.49063700437545776,-0.09054309754270662,0.15009480714797974,-0.231807142496109,-0.09822737305063356,0.307187557220459,-0.2304856777191162,-0.14035239695209611,0.27063149213790894,-0.20874923467636108,-0.14859819291729082,0.2120128870010376,-0.20679110288619995,-0.14634810267585863,0.15061616897583008,-0.13155794143676758,-0.1080917107929622,0.31199222803115845,-0.12612450122833252,-0.13632960497039903,0.26549357175827026,-0.11365622282028198,-0.11998651056188692,0.2031092643737793,-0.1137886643409729,-0.1091966616978084,0.15058577060699463,-0.03346681594848633,-0.116202144609872,0.30295878648757935,-0.03312891721725464,-0.1313202220072185,0.25854629278182983,-0.028908908367156982,-0.0946741688122188,0.19924288988113403,-0.02796924114227295,-0.07174120722908128,0.14934909343719482,0.057084619998931885,-0.12510737656253923,0.2751399278640747,0.04557234048843384,-0.127012132393304,0.24210000038146973,0.04114443063735962,-0.09691616772312273,0.19026315212249756,0.035645365715026855,-0.07698362200159181,thumbs_up
0.0,0.0,0.0,0.038564056158065796,-0.1416165828704834,-0.015811325646410523,0.10594764351844788,-0.289249449968338,-0.04488741386629158,0.14980533719062805,-0.39666110277175903,-0.07130644250608498,0.1791900098323822,-0.48937684297561646,-0.09038794565893227,0.1515749990940094,-0.23359209299087524,-0.0972121633956533,0.30983373522758484,-0.22522899508476257,-0.13976836729742104,0.27229735255241394,-0.20679357647895813,-0.14859298396802956,0.21156945824623108,-0.20741736888885498,-0.1463982515404325,0.15203669667243958,-0.13132399320602417,-0.10678075779176766,0.31362971663475037,-0.12502503395080566,-0.13472219336725288,0.2679801881313324,-0.11510127782821655,-0.1183066122601133,0.20564058423042297,-0.11594343185424805,-0.10741452652908379,0.15189149975776672,-0.03297168016433716,-0.11466178823209816,0.3044298589229584,-0.03541046380996704,-0.12926880050397926,0.2606599032878876,-0.03252875804901123,-0.09253172356582695,0.2008974254131317,-0.03276604413986206,-0.06942295808292442,0.15084579586982727,0.05769532918930054,-0.12328843552566582,0.278992623090744,0.0452115535736084,-0.12539989281393105,0.2466128170490265,0.03860270977020264,-0.0953036301205259,0.19316831231117249,0.030866682529449463,-0.07490876842237526,thumbs_up
0.0,0.0,0.0,0.039423227310180664,-0.13764804601669312,-0.011574075600350398,0.1079106330871582,-0.28773343563079834,-0.03877668552681257,0.15058863162994385,-0.39610180258750916,-0.06383848287745764,0.17796236276626587,-0.4880372881889343,-0.08185985036774923,0.15122413635253906,-0.23516353964805603,-0.09534208573981573,0.30874103307724,-0.23278477787971497,-0.13457166500970175,0.2731056213378906,-0.20776867866516113,-0.14050410040303518,0.215553879737854,-0.20499354600906372,-0.13733277567311575,0.15166938304901123,-0.1377652883529663,-0.10721217193290045,0.3132641911506653,-0.1308327317237854,-0.1322473818866854,0.26818084716796875,-0.11506450176239014,-0.11430076607152273,0.2072010636329651,-0.11615073680877686,-0.10344623126670172,0.15137922763824463,-0.040822505950927734,-0.1167463744489794,0.3030139207839966,-0.03999805450439453,-0.128798865756238,0.2584778666496277,-0.031550467014312744,-0.0906451205222254,0.19976377487182617,-0.03103727102279663,-0.06797097720786383,0.1495199203491211,0.05030214786529541,-0.12675567813798239,0.27367496490478516,0.03934013843536377,-0.12721905954762747,0.23902660608291626,0.03816038370132446,-0.09625240512772848,0.18725603818893433,0.03237217664718628,-0.07633287557050039,thumbs_up
0.0,0.0,0.0,0.039637863636016846,-0.141920268535614,-0.013761584153002104,0.10717689990997314,-0.28922468423843384,-0.042393479002242884,0.1513316035270691,-0.39525043964385986,-0.06861763770652374,0.1805572509765625,-0.48757609724998474,-0.08775511707139572,0.15237772464752197,-0.2344551682472229,-0.09641040439677795,0.3100491166114807,-0.22973990440368652,-0.13842248494697174,0.27413785457611084,-0.21019631624221802,-0.14736777122092803,0.2138751745223999,-0.20959046483039856,-0.14551883513999542,0.15193629264831543,-0.134319007396698,-0.10727581704927047,0.3131873607635498,-0.12739676237106323,-0.13321998293471893,0.26904767751693726,-0.11709767580032349,-0.11602676237893661,0.20738297700881958,-0.11809682846069336,-0.10554366136861404,0.15078341960906982,-0.03706777095794678,-0.11632571692538818,0.30111581087112427,-0.038090527057647705,-0.1292825746066626,0.2579609751701355,-0.03444176912307739,-0.09218741531444152,0.19878840446472168,-0.03457599878311157,-0.0699517759211119,0.1491888165473938,0.053183794021606445,-0.1260511087901648,0.27484822273254395,0.04100489616394043,-0.1275059687621649,0.24166780710220337,0.03611272573471069,-0.09706855888438781,0.18857604265213013,0.029094338417053223,-0.07704326833558639,thumbs_up
0.0,0.0,0.0,0.03920239210128784,-0.13843977451324463,-0.014058303675085426,0.1057615876197815,-0.28526198863983154,-0.04280471953603637,0.15031534433364868,-0.39249101281166077,-0.06899380463215721,0.17978930473327637,-0.484117329120636,-0.0879740692958535,0.15258687734603882,-0.2299593985080719,-0.09760086017701042,0.30864977836608887,-0.22847527265548706,-0.13839497941586387,0.27265119552612305,-0.20466870069503784,-0.14563034254166496,0.21346420049667358,-0.20126691460609436,-0.1428950704917611,0.1526789665222168,-0.13243705034255981,-0.10830536264035118,0.31319403648376465,-0.12422192096710205,-0.13508118468377006,0.26789402961730957,-0.1105697751045227,-0.1180401720390023,0.20577400922775269,-0.1120557188987732,-0.10719657468649757,0.15182441473007202,-0.03641009330749512,-0.1169386335000695,0.30139249563217163,-0.035043418407440186,-0.13047109323593986,0.2580578327178955,-0.02958846092224121,-0.0938828490957917,0.19939595460891724,-0.03044825792312622,-0.07173378544899833,0.15005379915237427,0.053395211696624756,-0.12619229930493248,0.2723534107208252,0.042546987533569336,-0.12869910675141227,0.23978465795516968,0.03853088617324829,-0.09947381692978752,0.18900388479232788,0.030398428440093994,-0.08009816485497367,thumbs_up
0.0,0.0,0.0,0.038110941648483276,-0.14351952075958252,-0.012804338121725323,0.10413888096809387,-0.289837121963501,-0.03982652665109754,0.1473645269870758,-0.3936663269996643,-0.06426855863065839,0.17515137791633606,-0.4835028052330017,-0.08179277122945905,0.1518351137638092,-0.23189228773117065,-0.09533515513868451,0.3054012358188629,-0.2275407314300537,-0.13398560822935224,0.2704281508922577,-0.2101607322692871,-0.1401231283041966,0.21202626824378967,-0.20953601598739624,-0.13669179321260572,0.15278884768486023,-0.12963992357254028,-0.10552577615709424,0.3106302320957184,-0.12632250785827637,-0.12985187710256696,0.26832446455955505,-0.11881214380264282,-0.11223452479572416,0.20860019326210022,-0.11963868141174316,-0.10120793373317838,0.15200337767601013,-0.031987130641937256,-0.11340161354274869,0.3000148832798004,-0.03609728813171387,-0.12535339535207868,0.25912269949913025,-0.03557795286178589,-0.08939428568811536,0.20203563570976257,-0.03669482469558716,-0.0676143238040936,0.14955314993858337,0.05680263042449951,-0.12164854199619413,0.2723459303379059,0.04414409399032593,-0.12267147690982938,0.24196931719779968,0.03585612773895264,-0.09323751122684598,0.19167831540107727,0.027015328407287598,-0.07367516250343442,thumbs_up
0.0,0.0,0.0,0.03825896978378296,-0.14226460456848145,-0.01206317271800117,0.10470330715179443,-0.2882269024848938,-0.038656286967409415,0.1486586332321167,-0.3920932710170746,-0.06278204925121145,0.1775495409965515,-0.48190271854400635,-0.07981416590274648,0.15290206670761108,-0.23219934105873108,-0.094435200167311,0.30584174394607544,-0.22795850038528442,-0.1322437898045905,0.2689361572265625,-0.20923250913619995,-0.13756421960653142,0.21042799949645996,-0.20956438779830933,-0.13392118371785955,0.15419530868530273,-0.13118529319763184,-0.10510635383189992,0.31168776750564575,-0.12653952836990356,-0.12928354002298192,0.2670782804489136,-0.11698436737060547,-0.11138349778713064,0.20693105459213257,-0.11896109580993652,-0.10016583658517675,0.15358108282089233,-0.03399544954299927,-0.11331164099038915,0.3019590377807617,-0.036459267139434814,-0.12528877712549047,0.2592669129371643,-0.033876657485961914,-0.08844058222831563,0.2015175223350525,-0.03519034385681152,-0.06607291109622793,0.1507241129875183,0.0551762580871582,-0.12181726105274038,0.273925244808197,0.044004619121551514,-0.12291734672845678,0.24113261699676514,0.03725862503051758,-0.0926983357197173,0.18950623273849487,0.02848571538925171,-0.07259054489196615,thumbs_up
0.0,0.0,0.0,0.03803473711013794,-0.14142876863479614,-0.012632639321026318,0.10510236024856567,-0.2882486581802368,-0.039115675898727886,0.1476021409034729,-0.3923320174217224,-0.06351699418061685,0.17625313997268677,-0.4824320375919342,-0.0810051310681672,0.15369397401809692,-0.2321312129497528,-0.09087545162671518,0.3078368306159973,-0.2256445288658142,-0.13022016471856546,0.27041447162628174,-0.20688244700431824,-0.13817368930810403,0.2120930552482605,-0.20745110511779785,-0.13619597739213418,0.1551053524017334,-0.13127297163009644,-0.10169180220597696,0.31250786781311035,-0.1253337264060974,-0.12631513661378335,0.26774632930755615,-0.11590355634689331,-0.10974161064856958,0.20788711309432983,-0.11782252788543701,-0.09942187851899575,0.15427684783935547,-0.03376805782318115,-0.11063371336692285,0.3007768988609314,-0.03617352247238159,-0.1226466048383088,0.2569419741630554,-0.032057106494903564,-0.08567609375947427,0.19962376356124878,-0.03184419870376587,-0.06316472327941369,0.15138787031173706,0.05603271722793579,-0.12016216403478097,0.2746383547782898,0.04454684257507324,-0.12040379381411981,0.2409709095954895,0.039236605167388916,-0.08934728539222192,0.18933475017547607,0.0328180193901062,-0.06879765278333139,thumbs_up
0.0,0.0,0.0,0.03930261731147766,-0.1411868929862976,-0.013319903442180703,0.10540798306465149,-0.28915637731552124,-0.04051478152862842,0.14767786860466003,-0.3946811556816101,-0.06558746417752559,0.1764691174030304,-0.48545265197753906,-0.08367608805886562,0.1535261571407318,-0.23307892680168152,-0.09159429689637477,0.30638232827186584,-0.2290632128715515,-0.13133208026877696,0.26929470896720886,-0.2082749605178833,-0.1396330403327113,0.21078553795814514,-0.20811495184898376,-0.1379608320235377,0.15526869893074036,-0.13284510374069214,-0.10246262272588069,0.3123351037502289,-0.12596917152404785,-0.12764939239016826,0.26729050278663635,-0.11435329914093018,-0.11186185052386577,0.20650210976600647,-0.11672824621200562,-0.10212678780547435,0.1546708047389984,-0.03534591197967529,-0.11145676990739162,0.30187419056892395,-0.03650635480880737,-0.12423080524197871,0.2577076256275177,-0.03115910291671753,-0.0879417987703448,0.19927623867988586,-0.031291961669921875,-0.06589952429524715,0.15173712372779846,0.05490696430206299,-0.12105886956445033,0.27391067147254944,0.04388689994812012,-0.12231067886344249,0.23994985222816467,0.03887283802032471,-0.09203151186696346,0.18823888897895813,0.03135120868682861,-0.07199726572028453,thumbs_up
0.0,0.0,0.0,0.03736460208892822,-0.14275586605072021,-0.010873757526439931,0.10307157039642334,-0.28822803497314453,-0.036529720984560754,0.14574432373046875,-0.3918878138065338,-0.06013292562232664,0.17498779296875,-0.4813608229160309,-0.07685136538015058,0.15459907054901123,-0.2328493893146515,-0.09108041714893034,0.30574870109558105,-0.22733142971992493,-0.12808968614803007,0.2675762176513672,-0.20949697494506836,-0.1333452064918106,0.2101207971572876,-0.210597962141037,-0.13002899777160337,0.15633684396743774,-0.1307050585746765,-0.10227961581216505,0.310821533203125,-0.12725549936294556,-0.12571546923385313,0.264856219291687,-0.11861944198608398,-0.10797040652499845,0.20674115419387817,-0.12078893184661865,-0.09735759835706403,0.15614378452301025,-0.03294229507446289,-0.11108363907800367,0.3023059368133545,-0.03673011064529419,-0.12273189913497617,0.25716137886047363,-0.033321380615234375,-0.0850658838079994,0.20024853944778442,-0.03352785110473633,-0.06243881326184919,0.1533769965171814,0.05651479959487915,-0.12017740797267606,0.27629077434539795,0.044168829917907715,-0.12044556181893995,0.24065011739730835,0.03831738233566284,-0.08898003142343214,0.18861514329910278,0.03161811828613281,-0.06829019378886869,thumbs_up
0.0,0.0,0.0,0.03791451454162598,-0.14044225215911865,-0.01226678213993182,0.10328537225723267,-0.2866966426372528,-0.038223993060682915,0.1457815170288086,-0.3918952941894531,-0.06234929340848794,0.1751946210861206,-0.4816722571849823,-0.07940501722464433,0.15631991624832153,-0.23174968361854553,-0.08758603784212937,0.30608224868774414,-0.22822070121765137,-0.12572500112423768,0.26722145080566406,-0.20585113763809204,-0.13341444733509888,0.20946234464645386,-0.20483586192131042,-0.13180269303688874,0.15849953889846802,-0.1325526237487793,-0.09861619773278107,0.3111609220504761,-0.1256561279296875,-0.12282752993473878,0.2644065022468567,-0.11282771825790405,-0.10721912237772813,0.20526349544525146,-0.11556351184844971,-0.09790342303881516,0.15773171186447144,-0.03572124242782593,-0.10777443650135865,0.3018447756767273,-0.03594410419464111,-0.12050186100373139,0.2561264634132385,-0.029325664043426514,-0.08404018732676377,0.19847041368484497,-0.029231369495391846,-0.06188222396144738,0.15371280908584595,0.05409294366836548,-0.11744722726712098,0.27434128522872925,0.04407995939254761,-0.1188052073396193,0.23895251750946045,0.0402982234954834,-0.08816259357104173,0.187591552734375,0.033577680587768555,-0.06780521574387421,thumbs_up
0.0,0.0,0.0,0.03750258684158325,-0.13942646980285645,-0.013169288970630078,0.103512704372406,-0.28576070070266724,-0.03934844058017006,0.14511233568191528,-0.3919788599014282,-0.06339888867000809,0.1744135618209839,-0.4823622703552246,-0.08037008937458268,0.153997004032135,-0.23345905542373657,-0.08942222442487946,0.3057095408439636,-0.2275637686252594,-0.12742577340463868,0.26819247007369995,-0.20624351501464844,-0.13430993106226197,0.21105164289474487,-0.2062670886516571,-0.13206964578489533,0.1567891240119934,-0.13303589820861816,-0.0999153241143631,0.31153059005737305,-0.12659388780593872,-0.12415191378454438,0.26553457975387573,-0.11465436220169067,-0.10801405306915512,0.20671850442886353,-0.11677467823028564,-0.09819555874923935,0.1569412350654602,-0.035331547260284424,-0.10849074866632691,0.3027727007865906,-0.03698921203613281,-0.12108696099380722,0.2574552297592163,-0.03115212917327881,-0.08443769659857026,0.2002449631690979,-0.030705928802490234,-0.06214347329000702,0.15410476922988892,0.055155277252197266,-0.11762823756794205,0.27544236183166504,0.043878912925720215,-0.11880072053531876,0.24020200967788696,0.03945833444595337,-0.08819913711408844,0.18874365091323853,0.03301560878753662,-0.06790691461424103,thumbs_up
0.0,0.0,0.0,0.03684866428375244,-0.14059478044509888,-0.011081684772534572,0.10340958833694458,-0.2863282561302185,-0.03609368057982465,0.1462458372116089,-0.3899686932563782,-0.05943449812070867,0.17665767669677734,-0.47910618782043457,-0.07599548103348752,0.15569990873336792,-0.2334354817867279,-0.08779400439993879,0.30765676498413086,-0.2280520498752594,-0.12537695320384046,0.26973748207092285,-0.205957293510437,-0.13224980088011762,0.21235346794128418,-0.20538252592086792,-0.13019732983843824,0.15834647417068481,-0.1335507035255432,-0.09951325358883878,0.3129312992095947,-0.12709325551986694,-0.12269119771258374,0.26639068126678467,-0.1152569055557251,-0.10625518711344739,0.20755422115325928,-0.11818218231201172,-0.09672549964921018,0.15761470794677734,-0.03625941276550293,-0.10920927526490232,0.30301398038864136,-0.03815430402755737,-0.1211690738989546,0.25733447074890137,-0.032207369804382324,-0.08437669875161191,0.2002008557319641,-0.032258689403533936,-0.06243286134736081,0.15349066257476807,0.05348312854766846,-0.11930867882506391,0.2750236392021179,0.04199814796447754,-0.12030461283461591,0.2393707036972046,0.03760123252868652,-0.08936377467648526,0.18741309642791748,0.031008362770080566,-0.06904229374663373,thumbs_up
0.0,0.0,0.0,0.03729599714279175,-0.13996660709381104,-0.01052080392435073,0.10470110177993774,-0.28687700629234314,-0.03480446077480792,0.14747536182403564,-0.3917744755744934,-0.05766391865506648,0.17787843942642212,-0.48137563467025757,-0.07377119846239566,0.1568300724029541,-0.2358357310295105,-0.08490425832167148,0.3085002899169922,-0.23087888956069946,-0.1219387326349306,0.2705894708633423,-0.2084362804889679,-0.12895009405508517,0.21370428800582886,-0.20730873942375183,-0.12708366401091098,0.1596890687942505,-0.13610470294952393,-0.09681193269386767,0.31390833854675293,-0.1292968988418579,-0.11928841210499286,0.26744014024734497,-0.11681514978408813,-0.10297314561501025,0.20914894342422485,-0.1191720962524414,-0.09352908022299289,0.15911948680877686,-0.038738369941711426,-0.1068332467187929,0.3041614294052124,-0.04003751277923584,-0.11839101947441577,0.25853508710861206,-0.03367936611175537,-0.08186919726028918,0.2017587423324585,-0.03352421522140503,-0.06008773780956744,0.1553114652633667,0.051230013370513916,-0.11723004765406131,0.27634042501449585,0.03947639465332031,-0.117579092453866,0.24050575494766235,0.03570955991744995,-0.08643644041910648,0.18892627954483032,0.02984321117401123,-0.06603293604746341,thumbs_up
0.0,0.0,0.0,0.038712143898010254,-0.1394214630126953,-0.010078625425194332,0.10466474294662476,-0.2841219902038574,-0.034851320690904686,0.1464303731918335,-0.3890758752822876,-0.05813916087845428,0.17595773935317993,-0.4774143397808075,-0.07473069117168052,0.15589594841003418,-0.23065322637557983,-0.08650912777284248,0.3065486550331116,-0.22693783044815063,-0.1235082565317498,0.2710120677947998,-0.20396491885185242,-0.12999717578986747,0.2149059772491455,-0.20159727334976196,-0.12755819842914207,0.1577931046485901,-0.13243001699447632,-0.09822365329364402,0.31165939569473267,-0.1250971555709839,-0.12072941348651511,0.26756101846694946,-0.11298441886901855,-0.10420146272281272,0.2099682092666626,-0.11546313762664795,-0.09467482254603965,0.15722280740737915,-0.03658372163772583,-0.10784311280349357,0.30206239223480225,-0.036709368228912354,-0.11906321034530265,0.2585289478302002,-0.03228425979614258,-0.08325400636294944,0.2026636004447937,-0.03337657451629639,-0.06204998553494079,0.1537432074546814,0.05173391103744507,-0.11774360076287849,0.27317237854003906,0.039593398571014404,-0.11775685534576041,0.23902630805969238,0.03501945734024048,-0.08731467709640128,0.18886572122573853,0.02868574857711792,-0.0674702270398484,thumbs_up
0.0,0.0,0.0,0.03724515438079834,-0.13968372344970703,-0.011482329214686615,0.10257333517074585,-0.28623056411743164,-0.03679607446747468,0.14397096633911133,-0.39031147956848145,-0.06019427638011621,0.17359226942062378,-0.47853878140449524,-0.07676788802700685,0.15195101499557495,-0.23311370611190796,-0.08919272955017732,0.3040916323661804,-0.22582891583442688,-0.12610374029236482,0.2668793797492981,-0.20428353548049927,-0.13218684132652925,0.21030384302139282,-0.20436757802963257,-0.12961579497414277,0.15477657318115234,-0.1334555745124817,-0.10015038784104036,0.3099825978279114,-0.126370370388031,-0.12323274101572679,0.2649626135826111,-0.11459094285964966,-0.10653032745676683,0.20671510696411133,-0.11705458164215088,-0.09679734345036195,0.15571993589401245,-0.03646445274353027,-0.10894118632631944,0.30128729343414307,-0.038682401180267334,-0.12002391006308244,0.2566310167312622,-0.032800912857055664,-0.08331519748526262,0.19981741905212402,-0.033171653747558594,-0.06169680516677545,0.15404802560806274,0.052729249000549316,-0.1181890704806392,0.2742326259613037,0.04097241163253784,-0.11837181832152055,0.2392401099205017,0.03716683387756348,-0.08774370338278459,0.1883225440979004,0.03037494421005249,-0.06787106032925294,thumbs_up
0.0,0.0,0.0,0.038229405879974365,-0.13954579830169678,-0.009734188304037161,0.10635274648666382,-0.28100109100341797,-0.03297071541169316,0.1511802077293396,-0.38304316997528076,-0.055029764869004794,0.18233203887939453,-0.4708690643310547,-0.07027493799546392,0.15761321783065796,-0.2275947630405426,-0.08134589726546437,0.3084292411804199,-0.22691673040390015,-0.11736534173110158,0.2697172164916992,-0.20201236009597778,-0.1235860475383106,0.21291494369506836,-0.19841301441192627,-0.12128089750626714,0.16152936220169067,-0.1300370693206787,-0.09316355372288854,0.3133312463760376,-0.1286659836769104,-0.11622807020762593,0.26485955715179443,-0.11405354738235474,-0.10061408216574819,0.20675665140151978,-0.11455905437469482,-0.09112237776139409,0.16222399473190308,-0.03503298759460449,-0.10320032025197179,0.3050087094306946,-0.04071694612503052,-0.11520719910481603,0.25924181938171387,-0.03406113386154175,-0.07954851920226247,0.20356684923171997,-0.03301882743835449,-0.057927455850631304,0.1594247817993164,0.05150175094604492,-0.11354311937907369,0.2773752212524414,0.036396682262420654,-0.1142047905407253,0.2420230507850647,0.03335905075073242,-0.08382024998286397,0.1923486590385437,0.029635488986968994,-0.06368024284461171,thumbs_up
0.0,0.0,0.0,0.037914812564849854,-0.13885337114334106,-0.0115753538961485,0.10460293292999268,-0.28186774253845215,-0.03591972925318032,0.14608335494995117,-0.3852168917655945,-0.05887416340959817,0.17667734622955322,-0.47275814414024353,-0.0749672684873417,0.15580976009368896,-0.2285647988319397,-0.08311213143718987,0.3068466782569885,-0.22553452849388123,-0.11910405345810204,0.2685256004333496,-0.20204874873161316,-0.12483020462644845,0.21280616521835327,-0.20064330101013184,-0.12192210145843774,0.15890347957611084,-0.1294097900390625,-0.09386423565996438,0.31087011098861694,-0.12764161825180054,-0.11694259532345086,0.26431143283843994,-0.1142265796661377,-0.10154137351167947,0.20694446563720703,-0.11500006914138794,-0.09194269367111474,0.15966594219207764,-0.03363645076751709,-0.10292731561315804,0.3040975332260132,-0.03953421115875244,-0.11508109756363183,0.2603687644004822,-0.03374207019805908,-0.0805253345574215,0.20525676012039185,-0.03314167261123657,-0.05937719308388978,0.15817385911941528,0.05349546670913696,-0.1123626787270382,0.27713513374328613,0.03743964433670044,-0.11303969063413888,0.24415969848632812,0.03401899337768555,-0.08342276849401742,0.19576287269592285,0.030153274536132812,-0.063732672115691,thumbs_up
0.0,0.0,0.0,0.03952431678771973,-0.14012831449508667,-0.006349771684540428,0.10607773065567017,-0.2760775685310364,-0.025995110562575974,0.1504489779472351,-0.37672972679138184,-0.04437023534489981,0.18333083391189575,-0.45860204100608826,-0.05661323054744116,0.16439807415008545,-0.2223079800605774,-0.07127257942272536,0.3062503933906555,-0.2144511342048645,-0.1001282831938397,0.27092599868774414,-0.19818153977394104,-0.10142734407497755,0.2189500331878662,-0.19607305526733398,-0.09620135783268324,0.17206919193267822,-0.12018436193466187,-0.08115717529369704,0.31244218349456787,-0.12458908557891846,-0.09743703662468306,0.2702215909957886,-0.11865514516830444,-0.08032402901960722,0.2187345027923584,-0.11639595031738281,-0.06991825013471953,0.17585283517837524,-0.025073707103729248,-0.08886429428173415,0.3072757124900818,-0.03590047359466553,-0.09612096606804243,0.26748335361480713,-0.036041259765625,-0.06341197847439162,0.21871072053909302,-0.034359633922576904,-0.04407109453393332,0.17560744285583496,0.058537423610687256,-0.09627598284794203,0.2830808162689209,0.03588759899139404,-0.09242371230436675,0.24879342317581177,0.03041177988052368,-0.06284780561043135,0.20421326160430908,0.03103470802307129,-0.043512196681035675,thumbs_up
0.0,0.0,0.0,0.04120069742202759,-0.13885197043418884,-0.008863767969501168,0.10168242454528809,-0.2670137882232666,-0.026718808698547036,0.1482144594192505,-0.3646462559700012,-0.04329933448423162,0.18207108974456787,-0.4411509931087494,-0.054209312784564645,0.1825048327445984,-0.21743792295455933,-0.04876471905697599,0.29856276512145996,-0.19975221157073975,-0.07034350781430021,0.2665784955024719,-0.17915359139442444,-0.07465437649477735,0.21906960010528564,-0.1795346438884735,-0.07388383744944349,0.19534176588058472,-0.11818671226501465,-0.05621664820898786,0.30510061979293823,-0.11176234483718872,-0.06232245116223112,0.2708898186683655,-0.10140645503997803,-0.0519448280214192,0.22366297245025635,-0.10435813665390015,-0.04884261115182653,0.199238121509552,-0.024228215217590332,-0.06265668420780912,0.2993852496147156,-0.027613341808319092,-0.06370282768000379,0.26486629247665405,-0.021867871284484863,-0.03954715504039541,0.21973997354507446,-0.023040950298309326,-0.02828270605493799,0.19504952430725098,0.058492422103881836,-0.06934065966595426,0.27214860916137695,0.041653454303741455,-0.06464914082278028,0.2410990595817566,0.0419575572013855,-0.040465114998710305,0.2044103741645813,0.04268127679824829,-0.02530239744771734,thumbs_up
0.0,0.0,0.0,0.04003819823265076,-0.13884642720222473,-0.0055013644604571255,0.10340014100074768,-0.26559460163116455,-0.022157387444991627,0.14898911118507385,-0.36079034209251404,-0.038335946956891576,0.1795942485332489,-0.43463680148124695,-0.04936886356236414,0.1812547743320465,-0.2183435559272766,-0.04595616982342676,0.2969034016132355,-0.19983452558517456,-0.06531860084297136,0.26879987120628357,-0.17734947800636292,-0.06798266769411043,0.22458550333976746,-0.17613473534584045,-0.06624810547592119,0.1923065483570099,-0.12188440561294556,-0.05556908772351221,0.30392584204673767,-0.11633175611495972,-0.06145768390061335,0.2715601623058319,-0.10427457094192505,-0.05097048507096247,0.2248983085155487,-0.10528188943862915,-0.04692911134125666,0.19506213068962097,-0.0284385085105896,-0.06376505048038439,0.29928264021873474,-0.03248322010040283,-0.0642966419553943,0.264510840177536,-0.026601672172546387,-0.04046710730554537,0.2183443009853363,-0.026208341121673584,-0.028897709781546155,0.19058796763420105,0.055653154850006104,-0.07198579759361223,0.2710656225681305,0.038499653339385986,-0.0681869179105945,0.23934343457221985,0.038170039653778076,-0.044888505349177876,0.20070728659629822,0.04076683521270752,-0.029809629181642094,thumbs_up
0.0,0.0,0.0,0.036903321743011475,-0.13927218317985535,-0.004869084448614558,0.09466099739074707,-0.25913023948669434,-0.020304917466887673,0.14446395635604858,-0.35283929109573364,-0.03535009652102872,0.17843204736709595,-0.42659512162208557,-0.045526069697984894,0.18707937002182007,-0.21778440475463867,-0.03786912291968747,0.2820846438407898,-0.19707617163658142,-0.05110878973925992,0.25210267305374146,-0.17166727781295776,-0.051806562689193925,0.20906180143356323,-0.1693311333656311,-0.050224610713371476,0.20184415578842163,-0.12361586093902588,-0.04581996530021115,0.2920296788215637,-0.114102303981781,-0.04361248865450307,0.26027947664260864,-0.0989236831665039,-0.032066651728996476,0.21572691202163696,-0.09879893064498901,-0.029513540786751946,0.20492708683013916,-0.032421767711639404,-0.05228307574714108,0.2873569130897522,-0.03341788053512573,-0.046530583051094254,0.25487059354782104,-0.023599207401275635,-0.02372340589488431,0.21128743886947632,-0.02237677574157715,-0.015008835231014928,0.1988511085510254,0.05003446340560913,-0.058932540115961274,0.26064956188201904,0.036339640617370605,-0.05106780037010594,0.23044633865356445,0.0388035774230957,-0.028402145129689416,0.19579797983169556,0.03919953107833862,-0.014697037746259412,thumbs_up
0.0,0.0,0.0,0.03481823205947876,-0.1431458592414856,-0.0008769749226757995,0.09236425161361694,-0.25473517179489136,-0.010462891976885658,0.14690732955932617,-0.3382278084754944,-0.01990775830631719,0.18261104822158813,-0.4026835858821869,-0.024706246997766357,0.18635743856430054,-0.2142283022403717,-0.025551509778551917,0.26613426208496094,-0.20815974473953247,-0.03037088058476911,0.2345626950263977,-0.18684959411621094,-0.026418431397132736,0.1943453550338745,-0.18028056621551514,-0.022703733961634498,0.2049817442893982,-0.12220054864883423,-0.03243292748516069,0.27751797437667847,-0.13128125667572021,-0.02438982270246015,0.24706029891967773,-0.12047624588012695,-0.013039944428555827,0.20792853832244873,-0.11278247833251953,-0.01072334099148975,0.2102559208869934,-0.03489261865615845,-0.03730939954107271,0.27613621950149536,-0.05228900909423828,-0.028114358629636627,0.2464696764945984,-0.0446549654006958,-0.009165258813254695,0.20780861377716064,-0.03640127182006836,-0.0029701096616463474,0.2057018280029297,0.04333662986755371,-0.0419410715956019,0.2538290023803711,0.01816946268081665,-0.03257173180168138,0.2268800139427185,0.01966989040374756,-0.012655485156528812,0.19695842266082764,0.027077794075012207,-0.00046578776959904644,thumbs_up
0.0,0.0,0.0,0.030626237392425537,-0.14125412702560425,-0.002400140035831555,0.08962428569793701,-0.2553516626358032,-0.011015324145489558,0.14320772886276245,-0.33988749980926514,-0.019027987718516215,0.17961108684539795,-0.4032408595085144,-0.02226117089384161,0.18796926736831665,-0.22251546382904053,-0.020828908532791957,0.2677038311958313,-0.21032962203025818,-0.0259352887421187,0.23660767078399658,-0.1877179741859436,-0.024516379684143885,0.19743990898132324,-0.18321126699447632,-0.022716770172053202,0.20494294166564941,-0.13015389442443848,-0.027081314697795733,0.27606791257858276,-0.13158011436462402,-0.018570907637410983,0.24444633722305298,-0.11688631772994995,-0.009238639138573035,0.2063007950782776,-0.1108696460723877,-0.008041460290485247,0.20851486921310425,-0.04100239276885986,-0.031890562027626856,0.2721176743507385,-0.05187845230102539,-0.022521797791057452,0.24200445413589478,-0.04271352291107178,-0.005210719760441407,0.20354801416397095,-0.03691798448562622,0.00017789935583323313,0.20212233066558838,0.03937345743179321,-0.036664268225365504,0.24568206071853638,0.018236815929412842,-0.027887862399154528,0.2175893783569336,0.020810604095458984,-0.008872375115686282,0.18716859817504883,0.02725929021835327,0.0031297316402856268,thumbs_up
0.0,0.0,0.0,0.029976755380630493,-0.14276015758514404,-0.0011332734796383193,0.0877569317817688,-0.25178414583206177,-0.007545625332852524,0.14529037475585938,-0.3321074843406677,-0.014369520831962745,0.18667155504226685,-0.3900277316570282,-0.01661599381651513,0.18768799304962158,-0.2115911841392517,-0.013785009745618026,0.2560626268386841,-0.21185332536697388,-0.017372034032007377,0.22509878873825073,-0.19487246870994568,-0.015742573429008644,0.1894298791885376,-0.18649274110794067,-0.01402280899520747,0.2054234743118286,-0.12250036001205444,-0.02008283464994065,0.26688557863235474,-0.13635027408599854,-0.011985254947205704,0.23684090375900269,-0.12846487760543823,-0.00364294416095845,0.20193195343017578,-0.11758202314376831,-0.0026060012244784048,0.20955854654312134,-0.03856325149536133,-0.02526195860292546,0.2652750015258789,-0.060058414936065674,-0.017485292170306366,0.23682838678359985,-0.05381828546524048,-0.001994465485324781,0.2017519474029541,-0.042479753494262695,0.0032523123006171772,0.2040853500366211,0.036909401416778564,-0.030420673553010147,0.24623346328735352,0.009732186794281006,-0.0219004447647535,0.22157526016235352,0.010513544082641602,-0.004006512004991691,0.1934249997138977,0.020946204662322998,0.0076163159607745,thumbs_up
0.0,0.0,0.0,0.02743813395500183,-0.13972419500350952,-0.004812218202062013,0.08524501323699951,-0.24948862195014954,-0.012623272323764922,0.14157181978225708,-0.3296942710876465,-0.0196997080461756,0.1819058656692505,-0.3897971510887146,-0.02204976272747672,0.18726211786270142,-0.21081691980361938,-0.01712923166320479,0.2568509578704834,-0.2048184871673584,-0.020732207642652156,0.22534829378128052,-0.18511325120925903,-0.019839203404046657,0.18840616941452026,-0.17834216356277466,-0.018738612951494815,0.20377308130264282,-0.12085723876953125,-0.0210226219610945,0.2636498808860779,-0.12778723239898682,-0.012080653058148982,0.23197972774505615,-0.1169465184211731,-0.004354720888443353,0.19663125276565552,-0.10919731855392456,-0.00425531617344177,0.20541787147521973,-0.035741448402404785,-0.023832168848969104,0.26051586866378784,-0.053662002086639404,-0.01579985623226321,0.23165827989578247,-0.04686605930328369,-0.0006814317426346861,0.19562160968780518,-0.03915512561798096,0.0039747129662259795,0.1976185441017151,0.039492905139923096,-0.026734197931148174,0.23813015222549438,0.013701915740966797,-0.019132240162946346,0.2121572494506836,0.014435052871704102,-0.0013493806587234758,0.18273699283599854,0.021642625331878662,0.010294608352921841,thumbs_up
0.0,0.0,0.0,0.029551714658737183,-0.13455939292907715,-0.004081957423977656,0.08453917503356934,-0.24092939496040344,-0.012120785107754273,0.13934463262557983,-0.32013386487960815,-0.02023575632824759,0.18044507503509521,-0.37779560685157776,-0.023511249488137764,0.18428927659988403,-0.20859003067016602,-0.011969467541121048,0.2479822039604187,-0.20113259553909302,-0.01660369887008528,0.22102367877960205,-0.18180474638938904,-0.016548328017734093,0.18652737140655518,-0.17535096406936646,-0.015864850869320435,0.2018910050392151,-0.12403100728988647,-0.0175638719554172,0.25838184356689453,-0.12541717290878296,-0.010003968058072132,0.2313457727432251,-0.11273491382598877,-0.003938286947004599,0.1966673731803894,-0.10624086856842041,-0.00438959888174395,0.2064509391784668,-0.041579484939575195,-0.022653285330079598,0.25579404830932617,-0.05207538604736328,-0.01538931942536692,0.22961640357971191,-0.04203319549560547,-0.001983153317041797,0.19454526901245117,-0.035028934478759766,0.0019932331890686328,0.20120304822921753,0.03488665819168091,-0.028152223592542214,0.23696422576904297,0.01567375659942627,-0.020912798037670655,0.21357274055480957,0.01921290159225464,-0.004881899254314703,0.18615108728408813,0.0256231427192688,0.005831488492049175,thumbs_up
0.0,0.0,0.0,0.02931535243988037,-0.13474833965301514,-0.005741820489845395,0.08529087901115417,-0.2409086525440216,-0.014241430261961341,0.1397280991077423,-0.3199489414691925,-0.021788225794068694,0.17839643359184265,-0.37943920493125916,-0.02459052140437734,0.1836661398410797,-0.20548152923583984,-0.015996809402338386,0.2465309202671051,-0.19975709915161133,-0.020210071751705527,0.21702024340629578,-0.17936763167381287,-0.020510069379440665,0.18138834834098816,-0.17365765571594238,-0.02031963998996389,0.20089253783226013,-0.11823612451553345,-0.019513625005117774,0.254476398229599,-0.12193942070007324,-0.010741700703135848,0.22539857029914856,-0.10972952842712402,-0.004398483602187753,0.19042804837226868,-0.10383671522140503,-0.005330201057574868,0.2044874131679535,-0.035298287868499756,-0.022188511961928725,0.2529597580432892,-0.04904341697692871,-0.013902606727413058,0.22737827897071838,-0.041315317153930664,-0.0002385224881322756,0.1918722689151764,-0.03610342741012573,0.003349320678182721,0.1982642114162445,0.038533568382263184,-0.025181849771968245,0.2343967854976654,0.01621454954147339,-0.01748637417875898,0.2108621895313263,0.018528878688812256,-0.0007126442444018721,0.18204006552696228,0.023439645767211914,0.010316637059816003,thumbs_up
0.0,0.0,0.0,0.026974350214004517,-0.13229233026504517,-0.005249937782366487,0.08105200529098511,-0.23607945442199707,-0.0139993687815263,0.13548511266708374,-0.31474876403808594,-0.022132240021903726,0.17445755004882812,-0.3746286928653717,-0.025742586488206598,0.17909133434295654,-0.21025002002716064,-0.01341756132461569,0.23829203844070435,-0.20397180318832397,-0.017372486898977968,0.21040594577789307,-0.18182003498077393,-0.01763822675712845,0.1766425371170044,-0.1737304925918579,-0.01760002949305317,0.19886291027069092,-0.12706422805786133,-0.017665536860306474,0.2479393482208252,-0.12935656309127808,-0.009067264171619627,0.21983247995376587,-0.11393308639526367,-0.003499124450911495,0.18669629096984863,-0.10577064752578735,-0.004923837976832601,0.20390725135803223,-0.044960737228393555,-0.021262267390568468,0.2487579584121704,-0.057226359844207764,-0.013862980315764162,0.22230494022369385,-0.04563194513320923,-0.0008661768122806279,0.18763166666030884,-0.037942349910736084,0.00239843733578482,0.19837820529937744,0.030245959758758545,-0.025224974165041658,0.23181778192520142,0.011424243450164795,-0.01836933732994339,0.206790030002594,0.01711028814315796,-0.0026404499265595405,0.1783987283706665,0.02289336919784546,0.007684785155277041,thumbs_up
0.0,0.0,0.0,0.02511763572692871,-0.1329442858695984,-0.005638085949954075,0.0785568356513977,-0.23479658365249634,-0.013839377734598202,0.13315725326538086,-0.3123413920402527,-0.021367819692727608,0.17210394144058228,-0.3719096779823303,-0.02450388268732695,0.17809271812438965,-0.20031294226646423,-0.011262033778962177,0.23402154445648193,-0.20229563117027283,-0.014892934534486812,0.20556288957595825,-0.18414652347564697,-0.015753602321979088,0.1718745231628418,-0.17468518018722534,-0.01605308213436274,0.19769948720932007,-0.11629503965377808,-0.01462385495358376,0.2452383041381836,-0.12994086742401123,-0.006187085240867418,0.2170584797859192,-0.11960554122924805,-0.0011539052396756233,0.18419796228408813,-0.10915148258209229,-0.0027105127850290955,0.20242398977279663,-0.036772966384887695,-0.017460046048995537,0.24743062257766724,-0.05820387601852417,-0.010460379246410412,0.22220253944396973,-0.052074313163757324,0.0018820335932332455,0.1883191466331482,-0.04379802942276001,0.00507820472887488,0.19689053297042847,0.034011662006378174,-0.02057992451989321,0.23104852437973022,0.007356166839599609,-0.01389706106090216,0.2072213888168335,0.009160041809082031,0.0017608026352036177,0.17915582656860352,0.016025304794311523,0.012197774190667587,thumbs_up
0.0,0.0,0.0,0.0209788978099823,-0.1284785270690918,-0.005349578124594245,0.07288137078285217,-0.23226729035377502,-0.01350466140837625,0.1254958212375641,-0.3075418770313263,-0.021512197119307075,0.16419550776481628,-0.3654600977897644,-0.02562229686708406,0.17164060473442078,-0.20046073198318481,-0.010675956283819232,0.22868630290031433,-0.2081507444381714,-0.01706461401016668,0.19974693655967712,-0.18845051527023315,-0.021159093615722213,0.1668858826160431,-0.17611834406852722,-0.023483989548992668,0.19219151139259338,-0.12128633260726929,-0.014918788124930416,0.24311146140098572,-0.13755476474761963,-0.010452901733231101,0.21388545632362366,-0.12489241361618042,-0.007729727563571487,0.17943039536476135,-0.11305862665176392,-0.009580005680334125,0.19821062684059143,-0.04515969753265381,-0.0190237441781278,0.24704745411872864,-0.0706186294555664,-0.014634645332705531,0.22099360823631287,-0.0627676248550415,-0.0038308864674831966,0.18601694703102112,-0.05298250913619995,-0.0006105687568265239,0.19383808970451355,0.02422618865966797,-0.023520234760951553,0.2299794852733612,-0.005855381488800049,-0.01900489607186273,0.20647522807121277,-0.0032857656478881836,-0.005159944084596191,0.17739960551261902,0.00403207540512085,0.004568768410820212,thumbs_up
0.0,0.0,0.0,0.02179577946662903,-0.13010495901107788,-0.005510233445875201,0.07462260127067566,-0.2322225272655487,-0.013103123857490573,0.12589100003242493,-0.30793917179107666,-0.0204663305644317,0.1623312532901764,-0.3666069507598877,-0.02395507237952188,0.1728295385837555,-0.19579660892486572,-0.010651050238720927,0.22991016507148743,-0.20330378413200378,-0.015962942606620345,0.1999141275882721,-0.18588823080062866,-0.01921402207653955,0.16575273871421814,-0.17496874928474426,-0.021011876976899657,0.19135060906410217,-0.11389625072479248,-0.014433889753036055,0.24040487408638,-0.13192850351333618,-0.009147183141521964,0.21058282256126404,-0.12206524610519409,-0.006362713045291457,0.17667612433433533,-0.11121469736099243,-0.00841175402592853,0.1952151358127594,-0.03657495975494385,-0.017837156644873176,0.24162504076957703,-0.06213784217834473,-0.013007424875013385,0.21576550602912903,-0.05620008707046509,-0.0019646616287900542,0.18171605467796326,-0.04762876033782959,0.0012436992387847567,0.18907848000526428,0.03181183338165283,-0.021501178956441436,0.22509798407554626,0.00202101469039917,-0.016173324650935683,0.20134523510932922,0.003184497356414795,-0.00103097652163342,0.17245909571647644,0.010569512844085693,0.009381993570514169,thumbs_up
0.0,0.0,0.0,0.018846988677978516,-0.13151735067367554,-0.006611184224880162,0.07060757279396057,-0.23666509985923767,-0.015950467445350114,0.12199494242668152,-0.31284573674201965,-0.024503448985910836,0.15794995427131653,-0.3729296624660492,-0.02904392593393368,0.16493645310401917,-0.20304715633392334,-0.015713244684434358,0.2257692515850067,-0.21196365356445312,-0.02355681174287838,0.19633212685585022,-0.19328460097312927,-0.02769485116789383,0.16126766800880432,-0.1808946430683136,-0.02946840413699192,0.18635991215705872,-0.11979186534881592,-0.01948392578253788,0.24035093188285828,-0.14020293951034546,-0.015515707441068116,0.21129366755485535,-0.12864768505096436,-0.012250638574755612,0.17753103375434875,-0.11571180820465088,-0.01382180117855114,0.19331827759742737,-0.04137778282165527,-0.022949211307263795,0.24635925889015198,-0.07216274738311768,-0.019931849100089494,0.22015687823295593,-0.06546467542648315,-0.00881441217700285,0.18555662035942078,-0.053436338901519775,-0.005194380421585265,0.19045546650886536,0.02815532684326172,-0.026557423182225648,0.22838297486305237,-0.008334517478942871,-0.023561021320915643,0.20458540320396423,-0.005980312824249268,-0.009330031469858113,0.1760134994983673,0.004963934421539307,0.0008868001090149846,thumbs_up
0.0,0.0,0.0,0.018811851739883423,-0.12972712516784668,-0.006179168257403944,0.07039713859558105,-0.23107728362083435,-0.014852077137220476,0.12175410985946655,-0.30773383378982544,-0.022241420480895613,0.15552014112472534,-0.3685342073440552,-0.025106021571446036,0.16361069679260254,-0.2045477032661438,-0.018480870309758757,0.2314264178276062,-0.20655229687690735,-0.02350741941063461,0.20406383275985718,-0.18700140714645386,-0.023084964040208433,0.1683785319328308,-0.17802348732948303,-0.02194089944987354,0.18510675430297852,-0.12171143293380737,-0.021771542164970015,0.24246984720230103,-0.13477909564971924,-0.015336440313149069,0.21332204341888428,-0.12260782718658447,-0.008328215587425802,0.17947226762771606,-0.1133127212524414,-0.007817036840606306,0.19214659929275513,-0.042677879333496094,-0.02434486094443855,0.2470337152481079,-0.06722140312194824,-0.018170758518863295,0.2200164794921875,-0.05970090627670288,-0.0035062431315964204,0.1849966049194336,-0.050896406173706055,0.0014458849136644858,0.18860787153244019,0.028127312660217285,-0.027183254617739294,0.22621911764144897,0.0008602142333984375,-0.021660614195752714,0.20207136869430542,0.004065573215484619,-0.005735624949920748,0.17378008365631104,0.0115278959274292,0.00497144284145179,thumbs_up
0.0,0.0,0.0,0.019950300455093384,-0.1319524049758911,-0.005444039209805851,0.07175639271736145,-0.23352286219596863,-0.013351955535881643,0.12241014838218689,-0.3131222724914551,-0.02020772741275323,0.15419688820838928,-0.37567317485809326,-0.022377101789288645,0.16445407271385193,-0.21121293306350708,-0.016450828026108866,0.23166224360466003,-0.21218764781951904,-0.019601378674678926,0.20410767197608948,-0.19151705503463745,-0.017454184676580553,0.16899070143699646,-0.18238475918769836,-0.015475156801812773,0.18589791655540466,-0.12839215993881226,-0.020272018472724085,0.24187466502189636,-0.14006000757217407,-0.011404623362295752,0.2125318944454193,-0.1270163655281067,-0.0038673925130296993,0.17966338992118835,-0.1183822751045227,-0.003564092881106262,0.1923178732395172,-0.047342777252197266,-0.023214515383415346,0.24732282757759094,-0.07032507658004761,-0.01583077953296197,0.22001048922538757,-0.06362801790237427,-0.0017882982185710716,0.1854616105556488,-0.05574387311935425,0.0024111768314014626,0.1881069839000702,0.026176273822784424,-0.026244599456958895,0.2229565680027008,-0.0037633180618286133,-0.01988630005257619,0.19941791892051697,-0.0034275054931640625,-0.004213303412370806,0.1724894940853119,0.003361046314239502,0.0060850283214222145,thumbs_up
0.0,0.0,0.0,0.02131068706512451,-0.1299472451210022,-0.004127245388531264,0.07256358861923218,-0.23086634278297424,-0.01180635205616909,0.12302100658416748,-0.3116580545902252,-0.018645141265892562,0.15443336963653564,-0.37449362874031067,-0.02117008715083557,0.16795039176940918,-0.20997101068496704,-0.016731882460021552,0.23239296674728394,-0.20924833416938782,-0.01891084200849491,0.20594900846481323,-0.18788495659828186,-0.01624641566684204,0.17335957288742065,-0.17976465821266174,-0.01457110884746271,0.18915748596191406,-0.12834703922271729,-0.021108914158844527,0.24583721160888672,-0.13892388343811035,-0.011863496146702346,0.21654754877090454,-0.12401068210601807,-0.00339272361395615,0.18323993682861328,-0.11552226543426514,-0.0025500783152665463,0.19560641050338745,-0.047654151916503906,-0.02431179768552738,0.2530391812324524,-0.06834667921066284,-0.016326356671356734,0.22534900903701782,-0.06052941083908081,-0.0015060206563930478,0.18918108940124512,-0.053462982177734375,0.0029923580665354166,0.19105619192123413,0.02638828754425049,-0.027571508653068122,0.22395718097686768,-0.0009589195251464844,-0.021291136733793792,0.19984501600265503,-0.00026994943618774414,-0.0061017866167958346,0.17212146520614624,0.004329204559326172,0.0037880509704564247,thumbs_up
0.0,0.0,0.0,0.021867334842681885,-0.13387319445610046,-0.002169691741300994,0.07365202903747559,-0.23304080963134766,-0.009236497588290149,0.12233918905258179,-0.31301552057266235,-0.01586058993621009,0.15206408500671387,-0.3764536380767822,-0.018196231469346458,0.1692948341369629,-0.20855051279067993,-0.015563973009420806,0.2348557710647583,-0.20790624618530273,-0.01567302529497283,0.20749986171722412,-0.18591535091400146,-0.01105602063967126,0.1730058789253235,-0.1773706078529358,-0.007801732297821218,0.18956118822097778,-0.1259191632270813,-0.019898512184454376,0.24491393566131592,-0.13697275519371033,-0.008739957369698459,0.21580630540847778,-0.12382984161376953,9.772484713721497e-05,0.18213635683059692,-0.11548024415969849,0.000877207244911915,0.19479894638061523,-0.04475283622741699,-0.022547942370010787,0.24923408031463623,-0.06790435314178467,-0.01191069629771846,0.22323930263519287,-0.06147283315658569,0.0028766926677690208,0.18820101022720337,-0.05410987138748169,0.0067579417789147556,0.18971604108810425,0.028408706188201904,-0.025030093982650214,0.225256085395813,-0.0015600919723510742,-0.015915405720306808,0.20267623662948608,-0.0028861165046691895,0.0006624199866109848,0.17474985122680664,0.0018340349197387695,0.011094179220663136,thumbs_up
0.0,0.0,0.0,0.0204201340675354,-0.13161414861679077,-0.004223550588449143,0.06859341263771057,-0.23342278599739075,-0.013367947575261496,0.11559757590293884,-0.315065860748291,-0.02170014326702585,0.14574047923088074,-0.3782934546470642,-0.025585162837614916,0.16448506712913513,-0.21461132168769836,-0.020620375324597262,0.2316749393939972,-0.21115189790725708,-0.02206412648092737,0.20519551634788513,-0.18763545155525208,-0.01742947791944971,0.1716366708278656,-0.1799805760383606,-0.014302718837370776,0.18612918257713318,-0.13311856985092163,-0.025167194579353236,0.24262520670890808,-0.14082202315330505,-0.015125155833175086,0.2133624255657196,-0.12505972385406494,-0.0059054800426565635,0.17954537272453308,-0.1176115870475769,-0.00494169668536415,0.19271531701087952,-0.05170696973800659,-0.028159107465853594,0.24749240279197693,-0.07148855924606323,-0.018917638261427783,0.22037193179130554,-0.06218719482421875,-0.003980977379342221,0.18462511897087097,-0.05483901500701904,-4.354952125140699e-06,0.18870696425437927,0.02310049533843994,-0.03116473687123289,0.2223704755306244,-0.0044800639152526855,-0.023934848059525393,0.19899782538414001,-0.0033573508262634277,-0.00831224248986473,0.1710110604763031,0.0013503432273864746,0.0015656943082831276,thumbs_up
0.0,0.0,0.0,0.018184125423431396,-0.13373589515686035,-0.0027786763943709047,0.06563833355903625,-0.23500049114227295,-0.010351647911591044,0.1112649142742157,-0.3164999485015869,-0.01732329121790599,0.14046445488929749,-0.37947630882263184,-0.020163370585066787,0.1645599901676178,-0.2078796625137329,-0.017022311976177207,0.22658559679985046,-0.21450215578079224,-0.016136309420687667,0.19671180844306946,-0.19502976536750793,-0.010939507102591506,0.16241231560707092,-0.18317633867263794,-0.007599479341877213,0.1875176727771759,-0.12611842155456543,-0.020611239885909072,0.23928698897361755,-0.1440051794052124,-0.009080075947565547,0.20951560139656067,-0.1326920986175537,-5.302271296159233e-05,0.17721596360206604,-0.12064450979232788,0.0005494998209201185,0.19426468014717102,-0.04699832201004028,-0.02232785551808547,0.24542221426963806,-0.0754927396774292,-0.011813521673900595,0.2188728153705597,-0.06934058666229248,0.0023841722309612123,0.18534263968467712,-0.05863595008850098,0.0056291308160894005,0.19055435061454773,0.023733139038085938,-0.02376710093579959,0.2231135070323944,-0.01008915901184082,-0.01544618169776868,0.19968512654304504,-0.01021963357925415,0.0001635068497876091,0.17317059636116028,-0.0018845796585083008,0.00980905507691432,thumbs_up
0.0,0.0,0.0,0.017783135175704956,-0.1309499740600586,-0.002034547088499039,0.06579622626304626,-0.23382827639579773,-0.009174606811086505,0.11297348141670227,-0.315807044506073,-0.015663771007041305,0.14280590415000916,-0.37770822644233704,-0.017812958035449356,0.16438880562782288,-0.2101173996925354,-0.016727630097250312,0.2280193269252777,-0.21230196952819824,-0.015246646527032226,0.19918283820152283,-0.18978893756866455,-0.00944438674656567,0.1646306812763214,-0.1797485649585724,-0.0057175001612108645,0.1871226727962494,-0.12963902950286865,-0.02068920810876307,0.2400902807712555,-0.1410546898841858,-0.008221747401933044,0.21050092577934265,-0.12662774324417114,0.001480205052700967,0.17711779475212097,-0.11725586652755737,0.0025703680684614483,0.19382759928703308,-0.05010324716567993,-0.022728908855299323,0.24523141980171204,-0.07249659299850464,-0.01080956407992062,0.21917077898979187,-0.06416141986846924,0.004004709374328286,0.18461564183235168,-0.05616557598114014,0.007365635082294375,0.1898392140865326,0.02219623327255249,-0.02460054499266562,0.22184976935386658,-0.0058342814445495605,-0.015212544288317531,0.1984308660030365,-0.0047910213470458984,0.0006486116425890032,0.17090275883674622,0.0004903078079223633,0.010311966713686616,thumbs_up
0.0,0.0,0.0,0.015921086072921753,-0.13254976272583008,-0.0021036986523768064,0.06266593933105469,-0.23535555601119995,-0.008752948351343548,0.10859239101409912,-0.31738704442977905,-0.01482313380404321,0.1389329433441162,-0.37820178270339966,-0.016529698602994358,0.16263341903686523,-0.21217894554138184,-0.015096649274369156,0.2249765396118164,-0.2145691215991974,-0.013569153592129624,0.1983346939086914,-0.19195127487182617,-0.007990435443957722,0.1654365062713623,-0.1808255910873413,-0.0043211637326976415,0.18561089038848877,-0.132529616355896,-0.01867750168605653,0.23672854900360107,-0.14567241072654724,-0.005428483456512367,0.20848757028579712,-0.13093411922454834,0.004194288767735088,0.17689430713653564,-0.1205405592918396,0.0051046612410345915,0.19281470775604248,-0.053732454776763916,-0.020560952581604397,0.24203169345855713,-0.07911282777786255,-0.008303687654574787,0.21682024002075195,-0.07059788703918457,0.005677664905647362,0.1834714412689209,-0.06168925762176514,0.008534313432733143,0.18906497955322266,0.01777362823486328,-0.022326013751467144,0.2188689112663269,-0.012637913227081299,-0.012798443183442032,0.1967538595199585,-0.012052595615386963,0.0022361395152756813,0.16992300748825073,-0.0066152215003967285,0.011357726782421196,thumbs_up
0.0,0.0,0.0,0.015496253967285156,-0.13392817974090576,-0.0022995654057922366,0.06295782327651978,-0.23723575472831726,-0.00813667434567833,0.10783076286315918,-0.31726524233818054,-0.013672457591837883,0.13650834560394287,-0.3782123327255249,-0.015135033571368695,0.16405481100082397,-0.20796826481819153,-0.013015546419865132,0.2246924638748169,-0.2127910554409027,-0.0115365493606987,0.19636887311935425,-0.19426095485687256,-0.006742340096479893,0.16288095712661743,-0.1838906705379486,-0.0037963616691740754,0.1848958134651184,-0.12807363271713257,-0.01655539921785021,0.23523855209350586,-0.14427730441093445,-0.004818642095870018,0.2069171667098999,-0.13411253690719604,0.0038967788655099866,0.1750401258468628,-0.12319529056549072,0.004546919322365284,0.1903640627861023,-0.05036652088165283,-0.018643796959167958,0.23891764879226685,-0.07735341787338257,-0.007920051508790493,0.2141473889350891,-0.07115483283996582,0.005587525616192579,0.18146514892578125,-0.06092512607574463,0.008673579848164081,0.18575584888458252,0.019833028316497803,-0.020639742308503628,0.2192744016647339,-0.01130974292755127,-0.011810957969373703,0.19718420505523682,-0.011929214000701904,0.003525366724261403,0.16996902227401733,-0.005090534687042236,0.013021517029756069,thumbs_up
0.0,0.0,0.0,0.013813555240631104,-0.13310909271240234,-0.003237061986567369,0.0582086443901062,-0.23710393905639648,-0.010031019888685933,0.10549038648605347,-0.315371036529541,-0.01593546624468445,0.14214104413986206,-0.3656264841556549,-0.017423062205182305,0.1605464220046997,-0.20846205949783325,-0.01701166722165226,0.22459691762924194,-0.2184647023677826,-0.015641876116262665,0.1951310634613037,-0.20240426063537598,-0.009966908573971978,0.15966594219207764,-0.19139757752418518,-0.006040060512589207,0.18320965766906738,-0.1276615858078003,-0.019598045006262055,0.23336559534072876,-0.1497391164302826,-0.008605481676625004,0.2044854760169983,-0.1410239338874817,6.269176481055183e-06,0.17166799306869507,-0.1292007565498352,0.0009246592252907249,0.19022119045257568,-0.05044353008270264,-0.02041619326161026,0.2362360954284668,-0.08187955617904663,-0.010125468104945412,0.21147394180297852,-0.07603394985198975,0.002997037869079122,0.17919772863388062,-0.06445819139480591,0.0059794037678670975,0.1869601607322693,0.01756000518798828,-0.021010066002475014,0.2195523977279663,-0.017940402030944824,-0.012756832495199433,0.19720613956451416,-0.01767629384994507,0.002204088874293575,0.17059987783432007,-0.00792241096496582,0.011668843597306022,thumbs_up
0.0,0.0,0.0,0.013784736394882202,-0.13359642028808594,-0.0022418423952785815,0.05787712335586548,-0.2373092770576477,-0.008715235109093555,0.10502505302429199,-0.3176366686820984,-0.01420609787351168,0.14157307147979736,-0.3677586019039154,-0.01485372655338324,0.15894931554794312,-0.21373671293258667,-0.017020907665255436,0.22403258085250854,-0.22146281599998474,-0.013701730820002922,0.19689100980758667,-0.20221519470214844,-0.005502466524603733,0.16221612691879272,-0.19082581996917725,-3.84156894597254e-05,0.183160662651062,-0.1338391900062561,-0.020337015802624592,0.2334102988243103,-0.15232393145561218,-0.00703262159845508,0.20449429750442505,-0.14023369550704956,0.00319811800250136,0.17193347215652466,-0.12943702936172485,0.0047998633770021115,0.19158339500427246,-0.05563759803771973,-0.02164302807545937,0.23916679620742798,-0.0849500298500061,-0.00943667482829369,0.2134198546409607,-0.07781034708023071,0.004744255037394396,0.18027162551879883,-0.06764352321624756,0.007819428627726666,0.1882263422012329,0.014540672302246094,-0.022698972786429295,0.21953463554382324,-0.018536627292633057,-0.013702384608450302,0.1967131495475769,-0.01874619722366333,0.0014095561880367313,0.1695273518562317,-0.01104271411895752,0.010831269023356072,thumbs_up
0.0,0.0,0.0,0.014331668615341187,-0.13313913345336914,0.003478412735432812,0.05528423190116882,-0.23155319690704346,0.00025388626164613015,0.09864023327827454,-0.30014321208000183,-0.002904220963671378,0.13292261958122253,-0.33718907833099365,-0.0019824986949856793,0.1556033194065094,-0.2110033631324768,-0.01579848096224623,0.22361961007118225,-0.21682000160217285,-0.011284101535409263,0.19756922125816345,-0.20073360204696655,-0.0013360907461787974,0.16251137852668762,-0.19074389338493347,0.005583917941123673,0.17898133397102356,-0.1303064227104187,-0.02110650927278357,0.232672780752182,-0.14871546626091003,-0.007253441274940542,0.20621249079704285,-0.13970309495925903,0.004152899827033707,0.17427530884742737,-0.12780779600143433,0.006797975148231217,0.18723145127296448,-0.051640093326568604,-0.023766223122208885,0.2371748983860016,-0.07929867506027222,-0.0107864083394702,0.21288171410560608,-0.0739559531211853,0.0033814320202623094,0.18035784363746643,-0.06267440319061279,0.006554983309627005,0.18419143557548523,0.017984986305236816,-0.025600118343561462,0.21945956349372864,-0.01316225528717041,-0.01586399764272528,0.19740960001945496,-0.01431417465209961,-0.0006584679496768331,0.17026594281196594,-0.005239009857177734,0.008713620933860966,thumbs_up
0.0,0.0,0.0,0.015452682971954346,-0.13030636310577393,-0.0006336451246511388,0.055876314640045166,-0.22770822048187256,-0.007063003684777414,0.10226303339004517,-0.29932862520217896,-0.012887448034632598,0.14288580417633057,-0.3297604024410248,-0.014091999232221042,0.15371662378311157,-0.2084706425666809,-0.018297012857544814,0.22220009565353394,-0.21781563758850098,-0.017082322351086532,0.19738519191741943,-0.1998080611228943,-0.008862299806821738,0.1630096435546875,-0.18855008482933044,-0.0027466821106258976,0.1779666543006897,-0.12902683019638062,-0.022748600653756057,0.2318170666694641,-0.14920982718467712,-0.012163018769967948,0.20323878526687622,-0.13707226514816284,-0.001522402823354696,0.1709120273590088,-0.1251986026763916,0.0012118897080313218,0.18741512298583984,-0.05031728744506836,-0.02522826749776641,0.24050414562225342,-0.07896614074707031,-0.015112938321578895,0.2137765884399414,-0.07262188196182251,-0.00010530949515441534,0.17995446920394897,-0.062153518199920654,0.004367463328492249,0.18469959497451782,0.020997166633605957,-0.02728565964793006,0.2176920771598816,-0.009970903396606445,-0.019004432446706687,0.19474446773529053,-0.010719835758209229,-0.0037780555052790987,0.1684800386428833,-0.0024736523628234863,0.0059890640346225155,thumbs_up
0.0,0.0,0.0,0.015608370304107666,-0.12912368774414062,0.00019435538143852682,0.05794060230255127,-0.22616046667099,-0.00572540270349009,0.10838824510574341,-0.29834994673728943,-0.010842163434233498,0.15246295928955078,-0.32414647936820984,-0.011257963573541474,0.15446430444717407,-0.20766258239746094,-0.017827598696555924,0.22326797246932983,-0.2159404754638672,-0.013924650235082936,0.1981315016746521,-0.19813397526741028,-0.0036308072432689187,0.16463428735733032,-0.18783634901046753,0.0034805847406573776,0.17900878190994263,-0.12874072790145874,-0.021350998749937844,0.2323508858680725,-0.14685118198394775,-0.007881745083238911,0.205344557762146,-0.13436579704284668,0.0038744324427284482,0.17395949363708496,-0.1231762170791626,0.006682488283161092,0.18865257501602173,-0.05088365077972412,-0.022482185011710953,0.23693430423736572,-0.07759279012680054,-0.009672206213679146,0.21255558729171753,-0.0698499083518982,0.005375406386349368,0.18004441261291504,-0.059720635414123535,0.009117798561248946,0.18632876873016357,0.018517494201660156,-0.023100912889447045,0.22122150659561157,-0.011295855045318604,-0.012375747172143292,0.19869577884674072,-0.010450184345245361,0.0034166873973049405,0.1713140606880188,-0.0024701952934265137,0.013045032190177608,thumbs_up
0.0,0.0,0.0,0.015881717205047607,-0.1289447546005249,0.00021472864585803109,0.06021338701248169,-0.22556716203689575,-0.005068062496377479,0.1076200008392334,-0.2985079288482666,-0.010330304660840284,0.1448347568511963,-0.34590208530426025,-0.01145332601760174,0.15420663356781006,-0.20667701959609985,-0.013818101183517228,0.21966975927352905,-0.21601083874702454,-0.0135946172932222,0.19497114419937134,-0.19640004634857178,-0.008211629622621786,0.16184556484222412,-0.18441170454025269,-0.00407851549704219,0.1779751181602478,-0.1299799680709839,-0.019236417644663106,0.23123592138290405,-0.14671489596366882,-0.008515520178718816,0.20445984601974487,-0.13296586275100708,0.0003580622605454664,0.17329460382461548,-0.12122201919555664,0.0015197043130115162,0.18744993209838867,-0.05332082509994507,-0.023042494588537465,0.23771584033966064,-0.07945859432220459,-0.013211970374925386,0.21224433183670044,-0.0694933533668518,0.0010160590344980847,0.17988908290863037,-0.058292269706726074,0.004771366092370499,0.18540382385253906,0.017122983932495117,-0.026552239590330373,0.22146320343017578,-0.010815620422363281,-0.01816247978155161,0.1984696388244629,-0.007616817951202393,-0.002490363706840526,0.1715494990348816,0.0011539459228515625,0.007380786194460143,thumbs_up
0.0,0.0,0.0,0.01525530219078064,-0.12864267826080322,-0.0012167292185836232,0.05816391110420227,-0.22402438521385193,-0.007802540716227213,0.10365870594978333,-0.2981492280960083,-0.014022557344731013,0.13878211379051208,-0.34853875637054443,-0.016007270012494246,0.15393778681755066,-0.20763221383094788,-0.01646849075376622,0.21917399764060974,-0.2169833481311798,-0.01638153689026467,0.19455400109291077,-0.19548273086547852,-0.0109153672125899,0.1610296070575714,-0.1828717291355133,-0.0068303428594731486,0.17839577794075012,-0.13133352994918823,-0.021293417830463568,0.228098064661026,-0.1462545096874237,-0.010359935742314974,0.20044371485710144,-0.1313428282737732,-0.0014987843348421848,0.16921129822731018,-0.12001246213912964,-0.0006540411156379378,0.18779227137565613,-0.05424553155899048,-0.02446307176768414,0.23485895991325378,-0.07926428318023682,-0.01418487476229302,0.20906773209571838,-0.06871479749679565,-6.38720918573199e-05,0.1763933002948761,-0.057482898235321045,0.003223341377008637,0.18569961190223694,0.017105817794799805,-0.02746052788614861,0.21667936444282532,-0.010318398475646973,-0.019251746405359427,0.19388911128044128,-0.007157742977142334,-0.004030472878810087,0.16758587956428528,0.0012835264205932617,0.005488974228057941,thumbs_up
0.0,0.0,0.0,0.017318934202194214,-0.12176549434661865,-0.003149912579260672,0.06519627571105957,-0.22879138588905334,-0.011195116795875037,0.10677087306976318,-0.30531594157218933,-0.019380102984882797,0.13863790035247803,-0.3628963232040405,-0.02408466779468199,0.16070640087127686,-0.21610751748085022,-0.015079193868018592,0.22543799877166748,-0.2074950933456421,-0.022325466506458724,0.19717448949813843,-0.1807624101638794,-0.02680649527189871,0.16147345304489136,-0.1730119287967682,-0.029507613860346282,0.18136584758758545,-0.1408405303955078,-0.021830353074051345,0.23002099990844727,-0.13229310512542725,-0.017208800770617927,0.2006016969680786,-0.11216962337493896,-0.01502339646992823,0.1652677059173584,-0.10665744543075562,-0.018048470028020347,0.18981647491455078,-0.061601221561431885,-0.027767186172582115,0.23189926147460938,-0.06574803590774536,-0.022658539124108756,0.20463848114013672,-0.04764646291732788,-0.010673523068703616,0.16941428184509277,-0.03996509313583374,-0.007729944892503227,0.18935441970825195,0.012131094932556152,-0.034091514654733146,0.22431731224060059,-0.002537965774536133,-0.029596234791256393,0.19707828760147095,0.00991058349609375,-0.013891712881900276,0.16679364442825317,0.017970144748687744,-0.003332225026838387,thumbs_up
0.0,0.0,0.0,0.0164547860622406,-0.12248265743255615,-0.004410472549238875,0.06469613313674927,-0.2275112271308899,-0.012608771528789475,0.10700225830078125,-0.3037136495113373,-0.0210812178810329,0.14075064659118652,-0.3605627715587616,-0.026020176093766167,0.16040265560150146,-0.21208691596984863,-0.013748912457117513,0.2248554229736328,-0.21113839745521545,-0.023555479328820184,0.1981121301651001,-0.18667525053024292,-0.030447432156393006,0.1616794466972351,-0.1756395399570465,-0.03402439815897651,0.18112611770629883,-0.13597720861434937,-0.019889877494165376,0.22786766290664673,-0.13346612453460693,-0.016815130915233567,0.19780343770980835,-0.11516249179840088,-0.015531339999029115,0.16258561611175537,-0.10820436477661133,-0.019076322521755174,0.18853652477264404,-0.05692356824874878,-0.025893875714132264,0.2314510941505432,-0.06497859954833984,-0.02294361343581386,0.20421504974365234,-0.049314260482788086,-0.011149453315624669,0.1690220832824707,-0.040925443172454834,-0.007805424593129828,0.18628346920013428,0.016160666942596436,-0.032293915133664086,0.22264814376831055,5.716085433959961e-05,-0.02849276861149974,0.19602328538894653,0.010460197925567627,-0.012676243986675217,0.16604697704315186,0.018518924713134766,-0.001973503352814987,thumbs_up
0.0,0.0,0.0,0.019965022802352905,-0.12954550981521606,-0.0040792935678268805,0.07392767071723938,-0.2435896396636963,-0.01048701127632512,0.12127777934074402,-0.32184162735939026,-0.017126455545565022,0.15162810683250427,-0.38287705183029175,-0.020724277585884465,0.17417970299720764,-0.21146857738494873,-0.009892672874173059,0.22134587168693542,-0.21940678358078003,-0.01681276002540244,0.1908949315547943,-0.19828355312347412,-0.023850999415060414,0.16012915968894958,-0.1867041289806366,-0.02950698101534499,0.1940884292125702,-0.13248807191848755,-0.016321371883293523,0.2333710491657257,-0.14308428764343262,-0.013677247442444695,0.20364484190940857,-0.1281929612159729,-0.014136423930665387,0.17002692818641663,-0.11486905813217163,-0.018461690858146085,0.20140042901039124,-0.052461087703704834,-0.02233101578070773,0.23554381728172302,-0.06752979755401611,-0.020513953283568753,0.20783600211143494,-0.05585181713104248,-0.011491848729690446,0.17325547337532043,-0.04472196102142334,-0.009358547270437612,0.1992572844028473,0.02200639247894287,-0.028784362241765393,0.2279311716556549,0.00404435396194458,-0.026595480382582082,0.20104900002479553,0.01139599084854126,-0.013431431368132962,0.17305806279182434,0.020892858505249023,-0.004152874104818238,thumbs_up
0.0,0.0,0.0,0.01919788122177124,-0.1277179718017578,-0.007567207401905307,0.0703035295009613,-0.2401672601699829,-0.01863143414101387,0.11821845173835754,-0.32298099994659424,-0.029642013905856857,0.14489319920539856,-0.39148110151290894,-0.03746005527517582,0.17417022585868835,-0.2096928060054779,-0.015383473670397052,0.22570756077766418,-0.2011341154575348,-0.028288846908424148,0.1935800015926361,-0.17484450340270996,-0.03956033669254566,0.15932664275169373,-0.16569429636001587,-0.04738262303015972,0.19404324889183044,-0.13115930557250977,-0.0224384256436565,0.2378602921962738,-0.12872648239135742,-0.022906305341336974,0.20570871233940125,-0.11093389987945557,-0.024069514198515662,0.17070087790489197,-0.10100233554840088,-0.02862896777531887,0.19905033707618713,-0.05023294687271118,-0.029736107288215408,0.23727622628211975,-0.056993305683135986,-0.030188178716514358,0.20856782793998718,-0.04293292760848999,-0.01951765648863102,0.1746203601360321,-0.03457081317901611,-0.016100490538690337,0.19328036904335022,0.02603369951248169,-0.037880770935032615,0.22634747624397278,0.012391746044158936,-0.03751053295871998,0.19882455468177795,0.020493626594543457,-0.02268462635419155,0.16945263743400574,0.02655702829360962,-0.011909367589566955,thumbs_up
0.0,0.0,0.0,0.019822776317596436,-0.12948209047317505,-0.009895007272461953,0.07280439138412476,-0.2409573495388031,-0.021537260298828187,0.12388437986373901,-0.3219234347343445,-0.03264192972073943,0.1512240171432495,-0.391900897026062,-0.040234637593130174,0.1798916459083557,-0.21130996942520142,-0.015460024734238687,0.22958791255950928,-0.19542443752288818,-0.027965360467533174,0.19772613048553467,-0.17023342847824097,-0.03837531912813574,0.1630260944366455,-0.16327399015426636,-0.04564858708272368,0.19848918914794922,-0.12825167179107666,-0.02131812941024691,0.2437313199043274,-0.12560248374938965,-0.021346754540900292,0.21243494749069214,-0.10954463481903076,-0.021721461002925935,0.17653286457061768,-0.1015920639038086,-0.025809827407101693,0.20234215259552002,-0.04603093862533569,-0.027723808919290605,0.24257022142410278,-0.05166679620742798,-0.027926004638175073,0.21431905031204224,-0.039365947246551514,-0.016463107575873437,0.1790609359741211,-0.033198773860931396,-0.012478042540351453,0.19515293836593628,0.03018009662628174,-0.035202597414354386,0.2266058325767517,0.016555190086364746,-0.034228359495500627,0.1998450756072998,0.02260202169418335,-0.01879325989375502,0.1698758602142334,0.0255202054977417,-0.0076137964215377,thumbs_up
0.0,0.0,0.0,0.021424293518066406,-0.13465428352355957,-0.009484418337535772,0.07157844305038452,-0.2425030767917633,-0.022713821982335958,0.12066811323165894,-0.326904296875,-0.03415509932239047,0.14325940608978271,-0.3983667194843292,-0.04187981658179751,0.17736577987670898,-0.19967436790466309,-0.025938055147719297,0.22510689496994019,-0.19623792171478271,-0.0307620080610036,0.19280850887298584,-0.1784037947654724,-0.03128050514061442,0.16058069467544556,-0.16997772455215454,-0.03255543731648913,0.195354163646698,-0.11427539587020874,-0.028860189621639165,0.2425079345703125,-0.12572622299194336,-0.025334705268335256,0.21138739585876465,-0.1180872917175293,-0.020209285100293073,0.17703711986541748,-0.1057935357093811,-0.02092750058073989,0.19731539487838745,-0.03158986568450928,-0.030206215237569722,0.23795866966247559,-0.0496065616607666,-0.02634136252601138,0.21178340911865234,-0.04529982805252075,-0.013403638867032441,0.17853772640228271,-0.03433960676193237,-0.009277891037356767,0.18967700004577637,0.04240834712982178,-0.031877289195847425,0.22116130590438843,0.01786065101623535,-0.027883777995896253,0.19621282815933228,0.017283320426940918,-0.012268053968739423,0.16859757900238037,0.024865567684173584,-0.001573950769682142,thumbs_up
0.0,0.0,0.0,0.024201303720474243,-0.13392454385757446,-0.009194133861967657,0.0751364529132843,-0.2414117455482483,-0.021703533886977766,0.12467625737190247,-0.3238677382469177,-0.03292134782583389,0.14908269047737122,-0.3935677111148834,-0.04012885323078308,0.18276646733283997,-0.1974925994873047,-0.021285353287169073,0.2346966564655304,-0.1919384002685547,-0.02610771736414108,0.2042175829410553,-0.1765207052230835,-0.027338540240236853,0.17162957787513733,-0.16983628273010254,-0.02895423217029247,0.1986972987651825,-0.11207723617553711,-0.024697357847401236,0.24631473422050476,-0.11979800462722778,-0.01959121978194389,0.21607354283332825,-0.11313539743423462,-0.014452495670923327,0.18266615271568298,-0.10361528396606445,-0.015624357446142767,0.19936981797218323,-0.030050277709960938,-0.02726287959427509,0.24329015612602234,-0.045336246490478516,-0.02247600822062168,0.21749457716941833,-0.041996896266937256,-0.010137477948376272,0.18425264954566956,-0.03362131118774414,-0.006757370255002115,0.1908886730670929,0.04417574405670166,-0.03032112872512016,0.22492894530296326,0.021404266357421875,-0.025838403089949225,0.20148316025733948,0.019530296325683594,-0.010619104898580645,0.17373040318489075,0.02551788091659546,-0.0003537513844662499,thumbs_up
0.0,0.0,0.0,0.02577415108680725,-0.1364210844039917,-0.008229725372189023,0.07664540410041809,-0.2467692792415619,-0.021001400735372044,0.1259247362613678,-0.3329702913761139,-0.032493252616518475,0.1460094153881073,-0.40643027424812317,-0.039943270694607236,0.18318572640419006,-0.20216339826583862,-0.020355563920134045,0.2337031066417694,-0.18950575590133667,-0.022477606620782353,0.20163211226463318,-0.1731591820716858,-0.02143686481952045,0.1678735315799713,-0.16862326860427856,-0.02228709527491901,0.20061233639717102,-0.11743736267089844,-0.02403253161548946,0.24680432677268982,-0.12402528524398804,-0.01774639853476856,0.21642562747001648,-0.11536616086959839,-0.012608684908741452,0.18178823590278625,-0.1056663990020752,-0.014095592621856667,0.20316436886787415,-0.034883320331573486,-0.026354665246003606,0.24460652470588684,-0.05134850740432739,-0.019982640009516217,0.21860840916633606,-0.04497426748275757,-0.007838744048171975,0.18449172377586365,-0.035072505474090576,-0.005172257155322768,0.1965855062007904,0.04084831476211548,-0.02907084332048271,0.22733119130134583,0.015298128128051758,-0.024682576146119573,0.20325914025306702,0.01578289270401001,-0.010306660395258405,0.1764502227306366,0.023611247539520264,-0.000733432843958326,thumbs_up
0.0,0.0,0.0,0.027088940143585205,-0.13499480485916138,-0.008655711978008185,0.0780538022518158,-0.2440163493156433,-0.021700213632811938,0.12634965777397156,-0.3299230635166168,-0.033843894458641444,0.14669063687324524,-0.404304176568985,-0.041973845071424876,0.1858522593975067,-0.19817626476287842,-0.017522924549211893,0.23454704880714417,-0.19029772281646729,-0.021427811092962656,0.20231017470359802,-0.1767343282699585,-0.02300388828598443,0.16950735449790955,-0.17114388942718506,-0.02536365293644849,0.20242759585380554,-0.11402207612991333,-0.02124663346194211,0.24959281086921692,-0.12444615364074707,-0.01724793293260518,0.21928450465202332,-0.11835211515426636,-0.013707500851978693,0.18405315279960632,-0.1084643006324768,-0.015575327880014811,0.2040768563747406,-0.03333783149719238,-0.024050018719663058,0.24652066826820374,-0.05094689130783081,-0.019216206825603876,0.2210439145565033,-0.047228217124938965,-0.007296315363873873,0.18695220351219177,-0.03783506155014038,-0.003942228823234473,0.19615265727043152,0.03990781307220459,-0.02737512529574815,0.22919639945030212,0.014348506927490234,-0.022831258333553706,0.2061174213886261,0.012588441371917725,-0.007879955663611327,0.17921605706214905,0.01970583200454712,0.002371195501382317,thumbs_up
0.0,0.0,0.0,0.02325063943862915,-0.1385650634765625,-0.009577847912112247,0.07424598932266235,-0.2467578649520874,-0.02303973854253627,0.12388116121292114,-0.33191511034965515,-0.03488163173864223,0.14447420835494995,-0.40564215183258057,-0.0427641932732854,0.1838703751564026,-0.19825142621994019,-0.02294282884071208,0.23151129484176636,-0.19332706928253174,-0.024506070546010505,0.20011180639266968,-0.18054860830307007,-0.02308101289639808,0.16830497980117798,-0.17373204231262207,-0.023589356697300445,0.20051300525665283,-0.11221128702163696,-0.025344257137874138,0.24510282278060913,-0.12380188703536987,-0.01832043834696151,0.21404284238815308,-0.12032723426818848,-0.012575449316898357,0.18030482530593872,-0.10951399803161621,-0.013673394813338291,0.20074641704559326,-0.029780209064483643,-0.026171510002711784,0.24195456504821777,-0.04936063289642334,-0.019743875495294105,0.21564847230911255,-0.047909319400787354,-0.007359276420572769,0.18210792541503906,-0.03760087490081787,-0.004302760946700346,0.19225573539733887,0.044377148151397705,-0.027352410263517868,0.22353368997573853,0.01851975917816162,-0.022412811300853264,0.1991177201271057,0.015410304069519043,-0.007258043985018503,0.17093521356582642,0.022377192974090576,0.002935431304251779,thumbs_up
0.0,0.0,0.0,0.024332404136657715,-0.13594132661819458,-0.010109316505690913,0.07522761821746826,-0.2472139596939087,-0.023434151843389373,0.12514656782150269,-0.3337792158126831,-0.03538709594329248,0.14517557621002197,-0.40822598338127136,-0.043307800725301604,0.18542295694351196,-0.19884759187698364,-0.020488441869815688,0.2329578995704651,-0.18870776891708374,-0.024646268174251418,0.2005537748336792,-0.17488056421279907,-0.025970767200192313,0.16760855913162231,-0.16867351531982422,-0.028029979154666762,0.20131367444992065,-0.11290013790130615,-0.023258482054075102,0.24642419815063477,-0.12143021821975708,-0.018425286695560317,0.21540027856826782,-0.11619675159454346,-0.01398934418728004,0.18099862337112427,-0.10639095306396484,-0.015617882780929904,0.20185840129852295,-0.03097069263458252,-0.02515696822126756,0.24380916357040405,-0.04863858222961426,-0.0202030958088244,0.2176470160484314,-0.04587489366531372,-0.007935183070799212,0.18362367153167725,-0.03654670715332031,-0.004498864472111563,0.19338518381118774,0.04368448257446289,-0.027649252623518805,0.22531133890151978,0.018799662590026855,-0.022878729686340193,0.2014736533164978,0.015391230583190918,-0.0077031952740753695,0.1739075779914856,0.020948052406311035,0.002560790680149694,thumbs_up
0.0,0.0,0.0,0.024616599082946777,-0.13627809286117554,-0.010216890238552878,0.07490217685699463,-0.24767297506332397,-0.023724858053356,0.1245155930519104,-0.3348800837993622,-0.03581335615399439,0.14565211534500122,-0.4090295433998108,-0.04386325027826388,0.18417787551879883,-0.19985181093215942,-0.021160457618861983,0.2317105531692505,-0.188648521900177,-0.024348311461835692,0.19862264394760132,-0.17337167263031006,-0.024664402343660186,0.16592323780059814,-0.1669873595237732,-0.0262143484878834,0.20049834251403809,-0.11358290910720825,-0.023612557314663718,0.24624669551849365,-0.12163716554641724,-0.01840790394726355,0.21470612287521362,-0.11548781394958496,-0.013697592877178977,0.17965078353881836,-0.1058037281036377,-0.015148159452110121,0.2014530897140503,-0.031177163124084473,-0.024990948252707312,0.24251246452331543,-0.04920387268066406,-0.01927709426763613,0.21581023931503296,-0.04511994123458862,-0.006894450970321486,0.18163108825683594,-0.035333216190338135,-0.003600554643526266,0.19337642192840576,0.04389458894729614,-0.026945477687149832,0.22417223453521729,0.018567979335784912,-0.02163338881018717,0.199851393699646,0.015828490257263184,-0.006413906682610104,0.17247337102890015,0.021560847759246826,0.0037360201959018013,thumbs_up
0.0,0.0,0.0,0.024955719709396362,-0.13650882244110107,-0.010289091091124192,0.07531759142875671,-0.24754703044891357,-0.023362716134158745,0.12410196661949158,-0.33463406562805176,-0.035041309367386475,0.1446264088153839,-0.4082395136356354,-0.04256477899429001,0.18354091048240662,-0.19729453325271606,-0.019644513200489655,0.2320411503314972,-0.19207626581192017,-0.02312427892860569,0.20087966322898865,-0.17977851629257202,-0.02385919674810566,0.1685921847820282,-0.17368584871292114,-0.02550663560208477,0.20000681281089783,-0.11209970712661743,-0.021838340382544175,0.24456945061683655,-0.12399578094482422,-0.016530202175943032,0.21364232897758484,-0.11944818496704102,-0.012325250949231759,0.17994597554206848,-0.10893023014068604,-0.014273802224067822,0.20098111033439636,-0.030975341796875,-0.023134512301055565,0.24348267912864685,-0.05061990022659302,-0.018171989764539376,0.21757212281227112,-0.04842793941497803,-0.006249596304712668,0.18372341990470886,-0.038537442684173584,-0.0030560539434532075,0.1931927502155304,0.042629778385162354,-0.024958205814925805,0.22677156329154968,0.017160475254058838,-0.020485802959171906,0.2031644880771637,0.01348048448562622,-0.0055423499415496735,0.17530718445777893,0.019266366958618164,0.004570744991781339,thumbs_up
0.0,0.0,0.0,0.02294856309890747,-0.13947367668151855,-0.008805920643112586,0.07363146543502808,-0.25032421946525574,-0.021455418591699527,0.1243162751197815,-0.3363214135169983,-0.03271331479152195,0.14577490091323853,-0.4099411368370056,-0.039959753205380366,0.18380457162857056,-0.2023642659187317,-0.020352963631353305,0.23369836807250977,-0.19408637285232544,-0.021787243237099574,0.20060425996780396,-0.17968326807022095,-0.020737340946993754,0.16855019330978394,-0.1742253303527832,-0.021586897124848292,0.200799822807312,-0.11527818441390991,-0.02288668816288464,0.24546372890472412,-0.12624317407608032,-0.015391554956636355,0.21416157484054565,-0.12056046724319458,-0.00968980537106745,0.1805625557899475,-0.1104964017868042,-0.011147955705723689,0.20210665464401245,-0.03314840793609619,-0.0240753891815757,0.24226725101470947,-0.05429500341415405,-0.016893115167817996,0.2162642478942871,-0.050025343894958496,-0.004586222854754851,0.18313801288604736,-0.03925961256027222,-0.0019239098004391053,0.19494712352752686,0.0401652455329895,-0.025615962495407985,0.2270200252532959,0.011785924434661865,-0.019546041538319514,0.2030838131904602,0.010160326957702637,-0.004218736470988915,0.17593753337860107,0.017820298671722412,0.005718071671822145,thumbs_up
0.0,0.0,0.0,0.022761046886444092,-0.13833308219909668,-0.010589005261579132,0.07308876514434814,-0.2496599555015564,-0.02370614169529972,0.12261760234832764,-0.3371317982673645,-0.03509571945659218,0.14334237575531006,-0.4115002751350403,-0.04249053245774803,0.18149518966674805,-0.20500892400741577,-0.021739467814484215,0.23014891147613525,-0.1932774782180786,-0.024089859634557342,0.1983826756477356,-0.1785428524017334,-0.023728687152186012,0.16679298877716064,-0.17326945066452026,-0.02494508011631069,0.19880938529968262,-0.11721944808959961,-0.023607184946456528,0.24252831935882568,-0.12456583976745605,-0.017109250485816574,0.21177953481674194,-0.11794424057006836,-0.01194924658528862,0.17840349674224854,-0.10792678594589233,-0.013604143470445251,0.20088636875152588,-0.03405177593231201,-0.02433402633658943,0.24157291650772095,-0.052190184593200684,-0.018428841441789245,0.215878427028656,-0.047365784645080566,-0.006257267504850006,0.18266308307647705,-0.037042856216430664,-0.003280277199962711,0.19451844692230225,0.04049563407897949,-0.025565093219199753,0.22749829292297363,0.01489555835723877,-0.020321776926436996,0.2037498950958252,0.013522326946258545,-0.0051064978576391695,0.17638766765594482,0.0203324556350708,0.004961569026193047,thumbs_up
0.0,0.0,0.0,0.02172723412513733,-0.13921129703521729,-0.00964889234688826,0.07188919186592102,-0.2507619559764862,-0.0222191282251174,0.12218013405799866,-0.33832311630249023,-0.033240254286795334,0.14384552836418152,-0.41225501894950867,-0.040176197204857544,0.1829240620136261,-0.20770001411437988,-0.020116561342149453,0.23350128531455994,-0.19576317071914673,-0.02187031253066607,0.2011147439479828,-0.18096071481704712,-0.02112078598526068,0.16932740807533264,-0.1761210560798645,-0.022123088378577904,0.20059338212013245,-0.11936020851135254,-0.022155232045918183,0.24452760815620422,-0.12783974409103394,-0.014772724609940724,0.21331819891929626,-0.12108021974563599,-0.008842102501660065,0.18041500449180603,-0.11073362827301025,-0.01013657009985991,0.2025420367717743,-0.03630626201629639,-0.023080294270187096,0.242291659116745,-0.055965542793273926,-0.01657229221251555,0.2164614498615265,-0.05064958333969116,-0.004044759336977677,0.18358734250068665,-0.03967690467834473,-0.0009683143167080743,0.19605812430381775,0.037361741065979004,-0.024433947418003754,0.22693535685539246,0.0098533034324646,-0.018611674446731286,0.2029142677783966,0.010069429874420166,-0.003231607860072927,0.17620286345481873,0.01882094144821167,0.00683142825204186,thumbs_up
0.0,0.0,0.0,0.022759675979614258,-0.14182710647583008,-0.010113757583837923,0.07202792167663574,-0.25224483013153076,-0.0245241639349274,0.12033993005752563,-0.3399776220321655,-0.037193209413032946,0.14307302236557007,-0.41333869099617004,-0.04575871724222225,0.18186229467391968,-0.19980603456497192,-0.02528083558712524,0.2356950044631958,-0.19980019330978394,-0.028332818779688296,0.2019924521446228,-0.1862046718597412,-0.027653387296538767,0.16841578483581543,-0.1790921688079834,-0.028322557467561182,0.19950032234191895,-0.1113080382347107,-0.027298002052646098,0.24406856298446655,-0.12766236066818237,-0.02009551275108379,0.21260643005371094,-0.12289625406265259,-0.013977926704626498,0.18068289756774902,-0.11105215549468994,-0.015763519811969218,0.20124107599258423,-0.028130531311035156,-0.02787073563371223,0.24163532257080078,-0.05488872528076172,-0.02178981948230785,0.2152329683303833,-0.05106759071350098,-0.009040058139305529,0.1829736828804016,-0.037492454051971436,-0.0063171079527251095,0.19547200202941895,0.04466354846954346,-0.028731748941879687,0.22901064157485962,0.01059049367904663,-0.024067286882143435,0.20402204990386963,0.009965360164642334,-0.008536590743403849,0.17652612924575806,0.022014141082763672,0.001531324916925314,thumbs_up
0.0,0.0,0.0,0.026392340660095215,-0.1413651704788208,-0.0058394646887904855,0.07795965671539307,-0.25474417209625244,-0.017764581801486656,0.126825749874115,-0.3413255512714386,-0.02890024005074565,0.14630556106567383,-0.41456085443496704,-0.036023833291721985,0.1878005862236023,-0.2035742998123169,-0.023558391692233727,0.24731552600860596,-0.19855672121047974,-0.02532379931409423,0.21461576223373413,-0.1821300983428955,-0.023130419166875527,0.18017172813415527,-0.1764134168624878,-0.022700028928113625,0.20430320501327515,-0.11465269327163696,-0.027588248686981842,0.2538769841194153,-0.12373805046081543,-0.01857905133266513,0.22260957956314087,-0.11651861667633057,-0.011055789390695736,0.18872177600860596,-0.10751760005950928,-0.011804487059009716,0.20493119955062866,-0.030060172080993652,-0.029808680029702828,0.246462881565094,-0.04902851581573486,-0.020669319169712708,0.22033923864364624,-0.0450170636177063,-0.007728258116287634,0.18678760528564453,-0.03591728210449219,-0.005438529854757235,0.19696390628814697,0.04453998804092407,-0.032126930045080826,0.23020517826080322,0.018126845359802246,-0.024273302840185806,0.206526517868042,0.01490926742553711,-0.00834305907238786,0.17834258079528809,0.02068573236465454,0.0014884081053310183,thumbs_up
0.0,0.0,0.0,0.0258486270904541,-0.14018070697784424,-0.007235505364803885,0.07772642374038696,-0.253542959690094,-0.018973099745778654,0.12646597623825073,-0.3408691883087158,-0.0296892623677536,0.14654695987701416,-0.4134867787361145,-0.036217343740133856,0.18958842754364014,-0.20310932397842407,-0.022429764948753927,0.2458099126815796,-0.19611603021621704,-0.023565265096692656,0.21283012628555298,-0.17970377206802368,-0.021097273312477682,0.17827534675598145,-0.17426389455795288,-0.020568244837193106,0.20509576797485352,-0.1146509051322937,-0.025806733153729056,0.2520548105239868,-0.12104195356369019,-0.016487146474389647,0.2208271026611328,-0.1135941743850708,-0.009221501395074938,0.18738579750061035,-0.10484576225280762,-0.01015602678802452,0.20463812351226807,-0.030107855796813965,-0.027592544190554236,0.24523872137069702,-0.04703766107559204,-0.01875709251311264,0.21877866983413696,-0.042675018310546875,-0.005950207103012417,0.18532335758209229,-0.033896446228027344,-0.0035457913558616383,0.19552242755889893,0.04536789655685425,-0.02964532629397354,0.22895210981369019,0.02175760269165039,-0.0219709749594017,0.2055111527442932,0.01812082529067993,-0.0060455964207335455,0.1776255965232849,0.02305746078491211,0.0038710280992404478,thumbs_up
0.0,0.0,0.0,0.025852113962173462,-0.14025741815567017,-0.006153995183922234,0.07620653510093689,-0.2546357810497284,-0.018984901265866938,0.1223929226398468,-0.34280073642730713,-0.030868568004734698,0.14024463295936584,-0.4168466329574585,-0.03899047571576375,0.1871783435344696,-0.20363682508468628,-0.0247842990920617,0.2482943832874298,-0.1978694200515747,-0.026927900047667208,0.21684613823890686,-0.18062031269073486,-0.025642298640377703,0.18350061774253845,-0.1753639578819275,-0.025894575299389544,0.2035437524318695,-0.11315536499023438,-0.028200347454912844,0.2550022304058075,-0.12332797050476074,-0.018921770633824053,0.22461852431297302,-0.11575204133987427,-0.011255431467361632,0.19100096821784973,-0.10784566402435303,-0.012023246394164744,0.2033199965953827,-0.02828693389892578,-0.02971828963018197,0.24458268284797668,-0.0483970046043396,-0.019240530686147395,0.21872708201408386,-0.0437663197517395,-0.00591779082424182,0.18591144680976868,-0.03576165437698364,-0.003822742275588098,0.19487443566322327,0.045758187770843506,-0.03137495789087552,0.22700700163841248,0.01827561855316162,-0.021960374446280184,0.20306465029716492,0.015944242477416992,-0.005388162577219191,0.17548856139183044,0.021757066249847412,0.004520018106632051,thumbs_up
0.0,0.0,0.0,0.024279773235321045,-0.1403082013130188,-0.006325199421837624,0.0748777985572815,-0.25497835874557495,-0.01838317528773814,0.12096959352493286,-0.3421398997306824,-0.029675545323982533,0.14107036590576172,-0.41349270939826965,-0.03717478007484942,0.18941617012023926,-0.20068717002868652,-0.02354061991383105,0.2443835735321045,-0.19773465394973755,-0.025999158773913678,0.21231240034103394,-0.18507063388824463,-0.024638541195884045,0.179279625415802,-0.17939579486846924,-0.024522185478701886,0.20498961210250854,-0.11081045866012573,-0.027451930720701512,0.2543709874153137,-0.12527722120285034,-0.01936121672798663,0.2237350344657898,-0.1215466856956482,-0.011893568713560398,0.1903703212738037,-0.11127698421478271,-0.01220397293974429,0.20478206872940063,-0.02662438154220581,-0.029697651196613606,0.24923735857009888,-0.05159705877304077,-0.02162954040278464,0.22262293100357056,-0.04932296276092529,-0.008530576866462525,0.18943101167678833,-0.03867417573928833,-0.005524538610472973,0.1961382031440735,0.047830164432525635,-0.03210081175376445,0.23197388648986816,0.017424464225769043,-0.024451049197807606,0.20792603492736816,0.013007104396820068,-0.008152501810684498,0.17986005544662476,0.019968748092651367,0.002132628192782704,thumbs_up
0.0,0.0,0.0,0.025833696126937866,-0.14083999395370483,-0.00654599166080061,0.07554700970649719,-0.25479018688201904,-0.020667345752713118,0.12097564339637756,-0.3460327386856079,-0.0332096270525426,0.1403927505016327,-0.42054831981658936,-0.041412332584854994,0.19132092595100403,-0.20712485909461975,-0.029666324635741148,0.25301381945610046,-0.20423924922943115,-0.029076423054334555,0.2209276258945465,-0.18594014644622803,-0.023822720652219687,0.18603560328483582,-0.180098295211792,-0.021290508588549528,0.20804628729820251,-0.1160660982131958,-0.03219970830321017,0.2584456503391266,-0.12459015846252441,-0.02007333703875247,0.22542348504066467,-0.11823010444641113,-0.009496751731035147,0.1904519498348236,-0.11204981803894043,-0.008724154462811384,0.2065180242061615,-0.029807209968566895,-0.03217782222270671,0.251028448343277,-0.04758119583129883,-0.019421094586846266,0.22377410531044006,-0.045623958110809326,-0.0045279772260755635,0.18915513157844543,-0.03948533535003662,-0.002076765779179368,0.19659748673439026,0.045281410217285156,-0.03213426985382739,0.22926542162895203,0.01940751075744629,-0.021495997464057837,0.2047155201435089,0.014952778816223145,-0.004049607576575909,0.17610660195350647,0.018712878227233887,0.006274486402276125,thumbs_up
0.0,0.0,0.0,0.027584224939346313,-0.14484667778015137,-0.003721008762852307,0.07700976729393005,-0.2612147927284241,-0.017011139296130295,0.12093958258628845,-0.35147109627723694,-0.0290633884595195,0.1392422616481781,-0.4243268370628357,-0.03718520117564594,0.19321665167808533,-0.20603036880493164,-0.030358994133905526,0.25206026434898376,-0.20583713054656982,-0.02834436459107792,0.21758505702018738,-0.18959647417068481,-0.02176719506843483,0.18153181672096252,-0.1841023564338684,-0.018695641063288804,0.20908567309379578,-0.11445266008377075,-0.034004369504884835,0.2589704692363739,-0.12898492813110352,-0.021366525195674058,0.2258758842945099,-0.12373334169387817,-0.01037547992183363,0.19043627381324768,-0.11529463529586792,-0.009814740844205971,0.20739462971687317,-0.02813619375228882,-0.034387485809759255,0.2513483464717865,-0.05200791358947754,-0.020479706801609154,0.22381362318992615,-0.04974883794784546,-0.004874446649239417,0.18903842568397522,-0.04054605960845947,-0.0025728936178097683,0.1976456344127655,0.04668921232223511,-0.03447856543226635,0.23188409209251404,0.016194164752960205,-0.023117119200662728,0.20637854933738708,0.01186823844909668,-0.00522835760949647,0.17766621708869934,0.018378615379333496,0.004980737589164619,thumbs_up
0.0,0.0,0.0,0.026750296354293823,-0.14506256580352783,-0.0022720774229583185,0.07732400298118591,-0.26174721121788025,-0.013905042136457268,0.1204443871974945,-0.35138681530952454,-0.025019925373044316,0.13808712363243103,-0.42399847507476807,-0.03255059412344963,0.1945180594921112,-0.20285838842391968,-0.025518451171365086,0.25120988488197327,-0.21126419305801392,-0.023678876744952504,0.21850678324699402,-0.19779330492019653,-0.017958140286054913,0.18480107188224792,-0.1903674602508545,-0.01524559436961681,0.21079286932945251,-0.11302471160888672,-0.029681369947638814,0.2592181861400604,-0.1332155466079712,-0.01669990486129791,0.226719468832016,-0.13033169507980347,-0.006147036614265744,0.19311878085136414,-0.12032771110534668,-0.005753213825073544,0.20911768078804016,-0.028049707412719727,-0.0308829697839883,0.25393185019493103,-0.05560547113418579,-0.01746826833709747,0.22623929381370544,-0.055250704288482666,-0.002626950206604306,0.19218555092811584,-0.045330703258514404,-0.00042798075605787744,0.19894030690193176,0.04622602462768555,-0.03173205843791038,0.23445537686347961,0.015209972858428955,-0.020223338442292516,0.2094537913799286,0.008887290954589844,-0.002499982068684403,0.1806807816028595,0.015117287635803223,0.0077097543455693085,thumbs_up
0.0,0.0,0.0,0.027013421058654785,-0.14459019899368286,-0.0055631541002298945,0.07796388864517212,-0.26310378313064575,-0.019461840140422737,0.12057304382324219,-0.35410454869270325,-0.03256737043221847,0.13835829496383667,-0.4288419187068939,-0.041991159069141304,0.19301563501358032,-0.20634615421295166,-0.028764614584645187,0.2531636357307434,-0.21421194076538086,-0.03143545215090171,0.22076404094696045,-0.19768720865249634,-0.02923842866977111,0.18567675352096558,-0.18926596641540527,-0.028377236547669327,0.20945990085601807,-0.11528599262237549,-0.032479792582591926,0.2602136731147766,-0.1346602439880371,-0.023360274481376564,0.22640544176101685,-0.1292487382888794,-0.014737327332397854,0.19108939170837402,-0.11993271112442017,-0.015030611055692589,0.2084583044052124,-0.02904987335205078,-0.03388284121712104,0.25542253255844116,-0.056194961071014404,-0.024087367328604614,0.22700965404510498,-0.054213762283325195,-0.010039116005202686,0.19133400917053223,-0.04474383592605591,-0.007599198939999496,0.19922524690628052,0.046378493309020996,-0.03515844767053977,0.2347545623779297,0.012933135032653809,-0.0269476955111827,0.2093871831893921,0.008048415184020996,-0.009981600316962158,0.17990875244140625,0.01445704698562622,0.0003360991719887352,thumbs_up
0.0,0.0,0.0,0.0256616473197937,-0.144476056098938,-0.003973845750010696,0.07619887590408325,-0.2631469666957855,-0.016775531120515552,0.11944687366485596,-0.35434234142303467,-0.02894114831826755,0.13759058713912964,-0.4276840388774872,-0.03745524155340263,0.19326478242874146,-0.2046523094177246,-0.027329544894314495,0.25237202644348145,-0.21427342295646667,-0.028535551749087062,0.22024846076965332,-0.1984737515449524,-0.02451268898687431,0.18545454740524292,-0.1890016794204712,-0.022341329030609813,0.21019971370697021,-0.1137349009513855,-0.031389835648155895,0.26197612285614014,-0.13515830039978027,-0.021224554054356304,0.2285444140434265,-0.13005274534225464,-0.011635355077601162,0.19333279132843018,-0.1196523904800415,-0.011261102169669357,0.20988351106643677,-0.02807784080505371,-0.032931986622429577,0.25698399543762207,-0.056891679763793945,-0.022173189915633884,0.22868967056274414,-0.05513179302215576,-0.008084812559104648,0.19339793920516968,-0.04506707191467285,-0.005774429891175714,0.20112943649291992,0.046789467334747314,-0.0341669278069503,0.23600000143051147,0.0122489333152771,-0.02505461255452701,0.21061480045318604,0.007528364658355713,-0.008225974053061691,0.18163692951202393,0.014551639556884766,0.0017648166893877715,thumbs_up
0.0,0.0,0.0,0.02734440565109253,-0.1460815668106079,-0.007534444138798335,0.07567983865737915,-0.26482513546943665,-0.023448179748299935,0.11726897954940796,-0.3557315468788147,-0.038636005755904534,0.13496917486190796,-0.4316701889038086,-0.04984216698670707,0.19346237182617188,-0.20659059286117554,-0.029558194142225602,0.25361907482147217,-0.21297109127044678,-0.03562567689681373,0.22217494249343872,-0.1962406039237976,-0.03613214501405082,0.186906099319458,-0.18857991695404053,-0.03674831547999702,0.2101314663887024,-0.11544930934906006,-0.03398414262795768,0.26333558559417725,-0.131397545337677,-0.027515228178742746,0.23030775785446167,-0.12498760223388672,-0.0200907264765533,0.1945849061012268,-0.11696916818618774,-0.02084935390615783,0.20978575944900513,-0.029591262340545654,-0.03676315331125579,0.25749826431274414,-0.05116891860961914,-0.028399336424115518,0.22946536540985107,-0.0486527681350708,-0.014129753496888497,0.1934523582458496,-0.041397929191589355,-0.011385934699717382,0.20025819540023804,0.04626905918121338,-0.03987339073086105,0.2343197464942932,0.019398987293243408,-0.031979638424161294,0.20945942401885986,0.01497030258178711,-0.014856634002569535,0.1801999807357788,0.018713653087615967,-0.004424189955386737,thumbs_up
0.0,0.0,0.0,0.026936829090118408,-0.14659112691879272,-0.004808063724510703,0.07661110162734985,-0.26645395159721375,-0.018882650056355033,0.11813366413116455,-0.3574966788291931,-0.032282621705405745,0.13560235500335693,-0.4332827031612396,-0.04212463378297571,0.19535362720489502,-0.20421189069747925,-0.029289639660589728,0.25323837995529175,-0.21293899416923523,-0.030239549571149382,0.2196926474571228,-0.19888222217559814,-0.026401233965032134,0.18400263786315918,-0.19080543518066406,-0.024703598686926398,0.21228575706481934,-0.11297076940536499,-0.03308668091284517,0.262420117855072,-0.13418853282928467,-0.02294124952840093,0.2286936640739441,-0.13073045015335083,-0.013642104448251757,0.19262665510177612,-0.12068831920623779,-0.013952501223855052,0.21146857738494873,-0.02705836296081543,-0.034161754989497695,0.25791579484939575,-0.05621230602264404,-0.022730334767572913,0.2296934723854065,-0.054602742195129395,-0.00790421302752975,0.19355684518814087,-0.04384171962738037,-0.005631158234052691,0.20237237215042114,0.04799985885620117,-0.035081860715024504,0.23812031745910645,0.015266954898834229,-0.02558296091245893,0.21245312690734863,0.00989234447479248,-0.008108707250528369,0.1828100085258484,0.016830742359161377,0.0021176297557872203,thumbs_up
0.0,0.0,0.0,0.028726309537887573,-0.1476193070411682,-0.004812911956207699,0.07715502381324768,-0.2657727599143982,-0.019902638963060326,0.11603173613548279,-0.35776132345199585,-0.03483688632269377,0.1321277916431427,-0.43495607376098633,-0.04618870640416617,0.1946881115436554,-0.20551013946533203,-0.02740157196541304,0.2558576762676239,-0.21583956480026245,-0.03106532791872496,0.22418078780174255,-0.2011469006538391,-0.030086509755449242,0.18902167677879333,-0.1928119659423828,-0.02994632894416327,0.21185854077339172,-0.11428838968276978,-0.032182434445815034,0.2673012316226959,-0.13699465990066528,-0.02484134199340815,0.23457834124565125,-0.13295888900756836,-0.017612038052277512,0.19802013039588928,-0.12357455492019653,-0.018325537315206475,0.21125516295433044,-0.028485536575317383,-0.034702399617629,0.2591054141521454,-0.055321574211120605,-0.024431293702321,0.2317635715007782,-0.05498039722442627,-0.010564358777003235,0.1961509883403778,-0.0466456413269043,-0.008222908584968991,0.20154449343681335,0.046530961990356445,-0.037215506530003495,0.23748567700386047,0.014811456203460693,-0.02707259157915587,0.21367385983467102,0.007596075534820557,-0.009591971396105237,0.18452700972557068,0.011814296245574951,0.0007842861347739927,thumbs_up
0.0,0.0,0.0,0.026748359203338623,-0.14837414026260376,-0.004223354424425452,0.07557129859924316,-0.2673133611679077,-0.018198337203898518,0.11581438779830933,-0.3596389889717102,-0.03172510469619283,0.13394802808761597,-0.4362667202949524,-0.04156385714475164,0.1942320466041565,-0.20504766702651978,-0.028037158570327847,0.25493937730789185,-0.21378132700920105,-0.028430765292682736,0.22198361158370972,-0.2010975480079651,-0.02390249984625825,0.18521809577941895,-0.1931471824645996,-0.021638931504526226,0.21212643384933472,-0.1134028434753418,-0.03213890249196538,0.2635851502418518,-0.13574635982513428,-0.02165035883251676,0.2307249903678894,-0.1329878568649292,-0.012379935740568726,0.19448083639144897,-0.12291461229324341,-0.01266940569792041,0.21215707063674927,-0.027518808841705322,-0.033554065770545094,0.25984126329421997,-0.057891905307769775,-0.021772730893530934,0.23181158304214478,-0.056588947772979736,-0.00694348549757251,0.19581520557403564,-0.04598093032836914,-0.004686610105522959,0.20361047983169556,0.04706299304962158,-0.034786995298304646,0.23991364240646362,0.01341092586517334,-0.02493448349002847,0.2148558497428894,0.007788658142089844,-0.007543251647689431,0.18535196781158447,0.014763593673706055,0.002563459767884524,thumbs_up
0.0,0.0,0.0,0.026086121797561646,-0.14593327045440674,-0.004163262627798758,0.0746406614780426,-0.26808395981788635,-0.017543875340152226,0.11386033892631531,-0.3627755343914032,-0.030943684939074956,0.12980273365974426,-0.44103488326072693,-0.04077125965409323,0.19688746333122253,-0.20909416675567627,-0.024236286718178235,0.2561565935611725,-0.21199867129325867,-0.025491873461533032,0.2258308231830597,-0.19784271717071533,-0.022411717761087857,0.18981114029884338,-0.1915377974510193,-0.021152511898208104,0.21448567509651184,-0.11890757083892822,-0.02908920003824278,0.2651014029979706,-0.13363200426101685,-0.01914739488415762,0.23360541462898254,-0.1281195878982544,-0.011086713250506364,0.1971152126789093,-0.11925345659255981,-0.01204216453038498,0.21466180682182312,-0.03268629312515259,-0.03176907329611822,0.2618909180164337,-0.056460022926330566,-0.020225143719244443,0.23430892825126648,-0.0530659556388855,-0.006132594968903504,0.197405606508255,-0.044435322284698486,-0.0042189505954866036,0.2055470049381256,0.04395103454589844,-0.03454432888679548,0.24084016680717468,0.015564203262329102,-0.024881873938966237,0.21640923619270325,0.01122283935546875,-0.008128829028237305,0.18659302592277527,0.015896737575531006,0.0016355910731817858,thumbs_up
0.0,0.0,0.0,0.025090694427490234,-0.14734381437301636,-0.004225411858897132,0.07155656814575195,-0.26974087953567505,-0.01835589477468602,0.11099708080291748,-0.3656868040561676,-0.03246347600270383,0.1260949969291687,-0.4438295364379883,-0.042877390921603364,0.19641762971878052,-0.21125993132591248,-0.02578058646668069,0.25702571868896484,-0.21357595920562744,-0.02839760848928563,0.22647345066070557,-0.19991695880889893,-0.025907816306244058,0.19080018997192383,-0.19433379173278809,-0.025127708852778596,0.2138960361480713,-0.119759202003479,-0.031132599279771966,0.26589345932006836,-0.1356043815612793,-0.022238500357161683,0.2343817949295044,-0.12875795364379883,-0.013590575136731786,0.19847631454467773,-0.11989283561706543,-0.014172281079481763,0.21455371379852295,-0.033827781677246094,-0.034507099479924364,0.25855326652526855,-0.05714249610900879,-0.02344969467867486,0.2312433123588562,-0.0523715615272522,-0.008616659731160325,0.1948038935661316,-0.04455596208572388,-0.0063615594399379916,0.20609718561172485,0.04174637794494629,-0.03814818704177014,0.23714667558670044,0.015263915061950684,-0.028382515475641412,0.2127166986465454,0.01332402229309082,-0.011616793402026815,0.18360233306884766,0.017701387405395508,-0.002096484821777267,thumbs_up
0.0,0.0,0.0,0.02480536699295044,-0.14829087257385254,-0.005171710155480014,0.07307982444763184,-0.2680797278881073,-0.019969462412916528,0.11235147714614868,-0.3672778606414795,-0.034219698044978486,0.12602394819259644,-0.4493376314640045,-0.04501699748965393,0.19826477766036987,-0.21190983057022095,-0.0279260175261129,0.2595061659812927,-0.21399536728858948,-0.026884558606468545,0.2279919981956482,-0.19766879081726074,-0.02129905763598572,0.19225925207138062,-0.1914413571357727,-0.01906971726151596,0.21676146984100342,-0.1210172176361084,-0.031074869442306863,0.2676836848258972,-0.13589191436767578,-0.01860364619227539,0.2353121042251587,-0.12818676233291626,-0.008135921317659722,0.19958853721618652,-0.1200634241104126,-0.008403494949959622,0.21658742427825928,-0.03511160612106323,-0.03159714210363518,0.25935113430023193,-0.05945080518722534,-0.01743305753501545,0.23099052906036377,-0.053505003452301025,-0.0016591113484878406,0.19426393508911133,-0.045496225357055664,0.00016424413894355894,0.20761913061141968,0.0397067666053772,-0.03227905276747833,0.2366025447845459,0.011884868144989014,-0.020663381550036775,0.21067297458648682,0.011770665645599365,-0.00320434057670127,0.18159204721450806,0.01708543300628662,0.006215693898923291,thumbs_up
0.0,0.0,0.0,0.02436661720275879,-0.15026646852493286,-0.00529498832270292,0.07120567560195923,-0.27677035331726074,-0.01969905702367214,0.10800457000732422,-0.37473851442337036,-0.034081495757845914,0.1207650899887085,-0.4523995816707611,-0.044728666003493345,0.19684547185897827,-0.21863198280334473,-0.02430544367030052,0.2547878623008728,-0.2258417010307312,-0.02827105430856136,0.22292357683181763,-0.21184459328651428,-0.02836706807806877,0.18757647275924683,-0.2039409875869751,-0.029366051237730062,0.2144455909729004,-0.12504267692565918,-0.030005676131395376,0.26599061489105225,-0.14594489336013794,-0.022385777365116155,0.23404765129089355,-0.13901466131210327,-0.015770272742656744,0.19862258434295654,-0.12728148698806763,-0.0172693705369511,0.21531891822814941,-0.038578808307647705,-0.034063428099898374,0.25816822052001953,-0.06623309850692749,-0.02434317527308849,0.22987431287765503,-0.06147563457489014,-0.010987480561880147,0.1943332552909851,-0.05094665288925171,-0.009094418417362249,0.20711404085159302,0.036846041679382324,-0.038491427357939756,0.23920488357543945,0.007779121398925781,-0.029529261793641126,0.2142508625984192,0.005368947982788086,-0.013019127230791128,0.18457603454589844,0.012030065059661865,-0.003339272616130984,thumbs_up
0.0,0.0,0.0,0.022427618503570557,-0.15006810426712036,-0.00703475899769046,0.06983494758605957,-0.27201730012893677,-0.02272226098699548,0.10635507106781006,-0.3739548921585083,-0.03784212466104009,0.11873769760131836,-0.4570505619049072,-0.04946101825458982,0.19661587476730347,-0.21363353729248047,-0.026796583046746036,0.25438809394836426,-0.22412872314453125,-0.027440218215417644,0.22178888320922852,-0.21210715174674988,-0.024030895864200374,0.1866976022720337,-0.20303553342819214,-0.0230679548881767,0.21616530418395996,-0.12099355459213257,-0.029378589203190586,0.26630932092666626,-0.14675045013427734,-0.01952803503496625,0.23347890377044678,-0.1433386206626892,-0.011326855009031078,0.19865036010742188,-0.13112014532089233,-0.012405504433047554,0.21731215715408325,-0.03549426794052124,-0.029690861662459156,0.26243114471435547,-0.069399893283844,-0.01844074386877992,0.23433858156204224,-0.06742745637893677,-0.004425366369616768,0.1985211968421936,-0.05576884746551514,-0.0026270695566950053,0.20985883474349976,0.03748983144760132,-0.03015907477362134,0.24227261543273926,0.0017813444137573242,-0.020523676609229824,0.2174891233444214,-0.0014863014221191406,-0.0038223894849238604,0.18839240074157715,0.006841123104095459,0.005764169192332247,thumbs_up
0.0,0.0,0.0,0.02101767063140869,-0.15043401718139648,-0.0035237383947901435,0.0642625093460083,-0.2757020890712738,-0.019204162332528085,0.09867030382156372,-0.3753962814807892,-0.03524580997537896,0.10706520080566406,-0.4566003978252411,-0.04762792986940667,0.19141894578933716,-0.2203320860862732,-0.025207205015533418,0.2518817186355591,-0.22674396634101868,-0.028420236232989282,0.22249388694763184,-0.2128887176513672,-0.026969788867347688,0.1879454255104065,-0.205010324716568,-0.02646326859604642,0.21125835180282593,-0.1294296383857727,-0.03097386312794015,0.2644069194793701,-0.148779034614563,-0.020708333972208948,0.23306667804718018,-0.14232391119003296,-0.011716305549555273,0.19813400506973267,-0.13061898946762085,-0.01223543685983941,0.2142980694770813,-0.04386568069458008,-0.03468704623293206,0.2602059245109558,-0.07085049152374268,-0.022058377313726396,0.2323310375213623,-0.06690257787704468,-0.007402886442207546,0.19636410474777222,-0.05608099699020386,-0.005431712876372785,0.20888322591781616,0.03135043382644653,-0.0386188852519922,0.24426984786987305,0.0012668967247009277,-0.027505332875364275,0.2195482850074768,-0.0021712779998779297,-0.009827764976137132,0.1888202428817749,0.0036319494247436523,0.00039155902567244993,thumbs_up
0.0,0.0,0.0,0.01738455891609192,-0.15145379304885864,-0.0018768419746493237,0.060653895139694214,-0.2804517149925232,-0.015166378673370673,0.09465417265892029,-0.38177794218063354,-0.029189049359615638,0.1018085777759552,-0.4635797441005707,-0.04001635788029034,0.1921856701374054,-0.22471940517425537,-0.020131004136260344,0.24785402417182922,-0.24138915538787842,-0.02168479850536187,0.21640953421592712,-0.2312139868736267,-0.020464106556232764,0.18209120631217957,-0.22109663486480713,-0.02071859603768189,0.21446123719215393,-0.13607323169708252,-0.02589612184112866,0.2629399597644806,-0.16407251358032227,-0.015458381828125312,0.22950121760368347,-0.1592036485671997,-0.007405133079942061,0.1947953999042511,-0.14451467990875244,-0.008322388027067973,0.21872976422309875,-0.05159306526184082,-0.029611912649329497,0.26316747069358826,-0.08398699760437012,-0.017167459335382773,0.23426219820976257,-0.08216726779937744,-0.003809170425142838,0.19758620858192444,-0.06985920667648315,-0.0024945620449443595,0.2134172022342682,0.022530555725097656,-0.033362166118081404,0.24285778403282166,-0.009384453296661377,-0.02304885452633698,0.2181752622127533,-0.014169752597808838,-0.007316276524420573,0.1883978545665741,-0.007851660251617432,0.0016992400863955481,thumbs_up
0.0,0.0,0.0,0.01812344789505005,-0.15384989976882935,-0.0036903972983282074,0.06262058019638062,-0.27959156036376953,-0.018568927120782064,0.09635460376739502,-0.3830903172492981,-0.03333573758266084,0.10233277082443237,-0.46730679273605347,-0.044775437262273954,0.19273799657821655,-0.2274516224861145,-0.024349679869033025,0.24862045049667358,-0.2387048602104187,-0.021572069894887136,0.21376711130142212,-0.22475403547286987,-0.016011085059858488,0.17959779500961304,-0.2151397168636322,-0.014131382737673448,0.21637564897537231,-0.13674229383468628,-0.027599949088312314,0.2631415128707886,-0.16466182470321655,-0.014475372318543123,0.2290940284729004,-0.15935242176055908,-0.0047163410823714,0.19470930099487305,-0.1442708969116211,-0.005314519793159889,0.22057688236236572,-0.050902724266052246,-0.027890741523719953,0.26208996772766113,-0.08709430694580078,-0.012606556225932763,0.2336505651473999,-0.08390259742736816,0.0015230634702447787,0.1978742480278015,-0.06944060325622559,0.0023192638285536304,0.21639537811279297,0.02279984951019287,-0.028091687407709287,0.2450663447380066,-0.014540910720825195,-0.015735249664999174,0.2193007469177246,-0.016757309436798096,0.0009767252589654163,0.19011032581329346,-0.006614327430725098,0.010116063359760119,thumbs_up
0.0,0.0,0.0,0.018293917179107666,-0.15217888355255127,-0.0038841303024241824,0.05779844522476196,-0.27971145510673523,-0.019150207429731836,0.0908237099647522,-0.3785816431045532,-0.0352787158038268,0.09707903861999512,-0.45794835686683655,-0.04781765924354886,0.1864609718322754,-0.23462438583374023,-0.02031149031182622,0.24454164505004883,-0.24132245779037476,-0.0254249280836234,0.21541589498519897,-0.22642949223518372,-0.027138664066399087,0.18128806352615356,-0.21819409728050232,-0.02887006723841523,0.21026986837387085,-0.1463375687599182,-0.027273623883331766,0.261353075504303,-0.16512399911880493,-0.019132888555134286,0.2314753532409668,-0.156216561794281,-0.012862887844050874,0.1961842179298401,-0.1434023380279541,-0.014704693719352235,0.21796125173568726,-0.06165963411331177,-0.0328903502370963,0.26188015937805176,-0.08669131994247437,-0.021840742468441476,0.23483812808990479,-0.08033466339111328,-0.008694314077104082,0.19809460639953613,-0.06863522529602051,-0.0072032908495316406,0.2159002423286438,0.014596998691558838,-0.03910107226630544,0.24694645404815674,-0.013337254524230957,-0.029399146005118837,0.22216886281967163,-0.012718141078948975,-0.012823049589599123,0.1915563941001892,-0.004945874214172363,-0.0028732201602110763,thumbs_up
0.0,0.0,0.0,0.016180694103240967,-0.15252333879470825,-0.004760142141265078,0.058717966079711914,-0.2815135717391968,-0.018524585948568983,0.09012627601623535,-0.382750004529953,-0.032736179144364996,0.09491407871246338,-0.46452051401138306,-0.04359396612761657,0.18758809566497803,-0.2324155867099762,-0.01759059047816436,0.2421656847000122,-0.25033581256866455,-0.020357307703477545,0.20880240201950073,-0.23812025785446167,-0.021613611565214796,0.17457860708236694,-0.2253848910331726,-0.023935666964632674,0.21241998672485352,-0.14552628993988037,-0.02258127620933692,0.25968754291534424,-0.17792832851409912,-0.015147118554693861,0.22621268033981323,-0.1717895269393921,-0.01007948508976142,0.19135898351669312,-0.15426218509674072,-0.012376860440951987,0.219981849193573,-0.06208384037017822,-0.026074384064656897,0.2655356526374817,-0.09881657361984253,-0.01642069658754508,0.23673158884048462,-0.09507739543914795,-0.003978853770775004,0.1998804211616516,-0.07991677522659302,-0.0025077636402670578,0.21767878532409668,0.012476205825805664,-0.029879082651120825,0.24704450368881226,-0.024325132369995117,-0.02206027014671008,0.22150671482086182,-0.024845540523529053,-0.00666720672069232,0.1925671100616455,-0.01338040828704834,0.002660193522217469,thumbs_up
0.0,0.0,0.0,0.015144526958465576,-0.15089261531829834,-0.0048935337001125845,0.052622050046920776,-0.2800389230251312,-0.019974658080343488,0.08373287320137024,-0.3799663186073303,-0.03566032257020879,0.08977791666984558,-0.4594067633152008,-0.0475856436425488,0.18360188603401184,-0.248367577791214,-0.01840554159224439,0.23946306109428406,-0.2477211356163025,-0.02265717256904054,0.2103765308856964,-0.22833725810050964,-0.024770138599876645,0.17606684565544128,-0.2194996476173401,-0.027304425650243047,0.20920613408088684,-0.16061687469482422,-0.025164065697197202,0.258616179227829,-0.17370820045471191,-0.01728782598019052,0.22660478949546814,-0.16048556566238403,-0.01237253081143308,0.1884026825428009,-0.14776825904846191,-0.014778831788305524,0.21841207146644592,-0.07445406913757324,-0.030708685331944707,0.2630748450756073,-0.09542399644851685,-0.019908005186323408,0.23474398255348206,-0.0855829119682312,-0.0075092146182100805,0.19477787613868713,-0.07430529594421387,-0.006297209580395702,0.21674904227256775,0.004544615745544434,-0.03698704745710302,0.24519547820091248,-0.020807623863220215,-0.028510728665594343,0.21957829594612122,-0.017318427562713623,-0.012968959101442579,0.18724492192268372,-0.010371923446655273,-0.0033595101451169285,thumbs_up
0.0,0.0,0.0,0.012276232242584229,-0.15383386611938477,-0.0041972975065505125,0.049991726875305176,-0.28288331627845764,-0.018627466057012043,0.0795096755027771,-0.3837265968322754,-0.03324141481942888,0.08239561319351196,-0.464668333530426,-0.044503701273868046,0.18168866634368896,-0.2430536150932312,-0.020529537816116772,0.23926007747650146,-0.2563800513744354,-0.022206162456939182,0.2085769772529602,-0.23732072114944458,-0.02221016528136488,0.17453181743621826,-0.22401246428489685,-0.02379076125151869,0.20863312482833862,-0.15615898370742798,-0.025613393057653866,0.25403785705566406,-0.18463361263275146,-0.015191381220290623,0.22198063135147095,-0.1736907958984375,-0.008545934577057324,0.18778175115585327,-0.1562643051147461,-0.010848896001050434,0.2173771858215332,-0.07185280323028564,-0.028847045619556866,0.25949162244796753,-0.10669088363647461,-0.016661071572968922,0.23228520154953003,-0.09964227676391602,-0.0036763857403343536,0.19590026140213013,-0.083804190158844,-0.002951647509405575,0.2163149118423462,0.0030977725982666016,-0.032280856166551075,0.24172228574752808,-0.034489989280700684,-0.022632941026756725,0.21662133932113647,-0.032421112060546875,-0.0064286956382488825,0.18763065338134766,-0.01994103193283081,0.0029206887068653486,thumbs_up
0.0,0.0,0.0,0.008283376693725586,-0.15087276697158813,-0.0019440968861204055,0.03860068321228027,-0.2810826599597931,-0.016920030011362996,0.06463724374771118,-0.38279393315315247,-0.03213645693523404,0.06461715698242188,-0.46238964796066284,-0.04405731138450619,0.17011702060699463,-0.25472232699394226,-0.02426552761954781,0.225086510181427,-0.2673417627811432,-0.023804483829565015,0.19714653491973877,-0.24856075644493103,-0.020443476630873647,0.1641688346862793,-0.23531213402748108,-0.019675772531456914,0.20005041360855103,-0.16812986135482788,-0.03004381422562119,0.24599725008010864,-0.193139910697937,-0.01781626966459271,0.21474647521972656,-0.18119174242019653,-0.00908258453620192,0.17868608236312866,-0.16429942846298218,-0.010178056439883676,0.21173971891403198,-0.0832444429397583,-0.033048307417459455,0.2521052956581116,-0.11333096027374268,-0.01738883171839234,0.22524911165237427,-0.10506969690322876,-0.0033001419031393198,0.18739831447601318,-0.09024184942245483,-0.0027796736792993215,0.21313726902008057,-0.0067064762115478516,-0.03619809251887318,0.23632556200027466,-0.03833317756652832,-0.024431336565442052,0.21130973100662231,-0.03510487079620361,-0.008187469920642343,0.1812339425086975,-0.024921715259552002,0.00078298348324779,thumbs_up
0.0,0.0,0.0,0.008365988731384277,-0.15297967195510864,-0.0028344746428388135,0.04086768627166748,-0.2823282778263092,-0.017569464606310703,0.06643778085708618,-0.38584309816360474,-0.032500694480802395,0.06673204898834229,-0.4662100076675415,-0.04418913179364381,0.17375248670578003,-0.25136107206344604,-0.021903918099667408,0.227026104927063,-0.26894354820251465,-0.020235951033498623,0.19571524858474731,-0.2511748671531677,-0.017303177130486347,0.16373229026794434,-0.2374470829963684,-0.017636622277166225,0.20285409688949585,-0.166614830493927,-0.026858984467651226,0.247053325176239,-0.19679349660873413,-0.014138842907811977,0.21519112586975098,-0.18590068817138672,-0.005772195265706159,0.1814468502998352,-0.1672404408454895,-0.007382388667281248,0.21273547410964966,-0.0826789140701294,-0.0291766850027102,0.25185179710388184,-0.11670869588851929,-0.013824552272524215,0.22519898414611816,-0.10869592428207397,3.975669420697159e-05,0.18965375423431396,-0.09129160642623901,0.0003848804586255028,0.21214544773101807,-0.006773710250854492,-0.03156150781836686,0.23344552516937256,-0.04088783264160156,-0.019445390415455677,0.20820170640945435,-0.03705644607543945,-0.0028710274240779654,0.1800069808959961,-0.023274242877960205,0.006078039786700629,thumbs_up
0.0,0.0,0.0,0.0041332244873046875,-0.15225458145141602,-0.0007508218520229093,0.030595004558563232,-0.28086960315704346,-0.016570663498612248,0.054919302463531494,-0.38659507036209106,-0.03245517280873855,0.05739086866378784,-0.46772822737693787,-0.044783030124278866,0.16327446699142456,-0.2617606520652771,-0.02702089254734119,0.22215807437896729,-0.2747983932495117,-0.023808643640848004,0.19465100765228271,-0.2524452209472656,-0.01708827023384174,0.1616654396057129,-0.23751842975616455,-0.01422230568704208,0.1961180567741394,-0.17665332555770874,-0.03205433529791435,0.24059522151947021,-0.20226982235908508,-0.016671564848991238,0.20868778228759766,-0.18765276670455933,-0.005013516126098239,0.1738060712814331,-0.16957241296768188,-0.004851831542225682,0.2088325023651123,-0.09192848205566406,-0.033667196007343136,0.24650049209594727,-0.12303102016448975,-0.014449282968314492,0.22000938653945923,-0.11288094520568848,0.0014143044130037197,0.18312716484069824,-0.09653878211975098,0.0018971895800063976,0.2112330198287964,-0.01618140935897827,-0.03521150392469963,0.22851920127868652,-0.04669290781021118,-0.020255687134238087,0.20357680320739746,-0.04177325963973999,-0.0031586032825430266,0.17483621835708618,-0.03032463788986206,0.005614467011866964,thumbs_up
0.0,0.0,0.0,-0.0009418725967407227,-0.1511508822441101,-0.0034640544240573945,0.020419716835021973,-0.28392598032951355,-0.01850818923276165,0.04210716485977173,-0.3905963897705078,-0.03275188325505951,0.04608720541000366,-0.46850067377090454,-0.04330505697589615,0.15553408861160278,-0.2661402225494385,-0.02873550436061123,0.2100340723991394,-0.2903209626674652,-0.02463348476749161,0.1826062798500061,-0.27069517970085144,-0.016247087033207208,0.15023571252822876,-0.25367891788482666,-0.0121636240423868,0.19149720668792725,-0.18266749382019043,-0.03159307210307816,0.23047959804534912,-0.21662259101867676,-0.01712642318170765,0.20022082328796387,-0.20288649201393127,-0.006272556600833923,0.1675134301185608,-0.18238317966461182,-0.0061895738967905345,0.20749276876449585,-0.09988653659820557,-0.031089664311821252,0.23753130435943604,-0.1382618546485901,-0.013500756459052354,0.21274304389953613,-0.12801998853683472,0.00045100923443897045,0.17832273244857788,-0.10860228538513184,0.0004365202707958815,0.21306079626083374,-0.02619779109954834,-0.030515902550632745,0.22561883926391602,-0.06367158889770508,-0.01720206520121792,0.20215606689453125,-0.05740773677825928,-0.0017025729089255037,0.17550593614578247,-0.042999446392059326,0.006476486226802081,thumbs_up
0.0,0.0,0.0,0.0016731023788452148,-0.1546006202697754,-0.0013493976207428204,0.027003347873687744,-0.2846243977546692,-0.01642544384822031,0.04843515157699585,-0.3933742642402649,-0.03139928731843611,0.047126710414886475,-0.47303372621536255,-0.04289421070143362,0.1593390703201294,-0.2684520184993744,-0.026983892580119573,0.2136399745941162,-0.2964385449886322,-0.023123849218336545,0.18415915966033936,-0.2738276422023773,-0.015054708381740056,0.15242749452590942,-0.2559615969657898,-0.011412844096867047,0.19391721487045288,-0.1869654655456543,-0.03154921162649771,0.23634368181228638,-0.22577741742134094,-0.017152702470866643,0.2045772671699524,-0.21015357971191406,-0.005462381558118068,0.1720370650291443,-0.18812775611877441,-0.0048232791364171135,0.20915824174880981,-0.10367751121520996,-0.032616030459848844,0.2439788579940796,-0.146124005317688,-0.015231619624046289,0.21731477975845337,-0.13460004329681396,0.0001456569530091656,0.18310105800628662,-0.11304736137390137,0.0011302913421786798,0.2139405608177185,-0.027542948722839355,-0.03341111544295927,0.23147207498550415,-0.06767898797988892,-0.01960465501770159,0.20667880773544312,-0.061886608600616455,-0.0026778877131619083,0.18004876375198364,-0.04610860347747803,0.006383181514593161,thumbs_up
0.0,0.0,0.0,-0.003293365240097046,-0.1538977026939392,-0.00013463511635336545,0.0189744234085083,-0.28483545780181885,-0.013906459596853438,0.039801180362701416,-0.3914349675178528,-0.027168310520153227,0.03851473331451416,-0.46931764483451843,-0.037161610362034025,0.15532177686691284,-0.26874661445617676,-0.02783203431675929,0.20780766010284424,-0.30371227860450745,-0.020764272001486006,0.17938780784606934,-0.28246527910232544,-0.01043884483436841,0.14788419008255005,-0.26188528537750244,-0.0055776981570829776,0.1923009753227234,-0.18627303838729858,-0.031359213677149,0.23029160499572754,-0.22786837816238403,-0.013417760183017435,0.19898170232772827,-0.2141529619693756,-0.00039813773395280805,0.1670079231262207,-0.19237792491912842,0.0002898053099329445,0.2076634168624878,-0.10325264930725098,-0.030832673695783797,0.23920267820358276,-0.1466454267501831,-0.010386914287607851,0.21360552310943604,-0.13799601793289185,0.004699382192541179,0.17919468879699707,-0.11764377355575562,0.004393857630986986,0.212100088596344,-0.02952134609222412,-0.0298132293791582,0.22506409883499146,-0.06994760036468506,-0.014441703719000998,0.20091992616653442,-0.0649876594543457,0.0019894328034411046,0.17375779151916504,-0.04941403865814209,0.010078725132245836,thumbs_up
0.0,0.0,0.0,-0.0005282461643218994,-0.1536683440208435,-0.0004226134249165625,0.022026240825653076,-0.2849292755126953,-0.014541545641577613,0.044209837913513184,-0.39084896445274353,-0.028339016941345108,0.04482996463775635,-0.4687533974647522,-0.03868185890928544,0.1603279709815979,-0.2709972560405731,-0.02724055176690854,0.21002131700515747,-0.299143522977829,-0.02142612425700463,0.17999273538589478,-0.27594509720802307,-0.01255449814811982,0.1481127142906189,-0.25650373101234436,-0.008650840018844974,0.19635003805160522,-0.1879647970199585,-0.03163718221799172,0.23445403575897217,-0.22473746538162231,-0.015191551056659591,0.20238381624221802,-0.20962285995483398,-0.0032307905992183805,0.16890650987625122,-0.1877497434616089,-0.0028521439442101837,0.2114303708076477,-0.10423421859741211,-0.03211350901142396,0.2430514693260193,-0.14308089017868042,-0.012899993677592647,0.21642529964447021,-0.1337655782699585,0.0020908285016503214,0.181188702583313,-0.11369872093200684,0.0022571426900412916,0.21539092063903809,-0.028952419757843018,-0.03225866122261323,0.22964835166931152,-0.06398320198059082,-0.017683688309944046,0.20523077249526978,-0.05998659133911133,-0.0012696718247298122,0.17801111936569214,-0.046341001987457275,0.007267644870125878,thumbs_up
0.0,0.0,0.0,-0.005331277847290039,-0.15142643451690674,-0.001975931356014371,0.0145244300365448,-0.2799147963523865,-0.018320988294021845,0.03359922766685486,-0.3857177495956421,-0.0341558413471148,0.03164133429527283,-0.46448570489883423,-0.04674950930132127,0.15166255831718445,-0.26925766468048096,-0.031263738300935984,0.20686748623847961,-0.3016164302825928,-0.02762752714409089,0.1795932948589325,-0.27631857991218567,-0.019443483453528643,0.1481051743030548,-0.2563128173351288,-0.015376831766502619,0.18876197934150696,-0.18670415878295898,-0.03477542790426469,0.22923597693443298,-0.22380340099334717,-0.01864433790399289,0.19733402132987976,-0.20733627676963806,-0.005962437380389929,0.1648116409778595,-0.18642187118530273,-0.005155631237016678,0.20424363017082214,-0.10296076536178589,-0.03459415527834153,0.23599663376808167,-0.14269429445266724,-0.015567693289654017,0.20999786257743835,-0.13226962089538574,-0.00031154411919942504,0.1756807267665863,-0.11260092258453369,-0.00013675725278972095,0.20926645398139954,-0.028144657611846924,-0.034090943064825296,0.22282478213310242,-0.06725698709487915,-0.019134990301267862,0.1981038749217987,-0.06112593412399292,-0.001903362002508402,0.1705469787120819,-0.04616004228591919,0.0069701649357512,thumbs_up
0.0,0.0,0.0,-0.002379000186920166,-0.15303140878677368,-0.0030724840522680097,0.02034151554107666,-0.28235548734664917,-0.019044399150175195,0.041496455669403076,-0.39082199335098267,-0.03435843054251109,0.03937709331512451,-0.4715721011161804,-0.046295001991552454,0.1571640968322754,-0.26974058151245117,-0.029039008431595903,0.20892316102981567,-0.2962779700756073,-0.024199329205316644,0.177284836769104,-0.27295929193496704,-0.016343284287017923,0.14517700672149658,-0.25430941581726074,-0.01338889811233912,0.19401216506958008,-0.18601709604263306,-0.03223526839212809,0.23210805654525757,-0.2247852087020874,-0.01694441203073893,0.19896972179412842,-0.20935022830963135,-0.005533176828635078,0.16696637868881226,-0.18669742345809937,-0.005747696273488145,0.20924454927444458,-0.10188370943069458,-0.031745891906780344,0.24158746004104614,-0.14490914344787598,-0.013735071644646268,0.21409422159194946,-0.13407117128372192,0.0014854798740771002,0.18030649423599243,-0.11232918500900269,0.0017344608153280205,0.21367603540420532,-0.027154147624969482,-0.031021669395727258,0.2278059720993042,-0.06712013483047485,-0.016958890371483903,0.20230895280838013,-0.06183445453643799,-0.00016992413077332458,0.17620491981506348,-0.0455402135848999,0.008345483913558382,thumbs_up
0.0,0.0,0.0,-0.0012125968933105469,-0.15241551399230957,-0.0011628037293007765,0.02089226245880127,-0.28276583552360535,-0.01577389612538127,0.04312479496002197,-0.3893732726573944,-0.030095741150205413,0.043939173221588135,-0.4682181775569916,-0.04095985367638377,0.15712571144104004,-0.2708643674850464,-0.027347173539226333,0.21164590120315552,-0.29608479142189026,-0.02374731562775878,0.18257880210876465,-0.27238237857818604,-0.016522821036403457,0.14961040019989014,-0.2536888122558594,-0.013267464001899043,0.19403451681137085,-0.18824023008346558,-0.03151819854718951,0.2333669662475586,-0.22096121311187744,-0.016128422689860145,0.20127034187316895,-0.20425668358802795,-0.004544172433440963,0.16791510581970215,-0.18323606252670288,-0.004379284099911729,0.21007508039474487,-0.10460799932479858,-0.032210219648902694,0.2408166527748108,-0.14126694202423096,-0.013501986858670989,0.21384340524673462,-0.1297156810760498,0.0014625218489641156,0.17909008264541626,-0.1099863052368164,0.0014875552176931706,0.2151917815208435,-0.029430270195007324,-0.032713174817388335,0.22743427753448486,-0.06328088045120239,-0.018311087039535323,0.20221924781799316,-0.05752408504486084,-0.002055964662929455,0.17525053024291992,-0.0437161922454834,0.0062347627270469275,thumbs_up
0.0,0.0,0.0,-4.392862319946289e-05,-0.1518428921699524,-0.0024068126648444377,0.025122076272964478,-0.27992743253707886,-0.018363103196747943,0.04522016644477844,-0.38635915517807007,-0.033897608444817706,0.041271358728408813,-0.4691055715084076,-0.046344254092105075,0.15826311707496643,-0.2607209384441376,-0.029843162671454593,0.2125723659992218,-0.2877543568611145,-0.02706931524051015,0.18268850445747375,-0.2642715275287628,-0.0203778482235748,0.1504683792591095,-0.24571305513381958,-0.0177197921283323,0.1941768229007721,-0.17817258834838867,-0.033482741490729495,0.23347380757331848,-0.2148568034172058,-0.019556911588438197,0.20090267062187195,-0.19937744736671448,-0.008526104428597137,0.1691857874393463,-0.17719340324401855,-0.008960666992493316,0.2089790403842926,-0.09452855587005615,-0.03346414856684987,0.24402466416358948,-0.13560688495635986,-0.016831548810728236,0.21716049313545227,-0.12584638595581055,-0.001615574509628459,0.18311116099357605,-0.10494112968444824,-0.0012154420099932395,0.21351948380470276,-0.020189344882965088,-0.03307353325260465,0.23073700070381165,-0.05943721532821655,-0.020108343959577724,0.20484128594398499,-0.054651737213134766,-0.003025690019853755,0.17793479561805725,-0.03866320848464966,0.005898779797576026,thumbs_up
0.0,0.0,0.0,0.0015914440155029297,-0.15397298336029053,0.00036505759061356,0.026613056659698486,-0.2860679626464844,-0.013919133684169083,0.04769861698150635,-0.39260706305503845,-0.028198095961045055,0.04498690366744995,-0.4740123152732849,-0.03912117610735777,0.15910673141479492,-0.2676256597042084,-0.027073380528520374,0.21572691202163696,-0.2908187508583069,-0.023894437579940586,0.1876179575920105,-0.2684922218322754,-0.016375153316687374,0.1543794870376587,-0.25165241956710815,-0.012762399381529121,0.19450771808624268,-0.1848878264427185,-0.03241501654548529,0.2372068166732788,-0.21799972653388977,-0.01690900045497301,0.20587259531021118,-0.20210403203964233,-0.004891101727764635,0.17225432395935059,-0.1818811297416687,-0.004452831568698912,0.2102118730545044,-0.10099273920059204,-0.03420073072476271,0.2456684112548828,-0.13911724090576172,-0.015693808896969585,0.21908193826675415,-0.12779080867767334,-0.0005769758047904361,0.18351489305496216,-0.10860979557037354,-0.0003892469306379098,0.21490728855133057,-0.02524876594543457,-0.035611568941305904,0.2316151261329651,-0.06137353181838989,-0.021725201039146214,0.20675534009933472,-0.05597144365310669,-0.005408868650476961,0.17869430780410767,-0.042296767234802246,0.003033667113129468,thumbs_up
0.0,0.0,0.0,0.003505021333694458,-0.15355145931243896,0.0007399092788205053,0.02949097752571106,-0.280534029006958,-0.014866440928415159,0.05025717616081238,-0.3849368691444397,-0.03049841094656358,0.04656597971916199,-0.4656708836555481,-0.04325299467785726,0.16056141257286072,-0.2623090147972107,-0.03080228101356397,0.21912774443626404,-0.2894749641418457,-0.02952330689771543,0.19040599465370178,-0.26187923550605774,-0.023836152068213323,0.1570909321308136,-0.24222180247306824,-0.02145101819081674,0.19621899724006653,-0.17962342500686646,-0.036515836975411275,0.23958632349967957,-0.21167665719985962,-0.02177612241251836,0.20711758732795715,-0.1935807466506958,-0.01014988534046779,0.17337116599082947,-0.1735127568244934,-0.010529832354620794,0.21096649765968323,-0.0949544906616211,-0.038333014956549505,0.24870631098747253,-0.13193053007125854,-0.02048319522185693,0.222074955701828,-0.12041628360748291,-0.004286826494023899,0.18667522072792053,-0.10165196657180786,-0.0038246988773948942,0.2149433195590973,-0.018996000289916992,-0.03957046326144109,0.23148581385612488,-0.056035637855529785,-0.025650783813432554,0.2053217589855194,-0.05012249946594238,-0.00737936878471146,0.17743757367134094,-0.03640526533126831,0.0021608049060546364,thumbs_up
0.0,0.0,0.0,0.004810035228729248,-0.15315991640090942,-0.0032029407948925837,0.032816559076309204,-0.2805890440940857,-0.01951244821890441,0.0554831326007843,-0.3864862620830536,-0.03543349703892318,0.052421241998672485,-0.468686044216156,-0.04813507547720519,0.16658279299736023,-0.25839340686798096,-0.028316363451324378,0.21959415078163147,-0.2791377305984497,-0.026430994031272803,0.1881594955921173,-0.2569681406021118,-0.02137918001159278,0.15548011660575867,-0.24073496460914612,-0.01993514200790969,0.2005990445613861,-0.17440098524093628,-0.03191252028688041,0.24049100279808044,-0.20649045705795288,-0.018178650868378554,0.2078368365764618,-0.19229799509048462,-0.008131205794654761,0.17527469992637634,-0.17211264371871948,-0.009231460971079741,0.21359577775001526,-0.09023940563201904,-0.03216529986008254,0.24895349144935608,-0.12892723083496094,-0.015865437445484076,0.22208306193351746,-0.11916112899780273,-0.0014113733696490272,0.18706026673316956,-0.09988319873809814,-0.0013424369890913113,0.21606490015983582,-0.015707075595855713,-0.03225237479551879,0.23207947611808777,-0.05340993404388428,-0.01957515416785327,0.206247478723526,-0.04833674430847168,-0.003040572620250259,0.17859771847724915,-0.033867597579956055,0.005642153563655938,thumbs_up
0.0,0.0,0.0,0.007190227508544922,-0.15568381547927856,-0.002492905023188996,0.03920435905456543,-0.2890007793903351,-0.017626858676464963,0.06349819898605347,-0.3931615948677063,-0.0333995068321542,0.06084674596786499,-0.47515296936035156,-0.04641528370478909,0.1691577434539795,-0.26177215576171875,-0.023098894755037236,0.2263583540916443,-0.2806475758552551,-0.029584071959050107,0.19636750221252441,-0.2528616487979889,-0.03344323056438725,0.1624506115913391,-0.23366853594779968,-0.03677807318666737,0.20152920484542847,-0.1771489381790161,-0.029411801497133183,0.24617570638656616,-0.20021235942840576,-0.020044979999454426,0.21540528535842896,-0.18239623308181763,-0.013855952198298382,0.18219751119613647,-0.16306954622268677,-0.01661838161447804,0.21466892957687378,-0.09068024158477783,-0.03382014798620503,0.2468087077140808,-0.11966878175735474,-0.020887970353157925,0.2195223569869995,-0.10676926374435425,-0.0075307105543629405,0.1852933168411255,-0.08916234970092773,-0.00717527874434154,0.217673659324646,-0.011173725128173828,-0.03852866532901089,0.23139607906341553,-0.04185593128204346,-0.027185078139098096,0.20395427942276,-0.03470015525817871,-0.01023479214558165,0.1768801212310791,-0.021486997604370117,-0.0007389807250888225,thumbs_up
0.0,0.0,0.0,0.020037174224853516,-0.1433621048927307,-0.008394560832698517,0.05435454845428467,-0.28016549348831177,-0.023444601390679054,0.07810217142105103,-0.3800121545791626,-0.03933690214546459,0.07938611507415771,-0.45692330598831177,-0.0521104233899905,0.183818519115448,-0.22601357102394104,-0.018582682181317978,0.23069924116134644,-0.22699213027954102,-0.03418341005237835,0.19455188512802124,-0.20555046200752258,-0.04878067323954838,0.15623223781585693,-0.1952812671661377,-0.059012566749174766,0.20443052053451538,-0.13932764530181885,-0.02691916102560299,0.24967169761657715,-0.1453542709350586,-0.028730628136713676,0.21764135360717773,-0.1343631148338318,-0.030989901218731575,0.17899125814437866,-0.12429720163345337,-0.03766788641007679,0.21057617664337158,-0.05422133207321167,-0.03554310375841396,0.2468031644821167,-0.0639868974685669,-0.032757860664446525,0.21768325567245483,-0.05603450536727905,-0.021079001072962456,0.1802244782447815,-0.04817992448806763,-0.018931332100351028,0.20534104108810425,0.026098966598510742,-0.04555222863348263,0.23437780141830444,0.011062026023864746,-0.039688644055445366,0.20659410953521729,0.013658285140991211,-0.0221759481916024,0.175983726978302,0.017480432987213135,-0.01142418390156763,thumbs_up
0.0,0.0,0.0,0.01976954936981201,-0.1410733461380005,-0.009683873771962226,0.053457796573638916,-0.2736038565635681,-0.02793152377688557,0.07962942123413086,-0.3729344606399536,-0.04687753625893265,0.08343571424484253,-0.4502447247505188,-0.06252753668212563,0.1811477541923523,-0.23598921298980713,-0.02609051325106293,0.23624533414840698,-0.22097307443618774,-0.041462037048574985,0.20434695482254028,-0.1953563690185547,-0.05267086931252152,0.1650410294532776,-0.18790137767791748,-0.06041380324148804,0.2053707242012024,-0.14996957778930664,-0.034426960430380404,0.2507823705673218,-0.13746488094329834,-0.0358663827993837,0.21963685750961304,-0.12244534492492676,-0.03611346267842919,0.18047893047332764,-0.11719930171966553,-0.0412956059792009,0.2134968638420105,-0.06297153234481812,-0.04287405990743309,0.24854475259780884,-0.05714762210845947,-0.03971930154347092,0.2187991738319397,-0.04588991403579712,-0.028664681396719516,0.17977237701416016,-0.04200655221939087,-0.027216141379710734,0.2097199559211731,0.01916790008544922,-0.05299185895108849,0.23138469457626343,0.019179344177246094,-0.048721174977060855,0.20259404182434082,0.023811519145965576,-0.0340605259754625,0.17099875211715698,0.02416384220123291,-0.024879441864129603,thumbs_up
0.0,0.0,0.0,0.027274370193481445,-0.14546728134155273,-0.009661829187734838,0.062267184257507324,-0.2684454917907715,-0.026527115232511278,0.09491586685180664,-0.3576042056083679,-0.0442495468028028,0.11653947830200195,-0.4189324378967285,-0.058107902384563204,0.1924014687538147,-0.20165395736694336,-0.02102367495672297,0.24702000617980957,-0.20598649978637695,-0.035463471985622164,0.21581953763961792,-0.19080686569213867,-0.047377460724874254,0.17802733182907104,-0.17950743436813354,-0.05521288616137099,0.20979052782058716,-0.11265450716018677,-0.02886637774781775,0.2563345432281494,-0.11555618047714233,-0.030898540369435068,0.2257375717163086,-0.11149269342422485,-0.03237672624663901,0.1866602897644043,-0.10462546348571777,-0.037811067975326296,0.2115875482559204,-0.028715014457702637,-0.037060652948184725,0.2480771541595459,-0.03742259740829468,-0.03522823107914519,0.2200642228126526,-0.034219205379486084,-0.023800010881586786,0.18231964111328125,-0.02797520160675049,-0.021200989461704012,0.2022739052772522,0.048486948013305664,-0.04678119075970244,0.2297734022140503,0.03528839349746704,-0.043330003596111055,0.20314109325408936,0.035080790519714355,-0.027120181448026415,0.17271041870117188,0.03808414936065674,-0.016271815723939653,thumbs_up
0.0,0.0,0.0,0.02704256772994995,-0.14248061180114746,-0.008586462987636878,0.06747490167617798,-0.2700670063495636,-0.02551038137642081,0.10028946399688721,-0.3617608845233917,-0.04281338437465365,0.11642241477966309,-0.4351673722267151,-0.056814232310330226,0.1956545114517212,-0.21310698986053467,-0.025953556811487033,0.25115877389907837,-0.20646601915359497,-0.037903045704638316,0.2210431694984436,-0.18815690279006958,-0.04588209225801165,0.18451642990112305,-0.1809791922569275,-0.05169431625870402,0.21490979194641113,-0.12334662675857544,-0.03399177773860629,0.260125994682312,-0.11586594581604004,-0.03339346258906062,0.22875219583511353,-0.10626685619354248,-0.03235735504893,0.19008880853652954,-0.10332578420639038,-0.03664028777745898,0.21786612272262573,-0.03618896007537842,-0.04163861407903369,0.2507959008216858,-0.036293625831604004,-0.037225851258313014,0.22082477807998657,-0.028393924236297607,-0.025964008113419368,0.1821119785308838,-0.02637171745300293,-0.0245270574745291,0.21008867025375366,0.04374206066131592,-0.05069222434428866,0.23130947351455688,0.03594517707824707,-0.04683594166306193,0.20274049043655396,0.038992881774902344,-0.03219311817554171,0.17127346992492676,0.039428651332855225,-0.022710328390871837,thumbs_up
0.0,0.0,0.0,0.03242695331573486,-0.14679670333862305,-0.00942343140485491,0.08106786012649536,-0.2635538578033447,-0.02481239049228634,0.12189239263534546,-0.34822583198547363,-0.040712447301473276,0.13945144414901733,-0.4185078740119934,-0.05356859548481907,0.2077251672744751,-0.17609840631484985,-0.020556404651131288,0.25767457485198975,-0.19776374101638794,-0.03350038214119877,0.2188856601715088,-0.19241851568222046,-0.04451087622436489,0.18129962682724,-0.1781105399131775,-0.05214043839367832,0.22002798318862915,-0.08665889501571655,-0.026615773723449365,0.26610052585601807,-0.11363202333450317,-0.02775760313960518,0.23230081796646118,-0.11781430244445801,-0.02795458904000725,0.19620853662490845,-0.10508960485458374,-0.03263183443340267,0.215490460395813,-0.004109025001525879,-0.032657240913238184,0.25667625665664673,-0.03458768129348755,-0.0319138815859219,0.22677189111709595,-0.039019227027893066,-0.02027123367878403,0.19094198942184448,-0.02805626392364502,-0.017093337536778108,0.20171427726745605,0.0694587230682373,-0.03965986652764286,0.23335641622543335,0.03667670488357544,-0.03666098921092953,0.2070331573486328,0.030009865760803223,-0.020217114523973123,0.17865222692489624,0.03734105825424194,-0.009243946918275014,thumbs_up
0.0,0.0,0.0,0.03127557039260864,-0.14268243312835693,-0.008823811446461605,0.07994848489761353,-0.2590157091617584,-0.027267504853341507,0.11826783418655396,-0.347387433052063,-0.04552952795955889,0.13289088010787964,-0.42546406388282776,-0.061384005841944145,0.20421522855758667,-0.17429566383361816,-0.029931299758288787,0.25919467210769653,-0.1858687400817871,-0.04153953343364947,0.2217041254043579,-0.18208956718444824,-0.0495406337055897,0.18317729234695435,-0.1722579002380371,-0.055334037539694236,0.21798163652420044,-0.08199018239974976,-0.03481306358906977,0.2637215256690979,-0.1068878173828125,-0.033964662251207756,0.23058241605758667,-0.10922211408615112,-0.03192946538064234,0.19425135850906372,-0.09671664237976074,-0.03622785061332934,0.21510475873947144,0.001386880874633789,-0.038558842984173225,0.2544706463813782,-0.030866622924804688,-0.03369970097872965,0.22560232877731323,-0.03130292892456055,-0.021552455050084518,0.18931031227111816,-0.02019590139389038,-0.019925369319651054,0.205094575881958,0.07352310419082642,-0.0431321732673382,0.23223668336868286,0.03801417350769043,-0.03844453990194552,0.2052554488182068,0.03423124551773071,-0.023260578883025573,0.17625939846038818,0.04248839616775513,-0.013907918145093845,thumbs_up
0.0,0.0,0.0,0.037674933671951294,-0.14277184009552002,-0.004941009470144309,0.09650513529777527,-0.2574457824230194,-0.019943070617387093,0.1442861258983612,-0.35024023056030273,-0.03543488776392678,0.16395309567451477,-0.4295983910560608,-0.047600665149161614,0.2218169867992401,-0.17640864849090576,-0.022741218116948403,0.28466567397117615,-0.17574530839920044,-0.026806549188563622,0.24432846903800964,-0.16616636514663696,-0.027372212168643273,0.20431563258171082,-0.15962183475494385,-0.028163439613649643,0.23207125067710876,-0.08028489351272583,-0.026987397131392754,0.29385653138160706,-0.0921134352684021,-0.020099463892051972,0.2579707205295563,-0.09419935941696167,-0.013510899637708462,0.21803990006446838,-0.08779829740524292,-0.014157356713781155,0.2236059010028839,0.006392300128936768,-0.029198628869721688,0.2794119417667389,-0.013754010200500488,-0.018923387882182396,0.25006261467933655,-0.01730477809906006,-0.004632830639252461,0.21130439639091492,-0.0121079683303833,-0.0016271907564942012,0.20725437998771667,0.0801471471786499,-0.03154733499593476,0.24982187151908875,0.05196666717529297,-0.02128424963063935,0.2239569127559662,0.042171597480773926,-0.003249982391366757,0.19297245144844055,0.044192492961883545,0.007727496772190534,thumbs_up
0.0,0.0,0.0,0.0427076518535614,-0.14139705896377563,-0.0034492195486564015,0.10633441805839539,-0.2506808042526245,-0.016767378234817443,0.15957853198051453,-0.3381011486053467,-0.02954078585798925,0.1824151575565338,-0.414563924074173,-0.03862504781181997,0.22591891884803772,-0.1652551293373108,-0.029958988809539733,0.29115715622901917,-0.15838468074798584,-0.02745064840610212,0.24958911538124084,-0.1492934226989746,-0.019738131472422538,0.210231751203537,-0.1469208002090454,-0.016088453391148505,0.2348528802394867,-0.066214919090271,-0.03341848523314184,0.297810822725296,-0.07392066717147827,-0.022175160506321845,0.260541170835495,-0.07677626609802246,-0.010321887479676661,0.22051897644996643,-0.07571756839752197,-0.00850574419791883,0.22457215189933777,0.021657228469848633,-0.033483886429621634,0.2832518517971039,0.0043555498123168945,-0.02048062094445413,0.25266966223716736,-0.001581728458404541,-0.0032404307644355868,0.2123829424381256,-0.0013726353645324707,0.0005332895302672114,0.20567235350608826,0.09470546245574951,-0.0331770975976724,0.24523839354515076,0.0665590763092041,-0.022105695018126426,0.21888473629951477,0.054236650466918945,-0.003622324009938893,0.18752649426460266,0.05254858732223511,0.006982373269693198,thumbs_up
0.0,0.0,0.0,0.043417274951934814,-0.14095991849899292,-0.0038245340639946335,0.10619205236434937,-0.2517896294593811,-0.018443121045663702,0.16147160530090332,-0.338503897190094,-0.032218844100668775,0.18768322467803955,-0.4137256443500519,-0.04196226637048994,0.2226070761680603,-0.16688483953475952,-0.03263239230199133,0.29150861501693726,-0.15822327136993408,-0.031054957240655767,0.252552330493927,-0.1525225043296814,-0.02284790243191992,0.2127467393875122,-0.15239626169204712,-0.018474651902749883,0.23162072896957397,-0.06793248653411865,-0.03613539825363432,0.2963550090789795,-0.07519727945327759,-0.024819428503349172,0.25900065898895264,-0.0803801417350769,-0.011940183520152914,0.2183547019958496,-0.08092242479324341,-0.009694734059110033,0.22157108783721924,0.01991981267929077,-0.03634550835175787,0.2848431468009949,0.006129443645477295,-0.023188036337330686,0.25406134128570557,-0.001674950122833252,-0.005515519931748258,0.21214336156845093,-0.0035660862922668457,-0.0019042578589392178,0.2030348777770996,0.09394508600234985,-0.03618933673186575,0.24202221632003784,0.06822395324707031,-0.025677889987662184,0.21608954668045044,0.05545419454574585,-0.008161458588972437,0.1846299171447754,0.05309528112411499,0.001627031311556948,thumbs_up
0.0,0.0,0.0,0.0432857871055603,-0.13946747779846191,-0.005275083157926019,0.10732454061508179,-0.2469186782836914,-0.020791649736224826,0.16467344760894775,-0.3328136205673218,-0.03536540075367611,0.1920853853225708,-0.40793663263320923,-0.045561948708950695,0.2274889349937439,-0.1564863920211792,-0.029267158277093586,0.2914181351661682,-0.14626359939575195,-0.02732623360282105,0.251717209815979,-0.14368480443954468,-0.020531674764811214,0.21391957998275757,-0.14334708452224731,-0.017596119932591137,0.2330836057662964,-0.0591239333152771,-0.03216604321426075,0.2951805591583252,-0.06696486473083496,-0.021034685812651333,0.25855714082717896,-0.07454150915145874,-0.009044388226925548,0.21916228532791138,-0.07290339469909668,-0.007415946956484731,0.2204282283782959,0.026104450225830078,-0.032086452387034115,0.28308624029159546,0.012577295303344727,-0.01917285650199574,0.25318223237991333,0.0036063194274902344,-0.0010774543385423385,0.21238720417022705,0.0033197402954101562,0.0031320851652480997,0.20006108283996582,0.09792029857635498,-0.031926499597489055,0.2423839569091797,0.07477200031280518,-0.02137823208397549,0.2161371111869812,0.06164592504501343,-0.0030786287148885094,0.1845642328262329,0.060082852840423584,0.007512498729170147,thumbs_up
0.0,0.0,0.0,0.04357680678367615,-0.14139294624328613,-0.005910918165511703,0.10819223523139954,-0.24911153316497803,-0.021886210937566375,0.16400441527366638,-0.33484524488449097,-0.036823574502534484,0.19193068146705627,-0.4110127091407776,-0.0474744141591259,0.22603943943977356,-0.16068404912948608,-0.03168443222767792,0.2910222113132477,-0.14726489782333374,-0.030496548910207366,0.250470370054245,-0.14362436532974243,-0.023371309090919112,0.2112366259098053,-0.14434707164764404,-0.01995622557825527,0.23264893889427185,-0.06173551082611084,-0.03461530064470253,0.2966138422489166,-0.06803840398788452,-0.02489973795837841,0.25845977663993835,-0.07546055316925049,-0.013265745763249015,0.21737900376319885,-0.07471263408660889,-0.011352542836732482,0.2210526168346405,0.025494873523712158,-0.03454787289030037,0.28467777371406555,0.012231051921844482,-0.02321981643564186,0.25372228026390076,0.004638314247131348,-0.006206122275955295,0.21207693219184875,0.005078315734863281,-0.0022422792879410736,0.2023812234401703,0.09918791055679321,-0.03428376843459091,0.24566897749900818,0.0743035078048706,-0.025410188410944556,0.2201395332813263,0.06211930513381958,-0.008157584865159606,0.18881025910377502,0.06149512529373169,0.002018293084063316,thumbs_up
0.0,0.0,0.0,0.04601180553436279,-0.13847744464874268,-0.0004549536996023562,0.11210817098617554,-0.2431911826133728,-0.013508065984581208,0.17053461074829102,-0.32883915305137634,-0.025852244728241658,0.19929206371307373,-0.4025471806526184,-0.034049591430459714,0.22835427522659302,-0.15542930364608765,-0.03071085774246285,0.2947688102722168,-0.13946384191513062,-0.022666480773125386,0.25666457414627075,-0.13307565450668335,-0.008331949272189831,0.2179863452911377,-0.1339530348777771,-0.0006128743723934349,0.23493868112564087,-0.057888805866241455,-0.034543993332420087,0.29496222734451294,-0.05913490056991577,-0.01771036946121285,0.2579038143157959,-0.06409567594528198,-0.0014212368139965292,0.218284010887146,-0.06370013952255249,0.0017151463227378372,0.22150880098342896,0.029593050479888916,-0.034119872757230496,0.28461122512817383,0.01994985342025757,-0.01683015228155682,0.2534092664718628,0.013480544090270996,0.003233061023991013,0.21171677112579346,0.012943029403686523,0.007057793988849426,0.20015686750411987,0.10326886177062988,-0.032940807201896405,0.24532651901245117,0.08247226476669312,-0.02030501925293038,0.21722549200057983,0.07135516405105591,-0.0010207735784319993,0.18382424116134644,0.06951367855072021,0.009347374170090461,thumbs_up
0.0,0.0,0.0,0.049052298069000244,-0.13813483715057373,-0.002506819435950547,0.11623811721801758,-0.24258792400360107,-0.01817306794561091,0.17453688383102417,-0.3291780948638916,-0.03325722843743506,0.20282673835754395,-0.405911386013031,-0.044326209578287035,0.2307339310646057,-0.1486695408821106,-0.03187237784601393,0.2986633777618408,-0.13238829374313354,-0.030667289275299936,0.2631761431694031,-0.12417221069335938,-0.022485894266139894,0.22451525926589966,-0.12507939338684082,-0.017546669695150285,0.23596346378326416,-0.05134153366088867,-0.03553493798114005,0.299388587474823,-0.05175226926803589,-0.02505621046162787,0.2632076144218445,-0.05784273147583008,-0.012737579758834272,0.22268378734588623,-0.05932384729385376,-0.010587469789754778,0.22225916385650635,0.03582364320755005,-0.035496336523067384,0.28425097465515137,0.02893245220184326,-0.022728172245990663,0.254790723323822,0.02022486925125122,-0.004869069087874323,0.21322691440582275,0.017718255519866943,-0.0005907777800189251,0.20115524530410767,0.10939091444015503,-0.034805812988054186,0.24859219789505005,0.08877092599868774,-0.02347108640111628,0.2221805453300476,0.0765485167503357,-0.004145484998446136,0.1889944076538086,0.0742601752281189,0.007248551004011006,thumbs_up
0.0,0.0,0.0,0.04939880967140198,-0.1419820785522461,-0.0032188293537842583,0.11563953757286072,-0.24576705694198608,-0.019314374263842637,0.17598316073417664,-0.33082157373428345,-0.0343538182335692,0.20785221457481384,-0.40525466203689575,-0.04512412422474199,0.2322433888912201,-0.1464274525642395,-0.034425615753491456,0.3005732595920563,-0.13194239139556885,-0.027327322821577127,0.2605830132961273,-0.12881308794021606,-0.013862544159849222,0.22225669026374817,-0.13057619333267212,-0.006841866254319484,0.23660317063331604,-0.045477986335754395,-0.03684696504052454,0.2978670299053192,-0.05302053689956665,-0.02053592302974039,0.2613506615161896,-0.062206804752349854,-0.004703226919730241,0.22293326258659363,-0.061705052852630615,-0.002270240524296696,0.22121521830558777,0.04100072383880615,-0.035073656077940996,0.28587427735328674,0.026937127113342285,-0.018643337722380693,0.256038635969162,0.016836345195770264,0.0008127051275437225,0.21504268050193787,0.016706347465515137,0.004316690423081582,0.20008590817451477,0.11198240518569946,-0.032566736872752244,0.24710777401924133,0.08515936136245728,-0.02022441984291845,0.22180834412574768,0.0704764723777771,-0.0011503559783818673,0.19008412957191467,0.06973004341125488,0.009102711964885657,thumbs_up
0.0,0.0,0.0,0.05373451113700867,-0.1415407657623291,0.001122786791938779,0.12439027428627014,-0.24206852912902832,-0.011938327096459034,0.18667855858802795,-0.32338327169418335,-0.024674524657484653,0.2196011245250702,-0.3951152563095093,-0.03351782924687541,0.23844406008720398,-0.14025753736495972,-0.030311319150087,0.3112381398677826,-0.11935633420944214,-0.02355928636347926,0.2719903886318207,-0.11653321981430054,-0.010839787416216495,0.23249951004981995,-0.120330810546875,-0.0037141117379633215,0.2402685582637787,-0.03877347707748413,-0.03422805584227717,0.30417773127555847,-0.03902214765548706,-0.017202080331799152,0.2672354280948639,-0.04875171184539795,-0.0008795973724318173,0.22770580649375916,-0.05062258243560791,0.0022100728358509514,0.22273406386375427,0.048840105533599854,-0.03374965778743899,0.2864459455013275,0.03794819116592407,-0.015915229089614513,0.25612959265708923,0.02738732099533081,0.004129823658558962,0.21482989192008972,0.025598227977752686,0.007992618612888691,0.20009389519691467,0.12014323472976685,-0.03228744036709941,0.24777337908744812,0.09623891115188599,-0.018420838855263355,0.2210858166217804,0.08158236742019653,0.001711285452302036,0.18835267424583435,0.07965147495269775,0.012648251734617588,thumbs_up
0.0,0.0,0.0,0.05243682861328125,-0.13962781429290771,-0.0024988000868120253,0.12209397554397583,-0.2395603060722351,-0.01825798411204005,0.18411552906036377,-0.3217308521270752,-0.03355166610612059,0.2171766757965088,-0.39606353640556335,-0.04471412595643187,0.23685383796691895,-0.14077085256576538,-0.03175542053116942,0.30858534574508667,-0.12016624212265015,-0.028565331514016634,0.2697715163230896,-0.11758178472518921,-0.019139957766071802,0.23138517141342163,-0.12119287252426147,-0.01422303743942166,0.23895323276519775,-0.04072296619415283,-0.03525344576968337,0.30367153882980347,-0.04012584686279297,-0.020851715619699007,0.26776355504989624,-0.050484657287597656,-0.006063086132542139,0.22913414239883423,-0.052707016468048096,-0.0038482939480104505,0.2218450903892517,0.045533716678619385,-0.03515360798968459,0.28934377431869507,0.03926658630371094,-0.01993971985115195,0.2595129609107971,0.02750486135482788,-0.00023864747248580898,0.21776795387268066,0.023662090301513672,0.003847400273173207,0.19870132207870483,0.116668701171875,-0.034587367589608675,0.24624377489089966,0.09694653749465942,-0.02230904545916701,0.21989065408706665,0.0815233588218689,-0.0027219298416980564,0.18713724613189697,0.07770270109176636,0.008097216335102075,thumbs_up
0.0,0.0,0.0,0.05356639623641968,-0.13529717922210693,-0.0014188941459565285,0.1255558729171753,-0.23344707489013672,-0.01553053279718597,0.1899256706237793,-0.3135152757167816,-0.029341509205607963,0.22420454025268555,-0.3857347071170807,-0.03897825965037782,0.24049633741378784,-0.13583588600158691,-0.028184963030128074,0.30801665782928467,-0.11321818828582764,-0.022485265148191047,0.269619882106781,-0.10911476612091064,-0.011590521422533584,0.2334877848625183,-0.11360061168670654,-0.006024689984826637,0.2411232590675354,-0.03666126728057861,-0.03188874536505182,0.304465115070343,-0.031800806522369385,-0.016571303469447685,0.269134521484375,-0.039486467838287354,-0.0018285388251229051,0.23071932792663574,-0.04286879301071167,0.0008180933763810572,0.22311466932296753,0.04904705286026001,-0.031805868831781936,0.2869940400123596,0.04568904638290405,-0.015488659602908683,0.2583746910095215,0.035923123359680176,0.0038345131433175084,0.2177419662475586,0.03150784969329834,0.00799622143307488,0.199445903301239,0.11996275186538696,-0.031216472027210784,0.24640566110610962,0.10305625200271606,-0.017344155920056892,0.22210919857025146,0.08774948120117188,0.0024743176872448203,0.19050729274749756,0.08272808790206909,0.013436891498656678,thumbs_up
0.0,0.0,0.0,0.05404549837112427,-0.13883334398269653,-0.0037903438945932066,0.1250120997428894,-0.2362479567527771,-0.019069381772510496,0.18873846530914307,-0.31356745958328247,-0.033709198950759856,0.22251206636428833,-0.3859376013278961,-0.044129063158266035,0.2373197078704834,-0.13256841897964478,-0.02907412756883332,0.305117666721344,-0.10902059078216553,-0.025868265672556845,0.26740771532058716,-0.1080675721168518,-0.01659081388913819,0.2298187017440796,-0.11498290300369263,-0.011621276630989996,0.23812127113342285,-0.03235286474227905,-0.03257532116674611,0.30172818899154663,-0.029303014278411865,-0.02055255208813378,0.26557445526123047,-0.039881110191345215,-0.007913324764899698,0.22571837902069092,-0.043776750564575195,-0.00579959132426211,0.22091072797775269,0.05397874116897583,-0.032733824818365065,0.2853502631187439,0.05006206035614014,-0.019413211165897337,0.255959689617157,0.03860872983932495,-0.0015974649153349674,0.2148253321647644,0.034186601638793945,0.0024208712699191892,0.19803214073181152,0.1255648136138916,-0.03252149817251393,0.24560880661010742,0.10731285810470581,-0.02181520198189446,0.22088861465454102,0.09242385625839233,-0.0032183001907242215,0.18944692611694336,0.0889706015586853,0.007663279057510408,thumbs_up
0.0,0.0,0.0,0.05614912509918213,-0.1346038579940796,-0.0019803231646733366,0.13113951683044434,-0.2322138547897339,-0.015541633178429493,0.19868558645248413,-0.31270086765289307,-0.028582335037128814,0.23396313190460205,-0.38570544123649597,-0.037243200984732994,0.24302184581756592,-0.13493382930755615,-0.027602648881213554,0.31330931186676025,-0.10868269205093384,-0.021388073039190658,0.27506864070892334,-0.10439503192901611,-0.010250053887205013,0.23931735754013062,-0.10942578315734863,-0.004787760374085792,0.2438901662826538,-0.03551077842712402,-0.030881468725340255,0.3090541362762451,-0.029186010360717773,-0.015291848738627323,0.2739330530166626,-0.03707653284072876,-0.000755665818644502,0.23606401681900024,-0.04204827547073364,0.001841736671565286,0.2258450984954834,0.0506017804145813,-0.030427368876473793,0.2919198274612427,0.047972798347473145,-0.01422623503668774,0.263544499874115,0.037811279296875,0.0046827508537603535,0.22329819202423096,0.03139221668243408,0.008702339085800759,0.20161134004592896,0.12127196788787842,-0.029472796765105613,0.24798405170440674,0.10375267267227173,-0.0156540615083145,0.22433531284332275,0.08821690082550049,0.003691952389715425,0.19391202926635742,0.08239579200744629,0.014375718723101727,thumbs_up
0.0,0.0,0.0,0.055468618869781494,-0.13495713472366333,-0.004308278282508127,0.13014143705368042,-0.22998109459877014,-0.018901330028995744,0.1962660551071167,-0.308319628238678,-0.03275378288827824,0.22927123308181763,-0.3834391236305237,-0.04238178076349186,0.24335002899169922,-0.12853193283081055,-0.02556536400817322,0.3107568025588989,-0.09904104471206665,-0.021468226407989732,0.2725299000740051,-0.09613555669784546,-0.012923418154343835,0.23643159866333008,-0.10360002517700195,-0.008841363323256246,0.2423614263534546,-0.028881728649139404,-0.02813823389016079,0.3062201142311096,-0.019280552864074707,-0.014852418174370996,0.2692493796348572,-0.02943819761276245,-0.002010846819132439,0.22976571321487427,-0.03610605001449585,0.0003872133208346895,0.22303438186645508,0.05720043182373047,-0.027637025882825128,0.2872358560562134,0.057228147983551025,-0.013361126725897066,0.2577614188194275,0.04623943567276001,0.0046381781982631765,0.21719706058502197,0.039243996143341064,0.008934490772560366,0.19804173707962036,0.1290530562400818,-0.026842857321128122,0.24546629190444946,0.11267471313476562,-0.015021079761311285,0.22040772438049316,0.09831708669662476,0.0041921128692479215,0.18924230337142944,0.09296107292175293,0.01550637038297964,thumbs_up
0.0,0.0,0.0,0.05719351768493652,-0.1370064616203308,-0.0018904708046534324,0.13249874114990234,-0.23057493567466736,-0.015282079642645385,0.19952988624572754,-0.3069791793823242,-0.028384407116107013,0.23473137617111206,-0.37969502806663513,-0.03734386625700381,0.2450506091117859,-0.12617892026901245,-0.024406024320057895,0.31609123945236206,-0.09826481342315674,-0.019560418156913784,0.2783210873603821,-0.09630578756332397,-0.009998281551531818,0.24135011434555054,-0.10446256399154663,-0.0048693833593347335,0.2434748411178589,-0.025841712951660156,-0.027640477819375064,0.3088076710700989,-0.017324507236480713,-0.013214996149770286,0.2727646231651306,-0.028361499309539795,0.00041631625964555496,0.23366516828536987,-0.0355762243270874,0.003142993366338942,0.22376883029937744,0.05927389860153198,-0.02749427135103133,0.2886103391647339,0.060108304023742676,-0.012247537327937152,0.25998514890670776,0.04713141918182373,0.005906764352687333,0.2193448543548584,0.03937739133834839,0.010081098349758122,0.19942200183868408,0.12932193279266357,-0.026841516671709087,0.246698796749115,0.11346405744552612,-0.01394841360860255,0.22212767601013184,0.09671926498413086,0.005419671004631255,0.1908608078956604,0.0910901427268982,0.016649710880585644,thumbs_up
0.0,0.0,0.0,0.05682945251464844,-0.1350659728050232,-0.003368173939350072,0.13434475660324097,-0.23112526535987854,-0.01672886216937286,0.20181721448898315,-0.3066065311431885,-0.029944241958844486,0.2387479543685913,-0.37706443667411804,-0.03879520760773403,0.24377048015594482,-0.1257196068763733,-0.024048716741788212,0.31616276502609253,-0.09327095746994019,-0.02166370393632633,0.27850407361984253,-0.09099936485290527,-0.014252982082950894,0.2411649227142334,-0.10104900598526001,-0.010285411941993061,0.24075275659561157,-0.02644866704940796,-0.028099528494465176,0.30813276767730713,-0.013787627220153809,-0.014982840958225552,0.273166298866272,-0.023596584796905518,-0.0024638664714871084,0.23417997360229492,-0.03254979848861694,-0.00027891886810493816,0.22089940309524536,0.05902582406997681,-0.029504348504531208,0.2882986068725586,0.06177866458892822,-0.01586018035112602,0.25938481092453003,0.05056297779083252,0.0017712725287424291,0.21871745586395264,0.04200899600982666,0.006030525565904554,0.19597077369689941,0.12982940673828125,-0.030696448850619618,0.2457212209701538,0.11534202098846436,-0.019107158276426617,0.22216010093688965,0.09919053316116333,-0.00010268739669072602,0.19078975915908813,0.09264951944351196,0.01109945217223185,thumbs_up
0.0,0.0,0.0,0.05812528729438782,-0.13769769668579102,-0.0025426643998684995,0.13574275374412537,-0.23243564367294312,-0.015541602494693052,0.2030564248561859,-0.3069257140159607,-0.028208932476616155,0.2392042577266693,-0.3777196407318115,-0.036617396967983495,0.2447570264339447,-0.12460082769393921,-0.024704214754081022,0.3171555697917938,-0.09325391054153442,-0.021481918739652883,0.2783872187137604,-0.09162813425064087,-0.013167226324355852,0.2401280701160431,-0.1019546389579773,-0.008621288100755464,0.24168476462364197,-0.02443408966064453,-0.028487302931523573,0.30828484892845154,-0.013561248779296875,-0.01520275288311268,0.27215078473091125,-0.02411895990371704,-0.002318554893633973,0.2327319085597992,-0.03313487768173218,3.376608475491594e-05,0.22145715355873108,0.06121283769607544,-0.029264277415848028,0.28846970200538635,0.06327688694000244,-0.015368182780719053,0.2592117488384247,0.05153298377990723,0.002526574199521292,0.21848437190055847,0.042668700218200684,0.006806166273975123,0.196507066488266,0.13149070739746094,-0.029619308757162344,0.24613389372825623,0.11640489101409912,-0.018032633336758863,0.22178950905799866,0.10028916597366333,0.001112821641811479,0.19050773978233337,0.09391391277313232,0.012335994643592585,thumbs_up
0.0,0.0,0.0,0.05972510576248169,-0.1357959508895874,-0.002406783183630523,0.1402137279510498,-0.22992515563964844,-0.015791738187488136,0.20783817768096924,-0.3049156665802002,-0.029258521055396614,0.2435205578804016,-0.37768012285232544,-0.03860003106814247,0.24609655141830444,-0.12072765827178955,-0.02412249312322956,0.3215804100036621,-0.08624094724655151,-0.023547595148500022,0.28311866521835327,-0.087077796459198,-0.01807035297673565,0.24545371532440186,-0.09808707237243652,-0.015257936684008655,0.24110573530197144,-0.02142775058746338,-0.028769211625274238,0.3116949200630188,-0.00637972354888916,-0.01682516165595871,0.2771843671798706,-0.018928825855255127,-0.004918373902853546,0.2388494610786438,-0.028483092784881592,-0.0030233115102760166,0.21974855661392212,0.06326311826705933,-0.030686864411052284,0.2899962067604065,0.06680965423583984,-0.017258766820248184,0.2612028121948242,0.054168105125427246,0.0009237260529175728,0.22111916542053223,0.045295894145965576,0.005549472509358111,0.19408518075942993,0.133217453956604,-0.032334692557867584,0.2448076605796814,0.11852985620498657,-0.020287830164249954,0.22087877988815308,0.10153204202651978,-0.0004129244916271091,0.19028371572494507,0.0952303409576416,0.011289869653467122,thumbs_up
0.0,0.0,0.0,0.06007698178291321,-0.13633078336715698,-0.003213778071994966,0.14027783274650574,-0.22960323095321655,-0.01712274242095191,0.20800301432609558,-0.30398792028427124,-0.030844759828369206,0.24374523758888245,-0.3767769932746887,-0.04034275811068255,0.247429758310318,-0.11916714906692505,-0.02456106122485835,0.32090768218040466,-0.08449888229370117,-0.02353876706115443,0.28201422095298767,-0.08487647771835327,-0.017685529476921147,0.2448008954524994,-0.09598779678344727,-0.014744554347316807,0.2418939769268036,-0.019315898418426514,-0.028673023617784565,0.3117808997631073,-0.004119515419006348,-0.017091291657607144,0.2764231264591217,-0.016854286193847656,-0.005138649306218213,0.2377566397190094,-0.02702784538269043,-0.0030045499363495765,0.2198326289653778,0.06534284353256226,-0.030050215012352055,0.28956714272499084,0.07030302286148071,-0.017082743979017323,0.26047512888908386,0.05747175216674805,0.000982635720674807,0.22015395760536194,0.04763132333755493,0.005755623170216495,0.19352075457572937,0.1350555419921875,-0.031190405300776547,0.24435380101203918,0.12198752164840698,-0.01959158543400008,0.21986761689186096,0.10509729385375977,6.414228187168192e-05,0.18887844681739807,0.09791308641433716,0.011749805250246936,thumbs_up
0.0,0.0,0.0,0.06217312812805176,-0.13531816005706787,-0.00351249644870677,0.1452750563621521,-0.2277103066444397,-0.016745800239618802,0.21337461471557617,-0.30323636531829834,-0.02965396465140202,0.2517383098602295,-0.37437903881073,-0.03816340872424462,0.25088781118392944,-0.11793351173400879,-0.024016797629769826,0.32820820808410645,-0.08249765634536743,-0.02314149410801747,0.28973519802093506,-0.08435875177383423,-0.017241710884150052,0.2520252466201782,-0.09580320119857788,-0.01394475260156014,0.24458473920822144,-0.016325056552886963,-0.027866086078461194,0.31744396686553955,-0.0002588629722595215,-0.01629811720329144,0.2830314636230469,-0.013616025447845459,-0.004647311841722512,0.24537110328674316,-0.02436232566833496,-0.002185646997418189,0.22209244966506958,0.06864339113235474,-0.029073245910581136,0.29460346698760986,0.07161003351211548,-0.016444984910663152,0.26656949520111084,0.05844312906265259,0.0009685703263357937,0.22728556394577026,0.0485725998878479,0.005825398402635074,0.1953495740890503,0.13734740018844604,-0.029942531225856328,0.24769234657287598,0.11961603164672852,-0.018516393465574765,0.22524958848953247,0.10198605060577393,0.0007670571504831969,0.195257306098938,0.09528398513793945,0.012571872124794936,thumbs_up
0.0,0.0,0.0,0.06393954157829285,-0.13329088687896729,-0.005289672747949226,0.14916309714317322,-0.22653436660766602,-0.017987332180837257,0.21883580088615417,-0.2996547818183899,-0.030572173059681518,0.2587243616580963,-0.367784321308136,-0.03888112759659634,0.25378283858299255,-0.1057882308959961,-0.019858649805883033,0.32823655009269714,-0.07635176181793213,-0.02196729822526322,0.2905829846858978,-0.08169716596603394,-0.020092935175398452,0.25288090109825134,-0.09156310558319092,-0.019148475364545448,0.24570634961128235,-0.004539012908935547,-0.023215045095184905,0.31900784373283386,0.0064588189125061035,-0.01564338325033532,0.2863576114177704,-0.009496867656707764,-0.007601755079576833,0.24866923689842224,-0.01877659559249878,-0.006611031354168517,0.22262808680534363,0.07895654439926147,-0.024718376681903464,0.2948295772075653,0.07849615812301636,-0.015623837583461864,0.26827797293663025,0.06297743320465088,-7.550236978204339e-05,0.22933009266853333,0.05401688814163208,0.004975164435109036,0.19530001282691956,0.14602059125900269,-0.026110309050181968,0.2510254681110382,0.1279112696647644,-0.01651434308359967,0.23051312565803528,0.10928100347518921,0.002106877635469573,0.20074120163917542,0.10293042659759521,0.014075892172058957,thumbs_up
0.0,0.0,0.0,0.06455984711647034,-0.13419246673583984,-0.0036759707377314044,0.14903303980827332,-0.22591114044189453,-0.01710192838208968,0.21950647234916687,-0.2990405857563019,-0.030265554576089926,0.26035240292549133,-0.3678135573863983,-0.03919180834191138,0.2511390745639801,-0.10355591773986816,-0.02303053231435115,0.3276960551738739,-0.07670921087265015,-0.022331924899390287,0.29224100708961487,-0.08400028944015503,-0.016954157291820593,0.2547297179698944,-0.0934339165687561,-0.014018727256825514,0.24417594075202942,-0.001492142677307129,-0.025932526006272383,0.3183732330799103,0.002151012420654297,-0.01580054850774104,0.28566911816596985,-0.017368435859680176,-0.004976406018158741,0.24792137742042542,-0.02571207284927368,-0.0031223464989125205,0.22136321663856506,0.08149075508117676,-0.026254581077864714,0.29676684737205505,0.07829225063323975,-0.014402778609564848,0.27078911662101746,0.05910158157348633,0.003056408115753584,0.2316260039806366,0.04910683631896973,0.00805823525888627,0.19485530257225037,0.1471584439277649,-0.0262056903679877,0.25046560168266296,0.12769991159439087,-0.014349761209359713,0.23050770163536072,0.10705548524856567,0.005049402569511585,0.20159956812858582,0.09999549388885498,0.016712760762402468,thumbs_up
0.0,0.0,0.0,0.06975764036178589,-0.13119256496429443,-0.005390645150782802,0.15717101097106934,-0.22461581230163574,-0.01747752275014136,0.22686904668807983,-0.29686057567596436,-0.029277934838773945,0.26715052127838135,-0.36087504029273987,-0.0369143422290108,0.25559717416763306,-0.09720128774642944,-0.02034908268296931,0.3304414749145508,-0.07051509618759155,-0.023043389578106144,0.29095983505249023,-0.07838910818099976,-0.02198327440464709,0.2520209550857544,-0.08895033597946167,-0.021433611546399334,0.2456759214401245,0.0022287368774414062,-0.023645403940918186,0.31939417123794556,0.01212310791015625,-0.01674224916541789,0.28582775592803955,-0.006165564060211182,-0.009406762343587616,0.2469828724861145,-0.01683831214904785,-0.008657893311919906,0.22151964902877808,0.08434414863586426,-0.025137013901712635,0.2941799759864807,0.08495771884918213,-0.01607955168628905,0.2668401002883911,0.06734347343444824,-0.0011891369072145608,0.22763961553573608,0.05737024545669556,0.0034688583978095267,0.19295281171798706,0.1508728265762329,-0.026520696614625194,0.25124168395996094,0.13549596071243286,-0.017245310504677036,0.23023444414138794,0.11565655469894409,0.0010942384537884209,0.19980424642562866,0.1090383529663086,0.01296466574376609,thumbs_up
0.0,0.0,0.0,0.0675903856754303,-0.1340162754058838,-0.00466614650036945,0.15429821610450745,-0.22346234321594238,-0.017438296838065526,0.22674784064292908,-0.2938843071460724,-0.02947979481365337,0.2694419324398041,-0.35967400670051575,-0.03704234459843292,0.25440171360969543,-0.09461838006973267,-0.023939557982942006,0.3317597806453705,-0.06399267911911011,-0.022573395310303113,0.2924617826938629,-0.07598692178726196,-0.016834868727585217,0.2535845935344696,-0.08825480937957764,-0.013853545910080811,0.24472394585609436,0.00949561595916748,-0.02617297568764343,0.32061925530433655,0.015616893768310547,-0.015697677297850987,0.2875992953777313,-0.008486270904541016,-0.004850595401933333,0.24965998530387878,-0.01976996660232544,-0.0029113580513353554,0.2198212444782257,0.0915675163269043,-0.025773013620039364,0.2964331805706024,0.09021902084350586,-0.013579152202567002,0.2703537046909332,0.0674620270729065,0.003732860177422026,0.23146435618400574,0.055545151233673096,0.008618058958688835,0.19177094101905823,0.1550557017326355,-0.025042499093672177,0.24704387784004211,0.1353887915611267,-0.01350477491911306,0.2270289957523346,0.1125444769859314,0.005457214867362836,0.19829371571540833,0.10539287328720093,0.016873651506045917,thumbs_up
0.0,0.0,0.0,0.06996333599090576,-0.12841910123825073,-0.004171326685479926,0.15447896718978882,-0.21314072608947754,-0.01859412614606981,0.22873491048812866,-0.2824581265449524,-0.03196780283354883,0.27332043647766113,-0.3472694158554077,-0.04074691135787134,0.2521889805793762,-0.09182983636856079,-0.030244027193418788,0.32909250259399414,-0.06156909465789795,-0.028066632266870783,0.2883847951889038,-0.07321321964263916,-0.018600801866284655,0.24724256992340088,-0.08690446615219116,-0.012637890804342078,0.24323785305023193,0.011099636554718018,-0.032253133993378924,0.3176226019859314,0.018916606903076172,-0.02195825327538614,0.2842828631401062,-0.0034415721893310547,-0.009318014535836028,0.24518215656280518,-0.013582229614257812,-0.006461408383927392,0.21830350160598755,0.09314548969268799,-0.030785594995847987,0.29565680027008057,0.09496289491653442,-0.018291196714869784,0.2693150043487549,0.07365894317626953,0.00010874152036421947,0.22912633419036865,0.062085747718811035,0.005082520261623813,0.1905626654624939,0.15799373388290405,-0.028736735623112963,0.24748897552490234,0.14121663570404053,-0.017380625869861888,0.22620677947998047,0.11857819557189941,0.001365492889874531,0.19674944877624512,0.11154687404632568,0.012313487079211427,thumbs_up
0.0,0.0,0.0,0.06881123781204224,-0.12784922122955322,-0.00634644059493894,0.15119260549545288,-0.21343541145324707,-0.02225093329354877,0.22364413738250732,-0.2841772437095642,-0.036279054079500384,0.26914072036743164,-0.34972941875457764,-0.04548676470324153,0.2509837746620178,-0.0941934585571289,-0.034065192286220736,0.3267398476600647,-0.06351667642593384,-0.028986928705421633,0.28837502002716064,-0.07253527641296387,-0.01710518049105758,0.25095778703689575,-0.0850648283958435,-0.010213508922902292,0.2422884702682495,0.010497808456420898,-0.034303327743259615,0.3171882629394531,0.017587482929229736,-0.021761430148330874,0.2834414839744568,-0.004467427730560303,-0.007820095587817377,0.24469250440597534,-0.0163118839263916,-0.00430155191600079,0.21638119220733643,0.0929918885231018,-0.030677597690669245,0.2915611267089844,0.09509962797164917,-0.015906771365848726,0.2666429281234741,0.07368350028991699,0.0023228091184819277,0.22773855924606323,0.0601726770401001,0.006761268060358816,0.18774259090423584,0.15704834461212158,-0.026465933490840143,0.2414567470550537,0.13958734273910522,-0.013175207842436976,0.22261399030685425,0.11630749702453613,0.005682510602923685,0.1948939561843872,0.10694462060928345,0.01642477354005223,thumbs_up
0.0,0.0,0.0,0.06927424669265747,-0.12447309494018555,-0.004435727788347776,0.15134716033935547,-0.2143957018852234,-0.02182993054969984,0.2212699055671692,-0.2876601219177246,-0.03932454385443407,0.26329511404037476,-0.3572826683521271,-0.05251788668914514,0.2425958514213562,-0.10178250074386597,-0.029615265732843454,0.32188838720321655,-0.06683146953582764,-0.03750844993277269,0.2855808138847351,-0.07398706674575806,-0.03785185091777521,0.24625712633132935,-0.0868607759475708,-0.0374379413632937,0.23557472229003906,-0.002636730670928955,-0.034829422315795,0.31250596046447754,0.010833203792572021,-0.030172338193494852,0.28157860040664673,-0.0053675174713134766,-0.022051674729425486,0.24402493238449097,-0.014262378215789795,-0.02184366383238512,0.21403145790100098,0.07987970113754272,-0.03781614773555475,0.28855282068252563,0.08627784252166748,-0.028670383101541574,0.2624931335449219,0.06883394718170166,-0.011323623774785574,0.22388112545013428,0.057959020137786865,-0.006448778739411409,0.18860918283462524,0.14773911237716675,-0.040773458263117845,0.24243319034576416,0.13634401559829712,-0.029843402510721262,0.22051507234573364,0.11628347635269165,-0.010406068941790636,0.19093585014343262,0.10924065113067627,0.0011462646571658297,thumbs_up
0.0,0.0,0.0,0.06583729386329651,-0.12831443548202515,-0.007092662798129368,0.14556285738945007,-0.21615278720855713,-0.024985944563411522,0.2157309353351593,-0.28952938318252563,-0.041816478306316185,0.25908079743385315,-0.3575992286205292,-0.054278889382146644,0.2409726083278656,-0.10232645273208618,-0.03256730892684345,0.31890562176704407,-0.07289367914199829,-0.036748585933708,0.28252550959587097,-0.07935672998428345,-0.03406186931755428,0.2440379559993744,-0.09206932783126831,-0.03215276234772091,0.23419949412345886,-0.0034071803092956543,-0.034899523192905235,0.3080182373523712,0.007392704486846924,-0.0280134153458107,0.27619031071662903,-0.010348856449127197,-0.018630742737911987,0.23840144276618958,-0.02104872465133667,-0.017792338216565895,0.21170833706855774,0.07921791076660156,-0.034511899286769676,0.28623661398887634,0.08293318748474121,-0.02425595157768612,0.2610972821712494,0.06585866212844849,-0.006852701483182955,0.22203108668327332,0.05485987663269043,-0.0020639791059124946,0.18612244725227356,0.14661157131195068,-0.03395119094278698,0.24141666293144226,0.1304263472557068,-0.02337440260674839,0.2196258008480072,0.11185693740844727,-0.0038171118962395667,0.18977060914039612,0.10604983568191528,0.00805958854977007,thumbs_up
0.0,0.0,0.0,0.06854236125946045,-0.12163197994232178,-0.007569953384404471,0.15121519565582275,-0.21124941110610962,-0.024771186108296206,0.22075515985488892,-0.2826343774795532,-0.04196560248226433,0.2651544213294983,-0.3473905920982361,-0.0546304756352356,0.24340969324111938,-0.10342943668365479,-0.027398683647220423,0.3229658007621765,-0.06600189208984375,-0.03961684792727738,0.2850208282470703,-0.0700644850730896,-0.04442711784929543,0.2455245852470398,-0.08306878805160522,-0.04672966762871056,0.2362232804298401,-0.004639387130737305,-0.03319586306304245,0.3130006790161133,0.011999726295471191,-0.03229638054460793,0.2798283100128174,-0.0010434985160827637,-0.026469518015687754,0.2421962022781372,-0.010862112045288086,-0.027106164539759448,0.2163209319114685,0.07871580123901367,-0.038099231714909365,0.2927893400192261,0.08801209926605225,-0.03390930830926209,0.2641812562942505,0.07283890247344971,-0.01713422551245003,0.22475159168243408,0.06161618232727051,-0.011209056297843745,0.19152367115020752,0.14815443754196167,-0.04336535050958901,0.24883168935775757,0.13665485382080078,-0.03672841801733284,0.22511106729507446,0.11928308010101318,-0.01766482233495026,0.19454222917556763,0.11302340030670166,-0.005362124698763182,thumbs_up
0.0,0.0,0.0,0.06808224320411682,-0.12286365032196045,-0.009710784883907309,0.14933869242668152,-0.21042722463607788,-0.028601849334052076,0.21933332085609436,-0.2819086015224457,-0.046451048807909956,0.2625397741794586,-0.3490225672721863,-0.05974299635153102,0.24142470955848694,-0.10527926683425903,-0.03267445962291049,0.31964126229286194,-0.06904435157775879,-0.04276749666195201,0.28376027941703796,-0.07265448570251465,-0.04519020940523433,0.245027095079422,-0.0849752426147461,-0.04605748306374835,0.23284611105918884,-0.0065152645111083984,-0.03626670117836284,0.3082824647426605,0.010701358318328857,-0.033848455058148375,0.27623799443244934,-0.002508819103240967,-0.026827612774184217,0.2391205132007599,-0.012897133827209473,-0.026849254848173132,0.21074900031089783,0.07712221145629883,-0.03832705865960406,0.2860356271266937,0.08551430702209473,-0.032555376993229856,0.2590591609477997,0.0706871747970581,-0.015097294816484919,0.22084596753120422,0.05949980020523071,-0.009045436860731115,0.18460199236869812,0.14680540561676025,-0.0406533273623495,0.244838148355484,0.13707208633422852,-0.032770575837901106,0.2216205894947052,0.12079578638076782,-0.012547706136217585,0.19115689396858215,0.11439204216003418,0.0004849945265164024,thumbs_up
0.0,0.0,0.0,0.06618857383728027,-0.12344706058502197,-0.007476141733889108,0.14908993244171143,-0.21113038063049316,-0.023809209057901626,0.21958565711975098,-0.2834908962249756,-0.0388455964269383,0.26219576597213745,-0.3511521816253662,-0.049183899128649955,0.24199950695037842,-0.10174936056137085,-0.031214713642214065,0.32150572538375854,-0.06858497858047485,-0.03355317335746122,0.28398239612579346,-0.07443064451217651,-0.028376508096073394,0.24508029222488403,-0.08671355247497559,-0.024815231153581863,0.234316885471344,-0.0017246007919311523,-0.033635237777446036,0.31254875659942627,0.013653576374053955,-0.027099968457434898,0.2791202664375305,-0.0037639737129211426,-0.01688592467627359,0.23985189199447632,-0.015577316284179688,-0.014417238125417953,0.21226787567138672,0.08094239234924316,-0.03338937234303785,0.29120033979415894,0.08703124523162842,-0.023770151251767402,0.26424628496170044,0.06956028938293457,-0.005723147244964366,0.224798321723938,0.05806845426559448,0.00030546568513045713,0.186492919921875,0.14793944358825684,-0.0329125985147698,0.24884718656539917,0.1347140073776245,-0.023066667431805854,0.22689998149871826,0.1157158613204956,-0.0030839422827853014,0.19672387838363647,0.1089124083518982,0.009524824505831475,thumbs_up
0.0,0.0,0.0,0.06445735692977905,-0.12367701530456543,-0.007522796101454787,0.14724886417388916,-0.2135983109474182,-0.02393799396935492,0.21721142530441284,-0.2875296473503113,-0.039771179955039315,0.26136213541030884,-0.35348275303840637,-0.051005593787465386,0.24182122945785522,-0.10305482149124146,-0.02733077789429217,0.32027626037597656,-0.07291728258132935,-0.03290163288596659,0.2835118770599365,-0.07514852285385132,-0.031103444572124772,0.2448844313621521,-0.08533424139022827,-0.02938468131009131,0.23462748527526855,-0.00513845682144165,-0.030831226434145265,0.31150782108306885,0.011131048202514648,-0.026777054469619088,0.2775314450263977,-0.002832949161529541,-0.018657668780122094,0.23835915327072144,-0.012404203414916992,-0.017073679070506387,0.21347999572753906,0.07765895128250122,-0.032461933146748834,0.2896042466163635,0.08579707145690918,-0.025055191766057305,0.2617277503013611,0.07134979963302612,-0.008276064235303693,0.22267818450927734,0.061268150806427,-0.0024965224392303753,0.18804150819778442,0.14662396907806396,-0.03409758890751391,0.24724328517913818,0.13677650690078735,-0.02547496865275889,0.22450143098831177,0.12011438608169556,-0.006195816963497691,0.194893479347229,0.11480307579040527,0.0062571020726522875,thumbs_up
0.0,0.0,0.0,0.06673380732536316,-0.1236146092414856,-0.006954274325096321,0.14926621317863464,-0.2120826244354248,-0.022510172052705002,0.21850332617759705,-0.2876291871070862,-0.0368425410226223,0.2609425485134125,-0.35562634468078613,-0.046383750809752655,0.24453142285346985,-0.10017549991607666,-0.029512589050852966,0.32120850682258606,-0.07341748476028442,-0.028676702825748634,0.2851884067058563,-0.07672393321990967,-0.020327569170319748,0.24733659625053406,-0.08755511045455933,-0.014795409700298023,0.2370862066745758,-0.001608431339263916,-0.03129946179541321,0.31319043040275574,0.012409806251525879,-0.023603123797499848,0.28054317831993103,-0.004156708717346191,-0.013081073945784283,0.2414742410182953,-0.016045331954956055,-0.01010334137680502,0.21477553248405457,0.08065241575241089,-0.030015907435142708,0.2910090982913971,0.08690738677978516,-0.019196420161449623,0.2652760446071625,0.0696064829826355,-0.0018896301727977516,0.22644290328025818,0.057709693908691406,0.003758378840586829,0.18847987055778503,0.14788615703582764,-0.028371547533595276,0.24937841296195984,0.13668256998062134,-0.017253439126932335,0.22946587204933167,0.11728906631469727,0.002521050210646081,0.20073559880256653,0.10998338460922241,0.015040390008664417,thumbs_up
0.0,0.0,0.0,0.06426548957824707,-0.12795346975326538,-0.005866606531071739,0.1455133557319641,-0.21821105480194092,-0.022208827824670152,0.21569305658340454,-0.29348471760749817,-0.03802306139596112,0.25882428884506226,-0.3622880280017853,-0.049602127910929994,0.24181920289993286,-0.10608214139938354,-0.02737419986851819,0.3202604651451111,-0.08080744743347168,-0.03186091342695363,0.2834322452545166,-0.08605349063873291,-0.029668358431536035,0.24505889415740967,-0.09611696004867554,-0.02756132492550023,0.23547369241714478,-0.006425440311431885,-0.02991577917464383,0.3118298053741455,0.004206240177154541,-0.024384673030453996,0.2782352566719055,-0.012336313724517822,-0.015790588499385194,0.24025309085845947,-0.020622193813323975,-0.014062437505799608,0.21402883529663086,0.07658851146697998,-0.02988693238921769,0.2906010150909424,0.08068042993545532,-0.0206858565074981,0.2647859454154968,0.06319969892501831,-0.0033851424673230213,0.22687506675720215,0.05281597375869751,0.002625665816140099,0.18922561407089233,0.1442321538925171,-0.02948880130179532,0.2508121728897095,0.13187581300735474,-0.018104759321886377,0.22918415069580078,0.11242407560348511,0.003027823011052533,0.19987505674362183,0.10612648725509644,0.016654296501201316,thumbs_up
0.0,0.0,0.0,0.06062626838684082,-0.13026589155197144,-0.007134743790913944,0.14076966047286987,-0.2256775200366974,-0.024794088966984873,0.20913684368133545,-0.30226606130599976,-0.04198333463801873,0.2533648610115051,-0.36974674463272095,-0.055185204662222986,0.23447096347808838,-0.11317050457000732,-0.031182118050594454,0.31880468130111694,-0.10048878192901611,-0.04161068267359269,0.282940149307251,-0.10847830772399902,-0.044838177330632334,0.2416437268257141,-0.11286938190460205,-0.04566277033819688,0.23244792222976685,-0.01620572805404663,-0.034186935342688685,0.31229859590530396,-0.021316051483154297,-0.0330892338527633,0.27969247102737427,-0.03888505697250366,-0.026668075762529497,0.24144113063812256,-0.04199063777923584,-0.02621042757465375,0.2155909538269043,0.06511813402175903,-0.03530451125635636,0.29623937606811523,0.05578333139419556,-0.029545881144542818,0.270934522151947,0.038726806640625,-0.012880066700120096,0.2335764765739441,0.03340333700180054,-0.006779075424958592,0.19457441568374634,0.1324198842048645,-0.036268232680697565,0.2596190571784973,0.11199980974197388,-0.02658431447281373,0.2388324737548828,0.09350699186325073,-0.006128677923072701,0.20905637741088867,0.08975613117218018,0.00709436851383316,thumbs_up
0.0,0.0,0.0,0.06012967228889465,-0.12888330221176147,-0.007807639601310257,0.14106479287147522,-0.22500944137573242,-0.02447435323767877,0.20798781514167786,-0.3017200231552124,-0.04052700352542615,0.24935701489448547,-0.3706115484237671,-0.05231488373749471,0.2359483540058136,-0.1123703122138977,-0.0279898538129828,0.3194179832935333,-0.09388327598571777,-0.036497636406352285,0.28369662165641785,-0.10202759504318237,-0.03864358615749097,0.24363580346107483,-0.11022281646728516,-0.039002376316716436,0.23121359944343567,-0.015055060386657715,-0.03075263899438596,0.31332793831825256,-0.01115328073501587,-0.02916255284719682,0.281012624502182,-0.02886652946472168,-0.023156470327307943,0.24177172780036926,-0.037292420864105225,-0.022271330176522497,0.21242639422416687,0.06605488061904907,-0.031705359636475805,0.29452070593833923,0.062336087226867676,-0.025553109763791326,0.26950904726982117,0.04547947645187378,-0.00906952813886619,0.23153719305992126,0.03694629669189453,-0.0025089473339221513,0.189287930727005,0.13211435079574585,-0.03255361941330648,0.2560313045978546,0.1136237382888794,-0.023084669082095388,0.23636940121650696,0.09511661529541016,-0.002424995821570519,0.20692500472068787,0.08915185928344727,0.011318474368522402,thumbs_up
0.0,0.0,0.0,0.05392342805862427,-0.13381659984588623,-0.009038613113602878,0.129147469997406,-0.23826438188552856,-0.027843090641340495,0.1936556100845337,-0.3162798285484314,-0.04618014668210435,0.23113369941711426,-0.3850822448730469,-0.060782751935562374,0.22312825918197632,-0.12658202648162842,-0.03483215619905877,0.30647194385528564,-0.1361403465270996,-0.047622627514442684,0.26865261793136597,-0.13818395137786865,-0.05299699206932473,0.2266576886177063,-0.13168931007385254,-0.05535837908371377,0.22496157884597778,-0.034777700901031494,-0.03985264425261903,0.3083471655845642,-0.04952740669250488,-0.04378968377693582,0.2745947241783142,-0.0619773268699646,-0.0411632796107142,0.23327851295471191,-0.05903148651123047,-0.042040402936777355,0.21273618936538696,0.04585367441177368,-0.043196438747486354,0.2954701781272888,0.03046417236328125,-0.04044517030104089,0.2679767608642578,0.01644909381866455,-0.025824428471764804,0.22885698080062866,0.01636570692062378,-0.020398321497282268,0.19478541612625122,0.11557930707931519,-0.0469131795047133,0.26452356576919556,0.09738612174987793,-0.04015096177442956,0.24296420812606812,0.08013534545898438,-0.021606699499329807,0.210801362991333,0.07785511016845703,-0.009444959397455932,thumbs_up
0.0,0.0,0.0,0.05336481332778931,-0.13058608770370483,-0.008630495714214703,0.12747561931610107,-0.23555579781532288,-0.027408590736058613,0.19062447547912598,-0.31585508584976196,-0.04595885259118404,0.22945106029510498,-0.385855108499527,-0.060426278235581776,0.22223681211471558,-0.12961572408676147,-0.03400746938791599,0.30666184425354004,-0.13299232721328735,-0.04923936930504169,0.2694683074951172,-0.13617974519729614,-0.05600596052613582,0.22670620679855347,-0.13325893878936768,-0.05867465791311588,0.22427427768707275,-0.03895854949951172,-0.03922139314022388,0.3083360195159912,-0.04909712076187134,-0.04471991044488277,0.27511411905288696,-0.06202024221420288,-0.04168079626765575,0.2338407039642334,-0.060744643211364746,-0.04194448721614208,0.21258145570755005,0.04214984178543091,-0.04305249285903301,0.29697418212890625,0.029668211936950684,-0.041642347546485325,0.27076685428619385,0.016406595706939697,-0.025867812531259915,0.23169958591461182,0.015460968017578125,-0.01905312594976749,0.19490456581115723,0.11205393075942993,-0.04718946871366825,0.26548266410827637,0.09272676706314087,-0.041067091943887135,0.24471497535705566,0.0777430534362793,-0.021631946983006856,0.21302926540374756,0.07606089115142822,-0.008404053012100121,thumbs_up
0.0,0.0,0.0,0.04473459720611572,-0.13107407093048096,-0.005104649490647262,0.11224180459976196,-0.2468317449092865,-0.01912666219749326,0.16575229167938232,-0.3364657759666443,-0.033769642147206014,0.19028472900390625,-0.4105817675590515,-0.04527812186159963,0.21126514673233032,-0.14922857284545898,-0.02261888902165765,0.28321343660354614,-0.17105191946029663,-0.029103328618191426,0.25176775455474854,-0.16973483562469482,-0.030877976822637265,0.21568775177001953,-0.15813690423965454,-0.03200670066752309,0.2200809121131897,-0.06168729066848755,-0.028444002526782697,0.29463064670562744,-0.08658897876739502,-0.027195443543575948,0.2661176323890686,-0.09325683116912842,-0.023771253558777516,0.22892016172409058,-0.08357733488082886,-0.02498136009552354,0.21425825357437134,0.020031273365020752,-0.03271768722214574,0.28660285472869873,-0.005095779895782471,-0.02609174619891519,0.262042760848999,-0.014434218406677246,-0.013395889806531613,0.2260165810585022,-0.010100245475769043,-0.010042243781470006,0.20089292526245117,0.09308749437332153,-0.03732822197952146,0.2648402452468872,0.07069045305252075,-0.028261796715639775,0.24577879905700684,0.0566830039024353,-0.011507820482336228,0.21610766649246216,0.056753337383270264,-0.0012984701012896949,thumbs_up
0.0,0.0,0.0,0.043136030435562134,-0.13496094942092896,-0.005064853022759053,0.10776761174201965,-0.252010703086853,-0.022125507260625454,0.16260269284248352,-0.3412572741508484,-0.039554991315071675,0.1914958655834198,-0.41680261492729187,-0.053651545683806035,0.21287265419960022,-0.16492295265197754,-0.030487692470615002,0.2921868860721588,-0.1752423644065857,-0.041929111371700856,0.2535674273967743,-0.16834834218025208,-0.04700115371770153,0.21155396103858948,-0.16187888383865356,-0.049471192548935505,0.22302868962287903,-0.0759117603302002,-0.037050270031159016,0.2999837100505829,-0.0961228609085083,-0.0381259289783884,0.26570120453834534,-0.0975218415260315,-0.035176735858385655,0.2238464653491974,-0.09010040760040283,-0.03678609106964359,0.21816381812095642,0.008623003959655762,-0.0416049291593481,0.29280737042427063,-0.015041112899780273,-0.03621298868483791,0.26411619782447815,-0.018314719200134277,-0.02125482496148834,0.2246476709842682,-0.013922512531280518,-0.016631277765100094,0.20510879158973694,0.08461880683898926,-0.046230756233399006,0.269518107175827,0.058642804622650146,-0.03833846051520595,0.2438911497592926,0.05070769786834717,-0.019102432320778462,0.210733562707901,0.05303776264190674,-0.006728323197876307,thumbs_up
0.0,0.0,0.0,0.03239503502845764,-0.13906627893447876,-0.008750185573035196,0.08596482872962952,-0.2578696012496948,-0.029559743793242887,0.13672110438346863,-0.35346412658691406,-0.048645851404899076,0.16157451272010803,-0.4330594837665558,-0.0628592420532641,0.19263312220573425,-0.18621474504470825,-0.04487381616377206,0.28274479508399963,-0.20761892199516296,-0.05503852406286569,0.24791935086250305,-0.19027909636497498,-0.05127604046606393,0.20632603764533997,-0.1801547408103943,-0.046561797352069334,0.20987150073051453,-0.09379947185516357,-0.04856431597613664,0.2960036098957062,-0.12391120195388794,-0.04927612954520555,0.2590717375278473,-0.11657440662384033,-0.039159440638059095,0.21775206923484802,-0.10680007934570312,-0.03508300447606416,0.21138545870780945,-0.0057277679443359375,-0.049590443463557676,0.2956073582172394,-0.0386735200881958,-0.04448295125507684,0.26289692521095276,-0.03521662950515747,-0.024551277251475767,0.22291293740272522,-0.026871562004089355,-0.0164451461448607,0.20298919081687927,0.07598727941513062,-0.05057648682736726,0.2671850025653839,0.04677170515060425,-0.04588935265087457,0.23970797657966614,0.04129308462142944,-0.026695163191789106,0.20828548073768616,0.04606211185455322,-0.013633441382580713,thumbs_up
0.0,0.0,0.0,0.03614073991775513,-0.13987946510314941,-0.005221675074722043,0.09325319528579712,-0.2640153169631958,-0.022412668838228456,0.14198696613311768,-0.3604896664619446,-0.03991776138457226,0.1666237711906433,-0.43896064162254333,-0.0526500362149136,0.1964978575706482,-0.1888653039932251,-0.034988118260230294,0.29113131761550903,-0.2075737714767456,-0.04995900943788456,0.25213098526000977,-0.19282454252243042,-0.05366544231685566,0.20773160457611084,-0.18277332186698914,-0.05376177459868359,0.21491968631744385,-0.09648478031158447,-0.04179580315860676,0.30231404304504395,-0.12525910139083862,-0.04463074162515568,0.2634410858154297,-0.12064969539642334,-0.03795609056862759,0.22130006551742554,-0.10895645618438721,-0.036317301838721505,0.21791857481002808,-0.008430182933807373,-0.046918069868411294,0.299843430519104,-0.037244319915771484,-0.04260330080899166,0.26821351051330566,-0.03817558288574219,-0.024450858979548684,0.2283540964126587,-0.029682040214538574,-0.01726773559960293,0.21185415983200073,0.07221716642379761,-0.05215576842340397,0.27605146169662476,0.04594290256500244,-0.04570584922942089,0.2499527931213379,0.0358087420463562,-0.026269171311582795,0.21824407577514648,0.038533568382263184,-0.013426427654053441,thumbs_up
0.0,0.0,0.0,0.029286563396453857,-0.14334291219711304,-0.0075503379269434845,0.07890301942825317,-0.26671189069747925,-0.029349299257148687,0.12468647956848145,-0.3661775290966034,-0.04998534183715719,0.14719444513320923,-0.4496040940284729,-0.0659259037277593,0.1884782314300537,-0.19946518540382385,-0.047397688140620176,0.28188085556030273,-0.2263525426387787,-0.06237468134378332,0.2470630407333374,-0.20631828904151917,-0.0625166745087995,0.20460182428359985,-0.19260871410369873,-0.059588395168532315,0.20961415767669678,-0.10550755262374878,-0.05275562416528601,0.30182087421417236,-0.1395857334136963,-0.05694543953751463,0.26218557357788086,-0.13236188888549805,-0.047591958304394666,0.2195015549659729,-0.1191667914390564,-0.04326391976093191,0.21368569135665894,-0.015154659748077393,-0.05542177345370192,0.3019748330116272,-0.04659837484359741,-0.05262829746817488,0.2682395577430725,-0.04730147123336792,-0.03227459277724165,0.22772353887557983,-0.038163065910339355,-0.023066358750213567,0.2081080675125122,0.06842935085296631,-0.057788148631800595,0.2745153307914734,0.036767423152923584,-0.053004011621226255,0.24549704790115356,0.028289854526519775,-0.03203343983506102,0.21321183443069458,0.03430330753326416,-0.017396979143370572,thumbs_up
0.0,0.0,0.0,0.02663862705230713,-0.1452586054801941,-0.004496800953177171,0.07413578033447266,-0.27018481492996216,-0.0245816919558024,0.11861073970794678,-0.3709225356578827,-0.043342380558726745,0.13905340433120728,-0.4523462951183319,-0.05720814946818109,0.18899720907211304,-0.2003181278705597,-0.0496855441086268,0.28452032804489136,-0.2261841595172882,-0.05903065833973642,0.24724167585372925,-0.2064729630947113,-0.053425385390994506,0.2038443684577942,-0.19242757558822632,-0.04751390848088022,0.21356689929962158,-0.1039915680885315,-0.055509689038274246,0.3088960647583008,-0.13782072067260742,-0.05479542422818895,0.26941436529159546,-0.13169771432876587,-0.04116626713204141,0.22584331035614014,-0.1182507872581482,-0.0348249438755488,0.21905440092086792,-0.013874292373657227,-0.05753141898441072,0.30738741159439087,-0.046009719371795654,-0.0485244232766604,0.2747699022293091,-0.046943604946136475,-0.02553029801475759,0.23467224836349487,-0.03850454092025757,-0.01656217384862657,0.21341705322265625,0.06742507219314575,-0.05912862229871507,0.27573132514953613,0.03822261095046997,-0.04979285854625459,0.2479863166809082,0.028152942657470703,-0.027660782223222213,0.21721810102462769,0.030673563480377197,-0.013473054168400722,thumbs_up
0.0,0.0,0.0,0.029037266969680786,-0.14184504747390747,-0.00574496604383512,0.07898613810539246,-0.26825374364852905,-0.027343889995222526,0.1242932379245758,-0.37169355154037476,-0.04868378706157728,0.14377650618553162,-0.4572211503982544,-0.06544745929420515,0.1921500265598297,-0.20381900668144226,-0.044497555418615775,0.28881922364234924,-0.2219928503036499,-0.05960092909515424,0.2507462799549103,-0.20513227581977844,-0.06108081556737943,0.2059040367603302,-0.19416767358779907,-0.05972814403355642,0.21410176157951355,-0.10973632335662842,-0.051906375511293845,0.31042370200157166,-0.1362733244895935,-0.054816665424709754,0.2723006308078766,-0.1303948163986206,-0.04534868739426656,0.22708889842033386,-0.11907762289047241,-0.04206254921734853,0.21887674927711487,-0.0192946195602417,-0.05681378237784429,0.308145135641098,-0.04633969068527222,-0.0510912372905068,0.2748747169971466,-0.046275556087493896,-0.029518604575400786,0.2320900857448578,-0.03836482763290405,-0.021180922462349372,0.21395274996757507,0.06505614519119263,-0.06182997144640012,0.2762533128261566,0.037241995334625244,-0.05455373816073461,0.24555882811546326,0.02931070327758789,-0.033270335121756034,0.21203622221946716,0.03287065029144287,-0.019815767480736213,thumbs_up
0.0,0.0,0.0,0.026770949363708496,-0.1414928436279297,-0.004970405567235048,0.0725775957107544,-0.26497021317481995,-0.024377340767330224,0.11478561162948608,-0.36635929346084595,-0.042501749787277276,0.13635039329528809,-0.4462066888809204,-0.055642454270071084,0.19109708070755005,-0.1962171494960785,-0.05004270592684179,0.2913028597831726,-0.22381961345672607,-0.05677207032198339,0.2574732303619385,-0.1992160677909851,-0.04891405845040708,0.21488291025161743,-0.1849280595779419,-0.04184031704420477,0.21469783782958984,-0.10088372230529785,-0.055194815937227304,0.3125201463699341,-0.13171148300170898,-0.05177483925575643,0.2758253812789917,-0.12258535623550415,-0.037339052501863534,0.23166924715042114,-0.1116870641708374,-0.03119003431851297,0.21892404556274414,-0.011785447597503662,-0.05645372563952833,0.3075687885284424,-0.04042273759841919,-0.04402282679433256,0.276394248008728,-0.03924715518951416,-0.020843185800856645,0.23577094078063965,-0.03277778625488281,-0.01293186595643192,0.21159982681274414,0.06892329454421997,-0.057635223809427316,0.2721971869468689,0.04457145929336548,-0.04669992098564535,0.24734580516815186,0.033367693424224854,-0.025622966084426935,0.21725356578826904,0.03189462423324585,-0.012816499303824003,thumbs_up
0.0,0.0,0.0,0.030344247817993164,-0.14049863815307617,-0.005648807665068034,0.07700228691101074,-0.2677725851535797,-0.027688163840878133,0.11739438772201538,-0.3731037974357605,-0.04943122113655818,0.13782578706741333,-0.45866742730140686,-0.06680550942729724,0.1904582381248474,-0.2018524408340454,-0.04706324035834086,0.28849053382873535,-0.22226065397262573,-0.06074716294716609,0.2547363042831421,-0.2002951204776764,-0.060442966917264584,0.21243280172348022,-0.18834716081619263,-0.058085673996913556,0.2146713137626648,-0.10707086324691772,-0.05384321282218707,0.3099587559700012,-0.13539958000183105,-0.05597418318103564,0.2724936604499817,-0.12660783529281616,-0.04606757084440005,0.22710222005844116,-0.11706411838531494,-0.043025204488742474,0.22007983922958374,-0.01699155569076538,-0.05767827252458346,0.30961018800735474,-0.04538482427597046,-0.05063003445576442,0.2765493392944336,-0.04334837198257446,-0.029129463756191853,0.2324182391166687,-0.03704190254211426,-0.021605304950583104,0.21521252393722534,0.06525099277496338,-0.06154223302911532,0.27329862117767334,0.03574472665786743,-0.05404092515419734,0.24442094564437866,0.029278099536895752,-0.033683118918645505,0.2124956250190735,0.032764315605163574,-0.021183648654925946,thumbs_up
0.0,0.0,0.0,0.02890855073928833,-0.1390703320503235,-0.003342861499334049,0.07532817125320435,-0.2598634660243988,-0.02221062635413773,0.1170312762260437,-0.3605700731277466,-0.039919238960067105,0.13943225145339966,-0.43973463773727417,-0.05277846423319943,0.19049721956253052,-0.19185566902160645,-0.05090821576646931,0.2949489951133728,-0.21783503890037537,-0.056420263325492215,0.2613828182220459,-0.19544348120689392,-0.04643601593903668,0.21873629093170166,-0.18330448865890503,-0.0380700272076524,0.21341443061828613,-0.09625720977783203,-0.05619395566515095,0.3110874891281128,-0.12837177515029907,-0.05136595708660252,0.27333003282546997,-0.11990213394165039,-0.0351267722003854,0.22856944799423218,-0.10956555604934692,-0.02861728747717507,0.21790140867233276,-0.007455348968505859,-0.05730852899483807,0.3095676302909851,-0.039357781410217285,-0.0439451564603246,0.2768633961677551,-0.0379907488822937,-0.019334068944374394,0.23426920175552368,-0.031952857971191406,-0.011340473269740414,0.21181023120880127,0.07242333889007568,-0.058209926312486004,0.27124571800231934,0.046186089515686035,-0.04770806101493008,0.24523520469665527,0.035868167877197266,-0.027129924347320866,0.2152712345123291,0.03433513641357422,-0.015165883538941216,thumbs_up
0.0,0.0,0.0,0.02703005075454712,-0.1406470537185669,-0.003999967002300764,0.07602238655090332,-0.26449155807495117,-0.02361834967973664,0.11924958229064941,-0.36638832092285156,-0.042007066183714414,0.14339923858642578,-0.4472094476222992,-0.05547422158065274,0.18955206871032715,-0.19964367151260376,-0.05315387236419156,0.30210596323013306,-0.2210521697998047,-0.061300519728092695,0.26663804054260254,-0.19698548316955566,-0.05329653980675175,0.22245633602142334,-0.1840505599975586,-0.04600977885070279,0.2142200469970703,-0.10141420364379883,-0.05841444047632649,0.3158879280090332,-0.1326507329940796,-0.055423121773628736,0.2766062617301941,-0.12231314182281494,-0.040451638274817014,0.23170870542526245,-0.11211985349655151,-0.03467370929661229,0.21993088722229004,-0.010987162590026855,-0.05957479017320111,0.3131551742553711,-0.04695308208465576,-0.047695640348820234,0.27966946363449097,-0.04242980480194092,-0.024110950403837705,0.23595023155212402,-0.03565800189971924,-0.016714511313466573,0.21597951650619507,0.06918573379516602,-0.06047292041125729,0.27070462703704834,0.03465753793716431,-0.05195530118885472,0.24438053369522095,0.028406262397766113,-0.032769463830618406,0.2146279215812683,0.030701398849487305,-0.021593956151036764,thumbs_up
0.0,0.0,0.0,0.02856391668319702,-0.14195376634597778,-0.005636459082325018,0.0769152045249939,-0.2666633129119873,-0.026604509312619484,0.120480477809906,-0.3685539960861206,-0.0467832464314597,0.14562368392944336,-0.449745774269104,-0.06184691968928746,0.19172734022140503,-0.20109066367149353,-0.04966365579139165,0.3025702238082886,-0.22017502784729004,-0.061439764086117066,0.268343985080719,-0.19792777299880981,-0.05781555581461362,0.22447603940963745,-0.186120867729187,-0.0530291873551505,0.21586424112319946,-0.10310089588165283,-0.055794913653244294,0.3176116943359375,-0.1299557089805603,-0.055745911184658326,0.28042906522750854,-0.12132078409194946,-0.04353326964746884,0.23608756065368652,-0.11331909894943237,-0.03909131172667912,0.22129911184310913,-0.013628065586090088,-0.058724455866922654,0.315573513507843,-0.043246567249298096,-0.04964526403318814,0.2829476594924927,-0.04068326950073242,-0.027001791033853806,0.2391687035560608,-0.0355832576751709,-0.019200696010102547,0.2166651487350464,0.06560593843460083,-0.06172391432892255,0.2730486989021301,0.03500819206237793,-0.05373188141356877,0.24710220098495483,0.028428256511688232,-0.03407948497306279,0.21713608503341675,0.030638396739959717,-0.02214796129237584,thumbs_up
0.0,0.0,0.0,0.025820255279541016,-0.14295125007629395,-0.0017561547966806756,0.07477468252182007,-0.2676481604576111,-0.019875929089835154,0.11888289451599121,-0.37030965089797974,-0.03660388323908137,0.14524221420288086,-0.4503914415836334,-0.04824177953844355,0.1838875412940979,-0.20531556010246277,-0.05314086783175753,0.30137544870376587,-0.22792428731918335,-0.05984256077056216,0.269401490688324,-0.20109635591506958,-0.04890759694819735,0.22610265016555786,-0.18761825561523438,-0.03903467241173075,0.20962029695510864,-0.10760724544525146,-0.058232765975049006,0.31602585315704346,-0.13975012302398682,-0.05413157525902079,0.27671748399734497,-0.12612807750701904,-0.03633634406571673,0.23065978288650513,-0.11566781997680664,-0.027900163414528834,0.21668857336044312,-0.017050325870513916,-0.05898939851169871,0.31387484073638916,-0.052214205265045166,-0.046315361144593226,0.2809147238731384,-0.04526400566101074,-0.021500569167187678,0.2363763451576233,-0.03924781084060669,-0.012846417124023901,0.21364867687225342,0.06305521726608276,-0.05916436422114657,0.266620397567749,0.03142446279525757,-0.049537994297793375,0.24066108465194702,0.02791661024093628,-0.030500376927307116,0.2117289900779724,0.028738856315612793,-0.01944939825182246,thumbs_up
0.0,0.0,0.0,0.028012871742248535,-0.13829457759857178,-0.0059116769771208055,0.07747519016265869,-0.2631310820579529,-0.025793733373575378,0.12125492095947266,-0.3681026101112366,-0.04397401243477361,0.14824658632278442,-0.448323518037796,-0.056869183033995796,0.18827402591705322,-0.20487672090530396,-0.05284434586792486,0.30300742387771606,-0.2240242063999176,-0.062463902235322166,0.27410900592803955,-0.19637373089790344,-0.0547552186253597,0.23243790864944458,-0.18184763193130493,-0.04705162003665464,0.21311283111572266,-0.10759943723678589,-0.057552121877961326,0.3180498480796814,-0.13516980409622192,-0.056526780426793266,0.27958256006240845,-0.12181758880615234,-0.04091964319377439,0.23375552892684937,-0.11319804191589355,-0.03365025326638715,0.21973061561584473,-0.017371416091918945,-0.058855325281911064,0.31631141901016235,-0.047037720680236816,-0.050232872665219475,0.28238725662231445,-0.041301846504211426,-0.026472132951312233,0.23698174953460693,-0.03604841232299805,-0.017575955316715408,0.21581488847732544,0.06314665079116821,-0.05997291609673994,0.26878291368484497,0.032733917236328125,-0.05341856211452978,0.2409384846687317,0.029959440231323242,-0.03490850731759565,0.210657000541687,0.03282797336578369,-0.023623643741302658,thumbs_up
0.0,0.0,0.0,0.03048044443130493,-0.13696449995040894,-0.0015156584574924636,0.0847623348236084,-0.26145121455192566,-0.018075383386303656,0.12946581840515137,-0.36074405908584595,-0.0334047816011207,0.15604114532470703,-0.4372391104698181,-0.04368671693532633,0.1833285093307495,-0.20138752460479736,-0.05501480319230723,0.3071402311325073,-0.21903958916664124,-0.06522841297714876,0.2732175588607788,-0.1965581774711609,-0.05629229464261698,0.22755932807922363,-0.18600749969482422,-0.04720258631436991,0.20406901836395264,-0.10484611988067627,-0.062016288867880576,0.3203049302101135,-0.13255691528320312,-0.0615952751847999,0.2804083228111267,-0.12225604057312012,-0.044293738088299506,0.23238390684127808,-0.11587613821029663,-0.03534057655065226,0.20934653282165527,-0.014457345008850098,-0.06508625589935946,0.3200071454048157,-0.04601109027862549,-0.0576701379629867,0.28468310832977295,-0.042046189308166504,-0.03193650313346552,0.23821866512298584,-0.037520408630371094,-0.020931198379685156,0.20483607053756714,0.06699740886688232,-0.06736558966963457,0.27382129430770874,0.03298908472061157,-0.061726763031174414,0.24613195657730103,0.027385830879211426,-0.04154460795848536,0.21400666236877441,0.028160929679870605,-0.02887092076866793,thumbs_up
0.0,0.0,0.0,0.03175210952758789,-0.13836461305618286,-0.0030316032590462783,0.08705031871795654,-0.2610839605331421,-0.019992820884112916,0.13188529014587402,-0.3606414198875427,-0.03456396792364558,0.15836596488952637,-0.43706655502319336,-0.043487919460062585,0.1853024959564209,-0.1981177031993866,-0.05977060456109484,0.3108353018760681,-0.21545764803886414,-0.06942333463859995,0.27414119243621826,-0.1985451579093933,-0.05819829363656481,0.22796958684921265,-0.18842291831970215,-0.04753026921582659,0.20534449815750122,-0.0984765887260437,-0.0646646488113447,0.3228398561477661,-0.12650388479232788,-0.06511244360638102,0.28048592805862427,-0.12349748611450195,-0.04518582854700526,0.23395860195159912,-0.11845284700393677,-0.03418813828659495,0.21032285690307617,-0.00820225477218628,-0.06536048833561381,0.32196176052093506,-0.03951185941696167,-0.05871555764508685,0.2863403558731079,-0.04270905256271362,-0.0305514558805271,0.2412223219871521,-0.040151894092559814,-0.017565822194342218,0.20630455017089844,0.07085555791854858,-0.06510919515324076,0.27652883529663086,0.03585106134414673,-0.05857154164743861,0.2481236457824707,0.027339696884155273,-0.036272035877232156,0.21642881631851196,0.028786659240722656,-0.02220402654540976,thumbs_up
0.0,0.0,0.0,0.03703731298446655,-0.1372942328453064,-0.0033302379524116077,0.09683263301849365,-0.2653772532939911,-0.01978342982323511,0.14299124479293823,-0.36240118741989136,-0.03513753416331156,0.17376339435577393,-0.43511590361595154,-0.045228417984560565,0.18218493461608887,-0.1985151767730713,-0.05617889019043787,0.3116006851196289,-0.2173355519771576,-0.07305921988876207,0.27451568841934204,-0.2014647126197815,-0.06954027341993196,0.22608721256256104,-0.19089382886886597,-0.06298164652974947,0.1984180212020874,-0.09893840551376343,-0.06381871180923326,0.32492947578430176,-0.1258528232574463,-0.07109168546588762,0.2835612893104553,-0.12196147441864014,-0.056907616577461795,0.23272424936294556,-0.11767113208770752,-0.04809064792783602,0.20211005210876465,-0.008963704109191895,-0.06838423388393267,0.3223353624343872,-0.03834003210067749,-0.06769273804815157,0.2864567041397095,-0.04012954235076904,-0.042437851450756625,0.23858791589736938,-0.03752744197845459,-0.029388632647112445,0.1981210708618164,0.06954753398895264,-0.07224887239129885,0.27813708782196045,0.03694939613342285,-0.06964531915576799,0.24952560663223267,0.028729259967803955,-0.04845004530938013,0.21436041593551636,0.029479384422302246,-0.03426845746429308,thumbs_up
0.0,0.0,0.0,0.03967314958572388,-0.13673096895217896,-0.001247738251095143,0.10537552833557129,-0.2590571641921997,-0.018300289749731746,0.15519875288009644,-0.3504469096660614,-0.033981215670337406,0.1830921769142151,-0.42832058668136597,-0.04496896685623142,0.18124723434448242,-0.19507896900177002,-0.06602793605588886,0.3187940716743469,-0.2081841230392456,-0.08484350563549015,0.2822985053062439,-0.1909443736076355,-0.08117198617719623,0.23311275243759155,-0.18477529287338257,-0.07413200707696888,0.19455158710479736,-0.09401237964630127,-0.07495075137876483,0.328993022441864,-0.1133846640586853,-0.08118628384136173,0.2881232500076294,-0.1079978346824646,-0.06324892164730045,0.2365562915802002,-0.10725182294845581,-0.053024065211047855,0.19658511877059937,-0.002766907215118408,-0.08007186324857685,0.3245079517364502,-0.025034606456756592,-0.07840112270378086,0.2889222502708435,-0.027009427547454834,-0.04946722881459209,0.24082165956497192,-0.028035283088684082,-0.03502756403349849,0.1914808750152588,0.07526963949203491,-0.08412203611396762,0.28278517723083496,0.04628187417984009,-0.08021413208507511,0.2540580630302429,0.03784346580505371,-0.055695709302653995,0.2163371443748474,0.03483724594116211,-0.04000571416281673,thumbs_up
0.0,0.0,0.0,0.042368173599243164,-0.1385669708251953,-0.002361968234311007,0.10896247625350952,-0.25888463854789734,-0.020067834835629128,0.1590942144393921,-0.35017332434654236,-0.036885257419328354,0.1893521547317505,-0.4294378459453583,-0.04861215462921109,0.18700629472732544,-0.19529134035110474,-0.0611541379058167,0.32785165309906006,-0.2005375623703003,-0.08397664835689511,0.29071855545043945,-0.18928349018096924,-0.08341678937910046,0.24011099338531494,-0.18667322397232056,-0.07736881038186993,0.19931691884994507,-0.09163922071456909,-0.07031393012044873,0.3353884816169739,-0.10872572660446167,-0.08088290652273145,0.2931993007659912,-0.10727560520172119,-0.0657002772950932,0.24195539951324463,-0.10604697465896606,-0.05567850505946126,0.20104658603668213,0.0013507604598999023,-0.07658696880577054,0.32883334159851074,-0.02232670783996582,-0.0778140719795033,0.2927892208099365,-0.02731388807296753,-0.04962953140972104,0.24528980255126953,-0.027819335460662842,-0.034013066049794816,0.1961861252784729,0.081107497215271,-0.08210000356672253,0.287600576877594,0.05023843050003052,-0.07887834271429028,0.25976401567459106,0.03873097896575928,-0.05441722234724011,0.22347837686538696,0.035749733448028564,-0.037746727075557374,thumbs_up
0.0,0.0,0.0,0.04418659210205078,-0.13922572135925293,-0.000124871153445838,0.11094397306442261,-0.26061975955963135,-0.01624199461838316,0.16179496049880981,-0.3499208986759186,-0.030747934176531544,0.19792377948760986,-0.42066580057144165,-0.04019921173056673,0.17852628231048584,-0.19743138551712036,-0.06857939709624361,0.323142409324646,-0.20730161666870117,-0.08786355604132723,0.2886921763420105,-0.19272863864898682,-0.0812144418497951,0.24027347564697266,-0.18713480234146118,-0.07104752857884478,0.19126808643341064,-0.09357768297195435,-0.07714755733212542,0.3353639245033264,-0.11396652460098267,-0.08579306204518389,0.2939339876174927,-0.11161845922470093,-0.06646949697932314,0.2422996163368225,-0.11043143272399902,-0.05367043141922068,0.19416207075119019,-0.00042557716369628906,-0.08158914644917559,0.32986021041870117,-0.024822652339935303,-0.08132030714949678,0.29274314641952515,-0.03019392490386963,-0.05112174053391527,0.2443329095840454,-0.03082859516143799,-0.03449121762713503,0.19006282091140747,0.07918065786361694,-0.08474555511673998,0.28449004888534546,0.04743242263793945,-0.08108474959334444,0.25529181957244873,0.03513765335083008,-0.0564656471153171,0.2181253433227539,0.032194435596466064,-0.04009914298256945,thumbs_up
0.0,0.0,0.0,0.043785274028778076,-0.13735181093215942,-0.002004069077599979,0.11055731773376465,-0.2572709918022156,-0.019850933492932654,0.1628977656364441,-0.34837889671325684,-0.035860793233666755,0.19814103841781616,-0.42291659116744995,-0.046239723951373435,0.18029463291168213,-0.19735276699066162,-0.07012261593416724,0.32546913623809814,-0.20557957887649536,-0.09064424181059394,0.28843921422958374,-0.19311243295669556,-0.08408285820559058,0.23776859045028687,-0.18886709213256836,-0.0739008575089315,0.19307267665863037,-0.09425044059753418,-0.07849147313908134,0.3374350070953369,-0.1149972677230835,-0.08904418492392097,0.293761670589447,-0.11321544647216797,-0.06960210347250495,0.24171197414398193,-0.11195385456085205,-0.05649332100227866,0.19628745317459106,-0.0009715557098388672,-0.08301137530878577,0.3331783413887024,-0.026200056076049805,-0.08433748924807105,0.2940940856933594,-0.03216654062271118,-0.05258434408978019,0.2449502944946289,-0.032503366470336914,-0.03452626013830695,0.19239211082458496,0.07995259761810303,-0.08648783856705222,0.2884295582771301,0.04727017879486084,-0.08356977397278342,0.25868797302246094,0.03240501880645752,-0.05824040392116103,0.22126728296279907,0.02787911891937256,-0.041115069330487586,thumbs_up
0.0,0.0,0.0,0.04287689924240112,-0.13786989450454712,0.0007839041129500401,0.10976064205169678,-0.25946763157844543,-0.014816137664411144,0.16163253784179688,-0.35011500120162964,-0.02886851102152832,0.19716066122055054,-0.4226458966732025,-0.03760274656156071,0.17916089296340942,-0.19946175813674927,-0.0682227887962199,0.32484108209609985,-0.20710039138793945,-0.08688436977604397,0.29126280546188354,-0.19757121801376343,-0.078452719077859,0.2418975830078125,-0.19420236349105835,-0.06691323004702099,0.1921604871749878,-0.09724736213684082,-0.07708649866322048,0.3374555706977844,-0.11897611618041992,-0.08623827032783993,0.29603052139282227,-0.11953884363174438,-0.06581057392099865,0.24442744255065918,-0.11773288249969482,-0.05191688023546703,0.1961371898651123,-0.004254937171936035,-0.08170952431896694,0.3342188596725464,-0.03121274709701538,-0.0815531589839793,0.29584723711013794,-0.03845620155334473,-0.04967402078250416,0.24671220779418945,-0.038164377212524414,-0.03162720955947407,0.19268077611923218,0.07680618762969971,-0.08505616866091259,0.28922736644744873,0.04382842779159546,-0.08123431138733395,0.25988274812698364,0.027943730354309082,-0.05613220639565952,0.2221718430519104,0.023880422115325928,-0.039210134819541054,thumbs_up
0.0,0.0,0.0,0.04129588603973389,-0.137844979763031,0.0009978833674608723,0.10687893629074097,-0.2582648992538452,-0.015123407722342108,0.16085541248321533,-0.34819304943084717,-0.029552938782501315,0.19763672351837158,-0.4212557375431061,-0.03856415524415979,0.17956948280334473,-0.1993851661682129,-0.06984243764810572,0.32531851530075073,-0.20691287517547607,-0.08725753649406442,0.29373985528945923,-0.19812655448913574,-0.07708632423810968,0.24600845575332642,-0.19475126266479492,-0.06461275591783533,0.19298142194747925,-0.0975959300994873,-0.07866513951950083,0.33808034658432007,-0.11874836683273315,-0.08776431008510599,0.2975536584854126,-0.12029308080673218,-0.06604950352840433,0.24688071012496948,-0.11862069368362427,-0.051429121189642046,0.19644099473953247,-0.00496518611907959,-0.08296699299745569,0.33478981256484985,-0.030700385570526123,-0.08250618203811655,0.29711347818374634,-0.038465142250061035,-0.04918874278001795,0.24862855672836304,-0.038581788539886475,-0.030378993966508006,0.19203519821166992,0.07657164335250854,-0.08594728484087,0.2902930974960327,0.04624289274215698,-0.08139220848016748,0.26130396127700806,0.030264556407928467,-0.055329541110324953,0.22376269102096558,0.024593055248260498,-0.037921319150257204,thumbs_up
0.0,0.0,0.0,0.039784014225006104,-0.1379619836807251,0.00031297740082436576,0.10463380813598633,-0.2595047950744629,-0.01599454691728397,0.15819311141967773,-0.3511117100715637,-0.030320571717822986,0.19484901428222656,-0.4244345426559448,-0.038785083201730686,0.1768980622291565,-0.20346802473068237,-0.07134673556407733,0.3249237537384033,-0.20906901359558105,-0.08865305593332096,0.2904965281486511,-0.2005760669708252,-0.07795009574016376,0.2416873574256897,-0.1981622576713562,-0.06532125732024952,0.19067740440368652,-0.10179603099822998,-0.07978065868934436,0.3369884490966797,-0.11978554725646973,-0.08839368632158084,0.2967986464500427,-0.12138992547988892,-0.06604173591455265,0.24751782417297363,-0.12116724252700806,-0.05153931861838146,0.19440650939941406,-0.009582698345184326,-0.08371305277665897,0.333002507686615,-0.0314139723777771,-0.08316440692266269,0.29548728466033936,-0.03872716426849365,-0.04919268375357433,0.24772793054580688,-0.04002028703689575,-0.030209530127251583,0.1901060938835144,0.07121104001998901,-0.08643069675287052,0.2886791229248047,0.04573416709899902,-0.08171671440919681,0.260009229183197,0.03134828805923462,-0.055374274012649494,0.22231996059417725,0.02578955888748169,-0.03801584428271099,thumbs_up
0.0,0.0,0.0,0.039767444133758545,-0.13818997144699097,0.0014508432159914264,0.10132044553756714,-0.2607891857624054,-0.015469553376476597,0.15331852436065674,-0.35450947284698486,-0.030289140957336258,0.19227677583694458,-0.4280095398426056,-0.039192771035175156,0.17362040281295776,-0.20627129077911377,-0.07363896952841742,0.3199682831764221,-0.2116488814353943,-0.08921027319405539,0.2946290373802185,-0.2036818265914917,-0.07531305538390143,0.2511773705482483,-0.2007749080657959,-0.06034993888710005,0.18699723482131958,-0.10444009304046631,-0.0825210972306536,0.3357299566268921,-0.12381112575531006,-0.09258096055958731,0.3022289276123047,-0.12797397375106812,-0.06911973046038611,0.2547581195831299,-0.12725335359573364,-0.0528301535723017,0.19107025861740112,-0.01243579387664795,-0.0862914486405657,0.332302451133728,-0.0368272066116333,-0.08623536812041266,0.3006386160850525,-0.04830998182296753,-0.05145873637769682,0.25466346740722656,-0.0509529709815979,-0.03102126667175753,0.1870051622390747,0.06828087568283081,-0.08863391118023856,0.288992702960968,0.0408329963684082,-0.08286205815051062,0.2653983235359192,0.021676063537597656,-0.05565298112009032,0.22910702228546143,0.01287686824798584,-0.03727187352154715,thumbs_up
0.0,0.0,0.0,0.037757039070129395,-0.13909953832626343,0.0027568160223836458,0.10081243515014648,-0.26053088903427124,-0.013857547739235088,0.15402179956436157,-0.35407570004463196,-0.028378888578799888,0.19077539443969727,-0.42997875809669495,-0.036986404644039794,0.17425614595413208,-0.2043049931526184,-0.07425516246416919,0.32111984491348267,-0.21424973011016846,-0.08860091267683856,0.29495012760162354,-0.20482409000396729,-0.07341527341463916,0.25123411417007446,-0.2002696394920349,-0.057699674354580566,0.1880078911781311,-0.10352402925491333,-0.08348217009165637,0.33559340238571167,-0.12401193380355835,-0.0928560808167731,0.2986608147621155,-0.12694501876831055,-0.06792968659260623,0.25012582540512085,-0.12504488229751587,-0.05067880599358432,0.1917446255683899,-0.011719346046447754,-0.08725230543473117,0.3319573402404785,-0.03669941425323486,-0.08689481167652957,0.29855167865753174,-0.04738038778305054,-0.050859091417578384,0.25210994482040405,-0.047848641872406006,-0.02963276727655284,0.18729650974273682,0.06910192966461182,-0.08933375923493259,0.2908022999763489,0.04039520025253296,-0.08331816046097629,0.2653234004974365,0.020673394203186035,-0.055026823268917724,0.22723853588104248,0.012027919292449951,-0.03587998224952571,thumbs_up
0.0,0.0,0.0,0.03888595104217529,-0.13743579387664795,0.0027477341358235208,0.10092490911483765,-0.25897130370140076,-0.013238650222433535,0.1536204218864441,-0.35186320543289185,-0.02738434955210778,0.1886844038963318,-0.4266735017299652,-0.03593033499748799,0.1740441918373108,-0.20536500215530396,-0.07079903356464001,0.3184084892272949,-0.21503525972366333,-0.08420471422107312,0.29636871814727783,-0.20453673601150513,-0.06979213230044934,0.25543057918548584,-0.20042568445205688,-0.05495213664801213,0.1881011724472046,-0.10534489154815674,-0.08027389220626446,0.33379900455474854,-0.12329763174057007,-0.08723298780353161,0.302512526512146,-0.12410175800323486,-0.0634854914966354,0.2565367817878723,-0.12306147813796997,-0.04781696147949788,0.19215786457061768,-0.01374197006225586,-0.08452264539630505,0.33059602975845337,-0.037630677223205566,-0.08249587140710446,0.301397442817688,-0.04600107669830322,-0.048219147545410124,0.25713056325912476,-0.04737532138824463,-0.028812141564799276,0.1875041127204895,0.06763744354248047,-0.08727445773513409,0.28982287645339966,0.041677653789520264,-0.08070798538358304,0.26785629987716675,0.02495628595352173,-0.05340499005944821,0.232044517993927,0.016775906085968018,-0.035241472941947904,thumbs_up
0.0,0.0,0.0,0.039181292057037354,-0.1376250982284546,0.002775524494779802,0.10159647464752197,-0.25935715436935425,-0.013099024087580347,0.15365010499954224,-0.35286396741867065,-0.027034985848160886,0.18833160400390625,-0.4279119372367859,-0.03525647801944842,0.17457759380340576,-0.20440852642059326,-0.07104123664686313,0.3189939856529236,-0.21373963356018066,-0.08440538031646838,0.2949654459953308,-0.20316940546035767,-0.07001636458227267,0.25282222032546997,-0.1987907886505127,-0.05523365271875491,0.18885290622711182,-0.10416537523269653,-0.08030175698587527,0.3343827724456787,-0.12259739637374878,-0.0874161748368465,0.30091071128845215,-0.12384754419326782,-0.06352261734792819,0.2537193298339844,-0.1221383810043335,-0.04770482612440219,0.19274812936782837,-0.012490689754486084,-0.08427468223163714,0.33093059062957764,-0.036068499088287354,-0.08235011530706515,0.3002307415008545,-0.04522264003753662,-0.047874859549494886,0.25507551431655884,-0.046017229557037354,-0.02831736674198737,0.18786364793777466,0.06871724128723145,-0.08666777891704669,0.28993409872055054,0.042533159255981445,-0.08029172850439181,0.26643073558807373,0.024574458599090576,-0.05289930013606181,0.2293308973312378,0.016161739826202393,-0.034647165812941694,thumbs_up
0.0,0.0,0.0,0.03930342197418213,-0.13636893033981323,0.005680339913396892,0.10235530138015747,-0.25677961111068726,-0.008482655007810536,0.15547525882720947,-0.3505755364894867,-0.021041814666659775,0.19092881679534912,-0.4251500070095062,-0.028213680219323578,0.17297571897506714,-0.20573288202285767,-0.06781352354255432,0.31642818450927734,-0.21619534492492676,-0.07931788308587784,0.2990943193435669,-0.2042660117149353,-0.06354181511369461,0.26061248779296875,-0.2009352445602417,-0.047686521392733994,0.18654543161392212,-0.10756117105484009,-0.07762420965400452,0.3320532441139221,-0.1260209083557129,-0.08444099916187042,0.3082693815231323,-0.12462759017944336,-0.06108312351670975,0.2661198377609253,-0.12421298027038574,-0.04507820351091141,0.19051724672317505,-0.01636183261871338,-0.081701264214189,0.32859474420547485,-0.03843402862548828,-0.07992555988994354,0.30938518047332764,-0.04764789342880249,-0.04697827292648071,0.27062714099884033,-0.053315937519073486,-0.02761039739516491,0.18607991933822632,0.06533938646316528,-0.08380370629993195,0.28869062662124634,0.040288448333740234,-0.07686295403209442,0.2741222381591797,0.02285599708557129,-0.049918469470412674,0.24260002374649048,0.01159435510635376,-0.03151505483356232,thumbs_up
0.0,0.0,0.0,0.03898286819458008,-0.13581329584121704,0.004821766538782413,0.10290670394897461,-0.2562825679779053,-0.010287143384800856,0.15426087379455566,-0.35041379928588867,-0.02334114732383341,0.1900838017463684,-0.42495211958885193,-0.030988702645288413,0.1711481809616089,-0.20552778244018555,-0.0742110778593883,0.3167303204536438,-0.21336758136749268,-0.08639956461428255,0.30185216665267944,-0.1972631812095642,-0.06944456147192568,0.2634214162826538,-0.1933916211128235,-0.052442243417488044,0.18294137716293335,-0.10763329267501831,-0.08373076664446444,0.3300222158432007,-0.12427282333374023,-0.09061490940092654,0.3083239197731018,-0.11801445484161377,-0.06576070385216326,0.2671746015548706,-0.116080641746521,-0.04891132386563868,0.18655884265899658,-0.01582038402557373,-0.08731699185608477,0.32625311613082886,-0.03705012798309326,-0.08579948740242571,0.30951154232025146,-0.043147146701812744,-0.05236232103942484,0.2725069522857666,-0.04870647192001343,-0.032933948656307166,0.18297189474105835,0.06649267673492432,-0.08885967927216143,0.28810620307922363,0.04224574565887451,-0.08304894166229815,0.27623212337493896,0.026105880737304688,-0.05683250175951571,0.2467368245124817,0.012939989566802979,-0.03896096917031855,thumbs_up
0.0,0.0,0.0,0.038030385971069336,-0.13607126474380493,0.004892928184659695,0.10259771347045898,-0.2574409544467926,-0.009524412328659082,0.15461337566375732,-0.352468878030777,-0.021721801596044088,0.19043421745300293,-0.4282021224498749,-0.028386871205924535,0.17119967937469482,-0.20689469575881958,-0.07184312387025216,0.3161396384239197,-0.21868106722831726,-0.08307225151574471,0.3045259714126587,-0.20189809799194336,-0.0660274986795173,0.26717662811279297,-0.19642716646194458,-0.04905743791377404,0.18462401628494263,-0.10902780294418335,-0.08120231224810937,0.33178091049194336,-0.1263224482536316,-0.08837762369429925,0.31223660707473755,-0.12003105878829956,-0.06435001535928109,0.27142006158828735,-0.11905044317245483,-0.047604831742404485,0.18853121995925903,-0.01695120334625244,-0.0845836241415725,0.32668083906173706,-0.0379064679145813,-0.08331965549504616,0.3120337724685669,-0.04405146837234497,-0.05051142244255402,0.27628427743911743,-0.05048149824142456,-0.03115734352385857,0.1841832399368286,0.06555873155593872,-0.08579631044185021,0.28680890798568726,0.04036998748779297,-0.07924536510026314,0.2745288014411926,0.024747788906097412,-0.05217825888311722,0.24437260627746582,0.012588024139404297,-0.03353296859776833,thumbs_up
0.0,0.0,0.0,0.04063209891319275,-0.1358041763305664,0.006615677117139285,0.1037847101688385,-0.25649887323379517,-0.008051868793785388,0.15503475069999695,-0.3522413969039917,-0.020453037959754283,0.19053348898887634,-0.42768675088882446,-0.02772938300412875,0.172245591878891,-0.20468783378601074,-0.07416661482793074,0.3141423165798187,-0.21733608841896057,-0.08402807664614897,0.3082030713558197,-0.2013532519340515,-0.06476858657342177,0.27628132700920105,-0.19755661487579346,-0.046238616374552066,0.1833752691745758,-0.10792577266693115,-0.0836790169451831,0.3285517394542694,-0.12513881921768188,-0.09042955589038115,0.3183453381061554,-0.11875349283218384,-0.06551987331849318,0.28562942147254944,-0.11784100532531738,-0.048172779646932895,0.18597689270973206,-0.016591012477874756,-0.08656498443824034,0.32208654284477234,-0.034822940826416016,-0.0850183854673503,0.3178872764110565,-0.04311490058898926,-0.05279330190759879,0.2901151478290558,-0.05386936664581299,-0.03372865941864234,0.18093207478523254,0.06522798538208008,-0.08696139257889968,0.28335341811180115,0.04318124055862427,-0.07956766736251097,0.27908048033714294,0.025849223136901855,-0.05273754176241141,0.25600042939186096,0.008848309516906738,-0.03431768369418364,thumbs_up
0.0,0.0,0.0,0.038337111473083496,-0.1369098424911499,0.00958091452199028,0.09972584247589111,-0.2607004940509796,-0.004678402902158041,0.1528584361076355,-0.3566246032714844,-0.01750132568699314,0.19037574529647827,-0.43062832951545715,-0.026171218012990494,0.16803216934204102,-0.21047836542129517,-0.06997223325592472,0.30698204040527344,-0.22563832998275757,-0.07942124583345844,0.3206731677055359,-0.21024954319000244,-0.060219825585903664,0.29970163106918335,-0.20373737812042236,-0.04132204257470562,0.180808424949646,-0.11528098583221436,-0.08123146869760944,0.32656335830688477,-0.13102668523788452,-0.08819913991314365,0.3194592595100403,-0.12182968854904175,-0.06219165899378254,0.2887676954269409,-0.11996614933013916,-0.0427784559927602,0.18527621030807495,-0.023066937923431396,-0.08561299868446781,0.32213592529296875,-0.04278302192687988,-0.08409060664993717,0.3148859143257141,-0.048103272914886475,-0.04973321162682964,0.2848181128501892,-0.056233108043670654,-0.028237809767546196,0.18079954385757446,0.061413705348968506,-0.08739402272325947,0.2829899191856384,0.03586411476135254,-0.07910433538776829,0.27528244256973267,0.01988166570663452,-0.04972360410314991,0.24897903203964233,0.006381988525390625,-0.02870636933070614,thumbs_up
0.0,0.0,0.0,0.03932994604110718,-0.13420450687408447,0.005353593276652191,0.10309654474258423,-0.2561621069908142,-0.009005435267624762,0.1553904414176941,-0.3516233563423157,-0.02008288585597029,0.19164776802062988,-0.4256666302680969,-0.025547551447687056,0.16979795694351196,-0.20256829261779785,-0.07798012577944746,0.31311559677124023,-0.2146550416946411,-0.08664553844386091,0.3115771412849426,-0.20154523849487305,-0.06417299293929091,0.2800264358520508,-0.1982039213180542,-0.04316104807907095,0.1811600923538208,-0.10531753301620483,-0.08641722285204878,0.32744234800338745,-0.12293606996536255,-0.09370939665490141,0.3167371153831482,-0.11948859691619873,-0.06578836076909056,0.2836182117462158,-0.11934304237365723,-0.045433728480873015,0.18429774045944214,-0.01337963342666626,-0.08799909287148466,0.3191870450973511,-0.03292948007583618,-0.08610481255703917,0.31195157766342163,-0.04464596509933472,-0.051037675226268675,0.2824501395225525,-0.05599135160446167,-0.02958615542405596,0.17917925119400024,0.07023406028747559,-0.08725984626465788,0.2802644371986389,0.04717147350311279,-0.07878636055642119,0.27110201120376587,0.029157280921936035,-0.04997522243314734,0.24335235357284546,0.014879226684570312,-0.02984458253735056,thumbs_up
0.0,0.0,0.0,0.038534700870513916,-0.13459628820419312,0.005779428875200665,0.1027708649635315,-0.25758057832717896,-0.008632630107797468,0.15524256229400635,-0.35309648513793945,-0.020083364097274625,0.1886163353919983,-0.4288816452026367,-0.026419667525090063,0.1676771640777588,-0.20871120691299438,-0.07612826674977669,0.31148284673690796,-0.2199413776397705,-0.0864034369568003,0.3109058141708374,-0.20430612564086914,-0.06658731400767692,0.28043806552886963,-0.200350821018219,-0.04727901890674957,0.17931967973709106,-0.11162805557250977,-0.08496547490159401,0.32710862159729004,-0.1265265941619873,-0.09290818869868644,0.31792008876800537,-0.1199347972869873,-0.0672427862862719,0.28498291969299316,-0.12041860818862915,-0.04824805632034668,0.18223482370376587,-0.019059956073760986,-0.08704658597508796,0.3187240958213806,-0.03791242837905884,-0.08613785356084236,0.31322425603866577,-0.047155916690826416,-0.05282402038375267,0.28457850217819214,-0.058866679668426514,-0.03221031650701889,0.177202045917511,0.06513029336929321,-0.08668055385152229,0.27829474210739136,0.04060065746307373,-0.07959520071545967,0.2715322971343994,0.023106753826141357,-0.051867447791494214,0.2461370825767517,0.007974386215209961,-0.03220135718385109,thumbs_up
0.0,0.0,0.0,0.03868991136550903,-0.13469082117080688,0.0035484037929904844,0.10436087846755981,-0.257668673992157,-0.011284819980176053,0.1591205596923828,-0.3534772992134094,-0.0225855309413987,0.19406002759933472,-0.42963024973869324,-0.027940069501312337,0.16994065046310425,-0.20656371116638184,-0.07781439012757119,0.3146495819091797,-0.21939927339553833,-0.0881237137960511,0.3067440390586853,-0.20389652252197266,-0.06803974247446831,0.27168816328048706,-0.20034074783325195,-0.048497804616602025,0.1817866563796997,-0.10883957147598267,-0.08541918284169014,0.3304370045661926,-0.12546145915985107,-0.09459582454434212,0.32247310876846313,-0.12031632661819458,-0.0696891743587571,0.29044800996780396,-0.12176287174224854,-0.05104383191934403,0.1848873496055603,-0.016921281814575195,-0.08631270862093743,0.320671021938324,-0.0353773832321167,-0.08634696639052208,0.3184034824371338,-0.046230852603912354,-0.05337530112734612,0.29229748249053955,-0.05945718288421631,-0.03254083654752549,0.18019813299179077,0.06566476821899414,-0.08481583482495125,0.2824054956436157,0.041210293769836426,-0.07606804109087761,0.2758447527885437,0.024427473545074463,-0.04684553406110581,0.2502366304397583,0.009611248970031738,-0.026266480972083173,thumbs_up
0.0,0.0,0.0,0.03767889738082886,-0.13455313444137573,0.00378079110802787,0.10238921642303467,-0.25937342643737793,-0.011074953441976731,0.15581756830215454,-0.3555029630661011,-0.023328763162254518,0.1906469464302063,-0.4314032196998596,-0.02995051882183475,0.16849398612976074,-0.20895516872406006,-0.07475891216611785,0.31333303451538086,-0.2226945459842682,-0.08680658294773025,0.30483561754226685,-0.20450305938720703,-0.06973773493385238,0.26975518465042114,-0.1987399458885193,-0.0525046947500698,0.18075168132781982,-0.11277937889099121,-0.08369504912710113,0.32943475246429443,-0.13002634048461914,-0.09209072842216415,0.31506848335266113,-0.12162703275680542,-0.06803684933996124,0.27817481756210327,-0.1206275224685669,-0.050913872858046716,0.18381887674331665,-0.02132284641265869,-0.08644956602668685,0.3209528923034668,-0.041094303131103516,-0.08621894075488967,0.307465136051178,-0.04725450277328491,-0.05291169761633796,0.2730679512023926,-0.05582571029663086,-0.03268416850781364,0.17891788482666016,0.06182175874710083,-0.08715767665719909,0.2823086977005005,0.038853347301483154,-0.08000938846683425,0.26847708225250244,0.023453354835510254,-0.05162685244297904,0.23648160696029663,0.010540187358856201,-0.0319794553420536,thumbs_up
0.0,0.0,0.0,0.039067208766937256,-0.13464844226837158,0.0068193305215089595,0.1038123369216919,-0.25758400559425354,-0.007204973238870593,0.15971887111663818,-0.3537757694721222,-0.018707349996432754,0.1969435214996338,-0.42908012866973877,-0.02516945647762725,0.168656587600708,-0.20596373081207275,-0.07496837909089038,0.3120120167732239,-0.22170531749725342,-0.08480137224064777,0.31468063592910767,-0.20368719100952148,-0.06494022543297717,0.2875180244445801,-0.1968730092048645,-0.04554437855945537,0.18042397499084473,-0.10869789123535156,-0.08446820462809512,0.32984083890914917,-0.12621039152145386,-0.09244758273230502,0.3272739052772522,-0.11688506603240967,-0.06717528040276477,0.29968512058258057,-0.11492395401000977,-0.048646565626725646,0.18367618322372437,-0.0159224271774292,-0.08688740814791629,0.3212652802467346,-0.03648555278778076,-0.0859931820140929,0.3167183995246887,-0.04357880353927612,-0.05158961574302623,0.2892065644264221,-0.05431675910949707,-0.03002422312961528,0.17865824699401855,0.06811606884002686,-0.08681244040595004,0.28395771980285645,0.044241905212402344,-0.07765857512818286,0.2765464782714844,0.028582751750946045,-0.047409422795638534,0.2500036954879761,0.014189362525939941,-0.026078140463098975,thumbs_up
0.0,0.0,0.0,0.03785470128059387,-0.13361585140228271,0.0030771824189912422,0.10425058007240295,-0.2591465711593628,-0.011396593448381509,0.159427672624588,-0.35495930910110474,-0.023374748450379457,0.19811782240867615,-0.42908963561058044,-0.030276519280533876,0.16682109236717224,-0.20795470476150513,-0.07252966522858628,0.3110460937023163,-0.2230963110923767,-0.08680279463217744,0.3096376359462738,-0.21073830127716064,-0.07262758075879105,0.27919700741767883,-0.20639604330062866,-0.05688773750947007,0.17844697833061218,-0.11138063669204712,-0.0814855685798932,0.3279251754283905,-0.13100272417068481,-0.09185740261958131,0.3183816373348236,-0.12894928455352783,-0.0696922233669568,0.28455451130867004,-0.12972068786621094,-0.05304495528028497,0.18148085474967957,-0.019430220127105713,-0.08469267844841966,0.31968554854393005,-0.0417860746383667,-0.08605386972115525,0.3092474043369293,-0.05257284641265869,-0.05362197294519433,0.27688512206077576,-0.062294960021972656,-0.033009852316837396,0.1765725314617157,0.06448829174041748,-0.08600355595038423,0.28064200282096863,0.037869811058044434,-0.07920403688834199,0.2694362699985504,0.020417749881744385,-0.05085357188866624,0.24014142155647278,0.007856190204620361,-0.030749904957275476,thumbs_up
0.0,0.0,0.0,0.03931814432144165,-0.1333344578742981,0.003626860744333271,0.10462653636932373,-0.2564932107925415,-0.011399937028983231,0.15954184532165527,-0.35087350010871887,-0.023688827808001633,0.19867724180221558,-0.42498040199279785,-0.030886230225661393,0.16960614919662476,-0.20436596870422363,-0.07464492617080509,0.31337499618530273,-0.21783512830734253,-0.08805022684762775,0.3184944987297058,-0.207797110080719,-0.07202721683214008,0.29056984186172485,-0.2045767903327942,-0.05472513956854641,0.1807364821434021,-0.10768669843673706,-0.08345810620019734,0.3296199440956116,-0.1260443925857544,-0.09441225526759922,0.3255493640899658,-0.12471818923950195,-0.0710336744589597,0.29586488008499146,-0.125840961933136,-0.05300809739063084,0.18347400426864624,-0.015884339809417725,-0.08607718644569218,0.32025426626205444,-0.03752058744430542,-0.08757143763730824,0.31441062688827515,-0.05023771524429321,-0.05404517723152935,0.28544163703918457,-0.06177651882171631,-0.03216143248508274,0.17795443534851074,0.06785935163497925,-0.08665970263908207,0.2818884253501892,0.042410433292388916,-0.07928175775239765,0.274469256401062,0.023354828357696533,-0.04983935056159794,0.24767941236495972,0.009392261505126953,-0.028389734382727738,thumbs_up
0.0,0.0,0.0,0.03896942734718323,-0.13540130853652954,0.001566680168991752,0.10637262463569641,-0.26017674803733826,-0.013145057813005678,0.16317889094352722,-0.35282084345817566,-0.025818881907241575,0.2050541341304779,-0.4238986372947693,-0.03304908736862444,0.16630282998085022,-0.20833295583724976,-0.0698456385663917,0.3103438913822174,-0.2234477400779724,-0.08676219671286844,0.29488304257392883,-0.21235418319702148,-0.07546930699862742,0.2533780038356781,-0.2069736123085022,-0.061658996485846274,0.17863568663597107,-0.1109587550163269,-0.0793743947080543,0.3259218633174896,-0.13370639085769653,-0.09102284848012232,0.30362668633461,-0.13351088762283325,-0.07133236467160486,0.26073727011680603,-0.13360542058944702,-0.05701268404044413,0.18265321850776672,-0.018950343132019043,-0.0838391551307609,0.31954023241996765,-0.04380905628204346,-0.08575929641045832,0.2962735593318939,-0.05286592245101929,-0.0534557656876018,0.25638648867607117,-0.05873072147369385,-0.033691062920468084,0.1789836585521698,0.06493091583251953,-0.08673654436387324,0.28152307868003845,0.03393959999084473,-0.08048987328328394,0.26108792424201965,0.02045649290084839,-0.051811918013470404,0.2266806662082672,0.014383792877197266,-0.03207080005921625,thumbs_up
0.0,0.0,0.0,0.037029922008514404,-0.13229632377624512,-0.0016716696448497714,0.10523992776870728,-0.2561964690685272,-0.017753840297075385,0.16243577003479004,-0.3500075340270996,-0.0315341920252763,0.20339125394821167,-0.42383626103401184,-0.039708793967577094,0.16546541452407837,-0.2071663737297058,-0.07334563589057552,0.3106459379196167,-0.22082793712615967,-0.09169033622703182,0.2891741991043091,-0.2085074782371521,-0.08201101130208599,0.24504870176315308,-0.2023991346359253,-0.06982025957069027,0.17803245782852173,-0.10939735174179077,-0.08224467641076671,0.32406675815582275,-0.1314551830291748,-0.09315266913137066,0.29721879959106445,-0.12977564334869385,-0.07275659298858272,0.2522895932197571,-0.12808722257614136,-0.05918826988300907,0.18187636137008667,-0.017478525638580322,-0.08672360783776867,0.31858015060424805,-0.04232853651046753,-0.08845419889649975,0.291576087474823,-0.04920756816864014,-0.055912946223827475,0.2493467926979065,-0.05251920223236084,-0.0370072544213258,0.17829233407974243,0.06546229124069214,-0.09011234050950634,0.2814074158668518,0.03603684902191162,-0.08504318153819668,0.25961458683013916,0.022370874881744385,-0.057797332167240256,0.22377341985702515,0.015801072120666504,-0.039680086880537146,thumbs_up
0.0,0.0,0.0,0.03889185190200806,-0.137811541557312,-0.0021151715060341303,0.10777801275253296,-0.26245200634002686,-0.016373637235687966,0.166387677192688,-0.35187774896621704,-0.02977604894988417,0.211847186088562,-0.4208029806613922,-0.037982388502882714,0.16852760314941406,-0.20977181196212769,-0.05725857532672762,0.3034212589263916,-0.22872412204742432,-0.08063163152985453,0.2708703279495239,-0.21992027759552002,-0.08092153362088084,0.220924973487854,-0.20996254682540894,-0.07512197933249354,0.18336182832717896,-0.11331778764724731,-0.06714150599293589,0.31818050146102905,-0.1409277319908142,-0.07864552280955195,0.2826847434043884,-0.1387283205986023,-0.06487174621872782,0.23328983783721924,-0.13244163990020752,-0.055546562290714974,0.18831592798233032,-0.02209651470184326,-0.07442014954142451,0.31090885400772095,-0.05241638422012329,-0.07710492155604243,0.2750873565673828,-0.05415141582489014,-0.04844463906340479,0.22996050119400024,-0.05034148693084717,-0.03182485244326472,0.18480759859085083,0.06097376346588135,-0.08113438180737376,0.2774905562400818,0.02738267183303833,-0.07636341742329478,0.2466106414794922,0.020161151885986328,-0.04968022844843745,0.20849812030792236,0.02316904067993164,-0.03187480858616709,thumbs_up
0.0,0.0,0.0,0.04541289806365967,-0.1397368311882019,0.0003999259382680975,0.11636996269226074,-0.26120930910110474,-0.010098979208692072,0.17868316173553467,-0.3457978665828705,-0.02029246963195419,0.22660809755325317,-0.4093564450740814,-0.025400926690622327,0.17514336109161377,-0.21234416961669922,-0.044891367998047826,0.2895166277885437,-0.22699201107025146,-0.06148832603923893,0.256361722946167,-0.2112445831298828,-0.05901026293270206,0.20896315574645996,-0.2014142870903015,-0.05286394744746303,0.1882508397102356,-0.1165010929107666,-0.05465677320592022,0.29968714714050293,-0.1376064419746399,-0.059953320171757696,0.2651795744895935,-0.12885898351669312,-0.047217223193570135,0.2190830111503601,-0.1226012110710144,-0.040605320926829336,0.19337064027786255,-0.024895429611206055,-0.06188252880804157,0.29880964756011963,-0.050070762634277344,-0.0617092879080019,0.2645869255065918,-0.04593914747238159,-0.03627939834825611,0.22114187479019165,-0.04153478145599365,-0.023095839988513944,0.19012415409088135,0.057851195335388184,-0.06832345887653446,0.272034227848053,0.028834819793701172,-0.0626686470174036,0.24022620916366577,0.027045488357543945,-0.037957682605906484,0.20364558696746826,0.0316314697265625,-0.02201223499707794,thumbs_up
0.0,0.0,0.0,0.04276406764984131,-0.13706588745117188,-0.0033133936370859374,0.11316412687301636,-0.2577058672904968,-0.015354951682979845,0.17512166500091553,-0.3402556777000427,-0.02557955014287927,0.2187129259109497,-0.4053126871585846,-0.03062606679975488,0.16823267936706543,-0.21125763654708862,-0.052286050121779226,0.2836035490036011,-0.21883922815322876,-0.07068697999000051,0.2518662214279175,-0.20305460691452026,-0.06842617581366994,0.20499390363693237,-0.1941165328025818,-0.06233896578430631,0.1819615364074707,-0.11066669225692749,-0.06034535060405233,0.29385530948638916,-0.1293460726737976,-0.06791611651658513,0.26002711057662964,-0.12125521898269653,-0.054862799893612646,0.21575051546096802,-0.11451828479766846,-0.04777059967398145,0.18767207860946655,-0.01636296510696411,-0.06587761531352498,0.2929760813713074,-0.04356515407562256,-0.06816692541121938,0.25810813903808594,-0.04086250066757202,-0.04208046088695028,0.2156355381011963,-0.03613632917404175,-0.027901037435526632,0.18523722887039185,0.06777948141098022,-0.07070182899713018,0.2641739845275879,0.03530186414718628,-0.0676354978489826,0.23282217979431152,0.032143473625183105,-0.043527099143261694,0.19826799631118774,0.03759258985519409,-0.027521346535081648,thumbs_up
0.0,0.0,0.0,0.046788036823272705,-0.1408296823501587,-0.0017056770471413074,0.11546260118484497,-0.25496670603752136,-0.011073232543424183,0.18362081050872803,-0.33081722259521484,-0.01940561822499376,0.23623502254486084,-0.3846651613712311,-0.022735549052015358,0.16737771034240723,-0.20769602060317993,-0.03819995551253896,0.26927101612091064,-0.22314366698265076,-0.053281785835281426,0.24154311418533325,-0.2008482813835144,-0.05217369078542333,0.19754821062088013,-0.18811070919036865,-0.04717806531931501,0.1836146116256714,-0.11232775449752808,-0.045427581210390144,0.2789074778556824,-0.13209378719329834,-0.046820608814016396,0.2503013014793396,-0.12019848823547363,-0.03639728753711324,0.2096182107925415,-0.11442810297012329,-0.03251238345052343,0.19089984893798828,-0.022425353527069092,-0.05068392856861692,0.27713412046432495,-0.05052661895751953,-0.04844579650904279,0.24727922677993774,-0.04433649778366089,-0.026830557648793274,0.20850646495819092,-0.03958606719970703,-0.016811894167915398,0.1890135407447815,0.05716276168823242,-0.05535955532337766,0.2521640658378601,0.02118062973022461,-0.048856979151025826,0.22369778156280518,0.021852970123291016,-0.0265007372095738,0.1927403211593628,0.02857106924057007,-0.012113531035140568,thumbs_up
0.0,0.0,0.0,0.04370346665382385,-0.1372806429862976,-0.003996641233470655,0.11279812455177307,-0.24925044178962708,-0.013563189513888574,0.18096813559532166,-0.32476407289505005,-0.021172289594915128,0.23103061318397522,-0.3800067901611328,-0.0235708959846761,0.16407236456871033,-0.19909828901290894,-0.0401479907779958,0.26489195227622986,-0.21589049696922302,-0.05394318033745549,0.23730286955833435,-0.1990329623222351,-0.05150449727466366,0.19424524903297424,-0.18793392181396484,-0.045883879855182386,0.1805262267589569,-0.10178077220916748,-0.04562100101998112,0.2740706503391266,-0.12802410125732422,-0.04822045643618367,0.24390944838523865,-0.11991465091705322,-0.038312566324975705,0.20405790209770203,-0.11142289638519287,-0.03411179114868901,0.18842819333076477,-0.011710941791534424,-0.04898445387175343,0.27473172545433044,-0.0454484224319458,-0.048740227565076566,0.2442295253276825,-0.043001651763916016,-0.028715032011177755,0.2057894766330719,-0.03593176603317261,-0.018818222775962568,0.18773910403251648,0.06648766994476318,-0.05164111112048886,0.2505358159542084,0.02779567241668701,-0.047911238714959836,0.22217527031898499,0.026006758213043213,-0.027760575383808828,0.1917528212070465,0.03549051284790039,-0.014154812179413057,thumbs_up
0.0,0.0,0.0,0.04359865188598633,-0.13422542810440063,-0.004047999716021877,0.11342811584472656,-0.24474984407424927,-0.01372876167170034,0.18182140588760376,-0.3190886974334717,-0.021488353236236435,0.231087327003479,-0.3759840428829193,-0.024019034205593925,0.15975457429885864,-0.2050355076789856,-0.03783288188151346,0.26111602783203125,-0.21714723110198975,-0.052984818442382675,0.23342347145080566,-0.19745224714279175,-0.052082977815189224,0.18991100788116455,-0.18617677688598633,-0.04709612168244348,0.17643702030181885,-0.1107138991355896,-0.04286168850831018,0.26963335275650024,-0.1274070143699646,-0.04495299197606073,0.24180996417999268,-0.11644244194030762,-0.03542366586498247,0.20217859745025635,-0.10981738567352295,-0.03151084445289598,0.18544632196426392,-0.021245121955871582,-0.046220160646953445,0.2667727470397949,-0.04697972536087036,-0.04507743529848085,0.23759257793426514,-0.040789902210235596,-0.025435193999328476,0.19990324974060059,-0.034630656242370605,-0.015944197400131088,0.18671667575836182,0.05757486820220947,-0.049092910810031753,0.2459479570388794,0.022849678993225098,-0.04434515498451219,0.21756017208099365,0.025448381900787354,-0.024508239327587944,0.18807649612426758,0.034576356410980225,-0.01133932229004131,thumbs_up
0.0,0.0,0.0,0.04455280303955078,-0.13586771488189697,-0.0030959389326312703,0.11377233266830444,-0.24428659677505493,-0.011531225979808823,0.18059951066970825,-0.3174246549606323,-0.01816391350376989,0.23004138469696045,-0.37172943353652954,-0.01979880558002378,0.16086643934249878,-0.20134902000427246,-0.035776154712323205,0.25758469104766846,-0.21293962001800537,-0.04956137539494421,0.23007076978683472,-0.19458115100860596,-0.04776650072682287,0.1869449019432068,-0.18327313661575317,-0.042272789046648995,0.17727231979370117,-0.10674184560775757,-0.04091527463543798,0.26690322160720825,-0.12436282634735107,-0.04197823406803991,0.23842233419418335,-0.11515265703201294,-0.032541239277009026,0.1991443634033203,-0.10868602991104126,-0.028726497307900445,0.18579471111297607,-0.017002642154693604,-0.04417388291705038,0.2638241648674011,-0.043963491916656494,-0.042407674357775704,0.234744131565094,-0.03871721029281616,-0.02313587965119268,0.1984272599220276,-0.03247261047363281,-0.013836018383983628,0.1859608292579651,0.06194406747817993,-0.04671448619711782,0.24370235204696655,0.026629328727722168,-0.040395525858286874,0.21590924263000488,0.028831660747528076,-0.01950249598968412,0.18755114078521729,0.037941813468933105,-0.005690686513219134,thumbs_up
0.0,0.0,0.0,0.03988635540008545,-0.13433164358139038,-0.003322508937742441,0.10773730278015137,-0.24266928434371948,-0.011605884700145452,0.17600542306900024,-0.313362181186676,-0.01813787297072622,0.22578555345535278,-0.3666609823703766,-0.019445956504966944,0.15258699655532837,-0.20891401171684265,-0.03250177466037485,0.24727535247802734,-0.22078636288642883,-0.047738219431664675,0.21788686513900757,-0.20329958200454712,-0.04841690399410936,0.1745896339416504,-0.19012612104415894,-0.044433115801837175,0.16986417770385742,-0.11579692363739014,-0.03746537753107759,0.25866973400115967,-0.1327490210533142,-0.03997829445364687,0.23018419742584229,-0.12274986505508423,-0.03178979717853281,0.19036006927490234,-0.11364138126373291,-0.028080328187968462,0.1798795461654663,-0.027514517307281494,-0.0410489987647793,0.25553393363952637,-0.051716744899749756,-0.04035902657273027,0.2266966700553894,-0.04533100128173828,-0.022107492021348207,0.18973666429519653,-0.037586987018585205,-0.012857818796362608,0.1821785569190979,0.05025535821914673,-0.044186043373372286,0.2358645796775818,0.018811047077178955,-0.03927308954956743,0.20759731531143188,0.02267301082611084,-0.02023288682761404,0.17965185642242432,0.03259241580963135,-0.007289874187733858,thumbs_up
0.0,0.0,0.0,0.04190295934677124,-0.132440984249115,-0.0038805282179623646,0.11067265272140503,-0.23868328332901,-0.011242351445218901,0.17888939380645752,-0.3093968331813812,-0.016912085885962824,0.22928082942962646,-0.3630557954311371,-0.017507763529977183,0.15689724683761597,-0.20944666862487793,-0.02928425925489364,0.24908745288848877,-0.2187773883342743,-0.04431353504475055,0.22014939785003662,-0.19719833135604858,-0.04620930547531543,0.17719578742980957,-0.18411463499069214,-0.04353916267569957,0.17532050609588623,-0.11823463439941406,-0.03431786964353023,0.2614733576774597,-0.13231807947158813,-0.03608256573494373,0.23359405994415283,-0.11751168966293335,-0.029081957365235667,0.1944059133529663,-0.10921263694763184,-0.02652106056626735,0.1854485273361206,-0.02957463264465332,-0.03821193049367366,0.25679731369018555,-0.05088168382644653,-0.03730321670587955,0.22850483655929565,-0.04107755422592163,-0.019476406226715426,0.19214355945587158,-0.03449517488479614,-0.010698914478382449,0.18678337335586548,0.0490075945854187,-0.041799556414446215,0.2369595766067505,0.020098507404327393,-0.03661392996724544,0.20895910263061523,0.025839626789093018,-0.017055958459934573,0.18100595474243164,0.034424781799316406,-0.0037537679978072447,thumbs_up
0.0,0.0,0.0,0.040888309478759766,-0.13310277462005615,-0.003902867814019828,0.10988205671310425,-0.23790666460990906,-0.010920846281067043,0.17889362573623657,-0.3088626265525818,-0.01642587073655477,0.22990047931671143,-0.36286357045173645,-0.016863352065399795,0.15300840139389038,-0.2115897238254547,-0.026670594145969062,0.24196410179138184,-0.22892901301383972,-0.04136721827597967,0.21251755952835083,-0.20445460081100464,-0.04367260300131193,0.17078542709350586,-0.1878727674484253,-0.04129057415337911,0.17268586158752441,-0.12162697315216064,-0.031025307630613952,0.25490230321884155,-0.14151817560195923,-0.03208532967181554,0.22664058208465576,-0.12526237964630127,-0.025227979203179984,0.18884217739105225,-0.11397844552993774,-0.022891780739143996,0.18467915058135986,-0.03378540277481079,-0.034481488545850425,0.252860963344574,-0.058838069438934326,-0.03317435123534551,0.22482633590698242,-0.04808998107910156,-0.016048757736996322,0.18938368558883667,-0.03855013847351074,-0.007726482493296771,0.18841832876205444,0.04378652572631836,-0.03771866150708547,0.23637932538986206,0.012888073921203613,-0.032557085534051566,0.2091304063796997,0.0196496844291687,-0.014003432733431964,0.1828688383102417,0.0306740403175354,-0.0013358554853653004,thumbs_up
0.0,0.0,0.0,0.037471234798431396,-0.13408750295639038,-0.004489983164432942,0.10563814640045166,-0.23778611421585083,-0.011377398122760951,0.1744457483291626,-0.30898022651672363,-0.016389239777538478,0.22266191244125366,-0.3674449026584625,-0.016437873442384898,0.14826077222824097,-0.2222346067428589,-0.027051653911087215,0.2371341586112976,-0.23102420568466187,-0.04041723181745738,0.20888477563858032,-0.20556586980819702,-0.041849069495413005,0.16698378324508667,-0.1905890703201294,-0.03905653600833148,0.169852614402771,-0.13008970022201538,-0.030710401211592853,0.24991858005523682,-0.1446736454963684,-0.029799545381877124,0.2234753966331482,-0.12578719854354858,-0.022429889266106784,0.1867414116859436,-0.11460578441619873,-0.02058709432623118,0.18354958295822144,-0.03989577293395996,-0.0334083030118677,0.24952596426010132,-0.0615503191947937,-0.030843747977826297,0.22284197807312012,-0.048896610736846924,-0.013626787078294456,0.18742328882217407,-0.03942161798477173,-0.005990655359539687,0.18901705741882324,0.03859364986419678,-0.035964042146417796,0.23512673377990723,0.01051473617553711,-0.03039753270587653,0.20792871713638306,0.019321322441101074,-0.01208092850885123,0.1807459592819214,0.030245482921600342,8.742045446297197e-05,thumbs_up
0.0,0.0,0.0,0.03566080331802368,-0.13489431142807007,-0.005277256653641871,0.1041070818901062,-0.23849737644195557,-0.011649456513112,0.1739490032196045,-0.31067904829978943,-0.015586088118141106,0.22187596559524536,-0.3690034747123718,-0.014503646348600796,0.14645171165466309,-0.22323280572891235,-0.028348293793385437,0.23459863662719727,-0.23231405019760132,-0.04122101951855939,0.20888358354568481,-0.206781268119812,-0.0416133521916322,0.16866183280944824,-0.1922975778579712,-0.03824557427782338,0.16949212551116943,-0.13157737255096436,-0.030915631619279793,0.248246431350708,-0.1455669403076172,-0.029362764847462586,0.2229398488998413,-0.12664729356765747,-0.021036862102334908,0.18754112720489502,-0.11697369813919067,-0.01863677118439,0.18445515632629395,-0.041739702224731445,-0.032430537682955674,0.24771356582641602,-0.06376934051513672,-0.02974691119510453,0.22182202339172363,-0.05024474859237671,-0.012400726494377068,0.1877129077911377,-0.041154325008392334,-0.004652450033461264,0.19032102823257446,0.03652125597000122,-0.03375813801307004,0.23178911209106445,0.009063422679901123,-0.028251805049364975,0.20503348112106323,0.018729209899902344,-0.010234635029917172,0.1796811819076538,0.029782652854919434,0.0018239470105640976,thumbs_up
0.0,0.0,0.0,0.03485041856765747,-0.13434827327728271,-0.0052940874871580945,0.10351020097732544,-0.23522305488586426,-0.011073888889399086,0.173780620098114,-0.30474159121513367,-0.014613540521708046,0.21922093629837036,-0.36428102850914,-0.013116275570240532,0.14442527294158936,-0.22400760650634766,-0.025561723536696945,0.2332613468170166,-0.2292601466178894,-0.03846019288047842,0.20763921737670898,-0.203325092792511,-0.03973114272102407,0.1677316427230835,-0.19055694341659546,-0.03700650264963201,0.16769695281982422,-0.1319454312324524,-0.02829894391342691,0.24649226665496826,-0.14326035976409912,-0.027198172784295593,0.22170180082321167,-0.1237565279006958,-0.0200359743599563,0.18674498796463013,-0.11551189422607422,-0.018297273344245468,0.1830434799194336,-0.0418398380279541,-0.030212716809359108,0.24644649028778076,-0.06208014488220215,-0.02816100945219091,0.22095221281051636,-0.04848402738571167,-0.01160753579333118,0.1868261694908142,-0.04074442386627197,-0.004134083776619946,0.18946003913879395,0.03613734245300293,-0.03201797758683256,0.23243385553359985,0.010481595993041992,-0.026910863495317017,0.20601683855056763,0.019321978092193604,-0.009217100827839886,0.17986512184143066,0.02865999937057495,0.0027265416878492488,thumbs_up
0.0,0.0,0.0,0.0338137149810791,-0.13237297534942627,-0.005357253733592415,0.1033167839050293,-0.23365861177444458,-0.011143126427697325,0.1741020679473877,-0.30333012342453003,-0.014625768079923773,0.2201809287071228,-0.3628367781639099,-0.01306786750959077,0.1439744234085083,-0.22170695662498474,-0.026783441096114302,0.23458927869796753,-0.22940731048583984,-0.04025112734692016,0.20830708742141724,-0.20326584577560425,-0.041699699028896475,0.1677495241165161,-0.18942058086395264,-0.03891779006974616,0.1671586036682129,-0.12934660911560059,-0.029533690675663138,0.24779033660888672,-0.14214622974395752,-0.02881386214451709,0.22260797023773193,-0.12262964248657227,-0.021447488009499693,0.18731266260147095,-0.11367732286453247,-0.019436621009873534,0.18256086111068726,-0.03867369890213013,-0.031452382817434454,0.24739187955856323,-0.05996328592300415,-0.029467186793254996,0.22129833698272705,-0.04655700922012329,-0.01256009833471694,0.18687361478805542,-0.03888958692550659,-0.004863337050693417,0.18922138214111328,0.03976130485534668,-0.03327576713220992,0.23313403129577637,0.013201534748077393,-0.028196851625608588,0.20612573623657227,0.022208690643310547,-0.010386634520756388,0.1799105405807495,0.03161734342575073,0.0015429968288742657,thumbs_up
0.0,0.0,0.0,0.03248482942581177,-0.1339988112449646,-0.006280571024348092,0.10045427083969116,-0.23634696006774902,-0.013078284717579436,0.16982585191726685,-0.30918771028518677,-0.01753699340619619,0.21159207820892334,-0.3730480372905731,-0.016868542216201377,0.13977301120758057,-0.22645458579063416,-0.02777142383851583,0.22979676723480225,-0.23917019367218018,-0.04191585936345632,0.20419591665267944,-0.21075087785720825,-0.04339366712369497,0.16365855932235718,-0.19535255432128906,-0.040443129173894476,0.16383588314056396,-0.135667085647583,-0.030383938259859633,0.24380427598953247,-0.15148651599884033,-0.03043020264007623,0.21851986646652222,-0.130573570728302,-0.023011490039010596,0.18294483423233032,-0.12040936946868896,-0.020711818046351027,0.1797468066215515,-0.04633164405822754,-0.03229155697621877,0.2444237470626831,-0.06879651546478271,-0.030618368915696692,0.21904152631759644,-0.0550115704536438,-0.013707900687535357,0.18502908945083618,-0.046056151390075684,-0.005914632964362454,0.18672913312911987,0.03123849630355835,-0.03422130950488622,0.2296450138092041,0.004425525665283203,-0.02927855149604852,0.20335304737091064,0.013891160488128662,-0.011599229916413378,0.17804938554763794,0.024382591247558594,0.0002730230568488423,thumbs_up
0.0,0.0,0.0,0.031656861305236816,-0.13699859380722046,-0.005592361428796266,0.10096126794815063,-0.2376193404197693,-0.011642461513190483,0.17194128036499023,-0.30720263719558716,-0.014877071474700188,0.21314680576324463,-0.37062743306159973,-0.013138551135568832,0.14075851440429688,-0.23089203238487244,-0.02836711691787741,0.22948503494262695,-0.23630490899085999,-0.03996489556601546,0.20419460535049438,-0.20951378345489502,-0.03984615566304228,0.1643102765083313,-0.19581127166748047,-0.03632304804494879,0.165705144405365,-0.1378406286239624,-0.030554827173261856,0.24321889877319336,-0.15047705173492432,-0.027539035175948356,0.2188427448272705,-0.13076865673065186,-0.018964953591137146,0.18392080068588257,-0.12086397409439087,-0.016701765229015564,0.18261253833770752,-0.04666292667388916,-0.03162257732918761,0.2429531216621399,-0.06888741254806519,-0.028019031380324577,0.21835100650787354,-0.054712772369384766,-0.011296162252335762,0.18490904569625854,-0.044793665409088135,-0.004266167395769571,0.19057011604309082,0.03242599964141846,-0.03252191083601019,0.22936898469924927,0.0037938356399536133,-0.026535976548700546,0.20317012071609497,0.014500141143798828,-0.008830970023780083,0.17795783281326294,0.026131510734558105,0.0028334224028299104,thumbs_up
0.0,0.0,0.0,0.0320248007774353,-0.1352645754814148,-0.004923736971335302,0.10107618570327759,-0.23722314834594727,-0.010704874821470867,0.17133980989456177,-0.3075602650642395,-0.01413167437212337,0.2136932611465454,-0.3713110089302063,-0.012713993728624473,0.14252227544784546,-0.2333678901195526,-0.027128109537528644,0.23188120126724243,-0.2362351417541504,-0.04012273048655857,0.2072899341583252,-0.20774567127227783,-0.04181535711185802,0.1669778823852539,-0.1950836181640625,-0.03954536636965145,0.16669750213623047,-0.1409471035003662,-0.03042959032254089,0.2446262240409851,-0.1493610143661499,-0.028380201958583484,0.2204262614250183,-0.1277664303779602,-0.020938873120115886,0.1853799819946289,-0.11926990747451782,-0.01948746090428699,0.18281501531600952,-0.04945361614227295,-0.03280464728968013,0.2439059019088745,-0.06616735458374023,-0.030206484549211154,0.21850425004959106,-0.05120569467544556,-0.01384559908555616,0.18409788608551025,-0.043214619159698486,-0.006936095484064708,0.18999338150024414,0.030272066593170166,-0.035056209020780216,0.22893089056015015,0.006955623626708984,-0.029508694835470806,0.20186811685562134,0.017237544059753418,-0.0119485657815801,0.17559164762496948,0.02657902240753174,-0.00038957220758106814,thumbs_up
0.0,0.0,0.0,0.03044074773788452,-0.13872647285461426,-0.0035319535967346383,0.10020333528518677,-0.239313542842865,-0.009729286234119172,0.17047423124313354,-0.3097495436668396,-0.013594088654258485,0.21136397123336792,-0.37545251846313477,-0.012849186125436063,0.1426929235458374,-0.23515909910202026,-0.029421818952300782,0.23069047927856445,-0.24240130186080933,-0.041776662270763154,0.20390230417251587,-0.21259397268295288,-0.042313357393481965,0.16346633434295654,-0.1975996494293213,-0.03941637421701216,0.16696763038635254,-0.14286142587661743,-0.03366781542752051,0.24360674619674683,-0.1555824875831604,-0.03055729302320742,0.21722781658172607,-0.1328514814376831,-0.021415356124975915,0.18208259344100952,-0.12194168567657471,-0.019101138736346,0.1822032928466797,-0.050930678844451904,-0.036602189342715974,0.24350875616073608,-0.07262903451919556,-0.03336673374030852,0.216483473777771,-0.05590575933456421,-0.015386689032652612,0.18248915672302246,-0.04501718282699585,-0.007792782548108335,0.187774658203125,0.029530465602874756,-0.039196541111209626,0.22692394256591797,0.0017055869102478027,-0.033683152447679277,0.19912642240524292,0.013999700546264648,-0.015098223972358937,0.17326056957244873,0.026076912879943848,-0.0029349322870757533,thumbs_up
0.0,0.0,0.0,0.03054642677307129,-0.13894158601760864,-0.003427643275472292,0.09920656681060791,-0.2394525706768036,-0.009210849360215434,0.16929787397384644,-0.30879831314086914,-0.012743467644440898,0.21005314588546753,-0.3737541735172272,-0.011425015695976981,0.14248627424240112,-0.23452448844909668,-0.02755890711455322,0.22921526432037354,-0.2420811653137207,-0.03890601842908836,0.20247375965118408,-0.21393918991088867,-0.03857766389160133,0.16220402717590332,-0.19912701845169067,-0.03515341057686783,0.1667412519454956,-0.1430339813232422,-0.03171075060276962,0.24229997396469116,-0.1555066704750061,-0.028359593071627387,0.21617531776428223,-0.134568989276886,-0.019276526935982474,0.18111521005630493,-0.12385308742523193,-0.01692472509353138,0.18215566873550415,-0.05213427543640137,-0.03458975180296875,0.2423519492149353,-0.07271438837051392,-0.031279134743499526,0.21615266799926758,-0.05749356746673584,-0.013767089874136218,0.18233329057693481,-0.047215819358825684,-0.006427015822964677,0.18819427490234375,0.027780115604400635,-0.03714205994515396,0.22737735509872437,0.0015026330947875977,-0.03151345922856308,0.19987565279006958,0.012407660484313965,-0.013096419342446097,0.17354631423950195,0.023215055465698242,-0.0010056606890884723,thumbs_up
0.0,0.0,0.0,0.029071390628814697,-0.13949042558670044,-0.0030184907294028562,0.09689205884933472,-0.24054095149040222,-0.009606554863523797,0.16477030515670776,-0.31110048294067383,-0.013881039564978437,0.2032543420791626,-0.3776516616344452,-0.013676314373981313,0.13754165172576904,-0.23697170615196228,-0.03066871291167672,0.2287471890449524,-0.24015048146247864,-0.04308510361380513,0.20283639430999756,-0.21285825967788696,-0.043548164648484544,0.162436842918396,-0.1998041272163391,-0.04054310707516606,0.16155505180358887,-0.14399230480194092,-0.035060209912728624,0.24031752347946167,-0.15553182363510132,-0.032198993248414354,0.2144741415977478,-0.13581138849258423,-0.02302091544635232,0.17892199754714966,-0.12507367134094238,-0.020688943324159936,0.177021324634552,-0.051909446716308594,-0.03793301968045171,0.23978853225708008,-0.07455825805664062,-0.03409140719242032,0.21333372592926025,-0.05974853038787842,-0.01575942127175267,0.17951035499572754,-0.048085570335388184,-0.008052021955620603,0.18359172344207764,0.02811342477798462,-0.04041684953637059,0.2240002155303955,-0.0022758841514587402,-0.03357383771009381,0.19680935144424438,0.00858849287033081,-0.014247067963253812,0.17115217447280884,0.021502375602722168,-0.0018659129194134039,thumbs_up
0.0,0.0,0.0,0.02871692180633545,-0.13792967796325684,-0.003303913260083391,0.09865576028823853,-0.23923340439796448,-0.009413846628945066,0.16730010509490967,-0.3110853433609009,-0.013050373504142954,0.20584040880203247,-0.3780762255191803,-0.012117350334506227,0.13950055837631226,-0.2373012900352478,-0.030265447544138624,0.22933721542358398,-0.2409079372882843,-0.04299497683553,0.20258766412734985,-0.21454888582229614,-0.04372305129675169,0.1620798110961914,-0.20105630159378052,-0.040814862447064115,0.16346877813339233,-0.14459913969039917,-0.034582734899800016,0.2412073016166687,-0.15681880712509155,-0.03189544086365004,0.21458792686462402,-0.13822680711746216,-0.022483263956587507,0.17896878719329834,-0.12737935781478882,-0.01980676767436762,0.17883747816085815,-0.052482545375823975,-0.03750320975689192,0.2406473159790039,-0.0748627781867981,-0.03422726397423048,0.21375012397766113,-0.06056612730026245,-0.015946649806778623,0.180131196975708,-0.04908955097198486,-0.00807822295485039,0.1851831078529358,0.027999401092529297,-0.04002503012327452,0.22526204586029053,-0.0014783740043640137,-0.03365056295899649,0.19711697101593018,0.009542346000671387,-0.014222313510458662,0.1712474226951599,0.02250117063522339,-0.001628825185093774,thumbs_up
0.0,0.0,0.0,0.030866503715515137,-0.13550716638565063,-0.0040760036742995,0.10014092922210693,-0.23904505372047424,-0.011027343217165253,0.16498059034347534,-0.31360453367233276,-0.015785493533940098,0.2024366855621338,-0.38205641508102417,-0.016195310857028744,0.14107060432434082,-0.23672723770141602,-0.030683329906196377,0.23210906982421875,-0.24003952741622925,-0.046101784910888455,0.20605921745300293,-0.21172720193862915,-0.04942650964471795,0.16495031118392944,-0.1980007290840149,-0.04806238284322717,0.16446638107299805,-0.1452009677886963,-0.03556848933908441,0.24517875909805298,-0.15549999475479126,-0.035576733406514904,0.2186322808265686,-0.13441771268844604,-0.02802504843089082,0.18169885873794556,-0.12368792295455933,-0.026176665555567524,0.17941278219223022,-0.05306720733642578,-0.039271513577432415,0.24391084909439087,-0.07276535034179688,-0.037644709106416485,0.21591758728027344,-0.056986331939697266,-0.019308705460161946,0.18090254068374634,-0.0462956428527832,-0.011057057995230934,0.18504416942596436,0.02828115224838257,-0.04274287318798997,0.2268052101135254,0.002720355987548828,-0.03695252781722047,0.19752997159957886,0.013759076595306396,-0.01717394275578954,0.17061805725097656,0.0249786376953125,-0.004244356993467591,thumbs_up
0.0,0.0,0.0,0.03308522701263428,-0.13337671756744385,-0.002994739595351348,0.10434311628341675,-0.2409561276435852,-0.00967548126868678,0.163130521774292,-0.3182950019836426,-0.014193568290693293,0.18971431255340576,-0.3893362581729889,-0.01483868053696824,0.14492696523666382,-0.2410355806350708,-0.03173821503810359,0.23385822772979736,-0.22847944498062134,-0.04627259532503558,0.20756161212921143,-0.19982808828353882,-0.049146012315077314,0.16679859161376953,-0.19097471237182617,-0.048357156017345915,0.16634732484817505,-0.14847010374069214,-0.03803870911292506,0.24695038795471191,-0.1463451385498047,-0.03828557292513324,0.21961474418640137,-0.12351226806640625,-0.030721920454425344,0.18203574419021606,-0.11584258079528809,-0.029172069305104742,0.1800440549850464,-0.05381953716278076,-0.042744242498201857,0.2451154589653015,-0.06346231698989868,-0.040871796110195646,0.21554630994796753,-0.04528152942657471,-0.021564411842746267,0.17983055114746094,-0.03665727376937866,-0.013028393411559591,0.1847500205039978,0.030839383602142334,-0.04718223298482371,0.22747427225112915,0.012317299842834473,-0.04042346859864665,0.1973196268081665,0.023797571659088135,-0.01969539644710494,0.16973721981048584,0.03250765800476074,-0.0066208358905441855,thumbs_up
0.0,0.0,0.0,0.031847238540649414,-0.13130080699920654,-0.004659566345907251,0.10072052478790283,-0.2380559742450714,-0.01205719426954488,0.1597689986228943,-0.31498032808303833,-0.0171681761437128,0.18841993808746338,-0.38510891795158386,-0.018280022560901443,0.1430850625038147,-0.2407662272453308,-0.03142976646060447,0.2305184006690979,-0.22521236538887024,-0.046581244810766975,0.2043168544769287,-0.196905255317688,-0.05048876513475875,0.16467541456222534,-0.19008398056030273,-0.050620051815457145,0.1645408272743225,-0.14850443601608276,-0.037361061915106575,0.24433225393295288,-0.14410293102264404,-0.038522767617649833,0.2175632119178772,-0.12132960557937622,-0.03195232410664062,0.18076324462890625,-0.11456072330474854,-0.030901069536156456,0.1784319281578064,-0.0539817214012146,-0.04198445637459258,0.24291223287582397,-0.06111407279968262,-0.04123199243778686,0.21361780166625977,-0.042613983154296875,-0.02257688228721122,0.1780921220779419,-0.03475552797317505,-0.01416105475956897,0.18341070413589478,0.030537962913513184,-0.04655244086617927,0.22496402263641357,0.015342473983764648,-0.04108189304108123,0.19480329751968384,0.027355432510375977,-0.021051470904893677,0.16727674007415771,0.03555417060852051,-0.008120416446871559,thumbs_up
0.0,0.0,0.0,0.03238171339035034,-0.12905776500701904,-0.007202505027493089,0.09496355056762695,-0.24626237154006958,-0.016429088437547534,0.14346861839294434,-0.3328283727169037,-0.022094716677059978,0.16570407152175903,-0.40294745564460754,-0.023195286640515178,0.1463470458984375,-0.23077082633972168,-0.04234869720934853,0.235853374004364,-0.21621385216712952,-0.05352105143069252,0.20844972133636475,-0.18939226865768433,-0.04999325739740357,0.16580963134765625,-0.18450182676315308,-0.04548275040983185,0.16624301671981812,-0.14011049270629883,-0.04656773375867829,0.2453708052635193,-0.1370808482170105,-0.04680701660512909,0.21624743938446045,-0.11603701114654541,-0.03672641831039414,0.17617511749267578,-0.11032015085220337,-0.03353942873476967,0.17838692665100098,-0.047940075397491455,-0.04859888123868927,0.24240857362747192,-0.05503815412521362,-0.04628043192028031,0.21194833517074585,-0.037512004375457764,-0.026260852241506427,0.17366951704025269,-0.02930295467376709,-0.0176944391667746,0.18144941329956055,0.03617316484451294,-0.05047825666665062,0.2243669033050537,0.021049797534942627,-0.046154222810258716,0.19317132234573364,0.03120797872543335,-0.027068538019051402,0.1635594367980957,0.03800410032272339,-0.0150070762127541,thumbs_up
0.0,0.0,0.0,0.029989242553710938,-0.1297755241394043,-0.007484421734261559,0.09047269821166992,-0.24687892198562622,-0.01737369237889652,0.14050740003585815,-0.33498913049697876,-0.023953490093845176,0.16275721788406372,-0.4063231348991394,-0.026374144614237593,0.1491904854774475,-0.2298664152622223,-0.04134007556785946,0.23594743013381958,-0.21817415952682495,-0.052599422768253135,0.20951861143112183,-0.1922818422317505,-0.04978553964247112,0.1679311990737915,-0.18581557273864746,-0.04571548862804775,0.16962862014770508,-0.13844835758209229,-0.045094106480974006,0.2442043423652649,-0.13977926969528198,-0.045006815478700446,0.2149450182914734,-0.11999112367630005,-0.03543889163483982,0.17567193508148193,-0.1123620867729187,-0.03281197710384731,0.18138110637664795,-0.04588520526885986,-0.04677215232004528,0.24205940961837769,-0.05685144662857056,-0.04480648054232006,0.2127339243888855,-0.042285919189453125,-0.02632753191937809,0.17567509412765503,-0.033473074436187744,-0.018782243267196463,0.18471133708953857,0.0383380651473999,-0.048104208097356604,0.22515499591827393,0.017582237720489502,-0.043845161930221366,0.195137619972229,0.02570122480392456,-0.02518001584758167,0.16703325510025024,0.03305619955062866,-0.013341207191842841,thumbs_up
0.0,0.0,0.0,0.03031080961227417,-0.1295894980430603,-0.007394724194028868,0.08954191207885742,-0.24935558438301086,-0.018761767208644642,0.1398169994354248,-0.34100615978240967,-0.02688520787663151,0.16159862279891968,-0.4140809178352356,-0.03062453879422833,0.14904475212097168,-0.23715198040008545,-0.04357037520415474,0.24031955003738403,-0.21829181909561157,-0.055909304082462086,0.21566814184188843,-0.18691933155059814,-0.053109387070009006,0.1745402216911316,-0.1822667121887207,-0.04919756031043221,0.1695030927658081,-0.1470499038696289,-0.048528866976568,0.24972134828567505,-0.13738173246383667,-0.04882917007810761,0.22034507989883423,-0.11325949430465698,-0.03817887803919007,0.18019288778305054,-0.10985523462295532,-0.03496738722927262,0.18182992935180664,-0.05387270450592041,-0.051439473539659275,0.24733084440231323,-0.0555422306060791,-0.04969954317814995,0.21663755178451538,-0.03796428442001343,-0.029799118772217525,0.17793285846710205,-0.032559752464294434,-0.021565022081205143,0.1857660412788391,0.03220623731613159,-0.05418219617016007,0.2259017825126648,0.01895850896835327,-0.050601890444823994,0.19418460130691528,0.02903282642364502,-0.031626494735547794,0.1647070050239563,0.03406721353530884,-0.01958308196074654,thumbs_up
0.0,0.0,0.0,0.026971876621246338,-0.13010317087173462,-0.007725031810252858,0.08360463380813599,-0.2505183815956116,-0.019086532524227096,0.13314062356948853,-0.3424701988697052,-0.02767455228269,0.1559169888496399,-0.41601109504699707,-0.03193172649145026,0.14732462167739868,-0.2375819981098175,-0.040873835092781974,0.23553049564361572,-0.22156977653503418,-0.05373639822602172,0.21015667915344238,-0.19195061922073364,-0.05229541123509307,0.16863280534744263,-0.1850184202194214,-0.04930400312542815,0.16796958446502686,-0.14685207605361938,-0.04649290279149909,0.2453966736793518,-0.14055979251861572,-0.047834163761137916,0.21573692560195923,-0.11834800243377686,-0.03874730527996917,0.17509430646896362,-0.11273461580276489,-0.03642203868031402,0.17980337142944336,-0.05430316925048828,-0.0503957329750051,0.24420887231826782,-0.059023380279541016,-0.04989953920841117,0.21352118253707886,-0.042766571044921875,-0.030791616296767188,0.17499232292175293,-0.03616422414779663,-0.0228323100566854,0.18366718292236328,0.031084954738616943,-0.05418478906750579,0.2232477068901062,0.016183137893676758,-0.0514771735727777,0.19194990396499634,0.025471389293670654,-0.03268389613032241,0.16264665126800537,0.031109094619750977,-0.020612824937700225,thumbs_up
0.0,0.0,0.0,0.028659403324127197,-0.1320279836654663,-0.00787044520342306,0.08875042200088501,-0.2542271912097931,-0.018789209600925005,0.1376936435699463,-0.34681838750839233,-0.026167562406897105,0.15684521198272705,-0.42085152864456177,-0.029201008554935015,0.15260928869247437,-0.23522186279296875,-0.04472400638127283,0.24150395393371582,-0.21944093704223633,-0.055121407088279284,0.21433508396148682,-0.1902582049369812,-0.05093665438556627,0.17174160480499268,-0.1851072907447815,-0.04652667435669855,0.1724836826324463,-0.14317405223846436,-0.04974926280641512,0.2479512095451355,-0.1397344470024109,-0.04896999168062166,0.21752870082855225,-0.11880612373352051,-0.03849917295241312,0.17713385820388794,-0.11198592185974121,-0.03579027595782236,0.1833159327507019,-0.04949873685836792,-0.052422508772849596,0.2461966872215271,-0.05854600667953491,-0.05036452802681879,0.21561318635940552,-0.0434914231300354,-0.031060030859350718,0.17764121294021606,-0.034767866134643555,-0.023468708794951,0.18629443645477295,0.03613865375518799,-0.05475410836601213,0.22601968050003052,0.014962613582611084,-0.05136162432694391,0.19545972347259521,0.024512827396392822,-0.03210770356321291,0.16722524166107178,0.034512341022491455,-0.01988165656888441,thumbs_up
0.0,0.0,0.0,0.028529644012451172,-0.13406860828399658,-0.00820322534283946,0.08385574817657471,-0.25399571657180786,-0.02097201919397662,0.13011759519577026,-0.34801191091537476,-0.030722594021170835,0.14783042669296265,-0.4232816696166992,-0.036099499224036435,0.14985239505767822,-0.23408719897270203,-0.042728593705504636,0.23942434787750244,-0.2192171812057495,-0.05373053824743579,0.2127724289894104,-0.19201433658599854,-0.050834739713280896,0.17187321186065674,-0.18741005659103394,-0.04726543849548648,0.17073559761047363,-0.14236652851104736,-0.04750283634504626,0.24817931652069092,-0.14127671718597412,-0.046836888550132016,0.21934551000595093,-0.12174677848815918,-0.03714646598538707,0.1799880862236023,-0.11475294828414917,-0.03500983691057513,0.18271344900131226,-0.05005747079849243,-0.050143109767049054,0.2445935606956482,-0.0610690712928772,-0.04663316359958003,0.21560072898864746,-0.046401917934417725,-0.02738979658326457,0.17909741401672363,-0.037058234214782715,-0.02007679095706294,0.187524676322937,0.033709585666656494,-0.05271000614604304,0.22843867540359497,0.010172724723815918,-0.047009000687211255,0.2000347375869751,0.01893991231918335,-0.027176153047292928,0.173162043094635,0.029262661933898926,-0.014915620109348993,thumbs_up
0.0,0.0,0.0,0.028254389762878418,-0.13371622562408447,-0.00809613008038923,0.08523541688919067,-0.25444483757019043,-0.020311221927272527,0.13222938776016235,-0.3476722240447998,-0.029211767464744298,0.15005987882614136,-0.4222933351993561,-0.0338018783180587,0.15067428350448608,-0.23321110010147095,-0.04437156625078842,0.24119466543197632,-0.21895462274551392,-0.055085884854065625,0.21415865421295166,-0.19210439920425415,-0.051702624633776395,0.17199337482452393,-0.18769079446792603,-0.04768100239323303,0.17114245891571045,-0.1405705213546753,-0.04877948619412109,0.24876725673675537,-0.14073574542999268,-0.047651971205937116,0.21995913982391357,-0.12177103757858276,-0.03762906275676414,0.18027150630950928,-0.11451303958892822,-0.03539078168557808,0.18293911218643188,-0.04764336347579956,-0.050864046886431424,0.24560445547103882,-0.0597037672996521,-0.04707900665687248,0.21641045808792114,-0.04571026563644409,-0.027744295522438733,0.17945748567581177,-0.036073267459869385,-0.02047583878027126,0.18739497661590576,0.03650599718093872,-0.05276594914482757,0.2291109561920166,0.01155388355255127,-0.047062257751690595,0.2005050778388977,0.0198519229888916,-0.02737046264098808,0.17334896326065063,0.030481576919555664,-0.015286884717511384,thumbs_up
0.0,0.0,0.0,0.029308438301086426,-0.13310575485229492,-0.007154641165584508,0.08522498607635498,-0.25388211011886597,-0.0190916335724296,0.1310146450996399,-0.34678271412849426,-0.028004934503883305,0.14754533767700195,-0.4208132028579712,-0.032553800805658284,0.1486796736717224,-0.23144444823265076,-0.043715750291198674,0.24239540100097656,-0.21632492542266846,-0.0536278499804439,0.21492916345596313,-0.19090664386749268,-0.04900095002278704,0.1725175976753235,-0.18714654445648193,-0.04402723298892397,0.16890746355056763,-0.13916128873825073,-0.04825890572294611,0.2496606707572937,-0.13971656560897827,-0.04698295654281992,0.2205318808555603,-0.12219846248626709,-0.03620589660033602,0.18039977550506592,-0.11486434936523438,-0.03321490944847483,0.18129980564117432,-0.047046542167663574,-0.050379311158508244,0.24739545583724976,-0.06055605411529541,-0.04562732340320963,0.21820968389511108,-0.04801023006439209,-0.025750150396675053,0.18091964721679688,-0.03833562135696411,-0.018141122027486745,0.18725043535232544,0.036686599254608154,-0.052253135903924885,0.23101204633712769,0.009228825569152832,-0.04529179768189806,0.20296424627304077,0.016401946544647217,-0.025203320621699277,0.17603003978729248,0.02702808380126953,-0.013001884757727566,thumbs_up
0.0,0.0,0.0,0.029557883739471436,-0.13304930925369263,-0.006723418717228924,0.08606928586959839,-0.25400349497795105,-0.018422178809487377,0.13215094804763794,-0.3472561836242676,-0.02718379150792316,0.1487048864364624,-0.42167094349861145,-0.03157162096067623,0.14953047037124634,-0.23290681838989258,-0.043016178418838535,0.24244284629821777,-0.21714168787002563,-0.05260766472383693,0.21509075164794922,-0.19121813774108887,-0.04768886964484409,0.17297768592834473,-0.1874464750289917,-0.04262954543992237,0.1697145700454712,-0.14119380712509155,-0.0479058566288586,0.25008535385131836,-0.1401621699333191,-0.046364853043996845,0.2209089994430542,-0.12181860208511353,-0.03543721686764911,0.18088757991790771,-0.11482095718383789,-0.03237939428254322,0.18194550275802612,-0.049089908599853516,-0.05033907841607288,0.24732208251953125,-0.06144678592681885,-0.04544151004120067,0.2181859016418457,-0.04798799753189087,-0.02548752713664726,0.1809510588645935,-0.03857982158660889,-0.017877375592433964,0.18774598836898804,0.03504306077957153,-0.05251006584330753,0.23096567392349243,0.008684754371643066,-0.04547713871761516,0.20286250114440918,0.016325652599334717,-0.02527089591785625,0.1758074164390564,0.0265389084815979,-0.012987500873350655,thumbs_up
0.0,0.0,0.0,0.029173433780670166,-0.13314294815063477,-0.008336195831020632,0.08687460422515869,-0.25625091791152954,-0.019985918995757856,0.1338927149772644,-0.3501283526420593,-0.02887044764759139,0.1507088541984558,-0.42556682229042053,-0.03337704121770457,0.15256452560424805,-0.2342441976070404,-0.0396873365313013,0.2437039017677307,-0.21932709217071533,-0.05133780196013049,0.2158781886100769,-0.19214844703674316,-0.04965800895990924,0.1733502745628357,-0.18750089406967163,-0.046691198942085066,0.17250466346740723,-0.14262282848358154,-0.04435950621666507,0.25226926803588867,-0.1418657898902893,-0.04476519778074817,0.2228792905807495,-0.12224441766738892,-0.036314350661655226,0.1823473572731018,-0.11506092548370361,-0.034469788071533,0.18430101871490479,-0.05031687021255493,-0.04723774745764331,0.2487320899963379,-0.06178325414657593,-0.044658781138082304,0.2192649245262146,-0.047075092792510986,-0.026206786853094854,0.18164044618606567,-0.03752380609512329,-0.01884140364529685,0.1892106533050537,0.03439509868621826,-0.05006793617906169,0.23112064599990845,0.00936657190322876,-0.044805360135455885,0.2026442289352417,0.01791560649871826,-0.0254892735898693,0.175409197807312,0.02822744846343994,-0.013362295103092947,thumbs_up
0.0,0.0,0.0,0.03215658664703369,-0.13335883617401123,-0.008435962191015278,0.09126967191696167,-0.25401097536087036,-0.020329364976078068,0.13917618989944458,-0.34581655263900757,-0.028999316906720196,0.15971726179122925,-0.4198015630245209,-0.03309711388328651,0.15583592653274536,-0.23130866885185242,-0.044156092619687115,0.24932336807250977,-0.21437835693359375,-0.054735809033900296,0.22174710035324097,-0.1877460479736328,-0.04995867556908706,0.17970848083496094,-0.18367397785186768,-0.04490981197932342,0.1754763126373291,-0.13696622848510742,-0.048756204014807736,0.2585539221763611,-0.13725721836090088,-0.049207262164145504,0.2288551926612854,-0.11899495124816895,-0.03866679168322662,0.18801206350326538,-0.11165374517440796,-0.03529334015229324,0.18668872117996216,-0.043739914894104004,-0.051139290845185315,0.2541150450706482,-0.0574529767036438,-0.04844611830094436,0.2245582938194275,-0.04396241903305054,-0.028456903463393246,0.18684452772140503,-0.03424370288848877,-0.02018708868899921,0.19066619873046875,0.04061084985733032,-0.05336667171695808,0.23522686958312988,0.01378244161605835,-0.04808463475683311,0.20631903409957886,0.02147817611694336,-0.027955637714057957,0.17856502532958984,0.031838178634643555,-0.015324334083288704,thumbs_up
0.0,0.0,0.0,0.032076358795166016,-0.13391584157943726,-0.007195722000062688,0.09129077196121216,-0.25317561626434326,-0.019500923962652905,0.13917845487594604,-0.3450548052787781,-0.02880690960711263,0.15843427181243896,-0.4201231002807617,-0.03361882424479745,0.15602034330368042,-0.2345920205116272,-0.04500473818308137,0.25195014476776123,-0.2157716155052185,-0.05499487152820848,0.2242981195449829,-0.18668478727340698,-0.0494689509881141,0.1810651421546936,-0.18402767181396484,-0.0439532712710502,0.17544543743133545,-0.14085274934768677,-0.05023523575192712,0.2576875686645508,-0.13755738735198975,-0.04913048228746675,0.22726595401763916,-0.11654728651046753,-0.037728489996254666,0.18583720922470093,-0.11117243766784668,-0.03434042787677072,0.1863369345664978,-0.04648315906524658,-0.0530174688113334,0.25348442792892456,-0.05707794427871704,-0.04880360669022821,0.22281020879745483,-0.04149872064590454,-0.027923239083349927,0.18389904499053955,-0.03340601921081543,-0.01977259075766824,0.18992990255355835,0.03978872299194336,-0.055586414099991543,0.23309695720672607,0.016148030757904053,-0.04967098093158029,0.2033989429473877,0.024610817432403564,-0.029175728247821553,0.17490720748901367,0.03286772966384888,-0.016547653512418492,thumbs_up
0.0,0.0,0.0,0.0354996919631958,-0.13017874956130981,0.0019470332842388416,0.10738915205001831,-0.25239723920822144,-0.0027570757595754003,0.16364765167236328,-0.33300620317459106,-0.0061819479381597375,0.19664788246154785,-0.3947625160217285,-0.005266137938008342,0.16048657894134521,-0.2270979881286621,-0.03900324278976086,0.2634158730506897,-0.22156888246536255,-0.05311043286229733,0.23147445917129517,-0.19643819332122803,-0.050734092532650266,0.18405991792678833,-0.1885896921157837,-0.045563568412319455,0.17528098821640015,-0.13443374633789062,-0.04909576946403149,0.2725878357887268,-0.13985836505889893,-0.053727262704626355,0.2395085096359253,-0.12085187435150146,-0.04238411137367848,0.19396978616714478,-0.11159151792526245,-0.036049933223978314,0.18361657857894897,-0.04055488109588623,-0.05658025020267132,0.268832266330719,-0.055619120597839355,-0.05769885057117108,0.23553180694580078,-0.040682852268218994,-0.03529731655027035,0.19363659620285034,-0.03221410512924194,-0.023262069611803327,0.18438273668289185,0.0465388298034668,-0.06297759064938191,0.25224190950393677,0.01961493492126465,-0.0599229420116103,0.22020959854125977,0.02671051025390625,-0.03731996664311055,0.18554234504699707,0.03722226619720459,-0.02195208245422009,thumbs_up
0.0,0.0,0.0,0.038182079792022705,-0.1313236951828003,0.003758401298455283,0.11178535223007202,-0.25346070528030396,-0.0002103711217387172,0.17047590017318726,-0.3335002064704895,-0.0030816116691312345,0.20239382982254028,-0.3956742584705353,-0.0020983378258279117,0.16592413187026978,-0.23290562629699707,-0.03532977619624944,0.26630347967147827,-0.22150909900665283,-0.04677336135364385,0.2373417615890503,-0.19760364294052124,-0.04414931157089086,0.19198113679885864,-0.19006651639938354,-0.03928352737284513,0.18107229471206665,-0.13975346088409424,-0.04462617853141637,0.2749442458152771,-0.1390225887298584,-0.04464910024262281,0.24584972858428955,-0.11816424131393433,-0.03316729733205648,0.20203596353530884,-0.10978996753692627,-0.02828835913396688,0.1891840696334839,-0.044689297676086426,-0.05106614374972196,0.2694939374923706,-0.05355501174926758,-0.04772797444320531,0.2393215298652649,-0.03690367937088013,-0.02626554885364385,0.1986079216003418,-0.029541969299316406,-0.016498148752816633,0.18980389833450317,0.04295361042022705,-0.05632276677943082,0.2555031180381775,0.0199432373046875,-0.04969546416259618,0.22379940748214722,0.028093993663787842,-0.02750868195153089,0.18909990787506104,0.03544992208480835,-0.013569780005582288,thumbs_up
0.0,0.0,0.0,0.03446534276008606,-0.12698227167129517,0.004143283177370449,0.11602893471717834,-0.2419039011001587,-0.005893732480501512,0.18396183848381042,-0.3224796652793884,-0.01611269550750194,0.22084394097328186,-0.38741743564605713,-0.022282027698850015,0.14903923869132996,-0.22498416900634766,-0.04848740535209117,0.26997044682502747,-0.2290140986442566,-0.06582282768914638,0.25156155228614807,-0.20502817630767822,-0.062013926975225786,0.20796236395835876,-0.19375205039978027,-0.05440111743638454,0.15164169669151306,-0.1470082402229309,-0.06079154374430118,0.26793602108955383,-0.14682382345199585,-0.06682382064292369,0.2494446337223053,-0.12778550386428833,-0.05383746238777576,0.20880404114723206,-0.12230479717254639,-0.047205711774324755,0.14892837405204773,-0.06021934747695923,-0.06986160116622386,0.26045307517051697,-0.06764101982116699,-0.07187005417773662,0.23997768759727478,-0.05104076862335205,-0.048599238566851,0.19974765181541443,-0.04629921913146973,-0.03633330302665172,0.1413150131702423,0.0237540602684021,-0.0774671836418861,0.2331739366054535,0.003701329231262207,-0.07451772230098186,0.21497800946235657,0.014427483081817627,-0.051971125475859026,0.18078336119651794,0.02002054452896118,-0.03702232526967464,thumbs_up
0.0,0.0,0.0,0.04618456959724426,-0.12451040744781494,0.0012924810618528682,0.12832945585250854,-0.24097388982772827,-0.009789020896107559,0.19641268253326416,-0.32474976778030396,-0.021238945566267375,0.2326793670654297,-0.390791118144989,-0.028960768275112514,0.15724575519561768,-0.22287040948867798,-0.038674315579385166,0.27382373809814453,-0.2270868420600891,-0.06155590540930689,0.2681546211242676,-0.21010822057724,-0.0668848176972574,0.2361234426498413,-0.20054090023040771,-0.06554449550077379,0.15570884943008423,-0.14714586734771729,-0.05046794391438425,0.2657284140586853,-0.14431393146514893,-0.05834054029747904,0.2701031565666199,-0.13111263513565063,-0.05164737082287729,0.2522761821746826,-0.12594980001449585,-0.04973026192948282,0.15077650547027588,-0.06194758415222168,-0.06065980545446337,0.2531076669692993,-0.07055968046188354,-0.06641245088741243,0.2626767158508301,-0.0603904128074646,-0.048753252394647006,0.2514311671257019,-0.057294487953186035,-0.038971351601333026,0.14512097835540771,0.02220553159713745,-0.06972807846233309,0.22754240036010742,-0.00666964054107666,-0.06969738952085436,0.23561859130859375,-0.0028310418128967285,-0.04997338927552164,0.2278733253479004,0.0008899569511413574,-0.03560638628169954,thumbs_up
0.0,0.0,0.0,-0.04503428936004639,-0.11992603540420532,-0.008875251483118518,-0.11277550458908081,-0.23603475093841553,-0.02533366597810982,-0.16586768627166748,-0.33281204104423523,-0.04110772043088673,-0.19081026315689087,-0.41601645946502686,-0.05475648372987507,-0.12076252698898315,-0.2657385766506195,-0.047392557110583766,-0.2611371874809265,-0.2558138370513916,-0.07977432638028858,-0.2438051700592041,-0.2107398509979248,-0.08699845403054951,-0.19951289892196655,-0.2064698338508606,-0.08839705466846226,-0.10355579853057861,-0.1991519331932068,-0.05744367345789669,-0.2587437033653259,-0.17092537879943848,-0.08288446694234608,-0.22187167406082153,-0.1416274905204773,-0.07721762239555119,-0.18132305145263672,-0.14886093139648438,-0.07444071650127171,-0.09342050552368164,-0.12250792980194092,-0.06800598531583546,-0.23815113306045532,-0.10004431009292603,-0.0923332336507201,-0.20061784982681274,-0.07890242338180542,-0.07787036031106709,-0.1577795147895813,-0.0913541316986084,-0.06845766186336277,-0.08800828456878662,-0.0418546199798584,-0.07809239506343602,-0.20970743894577026,-0.03272157907485962,-0.09839699297765492,-0.1825730800628662,-0.022540926933288574,-0.09141138076404332,-0.14020711183547974,-0.026877224445343018,-0.0830011728368163,thumbs_up
0.0,0.0,0.0,-0.04290837049484253,-0.11152100563049316,0.0070602434767579325,-0.11014789342880249,-0.2310255765914917,-0.002796397117322158,-0.16255933046340942,-0.3235569894313812,-0.015864381838014197,-0.18954849243164062,-0.407476544380188,-0.02974471290724523,-0.12346184253692627,-0.263986200094223,-0.037872454422881674,-0.24784380197525024,-0.2579447031021118,-0.07122644622938878,-0.2556310296058655,-0.22380709648132324,-0.0810232668103481,-0.23277068138122559,-0.2089291214942932,-0.08243550946133382,-0.11541837453842163,-0.20052146911621094,-0.0577967337252403,-0.2618035674095154,-0.1779058575630188,-0.08596288998739965,-0.24344950914382935,-0.1500900387763977,-0.08126830150501974,-0.20570158958435059,-0.150395929813385,-0.07731825699227102,-0.1075669527053833,-0.1242944598197937,-0.07736021866219289,-0.24468845129013062,-0.10491013526916504,-0.10829111774580724,-0.21461284160614014,-0.08147215843200684,-0.0913861750544811,-0.17256397008895874,-0.08623600006103516,-0.0769988282503391,-0.10061955451965332,-0.04365360736846924,-0.09487495412247426,-0.22018492221832275,-0.03285473585128784,-0.11942913969176061,-0.19719809293746948,-0.018054485321044922,-0.10850365300791509,-0.15746289491653442,-0.020760655403137207,-0.09683805544989355,thumbs_up
0.0,0.0,0.0,-0.0453035831451416,-0.1100357174873352,0.004957338804331357,-0.11501419544219971,-0.23139441013336182,-0.004492468191358512,-0.168706476688385,-0.32511717081069946,-0.015530800903263753,-0.19872695207595825,-0.412123441696167,-0.027799969064119523,-0.1278301477432251,-0.2633807063102722,-0.042994688721421426,-0.2525128722190857,-0.25435638427734375,-0.06978354555559463,-0.258355975151062,-0.20624035596847534,-0.07487600249243087,-0.23280948400497437,-0.18432217836380005,-0.07457398575735397,-0.11740332841873169,-0.19670724868774414,-0.0598525698204071,-0.2671758532524109,-0.171189546585083,-0.08512027514171905,-0.252458393573761,-0.13092094659805298,-0.07797988456678695,-0.21116089820861816,-0.12522047758102417,-0.07266697985124893,-0.10835742950439453,-0.11836117506027222,-0.07547922384929961,-0.24618405103683472,-0.09298098087310791,-0.10284946066332168,-0.22285324335098267,-0.06671619415283203,-0.08493189466190643,-0.1795574426651001,-0.07356315851211548,-0.0705591509957344,-0.1013643741607666,-0.03781425952911377,-0.08902969163847274,-0.21988993883132935,-0.02594602108001709,-0.11195130598736114,-0.1985568404197693,-0.011949002742767334,-0.10025948983621902,-0.15582793951034546,-0.017624497413635254,-0.08835366320801086,thumbs_up
0.0,0.0,0.0,-0.04684555530548096,-0.1110277771949768,0.006162517794166433,-0.11599463224411011,-0.22852212190628052,-0.004032042718733919,-0.16820240020751953,-0.32062849402427673,-0.015987833406086338,-0.19421815872192383,-0.40698033571243286,-0.02979064118420638,-0.12830442190170288,-0.26356154680252075,-0.04659944717144526,-0.250139057636261,-0.25440770387649536,-0.07153654787992991,-0.25875312089920044,-0.20463788509368896,-0.0755641603872732,-0.23576956987380981,-0.17992466688156128,-0.07557612601971186,-0.11703503131866455,-0.19504719972610474,-0.06475202683662928,-0.26628029346466064,-0.17018812894821167,-0.08653480504011668,-0.2545973062515259,-0.13305073976516724,-0.0792071441218809,-0.21756356954574585,-0.1264227032661438,-0.07576927487110652,-0.10653454065322876,-0.11489558219909668,-0.08086860869383372,-0.24340498447418213,-0.09051305055618286,-0.10680276844954051,-0.21552735567092896,-0.06624138355255127,-0.08955020401930369,-0.1725466251373291,-0.07001876831054688,-0.07706344072079219,-0.09812670946121216,-0.03326582908630371,-0.09457476381516017,-0.21652430295944214,-0.020449697971343994,-0.11839767489885844,-0.19395709037780762,-0.006984591484069824,-0.10737327430700816,-0.15413635969161987,-0.011257529258728027,-0.09672339205002345,thumbs_up
0.0,0.0,0.0,-0.04445779323577881,-0.11391216516494751,0.002317877265909374,-0.11065459251403809,-0.23628360033035278,-0.0100129239602893,-0.1609346866607666,-0.3277440071105957,-0.02257596816559726,-0.1852819323539734,-0.41277748346328735,-0.03687558065792018,-0.11953222751617432,-0.2607487738132477,-0.056249515373906434,-0.24677127599716187,-0.23398131132125854,-0.08189214136143619,-0.24279320240020752,-0.1902591586112976,-0.08506106700440341,-0.212843656539917,-0.17760169506072998,-0.0839552071287244,-0.10679960250854492,-0.18731403350830078,-0.07156208272715503,-0.258219838142395,-0.156110942363739,-0.09425106759806567,-0.243740975856781,-0.12087231874465942,-0.08565295602818424,-0.20439589023590088,-0.11636173725128174,-0.08132210489054614,-0.0970689058303833,-0.10476887226104736,-0.0846139800145238,-0.23650354146957397,-0.08261376619338989,-0.11076679195900851,-0.2125876545906067,-0.05999082326889038,-0.09272568043013507,-0.16943466663360596,-0.06256043910980225,-0.07943694408675128,-0.09133601188659668,-0.02203887701034546,-0.09539900090237552,-0.20906275510787964,-0.01667851209640503,-0.11918661113520557,-0.18855607509613037,-0.006196737289428711,-0.10836894180317813,-0.14780443906784058,-0.009730160236358643,-0.0975703906609624,thumbs_up
0.0,0.0,0.0,-0.04277348518371582,-0.10929149389266968,-0.00039844369092634224,-0.10459309816360474,-0.23146960139274597,-0.013794935744215309,-0.1508590579032898,-0.3235158920288086,-0.026934390392113983,-0.1735643744468689,-0.40788036584854126,-0.041274159651209175,-0.11060452461242676,-0.25494804978370667,-0.05949499781053191,-0.23739326000213623,-0.22914165258407593,-0.0864786090962184,-0.22682255506515503,-0.1857927441596985,-0.0893882247320903,-0.19246530532836914,-0.1794300377368927,-0.0879589575044406,-0.09695976972579956,-0.17969462275505066,-0.07333752835910445,-0.24256092309951782,-0.14714211225509644,-0.09658807094018584,-0.22200816869735718,-0.1146857738494873,-0.08614272947232848,-0.18099051713943481,-0.11697423458099365,-0.08088911647718078,-0.08755528926849365,-0.09619534015655518,-0.08542175168912536,-0.22334063053131104,-0.07270127534866333,-0.11183212275426513,-0.19647079706192017,-0.04869264364242554,-0.09233517522733337,-0.1532016396522522,-0.05330967903137207,-0.07842219943921691,-0.08337295055389404,-0.013419866561889648,-0.09560446764152175,-0.19689029455184937,-0.004139244556427002,-0.11966514910380965,-0.17508208751678467,0.005992412567138672,-0.10957227225225097,-0.13565027713775635,-0.0006358623504638672,-0.09952589447419768,thumbs_up
0.0,0.0,0.0,-0.04357630014419556,-0.10549706220626831,0.0007564876883066063,-0.10873782634735107,-0.22713321447372437,-0.01077405761901673,-0.15621542930603027,-0.32077401876449585,-0.02282789934400853,-0.17943412065505981,-0.4050729274749756,-0.035695862285535895,-0.12081289291381836,-0.24735581874847412,-0.05267810102526482,-0.24845832586288452,-0.22219902276992798,-0.08312560643975075,-0.23349237442016602,-0.1830689013004303,-0.08833784636084374,-0.19399547576904297,-0.1767222285270691,-0.08670635547463235,-0.10698705911636353,-0.1739625632762909,-0.06658889379326638,-0.24698221683502197,-0.13874578475952148,-0.09193860020462807,-0.2222611904144287,-0.11223411560058594,-0.0823976623636895,-0.18036413192749023,-0.11652570962905884,-0.07631278064076241,-0.0968443751335144,-0.09189766645431519,-0.07964991804186639,-0.22894436120986938,-0.06554830074310303,-0.10893427606646355,-0.20125877857208252,-0.0452958345413208,-0.0904872420055085,-0.15938401222229004,-0.05126255750656128,-0.07560401435915765,-0.09135681390762329,-0.008718252182006836,-0.09062390055481728,-0.20579850673675537,-0.0007532238960266113,-0.11423698838774499,-0.1829444169998169,0.00909203290939331,-0.10288737740341958,-0.14290344715118408,0.004835307598114014,-0.09116378452603158,thumbs_up
0.0,0.0,0.0,-0.04171466827392578,-0.10662251710891724,0.001284615067447703,-0.10722595453262329,-0.22699671983718872,-0.011621637106259186,-0.15584975481033325,-0.3183838725090027,-0.024503727279920895,-0.1770235300064087,-0.4021094739437103,-0.038340103648920376,-0.11717009544372559,-0.24878686666488647,-0.05989037903430017,-0.24471008777618408,-0.22230389714241028,-0.08631111758234056,-0.2312260866165161,-0.184129536151886,-0.08670863585950883,-0.193619966506958,-0.17874640226364136,-0.08268358635189088,-0.10428601503372192,-0.17446506023406982,-0.07413987147094758,-0.246942937374115,-0.14295339584350586,-0.09637860285522493,-0.22317588329315186,-0.11484354734420776,-0.0840863667655185,-0.18191194534301758,-0.1187475323677063,-0.07713675575735124,-0.0951414704322815,-0.0914008617401123,-0.08633432614089998,-0.22952616214752197,-0.0699155330657959,-0.112152122728844,-0.19990390539169312,-0.047972261905670166,-0.09131045716287645,-0.15635406970977783,-0.052710771560668945,-0.07625094132902177,-0.0905296802520752,-0.007111608982086182,-0.09640269058229478,-0.20561754703521729,-0.0002270340919494629,-0.12009003090145143,-0.18217498064041138,0.008500754833221436,-0.10870765226366075,-0.1417420506477356,0.0034842491149902344,-0.09753353225471528,thumbs_up
0.0,0.0,0.0,-0.04228943586349487,-0.10532951354980469,0.0016519791059863564,-0.10643494129180908,-0.22568634152412415,-0.01114613336187631,-0.1534169316291809,-0.3170526623725891,-0.02447463345390588,-0.17500710487365723,-0.4002375304698944,-0.038585709004223645,-0.11549144983291626,-0.24406081438064575,-0.05659703311187059,-0.24409115314483643,-0.2165067195892334,-0.08702560660105974,-0.22854238748550415,-0.18065571784973145,-0.09110166278344423,-0.18897074460983276,-0.17625704407691956,-0.08847374614936143,-0.10222858190536499,-0.16965442895889282,-0.07136909064513475,-0.24339860677719116,-0.13657677173614502,-0.09693899896603853,-0.21761012077331543,-0.1118922233581543,-0.0865533962534073,-0.17528396844863892,-0.11703348159790039,-0.0798242777274254,-0.09306007623672485,-0.08742421865463257,-0.08477767702800065,-0.226232647895813,-0.06392735242843628,-0.11328765895825654,-0.19630777835845947,-0.04472231864929199,-0.09339923557502061,-0.15319758653640747,-0.05132347345352173,-0.07771821465951234,-0.0890687108039856,-0.004252970218658447,-0.09608202573519975,-0.20388197898864746,0.0033763647079467773,-0.11966607120496064,-0.18096846342086792,0.010815799236297607,-0.10800993588429719,-0.14113950729370117,0.0049416422843933105,-0.09611220803719789,thumbs_up
0.0,0.0,0.0,-0.04224729537963867,-0.10316097736358643,0.0010383610486428552,-0.10668832063674927,-0.2237650752067566,-0.012349353347588021,-0.15310823917388916,-0.3156539797782898,-0.02584794553803249,-0.17497313022613525,-0.39832425117492676,-0.04047131555961414,-0.11626267433166504,-0.24093547463417053,-0.06178117933558269,-0.24563968181610107,-0.21570497751235962,-0.09039476158903881,-0.23375970125198364,-0.1787550449371338,-0.09191082808064266,-0.1960512399673462,-0.17184898257255554,-0.08792889508293911,-0.10406321287155151,-0.16646623611450195,-0.07629074546383663,-0.24858367443084717,-0.1351257562637329,-0.10032891127156063,-0.224043607711792,-0.10852605104446411,-0.08797478320883556,-0.18181931972503662,-0.11288869380950928,-0.08027453365610882,-0.09516781568527222,-0.08362436294555664,-0.08894110861109539,-0.23033249378204346,-0.06105613708496094,-0.11630437913225933,-0.2003331184387207,-0.04057711362838745,-0.0953754374651794,-0.15668213367462158,-0.04634714126586914,-0.07960651459978862,-0.0914033055305481,3.838539123535156e-05,-0.099437665369976,-0.20637065172195435,0.008799970149993896,-0.12360918911980434,-0.18342363834381104,0.015973448753356934,-0.11215012165592952,-0.14369893074035645,0.00944429636001587,-0.10062112304257198,thumbs_up
0.0,0.0,0.0,-0.04219859838485718,-0.10385644435882568,0.0011677257695623666,-0.10822570323944092,-0.22517651319503784,-0.012138708263876197,-0.15584176778793335,-0.31743019819259644,-0.025668084390702006,-0.17807698249816895,-0.40063393115997314,-0.0405261719154737,-0.11668753623962402,-0.24359452724456787,-0.06040578126186347,-0.24488341808319092,-0.21737706661224365,-0.0893806794213674,-0.23437243700027466,-0.18198227882385254,-0.09209660976404166,-0.19790804386138916,-0.17560666799545288,-0.08903761743778205,-0.10468167066574097,-0.16864660382270813,-0.07509004860395407,-0.24929016828536987,-0.1342197060585022,-0.09946048795455908,-0.2241266965866089,-0.10977137088775635,-0.08802636503452277,-0.18173712491989136,-0.11561906337738037,-0.08096634387248969,-0.09548455476760864,-0.08469408750534058,-0.08799826144451117,-0.23146945238113403,-0.06015592813491821,-0.11574697285169577,-0.20084130764007568,-0.04223567247390747,-0.09522080212110495,-0.1567656397819519,-0.048859477043151855,-0.0795823687242887,-0.09113234281539917,0.0004482865333557129,-0.09877155511850333,-0.206518292427063,0.010210096836090088,-0.12326206057542777,-0.1829642653465271,0.015575051307678223,-0.1118958645986936,-0.14280253648757935,0.00827091932296753,-0.10034660040611243,thumbs_up
0.0,0.0,0.0,-0.042542099952697754,-0.1031610369682312,0.0004856477128782899,-0.10760325193405151,-0.22632718086242676,-0.013045545395186764,-0.1535373330116272,-0.32087066769599915,-0.026737537894121033,-0.17616909742355347,-0.4060632586479187,-0.04169263570355497,-0.11618733406066895,-0.24431979656219482,-0.06069883211301885,-0.24614620208740234,-0.21605050563812256,-0.09039138882206998,-0.2362348437309265,-0.17878073453903198,-0.09321297584818922,-0.1987336277961731,-0.17086228728294373,-0.08984051524447523,-0.10269826650619507,-0.1709420084953308,-0.07500799624966703,-0.24560755491256714,-0.1320069432258606,-0.10003702967213712,-0.22127217054367065,-0.10708940029144287,-0.088809280384055,-0.17902547121047974,-0.11350202560424805,-0.08189137904690824,-0.09279322624206543,-0.08767914772033691,-0.0878307732825192,-0.22797590494155884,-0.06033337116241455,-0.11696227519558988,-0.19869154691696167,-0.041558027267456055,-0.09735524534033857,-0.15491384267807007,-0.048573076725006104,-0.08201738326596342,-0.08835107088088989,-0.00254744291305542,-0.09843822448300443,-0.2041325569152832,0.007191359996795654,-0.12351462124632917,-0.18245929479599,0.014212369918823242,-0.11275771884965025,-0.14272022247314453,0.007715821266174316,-0.10153918592976652,thumbs_up
0.0,0.0,0.0,-0.04335445165634155,-0.1025802493095398,0.0015526515241504057,-0.11270374059677124,-0.22153878211975098,-0.011353365490606393,-0.16113585233688354,-0.31352323293685913,-0.025100425230732526,-0.1829490065574646,-0.39748790860176086,-0.03989237953948077,-0.12355858087539673,-0.24067360162734985,-0.056250568824282254,-0.2530308961868286,-0.2146986722946167,-0.08798224885987338,-0.2379523515701294,-0.17685019969940186,-0.09334548224734363,-0.19759178161621094,-0.17077690362930298,-0.09148151089476642,-0.11199820041656494,-0.16677796840667725,-0.07136737962292727,-0.2555602192878723,-0.1331620216369629,-0.09709739347027835,-0.22866272926330566,-0.10695213079452515,-0.08653251488732394,-0.18576061725616455,-0.11238360404968262,-0.07965959270524081,-0.10308283567428589,-0.08323949575424194,-0.08532976021098193,-0.23847854137420654,-0.059528887271881104,-0.11402553726958331,-0.2068292498588562,-0.03882646560668945,-0.09328906645106372,-0.16260075569152832,-0.04459035396575928,-0.0771358500890642,-0.09832239151000977,0.0015025734901428223,-0.09730284323023852,-0.21347296237945557,0.01136481761932373,-0.12186193128155764,-0.18905705213546753,0.0193861722946167,-0.11001696844624576,-0.14866799116134644,0.014086544513702393,-0.0978132080011278,thumbs_up
0.0,0.0,0.0,-0.04303866624832153,-0.10858410596847534,0.0014611943867066657,-0.11140686273574829,-0.23391494154930115,-0.011605711862443968,-0.15944302082061768,-0.32809269428253174,-0.025384591169654414,-0.1801762580871582,-0.4145152270793915,-0.03960056716948657,-0.12564831972122192,-0.2497115135192871,-0.05467952901869921,-0.2554599642753601,-0.21731483936309814,-0.08539129907637744,-0.23376774787902832,-0.1829717457294464,-0.09054632598906664,-0.19115453958511353,-0.18277212977409363,-0.08875918502360491,-0.11291563510894775,-0.17504319548606873,-0.06952586138993411,-0.2544500231742859,-0.13703715801239014,-0.09434028083830981,-0.2232838273048401,-0.11469453573226929,-0.08406442517787127,-0.17980879545211792,-0.12228423357009888,-0.07776496673375277,-0.10264825820922852,-0.09164035320281982,-0.08319465184956698,-0.23805856704711914,-0.0677000880241394,-0.11072608942538409,-0.20278078317642212,-0.04933309555053711,-0.08962456995993762,-0.15766668319702148,-0.05542886257171631,-0.07358723992854266,-0.09672200679779053,-0.006257832050323486,-0.09501782173663287,-0.21080440282821655,0.0031630992889404297,-0.11879229659587054,-0.18406760692596436,0.008825421333312988,-0.1067403789833179,-0.1428244709968567,0.0028284788131713867,-0.09454264605790286,thumbs_up
0.0,0.0,0.0,-0.04100906848907471,-0.1058121919631958,0.0001066840338808106,-0.10948896408081055,-0.22844326496124268,-0.012373953112046365,-0.1582115888595581,-0.3224782347679138,-0.0248441723963424,-0.17766278982162476,-0.40839463472366333,-0.03793892728594983,-0.12145239114761353,-0.24977731704711914,-0.0553509676685735,-0.24184495210647583,-0.22750607132911682,-0.08138669001368726,-0.2295452356338501,-0.18790042400360107,-0.08309631513861859,-0.194591224193573,-0.18003875017166138,-0.0802908660700723,-0.11000514030456543,-0.17668166756629944,-0.06870663630274976,-0.24709469079971313,-0.14228564500808716,-0.09092239009646619,-0.2215569019317627,-0.11425560712814331,-0.07953746336011136,-0.18076550960540771,-0.11819648742675781,-0.07308698909787381,-0.10197269916534424,-0.09338486194610596,-0.08053441064862454,-0.23382234573364258,-0.06846755743026733,-0.10600715594796384,-0.20284044742584229,-0.04566669464111328,-0.0854071574142381,-0.1603705883026123,-0.050390541553497314,-0.0705588953426286,-0.09845995903015137,-0.008494079113006592,-0.09051848667172635,-0.20885926485061646,0.0034438371658325195,-0.1133547322681352,-0.18303143978118896,0.013169407844543457,-0.10188878046778882,-0.14364629983901978,0.0076465606689453125,-0.09079079794196332,thumbs_up
0.0,0.0,0.0,-0.04312223196029663,-0.10455256700515747,0.0015034686592798607,-0.11243546009063721,-0.22637203335762024,-0.010720629309730612,-0.15979444980621338,-0.3199384808540344,-0.02375875978680142,-0.18015241622924805,-0.4044107496738434,-0.037493549352006994,-0.1262420415878296,-0.24445581436157227,-0.05340012541921624,-0.25156599283218384,-0.21523797512054443,-0.0833992250910569,-0.23184388875961304,-0.1775265336036682,-0.08821945271404275,-0.18999117612838745,-0.17390012741088867,-0.08647340915115365,-0.11401265859603882,-0.17021751403808594,-0.06800452253730782,-0.25260335206985474,-0.1346161961555481,-0.09231692931564339,-0.22347736358642578,-0.10908162593841553,-0.08192856243761071,-0.180575430393219,-0.11469358205795288,-0.07571085176380166,-0.104769766330719,-0.08664578199386597,-0.08152044943483361,-0.23793786764144897,-0.06312066316604614,-0.10947779199989327,-0.20450592041015625,-0.04167574644088745,-0.08895495912940987,-0.16010558605194092,-0.046275556087493896,-0.07332314184816369,-0.09990733861923218,-0.0015477538108825684,-0.09309859952838906,-0.21260017156600952,0.008822977542877197,-0.11772294721515664,-0.18637222051620483,0.01731085777282715,-0.10633962235363015,-0.14557099342346191,0.012590289115905762,-0.09463016322763451,thumbs_up
0.0,0.0,0.0,-0.04018133878707886,-0.10702818632125854,-0.00029926464134177877,-0.107807457447052,-0.2313973307609558,-0.014060722977717433,-0.15504300594329834,-0.3261226415634155,-0.027588053920169386,-0.17360275983810425,-0.4137210547924042,-0.041604928054709944,-0.11793720722198486,-0.25142520666122437,-0.05815587876071504,-0.24164479970932007,-0.2295721173286438,-0.08389908758630327,-0.2300761342048645,-0.19113245606422424,-0.085032291092773,-0.19554805755615234,-0.18370899558067322,-0.08190791992177537,-0.10810941457748413,-0.17814475297927856,-0.07169829992284349,-0.24787169694900513,-0.14503049850463867,-0.09396968720187715,-0.22246229648590088,-0.11661219596862793,-0.08229979810943178,-0.18136334419250488,-0.11960875988006592,-0.07557459113826326,-0.10195916891098022,-0.09497678279876709,-0.08346220044126085,-0.23417127132415771,-0.07172781229019165,-0.10800307927360109,-0.20344460010528564,-0.0486568808555603,-0.0864915320061641,-0.16099059581756592,-0.05229407548904419,-0.07124815074433855,-0.10011398792266846,-0.010968327522277832,-0.09347955075730852,-0.2096571922302246,-0.0024470090866088867,-0.11532375154723695,-0.18388760089874268,0.007704019546508789,-0.10280524877538255,-0.14508569240570068,0.003760814666748047,-0.09118051765193513,thumbs_up
0.0,0.0,0.0,-0.04304397106170654,-0.10549932718276978,0.0011423635806977472,-0.11260789632797241,-0.2275071144104004,-0.01112743461987975,-0.1601172685623169,-0.3209141790866852,-0.023902807333683995,-0.17805379629135132,-0.4060631990432739,-0.037271082350230245,-0.12627875804901123,-0.2443057894706726,-0.053793277540421514,-0.25311535596847534,-0.21732303500175476,-0.08201098809502128,-0.23509430885314941,-0.17857661843299866,-0.08562880376837256,-0.19416850805282593,-0.17293915152549744,-0.08335400740168097,-0.11568695306777954,-0.1694403886795044,-0.06790764997265342,-0.25505608320236206,-0.1387120485305786,-0.09069039294979575,-0.22817182540893555,-0.11092740297317505,-0.07993127773067954,-0.18596768379211426,-0.11343109607696533,-0.07359666744730475,-0.10795170068740845,-0.08625251054763794,-0.08068260172865394,-0.23931145668029785,-0.06624925136566162,-0.10670367250702384,-0.20865756273269653,-0.04357492923736572,-0.08636780450603965,-0.16575497388839722,-0.046314537525177,-0.07128943870327475,-0.10460031032562256,-0.0026702284812927246,-0.09156006196997168,-0.21657031774520874,0.0038706064224243164,-0.11450969050190452,-0.19170260429382324,0.01330643892288208,-0.1026345155622721,-0.15200388431549072,0.01036757230758667,-0.09088614205381873,thumbs_up
0.0,0.0,0.0,-0.04120314121246338,-0.10730576515197754,0.001643889748095262,-0.10855519771575928,-0.23121491074562073,-0.01165280183630557,-0.15461456775665283,-0.32625216245651245,-0.025195820907526922,-0.17286622524261475,-0.4116971790790558,-0.03963521746771903,-0.12231135368347168,-0.25131380558013916,-0.058067629764252615,-0.24856209754943848,-0.22584378719329834,-0.08314549429195495,-0.234930157661438,-0.18369567394256592,-0.08409451199548812,-0.19775474071502686,-0.1763361692428589,-0.08097647381799788,-0.11224901676177979,-0.17776897549629211,-0.07273612422721953,-0.25139951705932617,-0.14464032649993896,-0.09361830605047317,-0.22759294509887695,-0.1137843132019043,-0.0817175756193933,-0.18623119592666626,-0.11562120914459229,-0.07524281991499038,-0.10480070114135742,-0.09438955783843994,-0.08532158536689849,-0.23641663789749146,-0.07189840078353882,-0.10864702863472075,-0.20747625827789307,-0.04724621772766113,-0.08737427247541518,-0.16484534740447998,-0.049536049365997314,-0.0728052358128366,-0.10135769844055176,-0.010187327861785889,-0.09595117224233718,-0.21169936656951904,-0.001479804515838623,-0.11729993922489257,-0.18648916482925415,0.00904911756515503,-0.10465187830703826,-0.14705944061279297,0.00491565465927124,-0.09316988540666671,thumbs_up
0.0,0.0,0.0,-0.03964030742645264,-0.10755324363708496,0.0016257517675057898,-0.10684740543365479,-0.23164623975753784,-0.010497363011154448,-0.15205144882202148,-0.32627564668655396,-0.0231691195692747,-0.1669379472732544,-0.4101150333881378,-0.03644169001540831,-0.12435334920883179,-0.24891126155853271,-0.05483693509063414,-0.2501989006996155,-0.22225302457809448,-0.08223362146577529,-0.23110049962997437,-0.18197688460350037,-0.08524653940162352,-0.19209158420562744,-0.18026873469352722,-0.08311103163919142,-0.11375117301940918,-0.1753370761871338,-0.06939285128078154,-0.25092124938964844,-0.14351791143417358,-0.09176491080484084,-0.224351704120636,-0.11506307125091553,-0.08015254019460372,-0.18302500247955322,-0.11948341131210327,-0.07345308242997817,-0.10558289289474487,-0.09267163276672363,-0.08245546995362929,-0.23482751846313477,-0.07037127017974854,-0.10728746532163314,-0.20358383655548096,-0.04624676704406738,-0.08607875435313872,-0.16075557470321655,-0.049633026123046875,-0.07089854656419448,-0.10124868154525757,-0.009723424911499023,-0.09368321179113082,-0.21097880601882935,0.00020736455917358398,-0.11507981895169905,-0.18483543395996094,0.010630249977111816,-0.1023393484827011,-0.1446244716644287,0.006114304065704346,-0.09047201155385665,thumbs_up
0.0,0.0,0.0,-0.0405765175819397,-0.10878187417984009,0.0027305429285320315,-0.10899561643600464,-0.23266750574111938,-0.009462975995063516,-0.15442007780075073,-0.32670074701309204,-0.02258670991790268,-0.16793221235275269,-0.4101947247982025,-0.03610399654638741,-0.12614858150482178,-0.24924525618553162,-0.05394824883472893,-0.2559845447540283,-0.2222002148628235,-0.08213820225131485,-0.23319011926651,-0.18324363231658936,-0.0850108406556842,-0.19132620096206665,-0.18130016326904297,-0.0821676320446727,-0.11572468280792236,-0.17449542880058289,-0.06917160666120026,-0.25310230255126953,-0.14406290650367737,-0.09159434503447983,-0.22462600469589233,-0.11624646186828613,-0.07964203423392746,-0.1827181577682495,-0.11998546123504639,-0.07252546316516373,-0.10814690589904785,-0.09072351455688477,-0.08290181970727417,-0.23675435781478882,-0.07287752628326416,-0.10765753603112671,-0.204759418964386,-0.049205780029296875,-0.08573920941483948,-0.16166943311691284,-0.05169081687927246,-0.06992141074073288,-0.10452401638031006,-0.0064553022384643555,-0.09475285476577255,-0.213897705078125,-0.0014935731887817383,-0.1158842212570903,-0.1871042251586914,0.008848369121551514,-0.1023588991774318,-0.14689242839813232,0.006364166736602783,-0.08978041923177216,thumbs_up
0.0,0.0,0.0,-0.039040327072143555,-0.1097332239151001,0.0032264135957689177,-0.10751062631607056,-0.23212099075317383,-0.009170925971773158,-0.15298914909362793,-0.32585400342941284,-0.022793586161640178,-0.1649426817893982,-0.40837541222572327,-0.03717610312691022,-0.12633049488067627,-0.2474454939365387,-0.05387379301777173,-0.25393837690353394,-0.2211412787437439,-0.0822445608495741,-0.23275190591812134,-0.18300580978393555,-0.0866797722696333,-0.19356423616409302,-0.1840834617614746,-0.08565892351856519,-0.11607164144515991,-0.17182999849319458,-0.06977818233957578,-0.2548453211784363,-0.14200830459594727,-0.09365519953956891,-0.22637832164764404,-0.11570936441421509,-0.08289619607916165,-0.18393701314926147,-0.12170332670211792,-0.07640244884481717,-0.10804170370101929,-0.08830112218856812,-0.08400788230886747,-0.2389211654663086,-0.06848150491714478,-0.1094492755650549,-0.20553094148635864,-0.04684090614318848,-0.08777951521864225,-0.16114872694015503,-0.05143845081329346,-0.07196541948309232,-0.10368448495864868,-0.005141496658325195,-0.0964332900761633,-0.2123764157295227,0.0021783113479614258,-0.11804040594091703,-0.18459677696228027,0.010395228862762451,-0.10497662497749616,-0.14348024129867554,0.004513800144195557,-0.0926922194479971,thumbs_up
0.0,0.0,0.0,-0.04098719358444214,-0.10986655950546265,0.0036136941604354433,-0.1103055477142334,-0.23340335488319397,-0.008047348298873658,-0.15594714879989624,-0.3276726305484772,-0.020782264360036606,-0.16827374696731567,-0.4102962017059326,-0.034132693373408074,-0.12988591194152832,-0.24822962284088135,-0.05378060456439471,-0.2582205533981323,-0.22307494282722473,-0.08080089133306956,-0.23567569255828857,-0.18574422597885132,-0.08340491395517802,-0.19546395540237427,-0.18543469905853271,-0.08100929152294611,-0.12010812759399414,-0.17319324612617493,-0.06953023415132975,-0.2579912543296814,-0.1439160704612732,-0.09139519225880122,-0.2297000288963318,-0.11641818284988403,-0.07944794785305476,-0.18812716007232666,-0.12115317583084106,-0.07247296761795496,-0.11202830076217651,-0.0893172025680542,-0.08350821625515437,-0.24067747592926025,-0.0716288685798645,-0.10724203329607462,-0.20863503217697144,-0.0491408109664917,-0.08512641530558085,-0.16541624069213867,-0.05284523963928223,-0.06946645718142008,-0.1074223518371582,-0.005355477333068848,-0.09565756511017298,-0.2157168984413147,-0.0008921027183532715,-0.11604878347441172,-0.1890619993209839,0.0079764723777771,-0.10247035365625834,-0.14920920133590698,0.003676474094390869,-0.09009689133688425,thumbs_up
0.0,0.0,0.0,-0.03874927759170532,-0.11024731397628784,0.003611645603712077,-0.10582023859024048,-0.23390188813209534,-0.008364558975983982,-0.15065139532089233,-0.32889336347579956,-0.021349653426398163,-0.16266709566116333,-0.4109577536582947,-0.0350479574984206,-0.12636739015579224,-0.2506151795387268,-0.05386432056485546,-0.2519463896751404,-0.22632980346679688,-0.08016447146593464,-0.23253124952316284,-0.18644773960113525,-0.08277437259613407,-0.1946871280670166,-0.18555787205696106,-0.08081934024750126,-0.1163744330406189,-0.17629456520080566,-0.06956029107033146,-0.25415873527526855,-0.14590108394622803,-0.09225975890814198,-0.22700613737106323,-0.11755278706550598,-0.08062824030577076,-0.1851102113723755,-0.12355265021324158,-0.07366737147032154,-0.10896468162536621,-0.0939030647277832,-0.08337719907223118,-0.23879128694534302,-0.07367044687271118,-0.10778893699108494,-0.206417977809906,-0.05012798309326172,-0.08566144277511967,-0.16271692514419556,-0.05483442544937134,-0.06984280218540562,-0.10569411516189575,-0.011088907718658447,-0.09534432162701023,-0.2125566601753235,-0.0054912567138671875,-0.11631823499857319,-0.18479520082473755,0.005572080612182617,-0.10295010526834858,-0.1446806788444519,0.0005592703819274902,-0.09069395234047306,thumbs_up
0.0,0.0,0.0,-0.038268208503723145,-0.10937714576721191,0.0037739007615869014,-0.10482025146484375,-0.2324717938899994,-0.00675543925041211,-0.1505347490310669,-0.3261931240558624,-0.018382685876133564,-0.16472125053405762,-0.40713971853256226,-0.03047897169614089,-0.1297231912612915,-0.24886053800582886,-0.04882047573352111,-0.2511988878250122,-0.22781836986541748,-0.07330928990865004,-0.2344036102294922,-0.18776899576187134,-0.07494615266347182,-0.19765758514404297,-0.1826857328414917,-0.07232011357569945,-0.121662437915802,-0.1768450140953064,-0.06403928498053801,-0.2569189667701721,-0.14794212579727173,-0.08502552906298888,-0.2301114797592163,-0.11929750442504883,-0.07347835848355544,-0.18909227848052979,-0.12365895509719849,-0.06637861082577956,-0.11491483449935913,-0.09623932838439941,-0.07761179903769744,-0.24340200424194336,-0.07660871744155884,-0.10129106292748702,-0.21075111627578735,-0.05366247892379761,-0.08013022938990844,-0.16789472103118896,-0.058338165283203125,-0.06482354054475081,-0.11141473054885864,-0.014476895332336426,-0.08934147158885253,-0.21831583976745605,-0.00895017385482788,-0.1100050757291342,-0.19142788648605347,0.0022205710411071777,-0.09727715948844207,-0.1524420976638794,-0.0025179386138916016,-0.08534238735461486,thumbs_up
0.0,0.0,0.0,-0.039884328842163086,-0.10958307981491089,0.003410679670423633,-0.10660296678543091,-0.23489484190940857,-0.007669705049693221,-0.15183627605438232,-0.33106672763824463,-0.019381912974267834,-0.16429150104522705,-0.41277143359184265,-0.031408867416530484,-0.1302887201309204,-0.25005030632019043,-0.0522787371553477,-0.25440460443496704,-0.22601163387298584,-0.07697854804769122,-0.2335171103477478,-0.1863877773284912,-0.07767968493476474,-0.19548159837722778,-0.18415161967277527,-0.07431322949901187,-0.1211395263671875,-0.17776238918304443,-0.06725445258393847,-0.25840598344802856,-0.1479569971561432,-0.0885188491918143,-0.2304338812828064,-0.11885276436805725,-0.07607795166745746,-0.1895836591720581,-0.12316983938217163,-0.06843110042586886,-0.11414223909378052,-0.09714728593826294,-0.08040340113416278,-0.24317550659179688,-0.07834053039550781,-0.10423568504825198,-0.21044784784317017,-0.05503600835800171,-0.08227754997983538,-0.16783058643341064,-0.059241414070129395,-0.0664006309486922,-0.1110730767250061,-0.015439271926879883,-0.09165496992841327,-0.2180442214012146,-0.011872649192810059,-0.11212832349315249,-0.19168496131896973,2.765655517578125e-05,-0.09883359688296878,-0.15355461835861206,-0.003388822078704834,-0.08655319976583087,thumbs_up
0.0,0.0,0.0,-0.03903818130493164,-0.10937744379043579,0.003917203118078305,-0.10479050874710083,-0.23316043615341187,-0.00747806036753218,-0.14869916439056396,-0.3275279700756073,-0.019700128286160634,-0.16246575117111206,-0.40850508213043213,-0.03255705319253366,-0.12781637907028198,-0.2510387897491455,-0.053582681044019864,-0.2522914409637451,-0.22646358609199524,-0.07793676637021463,-0.235287606716156,-0.1873219907283783,-0.07849064253178994,-0.19928044080734253,-0.18395745754241943,-0.07532746128646295,-0.11834055185317993,-0.17922118306159973,-0.06917426519004266,-0.25623559951782227,-0.14739713072776794,-0.09103659324256341,-0.22941839694976807,-0.11995673179626465,-0.07901226512996118,-0.1883431077003479,-0.12479531764984131,-0.07170630775300424,-0.11113905906677246,-0.09868526458740234,-0.08270445249883096,-0.24153637886047363,-0.07771515846252441,-0.10683279268351953,-0.20911341905593872,-0.0556718111038208,-0.08523194275704782,-0.1662641167640686,-0.06048530340194702,-0.06976184777823846,-0.10795342922210693,-0.01667231321334839,-0.09428164891807,-0.21516644954681396,-0.010938823223114014,-0.11559557698575418,-0.18832987546920776,-0.00025594234466552734,-0.10298273496238153,-0.14980179071426392,-0.005315899848937988,-0.0912030243119375,thumbs_up
0.0,0.0,0.0,-0.039211392402648926,-0.11012911796569824,0.0030391686290727193,-0.10524356365203857,-0.23448675870895386,-0.007929934684909767,-0.15015697479248047,-0.32905519008636475,-0.01968012892899651,-0.16392600536346436,-0.4100470244884491,-0.03174389482734341,-0.1292097568511963,-0.25034427642822266,-0.051442447614647335,-0.2535797953605652,-0.22780680656433105,-0.07680229054091114,-0.23442339897155762,-0.18904945254325867,-0.07817202017901081,-0.19622695446014404,-0.18492111563682556,-0.0751098762571587,-0.1201324462890625,-0.17799311876296997,-0.06631560580132145,-0.25714415311813354,-0.14732420444488525,-0.08850762949583668,-0.22882872819900513,-0.11999976634979248,-0.07670535848734517,-0.18728333711624146,-0.12473422288894653,-0.06933531121609349,-0.11274194717407227,-0.09705036878585815,-0.07957986698744435,-0.24296832084655762,-0.07818961143493652,-0.1043726126968636,-0.21009939908981323,-0.05588728189468384,-0.08295691714880604,-0.1672428846359253,-0.060131072998046875,-0.06725273237822194,-0.10890984535217285,-0.01473921537399292,-0.09101664976475377,-0.21621692180633545,-0.010669529438018799,-0.11259932027456898,-0.18921548128128052,-0.00011748075485229492,-0.10016491220591206,-0.15067452192306519,-0.004496872425079346,-0.08830904917118687,thumbs_up
0.0,0.0,0.0,-0.040318310260772705,-0.1100294291973114,0.0042497273952903925,-0.10810983180999756,-0.23513394594192505,-0.006876504938190919,-0.1531643271446228,-0.33170562982559204,-0.018888366832470638,-0.16532224416732788,-0.4142341613769531,-0.031335425986981136,-0.129791259765625,-0.24995660781860352,-0.05296879769775842,-0.25473546981811523,-0.22957706451416016,-0.0774001082918403,-0.23611384630203247,-0.19004955887794495,-0.07748562605593179,-0.19853806495666504,-0.18555930256843567,-0.07372011007282708,-0.12042796611785889,-0.1764947772026062,-0.06835537166807626,-0.25868189334869385,-0.1471785008907318,-0.08994956077549432,-0.23007678985595703,-0.11913761496543884,-0.07681754739496682,-0.1882849931716919,-0.1239115297794342,-0.06869464875671838,-0.11341845989227295,-0.09494495391845703,-0.08184341849300836,-0.24398422241210938,-0.07791352272033691,-0.10564445467207406,-0.21052610874176025,-0.05536472797393799,-0.08329811455223535,-0.1674019694328308,-0.05992978811264038,-0.06729843975517724,-0.11032974720001221,-0.012711286544799805,-0.09339795024607156,-0.21799546480178833,-0.009976804256439209,-0.1139301335952041,-0.19164490699768066,0.0004184246063232422,-0.10107572139713739,-0.15386438369750977,-0.004175782203674316,-0.0892854756257293,thumbs_up
0.0,0.0,0.0,-0.0391615629196167,-0.11067485809326172,0.004601925957217645,-0.10623925924301147,-0.23675107955932617,-0.006086360317453909,-0.15185707807540894,-0.3332926630973816,-0.017675484184906054,-0.1662367582321167,-0.41484004259109497,-0.029653899957224894,-0.12929022312164307,-0.2528718113899231,-0.05255377164928632,-0.25490498542785645,-0.23349729180335999,-0.0769632892951222,-0.2367485761642456,-0.19399914145469666,-0.07702114305345731,-0.19928282499313354,-0.18870818614959717,-0.07320407650320249,-0.12088263034820557,-0.18005022406578064,-0.0680335002288075,-0.25928795337677,-0.15167534351348877,-0.0898428993567677,-0.2307531237602234,-0.12312352657318115,-0.07711745670883374,-0.18887799978256226,-0.1274973750114441,-0.06918907037822919,-0.11451077461242676,-0.0990791916847229,-0.08154845855085568,-0.24529677629470825,-0.08234858512878418,-0.10528244695512967,-0.21178263425827026,-0.05922204256057739,-0.08300427964775281,-0.16856133937835693,-0.06339848041534424,-0.06708965322820859,-0.11188507080078125,-0.01683652400970459,-0.09314609191267209,-0.21886324882507324,-0.014555633068084717,-0.11392074695675092,-0.19223719835281372,-0.0035143494606018066,-0.10119987896530347,-0.15440744161605835,-0.007835090160369873,-0.08944756409971433,thumbs_up
0.0,0.0,0.0,-0.0400272011756897,-0.11186021566390991,0.003880063941608114,-0.1064673662185669,-0.23899361491203308,-0.007235382745136576,-0.15182310342788696,-0.3361465334892273,-0.019153540084232645,-0.16550946235656738,-0.4183395504951477,-0.0316403126959699,-0.13022243976593018,-0.2512432932853699,-0.0533860205356973,-0.2547697424888611,-0.2307857871055603,-0.07727893354939397,-0.2368294596672058,-0.19101157784461975,-0.07719475688980992,-0.1994619369506836,-0.1861589550971985,-0.0735101840143102,-0.12098771333694458,-0.17720383405685425,-0.06872635992812093,-0.25906872749328613,-0.14793595671653748,-0.09017199190901692,-0.2315983772277832,-0.12031608819961548,-0.07773930492447789,-0.1897956132888794,-0.12437140941619873,-0.0702375388388532,-0.11393582820892334,-0.09536594152450562,-0.0820388859753507,-0.2443881630897522,-0.07671213150024414,-0.10569017293499883,-0.21184271574020386,-0.0547451376914978,-0.08392821165369924,-0.16895687580108643,-0.058843135833740234,-0.06845085235880788,-0.11098968982696533,-0.012595772743225098,-0.09342253121184285,-0.2193615436553955,-0.009261786937713623,-0.11393881502198155,-0.19340336322784424,0.00040602684020996094,-0.10115291836308415,-0.1554659605026245,-0.0044699907302856445,-0.08945615502642568,thumbs_up
0.0,0.0,0.0,-0.03865516185760498,-0.1099870502948761,0.0040575289468165465,-0.10411834716796875,-0.23773443698883057,-0.006992340989143031,-0.14656943082809448,-0.3354682922363281,-0.01926443909081854,-0.15858882665634155,-0.4176281690597534,-0.03194139522287287,-0.1281287670135498,-0.25435730814933777,-0.05040947717401423,-0.2528523802757263,-0.23556220531463623,-0.07670678195330538,-0.23250240087509155,-0.19423767924308777,-0.0796810015735332,-0.19410592317581177,-0.1903502643108368,-0.07777810093733706,-0.11985200643539429,-0.18114453554153442,-0.0661682411727611,-0.2577683925628662,-0.15221905708312988,-0.0891482233700458,-0.228925883769989,-0.12350055575370789,-0.0780817120966617,-0.18731868267059326,-0.12838473916053772,-0.0710641219911281,-0.11366099119186401,-0.09970664978027344,-0.08037763085934557,-0.24412012100219727,-0.08192628622055054,-0.10542044040533938,-0.21085482835769653,-0.05841284990310669,-0.08384742584797777,-0.16742122173309326,-0.06221580505371094,-0.0678558945355121,-0.1115158200263977,-0.017404556274414062,-0.09272693839642443,-0.2193394899368286,-0.014480948448181152,-0.11381408569189944,-0.19213533401489258,-0.002215147018432617,-0.10075149682137408,-0.1531239151954651,-0.005469858646392822,-0.08842878040644564,thumbs_up
0.0,0.0,0.0,-0.03877002000808716,-0.11126604676246643,0.0029550119194254876,-0.10438501834869385,-0.240733802318573,-0.00788284080260837,-0.14778369665145874,-0.3388989269733429,-0.019518041854439616,-0.16082292795181274,-0.42158934473991394,-0.03121711859637344,-0.13055211305618286,-0.2567141354084015,-0.05046786913806045,-0.2569756507873535,-0.23392760753631592,-0.07681928375893676,-0.2349066138267517,-0.1943551003932953,-0.078961720561324,-0.1955317258834839,-0.19212844967842102,-0.07622834095889175,-0.1227160096168518,-0.18404456973075867,-0.06542575905257308,-0.26073580980300903,-0.1533028781414032,-0.08839903572732055,-0.2308964729309082,-0.12476992607116699,-0.07693949887686813,-0.18928927183151245,-0.12942340970039368,-0.06961773136788452,-0.11663126945495605,-0.10304635763168335,-0.07898694077664459,-0.24731606245040894,-0.08398360013961792,-0.10381293097668731,-0.21364784240722656,-0.059977948665618896,-0.08195721903973663,-0.17070627212524414,-0.06359010934829712,-0.06591187963419998,-0.11420983076095581,-0.0206146240234375,-0.09087503502303207,-0.22197556495666504,-0.01694464683532715,-0.1120217050068959,-0.19472211599349976,-0.004561364650726318,-0.09922598848277175,-0.15636104345321655,-0.007983028888702393,-0.08705529371434295,thumbs_up
0.0,0.0,0.0,-0.03821372985839844,-0.11132514476776123,0.004246629534748081,-0.10236555337905884,-0.23763421177864075,-0.00727736228844833,-0.14410316944122314,-0.33467721939086914,-0.020116317791405436,-0.15514922142028809,-0.4171343445777893,-0.03368411190575671,-0.12741398811340332,-0.2511995732784271,-0.050473999006214854,-0.24899506568908691,-0.23255372047424316,-0.075298234594527,-0.2331041693687439,-0.19267970323562622,-0.07767120726174426,-0.19713950157165527,-0.18714728951454163,-0.0757560131675632,-0.12025916576385498,-0.17884588241577148,-0.06615042663878512,-0.25688493251800537,-0.1513884961605072,-0.08770063496893954,-0.23213160037994385,-0.12275844812393188,-0.0767216829187305,-0.1912555694580078,-0.1263394057750702,-0.07020669407910418,-0.11488378047943115,-0.0983424186706543,-0.08004766680068087,-0.24577635526657104,-0.08246093988418579,-0.1039525640732677,-0.21555083990097046,-0.05969667434692383,-0.0832538676983745,-0.17265164852142334,-0.06240600347518921,-0.06825762219494891,-0.11305713653564453,-0.017383337020874023,-0.09208448208636355,-0.22043347358703613,-0.015687167644500732,-0.11298448569840502,-0.19492828845977783,-0.005986273288726807,-0.1009075862891109,-0.15624207258224487,-0.010397076606750488,-0.08949894435471606,thumbs_up
0.0,0.0,0.0,-0.037924230098724365,-0.10879838466644287,0.004067580558739792,-0.10224992036819458,-0.2366575300693512,-0.006474318105347265,-0.14534425735473633,-0.3339689075946808,-0.017991584848232378,-0.1591014862060547,-0.4158073663711548,-0.03002148972041141,-0.1291794776916504,-0.25081950426101685,-0.05033929937667381,-0.25302910804748535,-0.2383957803249359,-0.07488812425322067,-0.23799383640289307,-0.19714733958244324,-0.07600595721191894,-0.20198041200637817,-0.19008475542068481,-0.07279308059401046,-0.12292808294296265,-0.18046927452087402,-0.06532678672260772,-0.2599979043006897,-0.15616777539253235,-0.08648160019106399,-0.234624981880188,-0.12592178583145142,-0.07457541593498718,-0.19416040182113647,-0.12937450408935547,-0.06712672033495437,-0.11824917793273926,-0.10091149806976318,-0.07863529690689575,-0.24984681606292725,-0.08718079328536987,-0.10226888128704559,-0.21850138902664185,-0.06259876489639282,-0.08078572818226348,-0.1754852533340454,-0.0648810863494873,-0.06507596292681228,-0.11708033084869385,-0.01949179172515869,-0.09006591060347091,-0.22699886560440063,-0.020187437534332275,-0.11074387946314346,-0.20178455114364624,-0.008552849292755127,-0.09818234958834182,-0.16332119703292847,-0.011484086513519287,-0.08625367948002349,thumbs_up
0.0,0.0,0.0,-0.03660380840301514,-0.11138230562210083,0.005278039977213211,-0.10023516416549683,-0.23710671067237854,-0.005281116559842758,-0.141789972782135,-0.333234965801239,-0.017142430159935884,-0.15469002723693848,-0.4130849838256836,-0.02978347263086789,-0.12734103202819824,-0.2535826861858368,-0.04997158444274419,-0.24964547157287598,-0.2352985143661499,-0.07373321822632306,-0.23451173305511475,-0.19625794887542725,-0.07544772348154538,-0.19992595911026,-0.1910540759563446,-0.07313613614786618,-0.12080943584442139,-0.18107196688652039,-0.06559328756083005,-0.25664496421813965,-0.15376129746437073,-0.08633887043941968,-0.23157691955566406,-0.1258661448955536,-0.07499254516113751,-0.19106948375701904,-0.12978914380073547,-0.0681830274199342,-0.11580759286880493,-0.10079178214073181,-0.07917290202129834,-0.2454056739807129,-0.08445638418197632,-0.10225088170517438,-0.21474218368530273,-0.061867594718933105,-0.0814826341604089,-0.1720273494720459,-0.06446051597595215,-0.0665014090274667,-0.11423921585083008,-0.019452810287475586,-0.09076707831371778,-0.22058576345443726,-0.018676340579986572,-0.11123911312569135,-0.19365155696868896,-0.007918834686279297,-0.09862193486441129,-0.1541001796722412,-0.011143505573272705,-0.08670241406906598,thumbs_up
0.0,0.0,0.0,-0.03764986991882324,-0.11024469137191772,0.004931539134702234,-0.10114812850952148,-0.23759552836418152,-0.004969660820790978,-0.14330685138702393,-0.3341848850250244,-0.015980622427889557,-0.1564592719078064,-0.41509437561035156,-0.027890887739488335,-0.13094347715377808,-0.25563523173332214,-0.04857343498093769,-0.2539665699005127,-0.23628592491149902,-0.07206848326546833,-0.2393937110900879,-0.19492757320404053,-0.07323000642878696,-0.2041405439376831,-0.18796822428703308,-0.0704104459605901,-0.12427389621734619,-0.18557244539260864,-0.06390834662539646,-0.26116490364074707,-0.15720629692077637,-0.08397436204774067,-0.23701030015945435,-0.12626522779464722,-0.07264745298249409,-0.19705873727798462,-0.12820732593536377,-0.0659408128581731,-0.11870449781417847,-0.10563710331916809,-0.07740689876897022,-0.24981099367141724,-0.08847641944885254,-0.10065075072867558,-0.2186439037322998,-0.06360679864883423,-0.08030457112414524,-0.17574304342269897,-0.06542640924453735,-0.06563738051278278,-0.11628317832946777,-0.02350473403930664,-0.08890708598715946,-0.22500139474868774,-0.02075958251953125,-0.11012115392310307,-0.19878464937210083,-0.008107542991638184,-0.0981882071815221,-0.16016000509262085,-0.011354148387908936,-0.08671987864596531,thumbs_up
0.0,0.0,0.0,-0.036792218685150146,-0.1124381422996521,0.0062251568957094605,-0.10006332397460938,-0.23647186160087585,-0.0036767720525290315,-0.14099133014678955,-0.3320850431919098,-0.015005913265156323,-0.1529332995414734,-0.4119434952735901,-0.02719744265090185,-0.12738823890686035,-0.2561405599117279,-0.047136012166845376,-0.24953734874725342,-0.23787909746170044,-0.07046594068418699,-0.23445969820022583,-0.19559097290039062,-0.07244497880350309,-0.19940853118896484,-0.18790847063064575,-0.07046806409965711,-0.12189197540283203,-0.1845296323299408,-0.06313428625475126,-0.25677168369293213,-0.15718868374824524,-0.08274409517656522,-0.2311028242111206,-0.12569323182106018,-0.07147506222139555,-0.19093787670135498,-0.1269207000732422,-0.06497781321417051,-0.11713653802871704,-0.10419091582298279,-0.07711078569303709,-0.24375462532043457,-0.08699852228164673,-0.09872072532783704,-0.21208572387695312,-0.062249958515167236,-0.07771740451465803,-0.1700703501701355,-0.0637887716293335,-0.06315608665357786,-0.11464589834213257,-0.022331535816192627,-0.08913109049211698,-0.21961146593093872,-0.019123196601867676,-0.10833987936388212,-0.19149106740951538,-0.005914032459259033,-0.09506241574894148,-0.15235650539398193,-0.008344292640686035,-0.08309821382175642,thumbs_up
0.0,0.0,0.0,-0.03589719533920288,-0.1125812828540802,0.005531551929266243,-0.0991511344909668,-0.23761266469955444,-0.004425119461416216,-0.13980793952941895,-0.33250701427459717,-0.015651404710411043,-0.1527441143989563,-0.4117513597011566,-0.02757104657769105,-0.12855148315429688,-0.25683045387268066,-0.04880347460687062,-0.2507176995277405,-0.2363547682762146,-0.07232081130325696,-0.23281371593475342,-0.19619223475456238,-0.07355104372084043,-0.19662147760391235,-0.19085940718650818,-0.0709253995138397,-0.1227310299873352,-0.18464547395706177,-0.06470070764601132,-0.2580912113189697,-0.1564783751964569,-0.08517923936426541,-0.23023641109466553,-0.12603607773780823,-0.0733185781556358,-0.18904471397399902,-0.12880682945251465,-0.06614916011869809,-0.11767244338989258,-0.10366538166999817,-0.07862947866499326,-0.245372474193573,-0.0879065990447998,-0.10129937514841458,-0.212230384349823,-0.06319493055343628,-0.07966978833258054,-0.16923344135284424,-0.06543326377868652,-0.0643447263556709,-0.114715576171875,-0.021423697471618652,-0.09065738305628201,-0.2198198437690735,-0.021600186824798584,-0.1112022919970741,-0.19192242622375488,-0.008034467697143555,-0.09819166347563169,-0.153009831905365,-0.0099257230758667,-0.08605626955807111,thumbs_up
0.0,0.0,0.0,-0.03755295276641846,-0.11188831925392151,0.005847714479898514,-0.10120755434036255,-0.23767024278640747,-0.0037112689000764476,-0.14217913150787354,-0.3339881896972656,-0.014695786301160751,-0.1552211046218872,-0.41374093294143677,-0.0263614388072142,-0.13099366426467896,-0.2575753331184387,-0.046333148505652844,-0.2542968988418579,-0.23488324880599976,-0.07082226815458625,-0.23441648483276367,-0.19537115097045898,-0.0733132207655558,-0.19763147830963135,-0.19214540719985962,-0.0713867166900286,-0.12469929456710815,-0.18678849935531616,-0.06225303130980819,-0.2607373595237732,-0.15722894668579102,-0.08308764490124076,-0.23254907131195068,-0.12733232975006104,-0.0718529591226229,-0.19194984436035156,-0.130693256855011,-0.06503730210300773,-0.11982113122940063,-0.10642129182815552,-0.07652135136362404,-0.2484322190284729,-0.08887159824371338,-0.09973956587549537,-0.21512693166732788,-0.06428444385528564,-0.0785496378206858,-0.17268437147140503,-0.06692546606063843,-0.06325419190164894,-0.11755234003067017,-0.02405703067779541,-0.08891338052984565,-0.22362154722213745,-0.02273714542388916,-0.10942999216553062,-0.19598323106765747,-0.009346187114715576,-0.09663800838228553,-0.15772277116775513,-0.011693716049194336,-0.08456332924600929,thumbs_up
0.0,0.0,0.0,-0.03601175546646118,-0.11374503374099731,0.00552903709410657,-0.09867793321609497,-0.23776862025260925,-0.004153003101805552,-0.13916277885437012,-0.33199411630630493,-0.01537411159426938,-0.15328049659729004,-0.4097047746181488,-0.027267230325946912,-0.12974798679351807,-0.2580149173736572,-0.04522661457360755,-0.2512819766998291,-0.2320151925086975,-0.06956873054207335,-0.23176521062850952,-0.1943657100200653,-0.07304114813507567,-0.19554054737091064,-0.1922728419303894,-0.07181494648159514,-0.12502533197402954,-0.18588057160377502,-0.06077681446970473,-0.25761187076568604,-0.15600773692131042,-0.08132512832582961,-0.23096495866775513,-0.1282314658164978,-0.07136899943054686,-0.19097137451171875,-0.1317971646785736,-0.06549504364431868,-0.12096458673477173,-0.10599201917648315,-0.0746112760394908,-0.24628537893295288,-0.0885971188545227,-0.09716509992779265,-0.21546632051467896,-0.06492316722869873,-0.07696990633905898,-0.17358779907226562,-0.06685155630111694,-0.062352701672921285,-0.11889392137527466,-0.02534329891204834,-0.08666913921535979,-0.22214072942733765,-0.024146080017089844,-0.10651439393461715,-0.19554972648620605,-0.010787904262542725,-0.09388323093355666,-0.15722936391830444,-0.012398123741149902,-0.08181970531643401,thumbs_up
0.0,0.0,0.0,-0.036865413188934326,-0.11163583397865295,0.00557748898427235,-0.0988621711730957,-0.23555028438568115,-0.004334933873906266,-0.13923203945159912,-0.3301204442977905,-0.01564440811489476,-0.1533982753753662,-0.40861910581588745,-0.027566514261707198,-0.12935090065002441,-0.2572649121284485,-0.04582002321694745,-0.2517580986022949,-0.23183727264404297,-0.070450249411806,-0.23234200477600098,-0.19323161244392395,-0.07331202486966504,-0.19599437713623047,-0.19099092483520508,-0.07149064103577984,-0.12386149168014526,-0.18653163313865662,-0.06147536943171872,-0.25834453105926514,-0.156544029712677,-0.08225730369304074,-0.231423020362854,-0.12736958265304565,-0.07175987521623028,-0.19151604175567627,-0.13020983338356018,-0.06536028096888913,-0.11955314874649048,-0.10718202590942383,-0.07545206258510007,-0.24667257070541382,-0.08907437324523926,-0.09825496683333768,-0.21494323015213013,-0.06497824192047119,-0.0774816305420245,-0.17294257879257202,-0.06698083877563477,-0.0623863407454337,-0.11759132146835327,-0.026509523391723633,-0.08760752836678876,-0.22281306982040405,-0.024295151233673096,-0.10760941664193524,-0.1963704228401184,-0.01065140962600708,-0.09481831202720059,-0.15862655639648438,-0.012479007244110107,-0.08260029862140073,thumbs_up
0.0,0.0,0.0,-0.03569376468658447,-0.11267989873886108,0.0051673887430752075,-0.09718167781829834,-0.23607352375984192,-0.005164925088820382,-0.1368098258972168,-0.33012938499450684,-0.016894626510975286,-0.14961373805999756,-0.40821024775505066,-0.02925285239302866,-0.1275315284729004,-0.2568945586681366,-0.04591626775049917,-0.2501293420791626,-0.2317606508731842,-0.0716316300311064,-0.22921890020370483,-0.19381943345069885,-0.07614592191362135,-0.19154852628707886,-0.19255271553993225,-0.0753942477383589,-0.12210488319396973,-0.1840648651123047,-0.06147431310796492,-0.25776034593582153,-0.1564037799835205,-0.0831370028533911,-0.23012405633926392,-0.12773779034614563,-0.07343814995670073,-0.18892204761505127,-0.13043999671936035,-0.06731965866470091,-0.11804163455963135,-0.10395205020904541,-0.07541831311368696,-0.24526774883270264,-0.08758890628814697,-0.09872672435426466,-0.2138000726699829,-0.06432348489761353,-0.07822283085965864,-0.1712384819984436,-0.06677359342575073,-0.06296740200900786,-0.11651390790939331,-0.023445427417755127,-0.08758353915595762,-0.22149354219436646,-0.022750377655029297,-0.10754780199908964,-0.19510096311569214,-0.00966733694076538,-0.0945140096225714,-0.15700727701187134,-0.011465728282928467,-0.08196469124936812,thumbs_up
0.0,0.0,0.0,-0.03609412908554077,-0.1113867461681366,0.006111714121857403,-0.09761607646942139,-0.2370254397392273,-0.0034887971645503058,-0.13650763034820557,-0.33261343836784363,-0.01453400117441106,-0.14883267879486084,-0.41063690185546875,-0.02638345577850032,-0.12578648328781128,-0.2562098801136017,-0.04568245069219756,-0.2504710555076599,-0.23371663689613342,-0.07051428959800887,-0.23122602701187134,-0.19406050443649292,-0.07408213422729659,-0.19399887323379517,-0.19006335735321045,-0.07274147675468612,-0.12132453918457031,-0.18489190936088562,-0.0617224927349298,-0.2585445046424866,-0.15910038352012634,-0.08234233961536574,-0.23110318183898926,-0.12774497270584106,-0.07203786627485442,-0.1904190182685852,-0.1280827522277832,-0.06567898945047546,-0.11794692277908325,-0.10507702827453613,-0.07597699568702865,-0.2456573247909546,-0.08925676345825195,-0.0982360373540132,-0.2128104567527771,-0.06468778848648071,-0.07702545628978896,-0.1704796552658081,-0.06591266393661499,-0.061784001003047706,-0.11701333522796631,-0.02320396900177002,-0.08839676336481261,-0.22277849912643433,-0.02380424737930298,-0.1077529321713655,-0.1947595477104187,-0.009925007820129395,-0.09394068078233886,-0.15621060132980347,-0.01085042953491211,-0.08121141598655868,thumbs_up
0.0,0.0,0.0,-0.03667539358139038,-0.11038762331008911,0.0048706420053008515,-0.09821170568466187,-0.23665067553520203,-0.005247098830693631,-0.1387866735458374,-0.3324418067932129,-0.016489620291793017,-0.1528492569923401,-0.41171813011169434,-0.028471934580409197,-0.12834680080413818,-0.25474613904953003,-0.04765397400518623,-0.2505432963371277,-0.23522430658340454,-0.07207332641741004,-0.23325949907302856,-0.194570392370224,-0.07448588401933876,-0.19756513833999634,-0.18930849432945251,-0.0724394106950399,-0.12320876121520996,-0.18343505263328552,-0.06309535444637504,-0.25919389724731445,-0.15882739424705505,-0.08420165718456474,-0.2323252558708191,-0.12699037790298462,-0.07339970857759681,-0.19161218404769897,-0.12764471769332886,-0.06645418793817726,-0.11907094717025757,-0.1030312180519104,-0.07678361327310768,-0.246845543384552,-0.08905494213104248,-0.10008683890958991,-0.21465325355529785,-0.06417953968048096,-0.07912672401329246,-0.17222464084625244,-0.06572681665420532,-0.06358320356270042,-0.11758953332901001,-0.021032750606536865,-0.0886113131131765,-0.22476524114608765,-0.02234548330307007,-0.10899808348079887,-0.20045912265777588,-0.010135412216186523,-0.09633436889311042,-0.16408056020736694,-0.012557625770568848,-0.08416858405729499,thumbs_up
0.0,0.0,0.0,-0.036192476749420166,-0.11322733759880066,0.007166534418672654,-0.09763133525848389,-0.2388049066066742,-0.0017865005755197672,-0.13783127069473267,-0.3347788155078888,-0.01230850188204613,-0.1517711877822876,-0.41402095556259155,-0.02371741296866503,-0.12927359342575073,-0.2587393820285797,-0.04317123839774695,-0.25110161304473877,-0.2364700734615326,-0.06517637545385924,-0.2328650951385498,-0.19704505801200867,-0.06713876897612181,-0.1969975233078003,-0.1925731599330902,-0.06525442773619261,-0.12542647123336792,-0.1882609724998474,-0.059224799518972304,-0.2594355344772339,-0.16165795922279358,-0.07743909979382124,-0.23243266344070435,-0.13169392943382263,-0.06665997976580229,-0.19226503372192383,-0.13255536556243896,-0.06054938608923521,-0.12222528457641602,-0.10894232988357544,-0.07324592048445311,-0.24758636951446533,-0.0929674506187439,-0.09297331446924773,-0.2148187756538391,-0.06905186176300049,-0.07163681114235487,-0.17292475700378418,-0.07022207975387573,-0.05714246655026045,-0.12068212032318115,-0.027554094791412354,-0.0854304509810504,-0.2245558500289917,-0.026682794094085693,-0.10328566307345,-0.1966632604598999,-0.012988030910491943,-0.08943301463642683,-0.15909159183502197,-0.014095485210418701,-0.07709208900251951,thumbs_up
0.0,0.0,0.0,-0.03624701499938965,-0.11239010095596313,0.00578569967757403,-0.09775173664093018,-0.2386101484298706,-0.0037056308007663574,-0.1386052370071411,-0.3347761034965515,-0.014493879187000402,-0.15254062414169312,-0.4146769344806671,-0.026009961287570604,-0.12979203462600708,-0.2585301399230957,-0.044655521656466135,-0.251633882522583,-0.2371646761894226,-0.06777644648690284,-0.23341995477676392,-0.19792461395263672,-0.07025756433148445,-0.19739586114883423,-0.19271788001060486,-0.06855754300494254,-0.1258888840675354,-0.18768170475959778,-0.06011346473832191,-0.26010435819625854,-0.16042238473892212,-0.07915034636397422,-0.23249703645706177,-0.13082918524742126,-0.06850440546412528,-0.19236403703689575,-0.13192597031593323,-0.06242309256930412,-0.12245804071426392,-0.10807031393051147,-0.07375876351733268,-0.2478325366973877,-0.09131568670272827,-0.09481089308400215,-0.214593768119812,-0.06821262836456299,-0.0739338298096186,-0.17256265878677368,-0.06956034898757935,-0.05941955863971771,-0.12092256546020508,-0.026633918285369873,-0.08559352650780738,-0.22466719150543213,-0.025599181652069092,-0.10432888313670219,-0.1966310739517212,-0.012471973896026611,-0.0909384091152674,-0.15911942720413208,-0.01357501745223999,-0.07875119640965522,thumbs_up
0.0,0.0,0.0,-0.03515416383743286,-0.11226677894592285,0.006693830538779366,-0.09543401002883911,-0.23836085200309753,-0.003049629216775429,-0.1349271535873413,-0.3328154385089874,-0.0143578696881832,-0.14743566513061523,-0.4099234640598297,-0.026552145544201267,-0.1290634274482727,-0.2567235231399536,-0.04553177690854682,-0.2509121298789978,-0.23447653651237488,-0.06946107855787886,-0.23006439208984375,-0.1963682770729065,-0.07347013166895522,-0.19352251291275024,-0.19481885433197021,-0.07271605095615996,-0.12566936016082764,-0.18362969160079956,-0.06145370489707602,-0.2593660354614258,-0.1601906716823578,-0.08099002501717223,-0.23110240697860718,-0.13055473566055298,-0.07038311025848998,-0.1904686689376831,-0.13130733370780945,-0.06386904529085768,-0.12266701459884644,-0.10356119275093079,-0.0753937523697914,-0.24833935499191284,-0.09241831302642822,-0.09623003116598738,-0.21738570928573608,-0.06756967306137085,-0.07502916565886153,-0.17585933208465576,-0.0671343207359314,-0.05967569461813582,-0.1220216155052185,-0.0219876766204834,-0.08747414610138549,-0.22761553525924683,-0.02796757221221924,-0.10524372122040404,-0.2028789520263672,-0.01339346170425415,-0.09109507611742629,-0.1662614941596985,-0.01160663366317749,-0.07798932603350295,thumbs_up
0.0,0.0,0.0,-0.03588312864303589,-0.1124269962310791,0.0068635904807479164,-0.0951765775680542,-0.23731151223182678,-0.0026664562411724546,-0.1347658634185791,-0.3315889835357666,-0.013783503638592265,-0.14684295654296875,-0.41050875186920166,-0.026058018522348902,-0.13015902042388916,-0.2579229772090912,-0.04424430275150826,-0.25167328119277954,-0.23311683535575867,-0.06661210426875641,-0.23369795083999634,-0.19340109825134277,-0.06913141378947785,-0.19838792085647583,-0.18949759006500244,-0.06767072001287033,-0.12637341022491455,-0.18701699376106262,-0.06035101631471207,-0.25952666997909546,-0.16021043062210083,-0.07860499093123963,-0.2341691255569458,-0.12949258089065552,-0.06843610325643112,-0.19513201713562012,-0.128757506608963,-0.0627942703087001,-0.12297958135604858,-0.10740786790847778,-0.07437873849460175,-0.24766314029693604,-0.09195667505264282,-0.09405586341210892,-0.21724992990493774,-0.06741905212402344,-0.07357336798497727,-0.17627078294754028,-0.06702554225921631,-0.05954567188211968,-0.12152653932571411,-0.026029765605926514,-0.08655159393140366,-0.22744089365005493,-0.026679039001464844,-0.10418929377385666,-0.2034587860107422,-0.012721776962280273,-0.09086528638192704,-0.16784965991973877,-0.01260596513748169,-0.07880406299420883,thumbs_up
0.0,0.0,0.0,-0.035869300365448,-0.1104617714881897,0.008077434714778065,-0.09480756521224976,-0.23379552364349365,-0.0012972476110917341,-0.13308292627334595,-0.32671380043029785,-0.012565793950216175,-0.14567703008651733,-0.4037843942642212,-0.02495331458385408,-0.13006621599197388,-0.2548913359642029,-0.04331522948677957,-0.25142568349838257,-0.2311849296092987,-0.06622826076682031,-0.2327415943145752,-0.19204425811767578,-0.06989439345534265,-0.19697684049606323,-0.18893834948539734,-0.06911539055045068,-0.12637662887573242,-0.18191716074943542,-0.05983532361324251,-0.2614104747772217,-0.15593993663787842,-0.07863050467904031,-0.23458218574523926,-0.12607845664024353,-0.0684144324773115,-0.19411808252334595,-0.1262369453907013,-0.062397716116265656,-0.12315535545349121,-0.10194277763366699,-0.07424847550328195,-0.24955064058303833,-0.08890193700790405,-0.09426578648026407,-0.21890199184417725,-0.06542450189590454,-0.07344785101349771,-0.1773579716682434,-0.06551545858383179,-0.05870771921809137,-0.1221761703491211,-0.021157801151275635,-0.08670352913077295,-0.22765427827835083,-0.02564483880996704,-0.1042018435114187,-0.20323854684829712,-0.012230336666107178,-0.09029485799010217,-0.16739624738693237,-0.011262118816375732,-0.07751897491152704,thumbs_up
0.0,0.0,0.0,-0.03776150941848755,-0.11093387007713318,0.00830627255379568,-0.0956307053565979,-0.23393476009368896,-0.0009328252123168568,-0.13453608751296997,-0.3259732723236084,-0.012047676143652097,-0.14646971225738525,-0.40396982431411743,-0.024296390598124162,-0.1308651566505432,-0.25445568561553955,-0.04309442151100029,-0.2513014078140259,-0.2290881872177124,-0.06464930508047928,-0.23326373100280762,-0.18936681747436523,-0.06655808422476639,-0.1984078288078308,-0.18566903471946716,-0.06473771366984238,-0.12669360637664795,-0.18426674604415894,-0.059737219249313966,-0.25873637199401855,-0.15588614344596863,-0.07741971198231568,-0.23299598693847656,-0.12649551033973694,-0.06672522309929718,-0.19389784336090088,-0.126789391040802,-0.0608292322209536,-0.12309306859970093,-0.10543280839920044,-0.07411137107521881,-0.24754852056503296,-0.08857965469360352,-0.09296772513300766,-0.216802716255188,-0.06464850902557373,-0.071957743500775,-0.17581439018249512,-0.06437152624130249,-0.05776315811783661,-0.1215328574180603,-0.024519383907318115,-0.08655184391648163,-0.22575879096984863,-0.02422088384628296,-0.10343505326420654,-0.20121967792510986,-0.010401308536529541,-0.08958742651850571,-0.16576015949249268,-0.009747922420501709,-0.07723507169396271,thumbs_up
0.0,0.0,0.0,-0.03994113206863403,-0.1096351146697998,0.007866757828196569,-0.10058540105819702,-0.23421978950500488,-0.0009078391367438599,-0.13991349935531616,-0.32841020822525024,-0.011727455165782885,-0.15138530731201172,-0.4053695499897003,-0.023558074702123122,-0.13529431819915771,-0.2533861994743347,-0.03873374508748384,-0.2563256621360779,-0.22188830375671387,-0.06319757746587129,-0.2349008321762085,-0.17969593405723572,-0.06911146091351839,-0.19754689931869507,-0.1789657473564148,-0.06956622200141283,-0.13078200817108154,-0.18231520056724548,-0.055085124541619734,-0.2648088335990906,-0.1521555781364441,-0.07397642182240816,-0.23749977350234985,-0.11855334043502808,-0.06483753221164079,-0.19739562273025513,-0.11953175067901611,-0.05949292155037256,-0.12673836946487427,-0.10357141494750977,-0.06981181548962923,-0.2548394799232483,-0.0852208137512207,-0.09023815589080186,-0.2225305438041687,-0.0578654408454895,-0.06938912170062395,-0.18022406101226807,-0.05833691358566284,-0.05449752332697244,-0.12481218576431274,-0.022282779216766357,-0.08275655107627244,-0.23024266958236694,-0.01903432607650757,-0.10028122561107011,-0.20390915870666504,-0.00412517786026001,-0.08616680847535463,-0.16648268699645996,-0.005134522914886475,-0.07311227368245454,thumbs_up
0.0,0.0,0.0,-0.03983873128890991,-0.11099478602409363,0.008794920828904651,-0.10097235441207886,-0.23479795455932617,-0.0005914008754643874,-0.14058995246887207,-0.33046579360961914,-0.012162263195250489,-0.15183472633361816,-0.4081231653690338,-0.02429487338963554,-0.13322973251342773,-0.25291708111763,-0.0410725024223666,-0.2598215341567993,-0.2290394902229309,-0.06610017983916805,-0.23609155416488647,-0.1827126443386078,-0.07178151576522396,-0.19586515426635742,-0.1785564422607422,-0.07219714640382335,-0.12911111116409302,-0.18339717388153076,-0.05821169509295032,-0.26637327671051025,-0.15199145674705505,-0.07714116542342708,-0.23653680086135864,-0.11749708652496338,-0.06690042434934185,-0.19572097063064575,-0.11893764138221741,-0.06090109764340923,-0.12568116188049316,-0.10558861494064331,-0.07363799928430126,-0.2517978549003601,-0.08046996593475342,-0.09311882375482128,-0.21708542108535767,-0.055062949657440186,-0.07139115004542873,-0.17522335052490234,-0.057848989963531494,-0.05638132585886524,-0.12350082397460938,-0.024390757083892822,-0.0872075554609637,-0.22745823860168457,-0.016347289085388184,-0.10297892956737087,-0.19796711206436157,-0.0018000602722167969,-0.08742391287091777,-0.15938329696655273,-0.0037512779235839844,-0.07393877177241848,thumbs_up
0.0,0.0,0.0,-0.04056680202484131,-0.11378175020217896,0.008562615586015454,-0.1009225845336914,-0.23919785022735596,-0.0005724384891436785,-0.1410476565361023,-0.3338136076927185,-0.011289088542071113,-0.15368908643722534,-0.4118276536464691,-0.02299756512275053,-0.13915884494781494,-0.25576251745224,-0.045436545761731395,-0.26380205154418945,-0.23144155740737915,-0.066867369713691,-0.24516081809997559,-0.18742311000823975,-0.06801691234340979,-0.20774918794631958,-0.1815544068813324,-0.06551349491110159,-0.13485932350158691,-0.18453407287597656,-0.06189516514768911,-0.2710114121437073,-0.1572498083114624,-0.07812953323355032,-0.24544107913970947,-0.1227041482925415,-0.066059883239177,-0.20566463470458984,-0.12294641137123108,-0.05945013419022871,-0.12971365451812744,-0.10548901557922363,-0.07581838548412634,-0.2561415433883667,-0.0889846682548523,-0.0940832528494866,-0.22434258460998535,-0.062222957611083984,-0.07241387993326498,-0.1819068193435669,-0.062247395515441895,-0.05801830768814398,-0.12503129243850708,-0.024084270000457764,-0.08760831088056875,-0.229689359664917,-0.023144245147705078,-0.10430936098327948,-0.20223045349121094,-0.007531344890594482,-0.08930463671913458,-0.16352230310440063,-0.006886959075927734,-0.0762256267689736,thumbs_up
0.0,0.0,0.0,-0.041318655014038086,-0.11423063278198242,0.01168953312657095,-0.10181301832199097,-0.23719871044158936,0.002568337014906774,-0.13966429233551025,-0.33238911628723145,-0.009088465365550746,-0.1500341296195984,-0.41134023666381836,-0.022023434172353973,-0.13545751571655273,-0.25301387906074524,-0.043335134516439666,-0.26157790422439575,-0.22926050424575806,-0.06559959648080849,-0.24066752195358276,-0.18537569046020508,-0.06920902280040764,-0.2036074995994568,-0.18125617504119873,-0.06858869491048836,-0.13040673732757568,-0.18096613883972168,-0.06136622128911995,-0.2674112319946289,-0.15388759970664978,-0.0773079007668116,-0.24002289772033691,-0.12157934904098511,-0.06536755559869789,-0.20039576292037964,-0.12262395024299622,-0.05922635121174835,-0.12577497959136963,-0.10249924659729004,-0.07677350042291664,-0.2531992197036743,-0.08587312698364258,-0.09350738523431801,-0.22168463468551636,-0.061337947845458984,-0.07108343986698173,-0.18045496940612793,-0.062280118465423584,-0.056536896507225265,-0.12265992164611816,-0.02199721336364746,-0.08996192959972404,-0.2282649278640747,-0.023226678371429443,-0.10404363868661903,-0.20043045282363892,-0.008402645587921143,-0.08741489646860146,-0.16160041093826294,-0.006928682327270508,-0.0737361147803881,thumbs_up
0.0,0.0,0.0,-0.03827619552612305,-0.11321055889129639,0.009618709347364529,-0.09665191173553467,-0.23683395981788635,0.0011378714294778547,-0.13688653707504272,-0.3296864628791809,-0.00920341022390403,-0.15202420949935913,-0.40595558285713196,-0.020650475733759777,-0.13746851682662964,-0.2524022161960602,-0.04369992714453019,-0.26151978969573975,-0.22905170917510986,-0.06482259880829133,-0.2425493597984314,-0.18628665804862976,-0.0664822379879979,-0.20573335886001587,-0.18053174018859863,-0.0644082571201352,-0.1334601640701294,-0.18114453554153442,-0.06041016753840722,-0.2686232924461365,-0.153826504945755,-0.07620917957353868,-0.24232274293899536,-0.12119650840759277,-0.06393899720239915,-0.2031341791152954,-0.12190234661102295,-0.057272612565043346,-0.12832647562026978,-0.10226988792419434,-0.07460470449257173,-0.2546151280403137,-0.08671116828918457,-0.09238679658699311,-0.22292518615722656,-0.061339735984802246,-0.0704388762645749,-0.18158650398254395,-0.061772286891937256,-0.05586142417121209,-0.12375181913375854,-0.0207177996635437,-0.08660924386310853,-0.22812074422836304,-0.021701335906982422,-0.10265934418964662,-0.2002861499786377,-0.006324291229248047,-0.0871770526104001,-0.16196876764297485,-0.0052337646484375,-0.07384317319917955,thumbs_up
0.0,0.0,0.0,-0.03885453939437866,-0.11163026094436646,0.009548393983152437,-0.09859490394592285,-0.23408550024032593,0.0005278411873064215,-0.13829034566879272,-0.3269736170768738,-0.010836477417740298,-0.15204912424087524,-0.40396925806999207,-0.023142172049972487,-0.13880878686904907,-0.25456124544143677,-0.04096949103126235,-0.26202714443206787,-0.2279491424560547,-0.06419220196852393,-0.2393571138381958,-0.18572932481765747,-0.06870129334578223,-0.2008669376373291,-0.18378862738609314,-0.06836089121946998,-0.1346801519393921,-0.1834191381931305,-0.058033917125555945,-0.2685420513153076,-0.15694862604141235,-0.07575073468336768,-0.2396906018257141,-0.12465345859527588,-0.06496800112375922,-0.19887316226959229,-0.12763544917106628,-0.05876269194135375,-0.13023477792739868,-0.10570931434631348,-0.07296913492331214,-0.2575608491897583,-0.09218090772628784,-0.09235112744221396,-0.22491639852523804,-0.06487888097763062,-0.07036196815619178,-0.182273268699646,-0.06585150957107544,-0.05491862448701568,-0.12698084115982056,-0.025100767612457275,-0.08588383721956916,-0.23202741146087646,-0.027091920375823975,-0.10290446507582374,-0.2039911150932312,-0.0100325345993042,-0.08740813660273261,-0.16470837593078613,-0.00792306661605835,-0.07342858242640204,thumbs_up
0.0,0.0,0.0,-0.03799140453338623,-0.11196708679199219,0.009655218033515212,-0.09625464677810669,-0.23407024145126343,1.3473626097493252e-05,-0.13423782587051392,-0.3264122009277344,-0.012121525199688676,-0.14685559272766113,-0.4041796028614044,-0.0252068513795507,-0.13634026050567627,-0.25581005215644836,-0.04090360792127967,-0.2573951482772827,-0.22812432050704956,-0.06390952186433196,-0.23452693223953247,-0.1884506344795227,-0.06833106891957641,-0.19732916355133057,-0.18827921152114868,-0.0681353868707788,-0.13263285160064697,-0.18475526571273804,-0.05847761275020957,-0.2645276188850403,-0.15837997198104858,-0.07657967375365615,-0.2357804775238037,-0.12785804271697998,-0.06623758988229156,-0.19572389125823975,-0.1306152045726776,-0.060300889031566385,-0.12923777103424072,-0.10698771476745605,-0.07388023154584289,-0.2542283535003662,-0.09293663501739502,-0.09247550235835433,-0.2226582169532776,-0.06667929887771606,-0.0702779056295526,-0.1814504861831665,-0.06763619184494019,-0.054936843530811075,-0.12716132402420044,-0.026999711990356445,-0.08739308135358215,-0.23179346323013306,-0.03017634153366089,-0.10288835184422851,-0.20523428916931152,-0.013502359390258789,-0.08670861141530395,-0.16738027334213257,-0.010987937450408936,-0.07250737266389251,thumbs_up
0.0,0.0,0.0,-0.03856205940246582,-0.1094023585319519,0.00938463141773127,-0.09659254550933838,-0.23185423016548157,0.0005567937679984425,-0.13480627536773682,-0.3243105113506317,-0.010478503763636127,-0.14789795875549316,-0.4018188714981079,-0.02257086685295917,-0.13705414533615112,-0.25400006771087646,-0.04116459539528705,-0.2582416534423828,-0.22715502977371216,-0.062275435537060275,-0.2380104660987854,-0.18565168976783752,-0.06478177359696247,-0.20184797048568726,-0.1827584207057953,-0.06343272677059986,-0.13329291343688965,-0.18374153971672058,-0.0579631884991727,-0.2656233310699463,-0.15513095259666443,-0.0743659024536214,-0.23921561241149902,-0.12419149279594421,-0.06334714940186359,-0.19985443353652954,-0.1265028715133667,-0.057403668522795215,-0.12965530157089233,-0.10596686601638794,-0.07248708954449512,-0.25516730546951294,-0.0905836820602417,-0.09049193164702274,-0.22468918561935425,-0.06518924236297607,-0.06922826519604541,-0.18333768844604492,-0.06579303741455078,-0.05482768616076328,-0.1274586319923401,-0.025569260120391846,-0.08501112064715244,-0.2318437695503235,-0.0268746018409729,-0.10107957175370075,-0.20658570528030396,-0.010943710803985596,-0.08635917654629566,-0.16969329118728638,-0.008951008319854736,-0.0732958575188718,thumbs_up
0.0,0.0,0.0,-0.037431180477142334,-0.1104934811592102,0.01076926717189508,-0.09400743246078491,-0.2325417697429657,0.002514942620223337,-0.13342303037643433,-0.32434219121932983,-0.007496495660120672,-0.14826762676239014,-0.39987051486968994,-0.01855573656382603,-0.133805513381958,-0.25396034121513367,-0.04482493402781529,-0.2567657232284546,-0.22998565435409546,-0.0634389467758183,-0.23801100254058838,-0.1861298680305481,-0.062415736190700954,-0.20266848802566528,-0.18054738640785217,-0.058916652969742245,-0.1308078169822693,-0.1835259199142456,-0.06153379233899159,-0.2645644545555115,-0.15686938166618347,-0.07668367253961605,-0.23895668983459473,-0.1233055591583252,-0.0632335342687611,-0.1999945044517517,-0.12353229522705078,-0.055744422994280285,-0.12811928987503052,-0.10611116886138916,-0.07525945680561108,-0.25542283058166504,-0.09225153923034668,-0.09205372857275052,-0.22493821382522583,-0.0648723840713501,-0.06916029977026028,-0.18370306491851807,-0.0642690658569336,-0.05406709986152691,-0.12643194198608398,-0.02523142099380493,-0.0866790361923222,-0.23132210969924927,-0.026637673377990723,-0.10249301271858258,-0.20443111658096313,-0.009427189826965332,-0.08700752484025998,-0.16638576984405518,-0.007582485675811768,-0.07356574612083477,thumbs_up
0.0,0.0,0.0,-0.037773311138153076,-0.10994896292686462,0.009312781502217149,-0.09575974941253662,-0.23307651281356812,0.0006934097588100485,-0.13486731052398682,-0.3259071707725525,-0.009791653606384898,-0.14957046508789062,-0.4025269150733948,-0.021266195926159526,-0.13653606176376343,-0.25458824634552,-0.042861552912086154,-0.2587478756904602,-0.22840231657028198,-0.0636473130465447,-0.23827672004699707,-0.18720078468322754,-0.06506422721156468,-0.20155179500579834,-0.18432778120040894,-0.06289061717995992,-0.13263475894927979,-0.18427783250808716,-0.05942277051815381,-0.26577186584472656,-0.15642711520195007,-0.07610091381081929,-0.2393321394920349,-0.12560433149337769,-0.06432219408759465,-0.19986915588378906,-0.12790709733963013,-0.05766641907700887,-0.12931060791015625,-0.10633116960525513,-0.0735504906655251,-0.2556464672088623,-0.09080362319946289,-0.09193114005336156,-0.22506487369537354,-0.06548017263412476,-0.07026798092135778,-0.18393296003341675,-0.06621348857879639,-0.05552614294299474,-0.12745767831802368,-0.025305330753326416,-0.08558128588208547,-0.2316628098487854,-0.02631688117980957,-0.10216449760207524,-0.20467078685760498,-0.010090470314025879,-0.08727869950541844,-0.16684681177139282,-0.008334577083587646,-0.0739840548516213,thumbs_up
0.0,0.0,0.0,-0.037698447704315186,-0.1115761399269104,0.012159390338354115,-0.09476006031036377,-0.2318773865699768,0.004968646877102856,-0.1352783441543579,-0.3233826160430908,-0.004727002269930836,-0.15127432346343994,-0.39672335982322693,-0.015229175835258957,-0.13694548606872559,-0.2523040771484375,-0.03950758282036304,-0.2632037401199341,-0.23010790348052979,-0.060897439754910465,-0.24236851930618286,-0.18590939044952393,-0.06331586096376896,-0.20418643951416016,-0.18035510182380676,-0.06168266761989116,-0.13336962461471558,-0.1831698715686798,-0.05722602460474491,-0.26905256509780884,-0.15488910675048828,-0.07335257533878803,-0.24221712350845337,-0.12216609716415405,-0.06145360324472904,-0.20314568281173706,-0.12339910864830017,-0.05462529886455059,-0.12960851192474365,-0.10615628957748413,-0.07254373285860538,-0.2559077739715576,-0.08770829439163208,-0.09004080299229145,-0.22471404075622559,-0.062291622161865234,-0.06802186373562336,-0.1844015121459961,-0.06405889987945557,-0.05308381471724033,-0.12615454196929932,-0.024948954582214355,-0.08561722192854404,-0.23065119981765747,-0.022745490074157715,-0.10072170946688175,-0.20282822847366333,-0.007354557514190674,-0.08493681255669117,-0.16458404064178467,-0.00751495361328125,-0.07126716528028965,thumbs_up
0.0,0.0,0.0,-0.03825712203979492,-0.11313360929489136,0.011069018127273011,-0.0957484245300293,-0.23460015654563904,0.0031957777346178773,-0.1353759765625,-0.32657337188720703,-0.007121879873920989,-0.15071386098861694,-0.4023180305957794,-0.01830289166991861,-0.1387612223625183,-0.25600606203079224,-0.04015238982265146,-0.26313167810440063,-0.2300075888633728,-0.061803501365830016,-0.2419305443763733,-0.1875627636909485,-0.06406971093838365,-0.20387005805969238,-0.18274521827697754,-0.06225158673350961,-0.13528090715408325,-0.18573516607284546,-0.05772452828114183,-0.26890748739242554,-0.15734845399856567,-0.0744269120377794,-0.2409650683403015,-0.12588819861412048,-0.06300477710192354,-0.2015095353126526,-0.1277472972869873,-0.05653277438705118,-0.13115519285202026,-0.10781222581863403,-0.07293184128229768,-0.25730109214782715,-0.09197980165481567,-0.09182207313006074,-0.22489863634109497,-0.06628668308258057,-0.07030189063971193,-0.18378669023513794,-0.06756079196929932,-0.055545799700666976,-0.12727195024490356,-0.02626281976699829,-0.08587981787150056,-0.2305629849433899,-0.026446998119354248,-0.10292784896319063,-0.20182675123214722,-0.009464800357818604,-0.08777893361275346,-0.16338622570037842,-0.007990837097167969,-0.07426283535187395,thumbs_up
0.0,0.0,0.0,-0.039064884185791016,-0.11258536577224731,0.012107519971095826,-0.0972527265548706,-0.23303797841072083,0.004654418283962514,-0.13780498504638672,-0.32390841841697693,-0.005454809798038696,-0.1534438133239746,-0.398982435464859,-0.016413860416150783,-0.13894861936569214,-0.252801775932312,-0.039311606830096935,-0.2629562020301819,-0.23017704486846924,-0.06038661712977955,-0.24148434400558472,-0.18806737661361694,-0.06260912159655163,-0.2033812403678894,-0.18323060870170593,-0.060759045576787685,-0.1360190510749817,-0.18203720450401306,-0.05687072167370388,-0.2692195773124695,-0.15711092948913574,-0.0726494867560632,-0.24122458696365356,-0.12562942504882812,-0.0607141968068845,-0.20166641473770142,-0.12724778056144714,-0.05404887015197346,-0.13251447677612305,-0.10471242666244507,-0.07194931099388668,-0.25847506523132324,-0.09263432025909424,-0.08962055335018704,-0.22632378339767456,-0.06697815656661987,-0.06736565420601437,-0.1850253939628601,-0.06734001636505127,-0.052270822620130275,-0.12940210103988647,-0.024056732654571533,-0.08474715838406155,-0.23250257968902588,-0.028292536735534668,-0.10045112708780835,-0.20444715023040771,-0.011671066284179688,-0.08455796579096386,-0.16647416353225708,-0.009016871452331543,-0.07067860702250073,thumbs_up
0.0,0.0,0.0,-0.03933060169219971,-0.11259806156158447,0.012394467021010769,-0.09855020046234131,-0.23163771629333496,0.004702267820618999,-0.13919907808303833,-0.32234668731689453,-0.005666800191022503,-0.15467029809951782,-0.39814889430999756,-0.01687046175203477,-0.14040452241897583,-0.2531636357307434,-0.03974835795662557,-0.2635684013366699,-0.22907298803329468,-0.06026549113295232,-0.24163579940795898,-0.1877126693725586,-0.06173924950263654,-0.2036299705505371,-0.18387004733085632,-0.059556844060637104,-0.13711005449295044,-0.1825689971446991,-0.057703758006312,-0.26960331201553345,-0.1578129231929779,-0.07339644280574475,-0.24110347032546997,-0.12725505232810974,-0.061279585932709324,-0.20145195722579956,-0.12966600060462952,-0.05450307053826009,-0.13327163457870483,-0.10482132434844971,-0.07298936543367063,-0.2594605088233948,-0.09375268220901489,-0.09075676498315488,-0.22661620378494263,-0.06824594736099243,-0.06822970358035718,-0.18516576290130615,-0.06859683990478516,-0.05297951248786603,-0.1295846700668335,-0.023701131343841553,-0.08592495915792142,-0.23298782110214233,-0.02826017141342163,-0.10206522641084348,-0.20457106828689575,-0.011577069759368896,-0.08604594913623487,-0.1664280891418457,-0.00856548547744751,-0.07200018910072004,thumbs_up
0.0,0.0,0.0,-0.03885912895202637,-0.11284399032592773,0.011463302788001783,-0.09736490249633789,-0.23485267162322998,0.002932812687618025,-0.13605552911758423,-0.32679760456085205,-0.008072349573808424,-0.14713847637176514,-0.4040815830230713,-0.02025276921256136,-0.13939130306243896,-0.2558261752128601,-0.0412969639108951,-0.26080799102783203,-0.22897028923034668,-0.06189698479636263,-0.2405204176902771,-0.18655908107757568,-0.06375247366293024,-0.2042955756187439,-0.18273133039474487,-0.062154387454825155,-0.1357443928718567,-0.18596294522285461,-0.05907048411233973,-0.267086386680603,-0.15797874331474304,-0.07540362454517435,-0.23881155252456665,-0.12650182843208313,-0.06368746734722208,-0.1989174485206604,-0.12930282950401306,-0.05713726333840441,-0.13127225637435913,-0.10880297422409058,-0.07408383614881586,-0.25641870498657227,-0.09442341327667236,-0.09189417339428019,-0.2239636778831482,-0.06729727983474731,-0.0694385407076652,-0.18231672048568726,-0.06747055053710938,-0.0542637904690082,-0.12723034620285034,-0.028337717056274414,-0.08687675125463556,-0.23044443130493164,-0.030147016048431396,-0.10299889124496531,-0.20244044065475464,-0.012981235980987549,-0.08705747253759455,-0.16397947072982788,-0.010731875896453857,-0.07303276784284662,thumbs_up
0.0,0.0,0.0,-0.0390622615814209,-0.11129707098007202,0.010565026337587824,-0.09962624311447144,-0.23348864912986755,0.002574576903441539,-0.13914942741394043,-0.3268697261810303,-0.007946857576882849,-0.15188753604888916,-0.40483522415161133,-0.019497109902715692,-0.14148718118667603,-0.2561505436897278,-0.03808340649089814,-0.2640136480331421,-0.22864112257957458,-0.06013272921524049,-0.2422153353691101,-0.1863856017589569,-0.06405294532856942,-0.20438557863235474,-0.1841813623905182,-0.06347706015191079,-0.13828188180923462,-0.18561404943466187,-0.05521773020706178,-0.27048057317733765,-0.15858256816864014,-0.07200512136301995,-0.24261558055877686,-0.1269722580909729,-0.06147043998322488,-0.20267444849014282,-0.1304454207420349,-0.055506220413064966,-0.13463646173477173,-0.10760116577148438,-0.0701848476656437,-0.2603412866592407,-0.095420241355896,-0.08941396172127725,-0.2282748818397522,-0.06826013326644897,-0.0683116673954487,-0.18633776903152466,-0.06865429878234863,-0.053414726955509195,-0.13152402639389038,-0.026652097702026367,-0.08298653210482598,-0.2344319224357605,-0.029973387718200684,-0.1003430023320675,-0.2065630555152893,-0.012662231922149658,-0.08567318911633492,-0.1681177020072937,-0.010448932647705078,-0.07213188554129601,thumbs_up
0.0,0.0,0.0,-0.038015127182006836,-0.113472580909729,0.012853419530244992,-0.09648936986923218,-0.23506200313568115,0.005496491800101921,-0.1359521746635437,-0.3276175260543823,-0.004737961449620798,-0.1495366096496582,-0.4049568176269531,-0.016142558184412792,-0.1379258632659912,-0.25833407044410706,-0.03817339601829417,-0.2604832053184509,-0.23285359144210815,-0.05774875345542796,-0.24023425579071045,-0.1884152889251709,-0.05934927227809794,-0.203782320022583,-0.1848105788230896,-0.0576929523320473,-0.13470256328582764,-0.18783438205718994,-0.05634297790840037,-0.26787638664245605,-0.16200527548789978,-0.07181043538167842,-0.24116647243499756,-0.1278786063194275,-0.05982027190640338,-0.20149022340774536,-0.12924200296401978,-0.053061164793518856,-0.13146841526031494,-0.10948824882507324,-0.07181857886627085,-0.2574425935745239,-0.09844768047332764,-0.08890091988160975,-0.2267966866493225,-0.07003360986709595,-0.06621007236554988,-0.18550962209701538,-0.06941449642181396,-0.050778571394232586,-0.12883120775222778,-0.027804315090179443,-0.08498668285920985,-0.2340608835220337,-0.03308039903640747,-0.09992581221177943,-0.20831120014190674,-0.015444695949554443,-0.08354946586206324,-0.17066842317581177,-0.0120621919631958,-0.06933073314741023,thumbs_up
0.0,0.0,0.0,-0.03806418180465698,-0.11335247755050659,0.010289373175396577,-0.09737330675125122,-0.23735743761062622,0.002355932790010229,-0.13713908195495605,-0.33187901973724365,-0.007800816724852666,-0.15146690607070923,-0.4101223051548004,-0.019029863810942516,-0.13979268074035645,-0.2571256756782532,-0.03919840853552614,-0.2636333703994751,-0.23170441389083862,-0.060374404004619464,-0.2434152364730835,-0.18896737694740295,-0.06303090479116236,-0.20594608783721924,-0.18432721495628357,-0.06171845521669184,-0.13735443353652954,-0.18718481063842773,-0.05618972953300272,-0.27100348472595215,-0.1605873703956604,-0.07193598773221765,-0.2440752387046814,-0.1279197633266449,-0.06062998127083574,-0.20473116636276245,-0.1287713348865509,-0.05447892721633707,-0.13375002145767212,-0.10874521732330322,-0.07088862981538568,-0.259334921836853,-0.09451180696487427,-0.08877913530807291,-0.22718429565429688,-0.06795328855514526,-0.06705327954034601,-0.1860346794128418,-0.0678529143333435,-0.05249756824116503,-0.1301669478416443,-0.027131497859954834,-0.08345012243728434,-0.23327237367630005,-0.02740466594696045,-0.09980069722871576,-0.20458269119262695,-0.011275768280029297,-0.08452718581895624,-0.1664523482322693,-0.010104775428771973,-0.07111033674220835,thumbs_up
0.0,0.0,0.0,-0.037940263748168945,-0.11348539590835571,0.011803304331692743,-0.09568911790847778,-0.23752543330192566,0.003484394189285922,-0.13439172506332397,-0.33214086294174194,-0.007412114159819794,-0.14921236038208008,-0.4104536175727844,-0.01987324047615857,-0.13707780838012695,-0.255929559469223,-0.04095101494124265,-0.26011693477630615,-0.2331794798374176,-0.06168726969292493,-0.24089324474334717,-0.18853813409805298,-0.06435923415949674,-0.20405960083007812,-0.18313917517662048,-0.06322045016815991,-0.13422352075576782,-0.18372660875320435,-0.058790919815805864,-0.26801663637161255,-0.15987840294837952,-0.07418237019112439,-0.24104583263397217,-0.12588554620742798,-0.06237531590988965,-0.2008247971534729,-0.1262992024421692,-0.05608150128057332,-0.1303216814994812,-0.10432714223861694,-0.07393736529877515,-0.2572341561317444,-0.09425747394561768,-0.09125915307333798,-0.22564911842346191,-0.06651186943054199,-0.06868535417845578,-0.1835121512413025,-0.06549817323684692,-0.05358015510967107,-0.1268310546875,-0.022315919399261475,-0.08673022825053067,-0.2328242063522339,-0.027429521083831787,-0.10225568849375577,-0.2053934931755066,-0.010837554931640625,-0.08578937638333173,-0.16658037900924683,-0.00798875093460083,-0.07161586124232144,thumbs_up
0.0,0.0,0.0,-0.03728210926055908,-0.11473292112350464,0.01101206509832764,-0.09459978342056274,-0.238992840051651,0.002209148476538303,-0.13240176439285278,-0.33449026942253113,-0.008891411251681802,-0.1457216739654541,-0.41343653202056885,-0.021237400486427305,-0.1337040662765503,-0.2546476721763611,-0.04230660678382492,-0.25958365201950073,-0.23185548186302185,-0.06375743554468727,-0.2381550669670105,-0.18961936235427856,-0.06629497663612938,-0.20041149854660034,-0.1856260895729065,-0.06488319592114067,-0.13054704666137695,-0.1836692988872528,-0.05975546793575859,-0.2657800316810608,-0.15814581513404846,-0.07555958734388923,-0.2380782961845398,-0.12690848112106323,-0.06351696060534096,-0.19864052534103394,-0.12804844975471497,-0.05715682090755081,-0.1274254322052002,-0.10523849725723267,-0.07463043288822746,-0.2535913586616516,-0.09218615293502808,-0.09160959826346016,-0.22151243686676025,-0.06693607568740845,-0.06871464209194755,-0.18069934844970703,-0.06670606136322021,-0.05373834924336052,-0.1251196265220642,-0.024130523204803467,-0.08729627089138603,-0.2302764654159546,-0.027399837970733643,-0.10194317357178306,-0.20201104879379272,-0.011934340000152588,-0.08514838771458244,-0.1637212038040161,-0.009611666202545166,-0.07109761343832588,thumbs_up
0.0,0.0,0.0,-0.03868609666824341,-0.11190998554229736,0.010484508661363634,-0.10060465335845947,-0.2361888289451599,0.002801020353842887,-0.1403445601463318,-0.33150792121887207,-0.007435989143516508,-0.153719961643219,-0.40989813208580017,-0.018512434834804026,-0.14346414804458618,-0.25699058175086975,-0.03808432030137965,-0.26852279901504517,-0.23479974269866943,-0.0605400386696715,-0.24660712480545044,-0.19163605570793152,-0.06412133159693667,-0.2076391577720642,-0.18763166666030884,-0.06300706746634432,-0.1424313187599182,-0.1861853003501892,-0.05523028182443568,-0.27475494146347046,-0.1616385579109192,-0.07168630095776507,-0.2464858889579773,-0.12917053699493408,-0.06033158632573077,-0.2068914771080017,-0.13163739442825317,-0.05373673098739573,-0.14002889394760132,-0.1074572205543518,-0.07037113192137667,-0.2636985182762146,-0.09551835060119629,-0.08853683950957247,-0.23119384050369263,-0.06866306066513062,-0.0665474045520682,-0.18985885381698608,-0.06891334056854248,-0.051394421184625116,-0.13711529970169067,-0.026144027709960938,-0.08344355555828997,-0.23906022310256958,-0.030988335609436035,-0.09901079865750262,-0.21109479665756226,-0.013694286346435547,-0.08312989356574008,-0.17350059747695923,-0.01109015941619873,-0.06905164899882266,thumbs_up
0.0,0.0,0.0,-0.038983702659606934,-0.11520254611968994,0.011393732653175448,-0.0992768406867981,-0.2392846643924713,0.0024201632767812953,-0.13866794109344482,-0.33437275886535645,-0.009542352258051778,-0.14885908365249634,-0.41389694809913635,-0.022446666582311536,-0.13793611526489258,-0.25870761275291443,-0.04022198982426062,-0.2640641927719116,-0.23740282654762268,-0.06354639746137991,-0.24098336696624756,-0.1924971342086792,-0.06784807957598105,-0.20180165767669678,-0.1891639232635498,-0.067453385068859,-0.13521182537078857,-0.18706512451171875,-0.05853308059164419,-0.27015143632888794,-0.16496410965919495,-0.07693502373882666,-0.2401326298713684,-0.13149183988571167,-0.0659175819892539,-0.1987488865852356,-0.1333111822605133,-0.0592553137976779,-0.13204193115234375,-0.10895997285842896,-0.07451259411760702,-0.25849658250808716,-0.09922724962234497,-0.09316749192663565,-0.22454768419265747,-0.07088559865951538,-0.06953427262493506,-0.18212062120437622,-0.07004916667938232,-0.05309040538855925,-0.12917625904083252,-0.02847743034362793,-0.08846979655214682,-0.2335473895072937,-0.035096585750579834,-0.10359545864054098,-0.20494484901428223,-0.0178220272064209,-0.0861296883959426,-0.16617095470428467,-0.01446455717086792,-0.07106170870252981,thumbs_up
0.0,0.0,0.0,-0.038021862506866455,-0.11576932668685913,0.011007954030958444,-0.09799033403396606,-0.2397499680519104,0.0025353970841592854,-0.13775020837783813,-0.3340599536895752,-0.008559524417194098,-0.14947617053985596,-0.4129396378993988,-0.020611993372710913,-0.138155996799469,-0.25974228978157043,-0.04019403956857559,-0.2627202272415161,-0.2366374433040619,-0.06292558960643646,-0.23965924978256226,-0.19497984647750854,-0.06603987269130585,-0.20083224773406982,-0.19216212630271912,-0.06469176463809845,-0.1364830732345581,-0.1871020793914795,-0.05814564727273819,-0.2690408229827881,-0.1654050052165985,-0.07566698394742843,-0.23973298072814941,-0.13383403420448303,-0.06423211596933243,-0.19976413249969482,-0.13540008664131165,-0.05760783083763954,-0.13377434015274048,-0.10723811388015747,-0.0737374400350177,-0.2588183283805847,-0.09965908527374268,-0.09278540812459823,-0.22544729709625244,-0.07204169034957886,-0.0697236483546817,-0.18399864435195923,-0.0708356499671936,-0.05380843333927032,-0.13056409358978271,-0.024789631366729736,-0.08714341126409408,-0.23385149240493774,-0.032926321029663086,-0.1034794648739421,-0.20525836944580078,-0.014825940132141113,-0.0867314016076648,-0.1672074794769287,-0.010640203952789307,-0.07203370831933853,thumbs_up
0.0,0.0,0.0,-0.03731489181518555,-0.11458772420883179,0.010469093059953138,-0.09693056344985962,-0.2386101484298706,0.0014792633734828087,-0.1354718804359436,-0.33453911542892456,-0.010388826878909185,-0.14785820245742798,-0.413867712020874,-0.02337983615899475,-0.13598662614822388,-0.25889426469802856,-0.0397503282150069,-0.26071810722351074,-0.23666152358055115,-0.06400100693309696,-0.23775988817214966,-0.19276949763298035,-0.06915314302051456,-0.19846993684768677,-0.18988999724388123,-0.06910794034803303,-0.13386183977127075,-0.18641069531440735,-0.05773442417586239,-0.26690518856048584,-0.1636640429496765,-0.07630586430633457,-0.2371315360069275,-0.13134831190109253,-0.0658305044492522,-0.19604313373565674,-0.134005606174469,-0.05973770275915058,-0.13105010986328125,-0.10655081272125244,-0.07366061762178333,-0.25670069456100464,-0.09695369005203247,-0.09349001750553043,-0.22286838293075562,-0.0687335729598999,-0.07077115580642612,-0.18024897575378418,-0.06808680295944214,-0.05481483221257122,-0.1284552812576294,-0.024055898189544678,-0.08753096118772419,-0.2323628067970276,-0.030593514442443848,-0.10427279576862247,-0.20341962575912476,-0.01324927806854248,-0.08784320011938007,-0.1642289161682129,-0.010132014751434326,-0.07324813112819584,thumbs_up
0.0,0.0,0.0,-0.0379369854927063,-0.11643946170806885,0.009011367880418675,-0.0954357385635376,-0.24288815259933472,-0.0010300954248236849,-0.1334228515625,-0.33873969316482544,-0.012845416940137966,-0.14465749263763428,-0.41923969984054565,-0.02582038046358548,-0.13643532991409302,-0.25903356075286865,-0.04586746954856835,-0.26210129261016846,-0.23524248600006104,-0.06703295597372971,-0.24099117517471313,-0.19421342015266418,-0.06790499427853547,-0.2026241421699524,-0.19001418352127075,-0.06541767010031663,-0.13344818353652954,-0.18588900566101074,-0.06303559282360993,-0.2696123719215393,-0.16168245673179626,-0.07915038654147111,-0.24162590503692627,-0.1291351616382599,-0.0667176250511261,-0.20082437992095947,-0.12903186678886414,-0.06015000903545342,-0.12951338291168213,-0.10546356439590454,-0.07751089373169862,-0.2567601799964905,-0.09397763013839722,-0.09517177978096925,-0.22334492206573486,-0.06750130653381348,-0.07181026825247727,-0.18073081970214844,-0.06675511598587036,-0.056705702483043297,-0.1256195306777954,-0.02270042896270752,-0.08989593425332032,-0.2317686676979065,-0.02707153558731079,-0.10641651639281235,-0.2027406096458435,-0.011313796043395996,-0.09009235390959702,-0.16353124380111694,-0.009777843952178955,-0.07620342114506684,thumbs_up
0.0,0.0,0.0,-0.036671459674835205,-0.11795121431350708,0.010112955449869787,-0.09411203861236572,-0.24463379383087158,0.0004789889028984362,-0.13287609815597534,-0.3402031362056732,-0.011171998241195524,-0.14483511447906494,-0.4202061891555786,-0.024126355321357096,-0.1350109577178955,-0.2603500783443451,-0.04542819295937761,-0.26076191663742065,-0.2357116937637329,-0.06685782109315141,-0.23949092626571655,-0.1945924460887909,-0.0683742750149463,-0.20166891813278198,-0.19216611981391907,-0.06631029282624468,-0.1323683261871338,-0.18602073192596436,-0.06292144839579805,-0.2682713270187378,-0.16124692559242249,-0.07957839106137499,-0.240412175655365,-0.12957236170768738,-0.0672572616201137,-0.19974321126937866,-0.13031655550003052,-0.06053471078092798,-0.1289324164390564,-0.10555094480514526,-0.0776424172979091,-0.2563706636428833,-0.09332960844039917,-0.09566481296832308,-0.22393673658370972,-0.06796640157699585,-0.07242535685116991,-0.18144917488098145,-0.06814473867416382,-0.056979718403169954,-0.12563472986221313,-0.023112833499908447,-0.09013126675898775,-0.23238825798034668,-0.02767890691757202,-0.10621405278260454,-0.2038148045539856,-0.012448906898498535,-0.08965752159173235,-0.16407692432403564,-0.0112382173538208,-0.07541106526667818,thumbs_up
0.0,0.0,0.0,-0.03732621669769287,-0.11613303422927856,0.009722509260882362,-0.09511202573776245,-0.24221068620681763,0.00026928611578114214,-0.1338953971862793,-0.33839768171310425,-0.011282973151992337,-0.1439867615699768,-0.41920945048332214,-0.024100587863813416,-0.1367565393447876,-0.2594015300273895,-0.0437379676591263,-0.2620784640312195,-0.23619955778121948,-0.06501473968137361,-0.24166196584701538,-0.1940796673297882,-0.06666438018191911,-0.2036861777305603,-0.18907895684242249,-0.06460594867576219,-0.13458257913589478,-0.18603605031967163,-0.06094207351316072,-0.2700924873352051,-0.16113775968551636,-0.07708705698360063,-0.24171465635299683,-0.12862402200698853,-0.06504080926288225,-0.20112067461013794,-0.12883710861206055,-0.05855009814013101,-0.13128411769866943,-0.10584032535552979,-0.07554245476831056,-0.25893330574035645,-0.09453368186950684,-0.0936334702860222,-0.22551578283309937,-0.06816446781158447,-0.07075755779851534,-0.1827833652496338,-0.06732898950576782,-0.05549914126504518,-0.1279071569442749,-0.023170530796051025,-0.08798078184236147,-0.23570621013641357,-0.02907508611679077,-0.10448461507667162,-0.207383394241333,-0.012936890125274658,-0.08834339414943315,-0.16782808303833008,-0.010645866394042969,-0.07431191687692262,thumbs_up
0.0,0.0,0.0,-0.03699374198913574,-0.11621254682540894,0.0098084926150932,-0.09508466720581055,-0.24315005540847778,-8.141062312461145e-05,-0.13377410173416138,-0.3398982286453247,-0.012181326978634388,-0.14561307430267334,-0.42058905959129333,-0.02544976887179473,-0.13588857650756836,-0.260448157787323,-0.044214555294047386,-0.2623531222343445,-0.23777061700820923,-0.06658531841708282,-0.2396448254585266,-0.1960086226463318,-0.06935504195166686,-0.20068573951721191,-0.19284141063690186,-0.06781397131157973,-0.13414627313613892,-0.18638095259666443,-0.061669186920653374,-0.27021855115890503,-0.16541096568107605,-0.07873397436810592,-0.24002110958099365,-0.13349801301956177,-0.06692095962239364,-0.19842535257339478,-0.13436973094940186,-0.06022721272779563,-0.13188320398330688,-0.10641086101531982,-0.07651985552979568,-0.2595951557159424,-0.09865665435791016,-0.09440145757866958,-0.2255728840827942,-0.07167911529541016,-0.07066960004044631,-0.18247926235198975,-0.07060891389846802,-0.054695920319090874,-0.12996309995651245,-0.024115443229675293,-0.08930501458121398,-0.23661071062088013,-0.03312385082244873,-0.10494196531249145,-0.20774054527282715,-0.016466617584228516,-0.08777176705075362,-0.16797024011611938,-0.012548089027404785,-0.07296360400391677,thumbs_up
0.0,0.0,0.0,-0.03729283809661865,-0.11648416519165039,0.010285800985400328,-0.0951189398765564,-0.2435544729232788,0.000567933042873392,-0.13357305526733398,-0.3408828377723694,-0.011358239025469175,-0.14568257331848145,-0.42137593030929565,-0.024455484271641126,-0.136286199092865,-0.26141810417175293,-0.04419477124571358,-0.2628920078277588,-0.23805570602416992,-0.06612207208632981,-0.24070006608963013,-0.19612577557563782,-0.0682864061450914,-0.2019643783569336,-0.1927235722541809,-0.06639106039762055,-0.13424384593963623,-0.18752413988113403,-0.06172583465337311,-0.270627498626709,-0.1653093695640564,-0.07844467674254929,-0.24130487442016602,-0.1329510509967804,-0.06621236567258393,-0.2001209259033203,-0.1336584985256195,-0.05942270372867142,-0.13182121515274048,-0.10751473903656006,-0.07658063833474671,-0.25952088832855225,-0.09822201728820801,-0.09417808269023453,-0.22607237100601196,-0.07142752408981323,-0.07031527374743973,-0.18326961994171143,-0.07044351100921631,-0.05446253185033356,-0.12980788946151733,-0.025323808193206787,-0.08930808518886124,-0.2362239956855774,-0.033332228660583496,-0.10453605119943177,-0.20747137069702148,-0.01677495241165161,-0.0872271901822046,-0.16788679361343384,-0.013352811336517334,-0.07250564013480698,thumbs_up
0.0,0.0,0.0,-0.0377081036567688,-0.11871731281280518,0.010221571967576892,-0.09776365756988525,-0.24755176901817322,0.0013991806922604155,-0.13833224773406982,-0.3457183539867401,-0.009515662371541111,-0.1501428484916687,-0.42683786153793335,-0.021354255891765206,-0.14101749658584595,-0.26546066999435425,-0.04137420996221408,-0.2680972218513489,-0.24166101217269897,-0.06285437910946712,-0.24527907371520996,-0.19959387183189392,-0.06484099446925029,-0.2056153416633606,-0.1962469518184662,-0.06284856765660152,-0.1395450234413147,-0.19247329235076904,-0.05870833589824542,-0.27533209323883057,-0.16859453916549683,-0.07376187264117107,-0.24622416496276855,-0.13494253158569336,-0.06129407852085933,-0.20623552799224854,-0.13528507947921753,-0.054644625327910035,-0.13649874925613403,-0.11212784051895142,-0.0736024376669775,-0.2636478543281555,-0.10061591863632202,-0.09050255983265743,-0.22942835092544556,-0.07337385416030884,-0.06695338308009013,-0.18726962804794312,-0.07267427444458008,-0.051558568767632096,-0.13268452882766724,-0.028726041316986084,-0.08640613376292094,-0.23893702030181885,-0.03477585315704346,-0.10167321532162532,-0.2089998722076416,-0.01794368028640747,-0.08457139848860606,-0.16946303844451904,-0.015328943729400635,-0.07001592188271388,thumbs_up
0.0,0.0,0.0,-0.038942813873291016,-0.12070441246032715,0.012718716488450355,-0.09912633895874023,-0.2490362524986267,0.004545603730946368,-0.1392849087715149,-0.34655794501304626,-0.006505760046422893,-0.15149390697479248,-0.42813682556152344,-0.018764761424392873,-0.14233160018920898,-0.26774975657463074,-0.0390303108457033,-0.2673378586769104,-0.24484074115753174,-0.06000641468796175,-0.24531406164169312,-0.2023940086364746,-0.06197821084293764,-0.20649755001068115,-0.19898667931556702,-0.06011169884237688,-0.14055633544921875,-0.1933751404285431,-0.05784904319676798,-0.2758576273918152,-0.17191234230995178,-0.0739695254329149,-0.24595987796783447,-0.13884592056274414,-0.061757118589014226,-0.2044735550880432,-0.13958922028541565,-0.05481333766016405,-0.13705050945281982,-0.11227059364318848,-0.07397085163626116,-0.2649681568145752,-0.10366714000701904,-0.09157338473829668,-0.23054981231689453,-0.07553452253341675,-0.06747457865509432,-0.1873917579650879,-0.07448172569274902,-0.051189490741819554,-0.13251447677612305,-0.028434932231903076,-0.08779026303324144,-0.23983806371688843,-0.037310004234313965,-0.10291525456938189,-0.20991873741149902,-0.01958400011062622,-0.08481286201509874,-0.16942238807678223,-0.015508115291595459,-0.06931522969040316,thumbs_up
0.0,0.0,0.0,-0.03655523061752319,-0.12213397026062012,0.010525466123795013,-0.09651243686676025,-0.2513202726840973,0.0011436171542982265,-0.13738691806793213,-0.34928542375564575,-0.01084541511329462,-0.14762139320373535,-0.43053168058395386,-0.023887118143761654,-0.1391592025756836,-0.26561129093170166,-0.042718136502230664,-0.26956337690353394,-0.243403822183609,-0.06736193765493681,-0.24442178010940552,-0.2027113437652588,-0.07158648390861799,-0.20227092504501343,-0.1999305784702301,-0.0706513242849951,-0.1368945837020874,-0.19127130508422852,-0.06068123300167372,-0.2738947868347168,-0.1674962043762207,-0.07900559325310041,-0.24243342876434326,-0.13696199655532837,-0.06740468908640196,-0.2005745768547058,-0.1389368176460266,-0.06088107619973471,-0.1338682770729065,-0.10998117923736572,-0.0763333978185301,-0.26127874851226807,-0.09789931774139404,-0.09493282605501463,-0.2255961298942566,-0.07179933786392212,-0.0708562078008299,-0.18267232179641724,-0.07121998071670532,-0.05484215710851004,-0.13021957874298096,-0.026090383529663086,-0.0899597348699217,-0.23640823364257812,-0.0308191180229187,-0.10530828852745344,-0.20528650283813477,-0.014402151107788086,-0.08754814584347059,-0.16489368677139282,-0.012012124061584473,-0.0725429149398451,thumbs_up
0.0,0.0,0.0,-0.03774881362915039,-0.12255221605300903,0.010836922212718036,-0.09906083345413208,-0.25179803371429443,0.0014637759870197442,-0.1391245722770691,-0.35169172286987305,-0.01061962207478473,-0.1499239206314087,-0.43539896607398987,-0.02407227677923629,-0.14125478267669678,-0.2675022482872009,-0.042574318476738426,-0.26980698108673096,-0.24480491876602173,-0.06608154100996444,-0.24624794721603394,-0.2035292088985443,-0.06942062301260421,-0.2057121992111206,-0.20090273022651672,-0.06813065183979461,-0.13879740238189697,-0.1924012303352356,-0.061019437738480065,-0.2752878665924072,-0.16856619715690613,-0.07834847492796371,-0.24445629119873047,-0.13742923736572266,-0.06655355019194076,-0.20291632413864136,-0.13920858502388,-0.060194397696079704,-0.1351678967475891,-0.1099632978439331,-0.07706856203895995,-0.2631867527961731,-0.0998833179473877,-0.09584361536127517,-0.22784066200256348,-0.07376545667648315,-0.07210991752964446,-0.1847759485244751,-0.0733652114868164,-0.05630361882668922,-0.13081419467926025,-0.025121450424194336,-0.09094140154940078,-0.2392638921737671,-0.033121585845947266,-0.10723353398662994,-0.2082005739212036,-0.016907870769500732,-0.08971122128588149,-0.1672162413597107,-0.013816356658935547,-0.07473054749590347,thumbs_up
0.0,0.0,0.0,-0.03763890266418457,-0.1224144697189331,0.011103739533098178,-0.09765326976776123,-0.2521205246448517,0.0019580277516411115,-0.1371510624885559,-0.3515624403953552,-0.00997662028345303,-0.14568626880645752,-0.43410447239875793,-0.023195504639772935,-0.14159446954727173,-0.26753199100494385,-0.04109533080878691,-0.27017730474472046,-0.24749639630317688,-0.06398320892873244,-0.24659466743469238,-0.20465776324272156,-0.06800474176230864,-0.206312894821167,-0.2004472315311432,-0.06733266213956313,-0.13945496082305908,-0.19326043128967285,-0.05920154178562598,-0.2749321460723877,-0.1721968948841095,-0.07597239265265898,-0.24383163452148438,-0.1402718424797058,-0.06469823369803862,-0.20203065872192383,-0.14133572578430176,-0.05849153498235182,-0.13624608516693115,-0.11241698265075684,-0.07485347935977416,-0.2634347677230835,-0.10383474826812744,-0.09278143147054152,-0.2286093831062317,-0.07697534561157227,-0.06967522898736433,-0.18566805124282837,-0.07549786567687988,-0.05409113267484145,-0.13271105289459229,-0.028616487979888916,-0.0883394623738809,-0.23978477716445923,-0.0377882719039917,-0.10355363735976653,-0.20927923917770386,-0.02077561616897583,-0.08600212583365874,-0.1687418818473816,-0.016697585582733154,-0.07092842409434752,thumbs_up
0.0,0.0,0.0,-0.037068724632263184,-0.12322008609771729,0.01209734494455006,-0.09801948070526123,-0.2509281635284424,0.0033520553040489176,-0.13946610689163208,-0.3494364619255066,-0.008507841055916288,-0.14685434103012085,-0.43279072642326355,-0.021475063426123597,-0.14436674118041992,-0.2722688913345337,-0.038848560092674234,-0.27146077156066895,-0.2525840401649475,-0.06205999830149267,-0.24637371301651,-0.2100418508052826,-0.06601822727702711,-0.2048599123954773,-0.20669683814048767,-0.06529243641875837,-0.1429639458656311,-0.1983325481414795,-0.05774941274307821,-0.27693265676498413,-0.1784706711769104,-0.07503058367751692,-0.2444148063659668,-0.14634564518928528,-0.0637679358699188,-0.20209598541259766,-0.14849922060966492,-0.05722426602028463,-0.1399167776107788,-0.11726009845733643,-0.0742548366763458,-0.26556098461151123,-0.10939723253250122,-0.09265169107698057,-0.22960388660430908,-0.08122575283050537,-0.06901739144109342,-0.18650120496749878,-0.08082753419876099,-0.052834447262512185,-0.1353500485420227,-0.032885074615478516,-0.0885879209020004,-0.24091535806655884,-0.042581140995025635,-0.10396955513738249,-0.20974022150039673,-0.024055004119873047,-0.08602787905715559,-0.1693274974822998,-0.0200614333152771,-0.07047342115424726,thumbs_up
0.0,0.0,0.0,-0.03853636980056763,-0.1257106065750122,0.013859308348344257,-0.09942829608917236,-0.255058228969574,0.005841935077057769,-0.14137786626815796,-0.353569895029068,-0.005720158549650023,-0.1479904055595398,-0.4354480504989624,-0.01840889544661195,-0.14665061235427856,-0.2759144902229309,-0.03636578188712747,-0.2732425928115845,-0.25471800565719604,-0.05915276796991975,-0.2471226453781128,-0.21149316430091858,-0.06355438844735772,-0.20546340942382812,-0.20878362655639648,-0.06329730616386087,-0.1451503038406372,-0.2014540731906891,-0.05613269747669847,-0.2788938879966736,-0.18186840415000916,-0.07315879778440149,-0.2459949254989624,-0.14957043528556824,-0.06222150938089044,-0.20334285497665405,-0.15124383568763733,-0.055812367214514325,-0.14195173978805542,-0.12022930383682251,-0.07337072209890039,-0.26740604639053345,-0.1120648980140686,-0.09116878823812158,-0.2312132716178894,-0.08375155925750732,-0.06743570135409982,-0.1878029704093933,-0.08316028118133545,-0.051148046715809414,-0.13744258880615234,-0.035322368144989014,-0.08838708416993768,-0.24265211820602417,-0.044658362865448,-0.10287280844028146,-0.2116292119026184,-0.026534855365753174,-0.08451317714030893,-0.1711626648902893,-0.022952497005462646,-0.06866867558534295,thumbs_up
0.0,0.0,0.0,-0.03716146945953369,-0.12721168994903564,0.01388777971936861,-0.10051655769348145,-0.2590545415878296,0.005960793166593703,-0.14381974935531616,-0.3601847290992737,-0.0054210220210393345,-0.15134769678115845,-0.44513019919395447,-0.017823871292932836,-0.14676880836486816,-0.28248798847198486,-0.036179678582414,-0.27832311391830444,-0.26612770557403564,-0.060027236186726896,-0.25233060121536255,-0.2238195538520813,-0.06518015085981688,-0.20878279209136963,-0.21998852491378784,-0.0651784148745378,-0.14665037393569946,-0.20873570442199707,-0.05628073408530554,-0.2861820459365845,-0.19413608312606812,-0.07317240356729826,-0.2546929717063904,-0.1595955193042755,-0.062276357852681485,-0.211808979511261,-0.15937525033950806,-0.05581110908912024,-0.14501768350601196,-0.12610620260238647,-0.07395484118984541,-0.276671826839447,-0.12362277507781982,-0.0920391884379228,-0.2403508424758911,-0.09175533056259155,-0.06735008030460676,-0.1964450478553772,-0.08851218223571777,-0.05042740895675024,-0.141340434551239,-0.038847267627716064,-0.08938238590286574,-0.24879127740859985,-0.050108373165130615,-0.10479641526268324,-0.21637672185897827,-0.029396772384643555,-0.08582916676328978,-0.1755530834197998,-0.024246156215667725,-0.06940657465980848,thumbs_up
0.0,0.0,0.0,-0.04171866178512573,-0.12877893447875977,0.015505646504607284,-0.10597634315490723,-0.26282399892807007,0.008158686719980324,-0.14925122261047363,-0.36616361141204834,-0.0029956031030451413,-0.15725088119506836,-0.4510130286216736,-0.015112152173969662,-0.1537826657295227,-0.2880260944366455,-0.03401082459822646,-0.282757043838501,-0.27099043130874634,-0.0568415195120906,-0.25751620531082153,-0.22476181387901306,-0.06172009635702125,-0.21564680337905884,-0.22114619612693787,-0.061940220035467064,-0.15294533967971802,-0.2116163969039917,-0.05509780798092834,-0.29290157556533813,-0.19812703132629395,-0.07226115170851699,-0.26054155826568604,-0.16039055585861206,-0.06146640036240569,-0.21655845642089844,-0.15880882740020752,-0.05476935286060325,-0.14975571632385254,-0.1280699372291565,-0.07355088446274749,-0.2812032699584961,-0.12423402070999146,-0.09157830182448379,-0.24486088752746582,-0.09166228771209717,-0.06719971153870574,-0.20009344816207886,-0.08974826335906982,-0.05013663399950019,-0.14449924230575562,-0.04068458080291748,-0.08961589340106002,-0.25469720363616943,-0.051516056060791016,-0.10429027382269851,-0.22272276878356934,-0.03152519464492798,-0.08499406728878967,-0.1805797815322876,-0.028030335903167725,-0.06824877563849441,thumbs_up
0.0,0.0,0.0,-0.039979755878448486,-0.13017535209655762,0.012123519617659895,-0.10970371961593628,-0.26820486783981323,0.0019140414125899952,-0.1558830738067627,-0.3760470151901245,-0.011257616740124377,-0.16282999515533447,-0.46852242946624756,-0.02534242992516056,-0.14802104234695435,-0.29225754737854004,-0.043673043076353224,-0.2905283570289612,-0.2766215205192566,-0.07090403598959938,-0.2632021903991699,-0.2331717610359192,-0.07690562767203346,-0.21738183498382568,-0.2277478575706482,-0.0769854680937101,-0.14815980195999146,-0.21558520197868347,-0.06396529537852302,-0.2987096309661865,-0.20098698139190674,-0.08330867153819099,-0.2646704912185669,-0.1651148796081543,-0.07189829361851707,-0.21992355585098267,-0.1633586287498474,-0.06525852245505348,-0.14799654483795166,-0.12899786233901978,-0.0817919866483976,-0.28495192527770996,-0.1259012222290039,-0.10169387323077217,-0.24651914834976196,-0.09406495094299316,-0.07615848344977394,-0.20123565196990967,-0.08996206521987915,-0.05885688674862877,-0.14728844165802002,-0.038402259349823,-0.09739716065342918,-0.25951480865478516,-0.050328075885772705,-0.11408044112141624,-0.22561049461364746,-0.02979099750518799,-0.09473691595013634,-0.18328720331192017,-0.0233270525932312,-0.07823236746008888,thumbs_up
0.0,0.0,0.0,-0.039707958698272705,-0.13469862937927246,0.01418029402935872,-0.10816329717636108,-0.2730046510696411,0.005799881905261373,-0.15388816595077515,-0.3808062672615051,-0.006147219076808597,-0.16322410106658936,-0.47240251302719116,-0.019374361470397616,-0.1513170599937439,-0.2963009476661682,-0.04143732993310323,-0.29045021533966064,-0.2796860635280609,-0.06536162479227414,-0.2643091678619385,-0.23397189378738403,-0.06848955734079709,-0.21988046169281006,-0.22902309894561768,-0.0671472458392941,-0.1510617733001709,-0.21754533052444458,-0.06191461367910733,-0.29677659273147583,-0.20135867595672607,-0.07934699042147031,-0.2631996273994446,-0.166506826877594,-0.0664923472554051,-0.21865314245224,-0.1667846441268921,-0.05937523601954808,-0.14891564846038818,-0.1295599341392517,-0.07960510088508954,-0.28449177742004395,-0.12738293409347534,-0.09899214489763608,-0.247006356716156,-0.09614783525466919,-0.07390394641464582,-0.20196384191513062,-0.0929155945777893,-0.05703693835442891,-0.1457945704460144,-0.03827035427093506,-0.0947588665634953,-0.2597249746322632,-0.05136406421661377,-0.11182483865326276,-0.22714322805404663,-0.03212922811508179,-0.09335968478029599,-0.18442130088806152,-0.02725273370742798,-0.07741848959034314,thumbs_up
0.0,0.0,0.0,-0.04257732629776001,-0.13386476039886475,0.013942076704040574,-0.1093488335609436,-0.2740059494972229,0.004923540978268193,-0.15447503328323364,-0.3828064203262329,-0.0074681091396655574,-0.1650570034980774,-0.47419244050979614,-0.021258474448188736,-0.1523844599723816,-0.2957591414451599,-0.04355104745314975,-0.2924466133117676,-0.27903395891189575,-0.0672124709277,-0.26741886138916016,-0.23378539085388184,-0.06968396262215037,-0.2239249348640442,-0.22925567626953125,-0.06777112291143794,-0.15127772092819214,-0.2169134020805359,-0.0639548461227264,-0.29786378145217896,-0.20032918453216553,-0.081179336765274,-0.2649495005607605,-0.16612207889556885,-0.0680415268330421,-0.22051626443862915,-0.1659756898880005,-0.0608163635520782,-0.14890825748443604,-0.12892287969589233,-0.0813842575340118,-0.2851450443267822,-0.12424266338348389,-0.09980274842070003,-0.24862343072891235,-0.09354883432388306,-0.0742726858048286,-0.2037365436553955,-0.09068918228149414,-0.05736753822253604,-0.1463492512702942,-0.03679412603378296,-0.09630388126657863,-0.2622781991958618,-0.04982107877731323,-0.11196644709394832,-0.2302227020263672,-0.031126201152801514,-0.09257728711651225,-0.18758022785186768,-0.02605992555618286,-0.07620415196703334,thumbs_up
0.0,0.0,0.0,-0.041105031967163086,-0.1321265697479248,0.013091463124226266,-0.10387736558914185,-0.2723923325538635,0.003853068681280547,-0.14924776554107666,-0.37834101915359497,-0.008552337536741561,-0.1588890552520752,-0.4675148129463196,-0.02208891744368202,-0.14871883392333984,-0.294264554977417,-0.04229107918791897,-0.28558558225631714,-0.2790253758430481,-0.06592022302203304,-0.2636648416519165,-0.23127484321594238,-0.06912751170449383,-0.22254258394241333,-0.22480729222297668,-0.06794483634286053,-0.14806526899337769,-0.21703237295150757,-0.062327936763097114,-0.29470741748809814,-0.20115044713020325,-0.08058795007519848,-0.26264458894729614,-0.16518980264663696,-0.06853105547480709,-0.2179495096206665,-0.1646626591682434,-0.06151557388358242,-0.14615869522094727,-0.13143223524093628,-0.0794735145812524,-0.2823466658592224,-0.1249740719795227,-0.09804839315467007,-0.2467944622039795,-0.09424000978469849,-0.07286812784724361,-0.20189803838729858,-0.09252172708511353,-0.055920575285483665,-0.1447257399559021,-0.04188781976699829,-0.0943510797863496,-0.2584083080291748,-0.052387773990631104,-0.10984260263495571,-0.2270967960357666,-0.03437083959579468,-0.09096923145108349,-0.18508130311965942,-0.03078770637512207,-0.0748878833895219,thumbs_up
0.0,0.0,0.0,-0.04059046506881714,-0.13315951824188232,0.015525639285442594,-0.10349136590957642,-0.2705188989639282,0.007581498236504558,-0.14928674697875977,-0.3762665092945099,-0.0038240277253862587,-0.15936797857284546,-0.46448206901550293,-0.016524553070667025,-0.14861619472503662,-0.2935273051261902,-0.040414390857222315,-0.28627538681030273,-0.2776678204536438,-0.06259107008099818,-0.26289689540863037,-0.2302810251712799,-0.06469678297162318,-0.22141051292419434,-0.2247670590877533,-0.06277666404366755,-0.14821159839630127,-0.21555912494659424,-0.060888806129696604,-0.29340028762817383,-0.2009962797164917,-0.07698492124200129,-0.26211273670196533,-0.1649399995803833,-0.0636726857674148,-0.2189086675643921,-0.16438347101211548,-0.05613618507504725,-0.14630144834518433,-0.12978309392929077,-0.07822031691193843,-0.28035038709640503,-0.1260564923286438,-0.0953174771320846,-0.24572378396987915,-0.09454017877578735,-0.06986660673737788,-0.2020973563194275,-0.09265345335006714,-0.05291167065024638,-0.14394140243530273,-0.03998905420303345,-0.09298203303933406,-0.2573986053466797,-0.05322343111038208,-0.10716200038314128,-0.22667264938354492,-0.034516215324401855,-0.08762757643580699,-0.18480753898620605,-0.030281901359558105,-0.0711943076503303,thumbs_up
0.0,0.0,0.0,-0.04004871845245361,-0.13488632440567017,0.015451363721467715,-0.10472029447555542,-0.2729124426841736,0.007579664667673569,-0.1508750319480896,-0.37876462936401367,-0.003868250441200871,-0.16074585914611816,-0.46834927797317505,-0.016534301018737096,-0.15275466442108154,-0.2998107671737671,-0.03736060535015895,-0.2880174517631531,-0.2800222337245941,-0.05894492616357638,-0.2645307779312134,-0.23227843642234802,-0.06149758075775935,-0.22291088104248047,-0.2268206775188446,-0.06017280419769122,-0.1532585620880127,-0.2221951186656952,-0.05796944399776294,-0.29603397846221924,-0.2033340036869049,-0.0729233962804301,-0.26414114236831665,-0.16718268394470215,-0.060224168500326414,-0.2210598587989807,-0.1680675745010376,-0.05349306066932513,-0.15157276391983032,-0.13600599765777588,-0.0756287840515597,-0.2842930555343628,-0.13043397665023804,-0.09232778524460628,-0.24905180931091309,-0.09860819578170776,-0.06768013959231212,-0.20559346675872803,-0.09743636846542358,-0.05158072387280299,-0.14851069450378418,-0.045727670192718506,-0.09079283153118922,-0.26182764768600464,-0.0562785267829895,-0.1056767371803744,-0.2304304838180542,-0.03637796640396118,-0.08700789933504893,-0.18805235624313354,-0.03243190050125122,-0.07106298630537822,thumbs_up
0.0,0.0,0.0,-0.041338324546813965,-0.13520216941833496,0.017234626556160038,-0.10559982061386108,-0.2738977074623108,0.010226104738535469,-0.15212059020996094,-0.3801770806312561,-0.0007849339937138211,-0.16108524799346924,-0.4691566228866577,-0.013027608995912487,-0.15230464935302734,-0.2995593547821045,-0.03509416305053037,-0.28807151317596436,-0.2826359272003174,-0.056516832342026646,-0.26389849185943604,-0.2338859736919403,-0.05941082783567708,-0.22163254022598267,-0.22785452008247375,-0.05826279022323888,-0.15220659971237183,-0.22146490216255188,-0.05654191099631589,-0.29720646142959595,-0.20556825399398804,-0.07182644554006856,-0.26464104652404785,-0.168104887008667,-0.05917071797478002,-0.22056710720062256,-0.1669672727584839,-0.051958649089215214,-0.1503509283065796,-0.1351335048675537,-0.07493553557026189,-0.28405457735061646,-0.12993019819259644,-0.09116880842077535,-0.24853748083114624,-0.0973241925239563,-0.06583055355179113,-0.20469796657562256,-0.09543830156326294,-0.04897767551767629,-0.1477401852607727,-0.044123947620391846,-0.09074897565471929,-0.261707603931427,-0.05652850866317749,-0.10422653206217092,-0.23005717992782593,-0.03622394800186157,-0.08423472442257207,-0.18773531913757324,-0.031235337257385254,-0.06739484765159887,thumbs_up
0.0,0.0,0.0,-0.04106283187866211,-0.13838595151901245,0.013867910590704469,-0.1139938235282898,-0.2804754376411438,0.004620190814819125,-0.16198033094406128,-0.3888393044471741,-0.008588943991128417,-0.17210453748703003,-0.4835500419139862,-0.022856554377142402,-0.15521329641342163,-0.3077106475830078,-0.0385725054771342,-0.299091637134552,-0.2921898066997528,-0.06754804066127917,-0.26997828483581543,-0.24635297060012817,-0.07681543043560168,-0.22144997119903564,-0.2408381700515747,-0.07904791495508334,-0.15574997663497925,-0.2273455560207367,-0.06017307228154323,-0.30721569061279297,-0.21252232789993286,-0.08004700056022784,-0.2719074487686157,-0.1752690076828003,-0.07028624823993823,-0.22480452060699463,-0.17365729808807373,-0.0647912140817084,-0.1548749804496765,-0.13650178909301758,-0.07973459026521823,-0.29574447870254517,-0.13522779941558838,-0.10106517783111713,-0.2566906213760376,-0.10033416748046875,-0.07639505377716205,-0.20865172147750854,-0.09487175941467285,-0.05909680611199519,-0.1524084210395813,-0.04162025451660156,-0.09701204708522937,-0.269281268119812,-0.05406463146209717,-0.11507091334766528,-0.23587274551391602,-0.030662357807159424,-0.09597515723413608,-0.19104892015457153,-0.022933244705200195,-0.07900452277368686,thumbs_up
0.0,0.0,0.0,-0.044911086559295654,-0.1389697790145874,0.01662538262092994,-0.1172136664390564,-0.28108251094818115,0.00891727270567344,-0.1653299331665039,-0.39097827672958374,-0.003266639392734305,-0.1755892038345337,-0.4863468110561371,-0.01666125221169068,-0.16123777627944946,-0.31124117970466614,-0.03511051027095391,-0.30223000049591064,-0.29703038930892944,-0.06013223839914872,-0.2799336910247803,-0.24582484364509583,-0.0660047413221605,-0.23531842231750488,-0.23702719807624817,-0.06663061244404389,-0.16149628162384033,-0.2312207818031311,-0.057754102479577796,-0.31266456842422485,-0.21441292762756348,-0.07557154012835099,-0.27934086322784424,-0.1738642454147339,-0.06454540355122163,-0.23261892795562744,-0.1721585988998413,-0.05847382856524064,-0.15909874439239502,-0.1398947834968567,-0.07785529954350068,-0.29871076345443726,-0.13552093505859375,-0.09754278821861817,-0.2607957720756531,-0.10003316402435303,-0.07282997233784272,-0.21376168727874756,-0.0964309573173523,-0.0559719571284063,-0.15472465753555298,-0.04406893253326416,-0.09542154086744858,-0.2724921703338623,-0.054445862770080566,-0.112976367901922,-0.2402973771095276,-0.03425818681716919,-0.09459236575281693,-0.1960756778717041,-0.029767751693725586,-0.07833931906139924,thumbs_up
0.0,0.0,0.0,-0.04339468479156494,-0.14203524589538574,0.01179510142185336,-0.11558210849761963,-0.2895384430885315,-0.00046387280224280403,-0.15899169445037842,-0.40283703804016113,-0.016477518980423156,-0.16957318782806396,-0.5002603232860565,-0.033716370617071334,-0.1499955654144287,-0.3081400394439697,-0.05086195216051692,-0.30347633361816406,-0.29291605949401855,-0.08354451254479045,-0.27060455083847046,-0.2485399842262268,-0.09232263759247417,-0.2198304533958435,-0.2447880506515503,-0.09344974652401561,-0.14545923471450806,-0.22320780158042908,-0.07265339538923854,-0.3061903119087219,-0.20818758010864258,-0.0966931109177267,-0.268579363822937,-0.17467153072357178,-0.085352433179537,-0.21897703409194946,-0.1749863624572754,-0.0791190911876356,-0.14370864629745483,-0.12863820791244507,-0.09222186848990077,-0.29302120208740234,-0.1275741457939148,-0.1162212167727148,-0.25274091958999634,-0.0963708758354187,-0.08886870488993281,-0.20282655954360962,-0.09134739637374878,-0.06992728755346889,-0.14424431324005127,-0.0315207839012146,-0.1095870111929571,-0.2691921591758728,-0.04861438274383545,-0.12795541182629222,-0.23491531610488892,-0.028356313705444336,-0.10659511879555339,-0.18767964839935303,-0.019137978553771973,-0.08856253073088283,thumbs_up
0.0,0.0,0.0,-0.04217010736465454,-0.14171302318572998,0.014326627590548924,-0.1115117073059082,-0.28919997811317444,0.00473395757455819,-0.156826913356781,-0.40381526947021484,-0.008772868438768455,-0.17009180784225464,-0.49862757325172424,-0.023955127000022003,-0.15845048427581787,-0.30869653820991516,-0.042498640491771766,-0.3020625114440918,-0.2920670509338379,-0.0698692014060498,-0.27481788396835327,-0.24532213807106018,-0.07673722855668075,-0.22808212041854858,-0.2400292456150055,-0.07714726380925185,-0.15672975778579712,-0.22350341081619263,-0.06389563880782134,-0.30740994215011597,-0.2078976035118103,-0.08224249981265075,-0.2731360197067261,-0.1731211543083191,-0.07040816895585067,-0.22627347707748413,-0.17279738187789917,-0.06452823780398376,-0.15477913618087769,-0.13011068105697632,-0.08279238991360671,-0.2954968214035034,-0.12678217887878418,-0.10161021701912887,-0.2586519122123718,-0.0957673192024231,-0.07524406514983184,-0.2114347219467163,-0.0917731523513794,-0.058025914951372215,-0.1531740427017212,-0.03424191474914551,-0.09933502577166564,-0.2737668752670288,-0.05223822593688965,-0.11370752356867797,-0.24137097597122192,-0.0326310396194458,-0.09227048955779082,-0.19600909948349,-0.025197863578796387,-0.07462645672183044,thumbs_up
0.0,0.0,0.0,-0.04354017972946167,-0.14044201374053955,0.011271874869237308,-0.11181855201721191,-0.28684499859809875,-0.0014821953540717914,-0.15447068214416504,-0.3996737599372864,-0.017464573977520104,-0.16529732942581177,-0.49441736936569214,-0.035047826839615936,-0.15194499492645264,-0.3047454357147217,-0.051286501361062165,-0.2984323501586914,-0.2868856191635132,-0.08023459605686867,-0.2720915675163269,-0.2413792610168457,-0.08681351832859718,-0.22612398862838745,-0.23716768622398376,-0.08693473927490913,-0.1498536467552185,-0.21837776899337769,-0.07193545393459999,-0.30241096019744873,-0.20188826322555542,-0.09250903270952904,-0.2693113088607788,-0.16853976249694824,-0.08067765228264534,-0.2225027084350586,-0.16907507181167603,-0.07474965743534767,-0.1483197808265686,-0.12465780973434448,-0.08991749726050102,-0.28934115171432495,-0.11987859010696411,-0.11028676621430122,-0.2534370422363281,-0.09079056978225708,-0.08400115512125694,-0.20597553253173828,-0.08755099773406982,-0.06665448985808098,-0.14782071113586426,-0.02933865785598755,-0.10566079757921898,-0.26936113834381104,-0.04615694284439087,-0.12098910055868828,-0.23719871044158936,-0.027457892894744873,-0.09971542797796928,-0.19143176078796387,-0.020501136779785156,-0.0822620107960006,thumbs_up
0.0,0.0,0.0,-0.04105508327484131,-0.13764524459838867,0.01376883117336547,-0.11117291450500488,-0.28073251247406006,0.004517601708357688,-0.15848374366760254,-0.39301562309265137,-0.008332121280545834,-0.16955351829528809,-0.48821303248405457,-0.022912902852112893,-0.15707671642303467,-0.3035888075828552,-0.04340902911644662,-0.30196326971054077,-0.2877698540687561,-0.06877627791982377,-0.2791529893875122,-0.23806169629096985,-0.07343431385379517,-0.2349395751953125,-0.2314688265323639,-0.07278144927840913,-0.15612804889678955,-0.22065475583076477,-0.06389519395452226,-0.30670100450515747,-0.20264357328414917,-0.08138313712697709,-0.2744571566581726,-0.16630065441131592,-0.06853979649167741,-0.2282501459121704,-0.16684985160827637,-0.06191028477769578,-0.15428811311721802,-0.12844961881637573,-0.08177579017501557,-0.29311203956604004,-0.12231874465942383,-0.10017432095628465,-0.2569080591201782,-0.0905541181564331,-0.07415039660554612,-0.2101510763168335,-0.08792257308959961,-0.05714867087226594,-0.1523917317390442,-0.032996535301208496,-0.09726787926774705,-0.271589994430542,-0.04949122667312622,-0.11221211971860612,-0.23972296714782715,-0.02917569875717163,-0.09192010583501542,-0.19535362720489502,-0.023095011711120605,-0.07508091451745713,thumbs_up
0.0,0.0,0.0,-0.04072296619415283,-0.13978594541549683,0.013239790813599939,-0.1097714900970459,-0.28614872694015503,0.0034232497099537795,-0.15850305557250977,-0.39833757281303406,-0.009914151264752036,-0.17142391204833984,-0.49303314089775085,-0.024861553555751925,-0.156882643699646,-0.30717572569847107,-0.04385845164063085,-0.3003843426704407,-0.2884252369403839,-0.06835162068011869,-0.2761756181716919,-0.23964589834213257,-0.07204840505721677,-0.2305266261100769,-0.23237207531929016,-0.07078182125690091,-0.1569310426712036,-0.223516583442688,-0.0645027327001344,-0.3071720004081726,-0.2044808268547058,-0.08179512048366178,-0.27450239658355713,-0.16907113790512085,-0.06917786026599515,-0.22765088081359863,-0.17017126083374023,-0.06284476245048154,-0.15626800060272217,-0.13120418787002563,-0.08235753501060117,-0.2966468930244446,-0.12592154741287231,-0.10049246425035108,-0.259887158870697,-0.09388542175292969,-0.07412895733716596,-0.21226942539215088,-0.09065067768096924,-0.05721521178486455,-0.15527606010437012,-0.0356563925743103,-0.09789151871802915,-0.2747882008552551,-0.05155867338180542,-0.11303169453742612,-0.24225807189941406,-0.030598044395446777,-0.09256502414348233,-0.19708114862442017,-0.024307429790496826,-0.07568607652785886,thumbs_up
0.0,0.0,0.0,-0.038990557193756104,-0.14539718627929688,0.012967635250902276,-0.1115717887878418,-0.29483839869499207,0.003034475331446629,-0.15903258323669434,-0.40927451848983765,-0.011252758719706435,-0.17283135652542114,-0.5052860975265503,-0.026747867160224814,-0.16014021635055542,-0.3151690661907196,-0.03726504153826227,-0.3077019453048706,-0.2973775267601013,-0.06837536550381174,-0.2766196131706238,-0.24704724550247192,-0.08013060844757547,-0.22536695003509521,-0.24187448620796204,-0.08359736359932413,-0.1608547568321228,-0.22993803024291992,-0.0588968411765336,-0.31237393617630005,-0.21383589506149292,-0.07894511676647653,-0.27524781227111816,-0.1751537322998047,-0.06962601251223077,-0.2262183427810669,-0.1757974624633789,-0.06471441841938486,-0.16020208597183228,-0.134924054145813,-0.07897455401041498,-0.3006661534309387,-0.1300269365310669,-0.09955268509008874,-0.26030486822128296,-0.09541642665863037,-0.07358113832094659,-0.21064400672912598,-0.09196162223815918,-0.05575689456679811,-0.1579200029373169,-0.036001622676849365,-0.0970682591877221,-0.2764548659324646,-0.0472949743270874,-0.11262846148827066,-0.24094289541244507,-0.025499939918518066,-0.09108081615784158,-0.19374173879623413,-0.019755005836486816,-0.07272027588703622,thumbs_up
0.0,0.0,0.0,-0.044719040393829346,-0.1408817172050476,0.005736517199864011,-0.12208008766174316,-0.29869982600212097,-0.00845104833916821,-0.17133086919784546,-0.4220282733440399,-0.024993120747069497,-0.18991166353225708,-0.5231318771839142,-0.042768501731018205,-0.16343694925308228,-0.3074171245098114,-0.05573794344292082,-0.3188120126724243,-0.30188998579978943,-0.09167214954123892,-0.2905735969543457,-0.2523283362388611,-0.10359964990840353,-0.2365652322769165,-0.23947972059249878,-0.106144060435156,-0.16352933645248413,-0.21886605024337769,-0.07509132200704016,-0.32562685012817383,-0.20375579595565796,-0.10032967949138083,-0.28730952739715576,-0.16492676734924316,-0.0907649072431127,-0.23261332511901855,-0.16176462173461914,-0.08541931683049597,-0.1631835699081421,-0.11926257610321045,-0.09295870089755454,-0.31384021043777466,-0.11494112014770508,-0.11753919446692862,-0.27224862575531006,-0.0836787223815918,-0.09130368107781806,-0.21845102310180664,-0.07819151878356934,-0.07325644517169394,-0.16361945867538452,-0.01581484079360962,-0.1090890216253797,-0.2874150276184082,-0.02671915292739868,-0.12835085863099494,-0.2520020008087158,-0.009624004364013672,-0.10816321248040595,-0.20355349779129028,-0.0030037760734558105,-0.09072547132001318,thumbs_up
0.0,0.0,0.0,-0.04457026720046997,-0.1442192792892456,0.00573908063000772,-0.11941558122634888,-0.3032362461090088,-0.01128285945975449,-0.165011465549469,-0.42621102929115295,-0.03047775020473864,-0.18375587463378906,-0.5303255915641785,-0.05116421458893683,-0.16670137643814087,-0.3191818296909332,-0.06126071242266562,-0.3197402358055115,-0.3020719289779663,-0.09489992363029387,-0.28944623470306396,-0.2550874352455139,-0.10401996327215102,-0.2363830804824829,-0.24846792221069336,-0.10559104485088255,-0.16395628452301025,-0.22766369581222534,-0.08187984777265456,-0.3256797790527344,-0.21099865436553955,-0.10645495457225707,-0.2866312861442566,-0.17212015390396118,-0.09608313543373015,-0.23179298639297485,-0.16926062107086182,-0.09106204760843184,-0.162183940410614,-0.1251046061515808,-0.10018728775554564,-0.31477028131484985,-0.12189048528671265,-0.1239504079299536,-0.27184122800827026,-0.08844035863876343,-0.09566912157112029,-0.21657919883728027,-0.08229410648345947,-0.07716007632785704,-0.16168397665023804,-0.019184589385986328,-0.11662609977298644,-0.28905415534973145,-0.031112492084503174,-0.13580907238298323,-0.25132066011428833,-0.009918630123138428,-0.11354895783239272,-0.20076340436935425,-0.0019097328186035156,-0.09511546147638228,thumbs_up
0.0,0.0,0.0,-0.042508065700531006,-0.1526084542274475,0.010687370855066547,-0.11405408382415771,-0.3127431273460388,-0.003494285907891026,-0.15821540355682373,-0.434353768825531,-0.02127028156473898,-0.17184066772460938,-0.533243715763092,-0.04023841668322348,-0.15449196100234985,-0.3153752088546753,-0.05849511821224951,-0.3193732500076294,-0.3027425706386566,-0.09299272943690085,-0.28352099657058716,-0.25309062004089355,-0.10240662742808126,-0.227450430393219,-0.24514615535736084,-0.10326293010666632,-0.15252602100372314,-0.21932148933410645,-0.07945050198986792,-0.31903284788131714,-0.20135772228240967,-0.10463888097956442,-0.2754670977592468,-0.1655370593070984,-0.09249164808943533,-0.22043168544769287,-0.16627007722854614,-0.0857466151232984,-0.15238666534423828,-0.11807239055633545,-0.09776838023617529,-0.30880969762802124,-0.11529749631881714,-0.1217483868117597,-0.2634042501449585,-0.08544045686721802,-0.09273376215651297,-0.2069147825241089,-0.08079260587692261,-0.0727717866416242,-0.15383386611938477,-0.01633429527282715,-0.11385702986672186,-0.2825655937194824,-0.03227609395980835,-0.13139422882750296,-0.24617940187454224,-0.015748918056488037,-0.10885871846630835,-0.19440841674804688,-0.009184956550598145,-0.08999182928755545,thumbs_up
0.0,0.0,0.0,-0.04363530874252319,-0.14917868375778198,0.009020875600072031,-0.11746722459793091,-0.3113344609737396,-0.0058326549633420655,-0.1622409224510193,-0.434428870677948,-0.023318494278100843,-0.1745583415031433,-0.536104828119278,-0.04152059422722232,-0.16496646404266357,-0.3171839714050293,-0.06183435263028514,-0.3268376588821411,-0.3010191321372986,-0.09447048844685924,-0.29035484790802,-0.25155895948410034,-0.10039358826270472,-0.23488295078277588,-0.2462342381477356,-0.09918091686358821,-0.16117388010025024,-0.22089731693267822,-0.08240374417891871,-0.32612305879592896,-0.20349586009979248,-0.10575351359238994,-0.2831957936286926,-0.16775906085968018,-0.0911075869380511,-0.22918301820755005,-0.16883885860443115,-0.08306753130545985,-0.15938681364059448,-0.11768484115600586,-0.10026254000058543,-0.31198859214782715,-0.11562556028366089,-0.12355255575766932,-0.26697099208831787,-0.08651983737945557,-0.09363129230132472,-0.2118288278579712,-0.08303004503250122,-0.07352916391482722,-0.15922385454177856,-0.013364076614379883,-0.1158478954612292,-0.2868817448616028,-0.03289133310317993,-0.13344478847375285,-0.24983477592468262,-0.016575396060943604,-0.11030975224366557,-0.19870591163635254,-0.009055078029632568,-0.09107607843270671,thumbs_up
0.0,0.0,0.0,-0.04438239336013794,-0.15082776546478271,0.014210663149299307,-0.12086611986160278,-0.30891144275665283,0.0034213523568382698,-0.1699986457824707,-0.4306962788105011,-0.011531764296648817,-0.18311619758605957,-0.531829446554184,-0.027857636688111143,-0.17120987176895142,-0.3208905756473541,-0.044973339540717916,-0.3231163024902344,-0.30457669496536255,-0.07448911632394584,-0.29133522510528564,-0.25212186574935913,-0.08373843098974021,-0.24027252197265625,-0.24850016832351685,-0.08587256039476188,-0.1708672046661377,-0.22829711437225342,-0.0669763010272959,-0.3290131092071533,-0.21395480632781982,-0.08670747245645316,-0.28966623544692993,-0.1745893359184265,-0.074621922923086,-0.23786699771881104,-0.17552471160888672,-0.06807748938894065,-0.16979026794433594,-0.12875735759735107,-0.0864167284498194,-0.31710904836654663,-0.12685972452163696,-0.10538693482970984,-0.27585089206695557,-0.09368622303009033,-0.07679726893996985,-0.22349703311920166,-0.09013843536376953,-0.057633123947141485,-0.1680893898010254,-0.027379751205444336,-0.10364475066756995,-0.2917717695236206,-0.0421786904335022,-0.11685740913247855,-0.2574295997619629,-0.02431434392929077,-0.09336251731014045,-0.20919150114059448,-0.018597662448883057,-0.0740709226856211,thumbs_up
0.0,0.0,0.0,-0.045635342597961426,-0.15039634704589844,0.013971115598792494,-0.12251579761505127,-0.30696335434913635,0.0015826183570197827,-0.17122578620910645,-0.4265252351760864,-0.01523667932826811,-0.18311667442321777,-0.5296676158905029,-0.03351519150066906,-0.17207109928131104,-0.32012706995010376,-0.04633993548679882,-0.3240637183189392,-0.3018304705619812,-0.07664337274957234,-0.28889042139053345,-0.25286865234375,-0.08667470780540043,-0.23621386289596558,-0.2527158856391907,-0.08958906201053196,-0.17035561800003052,-0.22637909650802612,-0.06922873375344807,-0.3296130299568176,-0.213934063911438,-0.09039273378778034,-0.288602352142334,-0.17651206254959106,-0.07955661681819493,-0.23538506031036377,-0.17721599340438843,-0.07386383680034214,-0.1684139370918274,-0.1264219880104065,-0.08939935532737309,-0.3190985918045044,-0.12822073698043823,-0.1098073598496967,-0.27569836378097534,-0.0950690507888794,-0.08106337753463322,-0.22146564722061157,-0.09010279178619385,-0.06163654369640881,-0.16603940725326538,-0.025287985801696777,-0.10734040555882984,-0.2918163537979126,-0.04399591684341431,-0.1224835318081432,-0.2558138966560364,-0.02497100830078125,-0.09877614197660023,-0.20659923553466797,-0.017362594604492188,-0.07906274018216664,thumbs_up
0.0,0.0,0.0,-0.04322397708892822,-0.14812219142913818,0.014264972747184856,-0.11722970008850098,-0.3049662709236145,0.002434400009803994,-0.1663275957107544,-0.4234834909439087,-0.013142674363336937,-0.1778298020362854,-0.5233596563339233,-0.03034587590315141,-0.16874784231185913,-0.32113707065582275,-0.0496833884558896,-0.31915581226348877,-0.3007040321826935,-0.07559195546724595,-0.2897574305534363,-0.25119853019714355,-0.08068369714834489,-0.24014931917190552,-0.2477995753288269,-0.08083096532442369,-0.16877597570419312,-0.23050308227539062,-0.07177142439701356,-0.32577890157699585,-0.21437150239944458,-0.09038979200937547,-0.2870679497718811,-0.17531251907348633,-0.07767428098537721,-0.23479360342025757,-0.17439210414886475,-0.07124177752353944,-0.16745203733444214,-0.13316982984542847,-0.09041848419525422,-0.31370216608047485,-0.12812811136245728,-0.10822493223764695,-0.2718273401260376,-0.095947265625,-0.08005814640142717,-0.21885579824447632,-0.09295302629470825,-0.06213139010884561,-0.16610711812973022,-0.03296923637390137,-0.10668711750128068,-0.2891997694969177,-0.049213528633117676,-0.12140476344444551,-0.25281405448913574,-0.030480265617370605,-0.09910042969801225,-0.20385771989822388,-0.025922179222106934,-0.08090610442974366,thumbs_up
0.0,0.0,0.0,-0.0429462194442749,-0.15038388967514038,0.01388737850089683,-0.11451363563537598,-0.30565017461776733,0.0027224275955290977,-0.1630382537841797,-0.42426249384880066,-0.012420055342715841,-0.17462438344955444,-0.5250599682331085,-0.02918709151248322,-0.16964536905288696,-0.3188348412513733,-0.04587131634156094,-0.32026785612106323,-0.29719579219818115,-0.0724587616304575,-0.28828877210617065,-0.24783051013946533,-0.07865348726312504,-0.23777878284454346,-0.24566739797592163,-0.07919812470476018,-0.16861146688461304,-0.22680598497390747,-0.06748499244253026,-0.32316529750823975,-0.21121686697006226,-0.08505736559430943,-0.28445273637771606,-0.17524296045303345,-0.07250681042472706,-0.23400193452835083,-0.17653340101242065,-0.06647842645446644,-0.16614264249801636,-0.1288282871246338,-0.08619759499828206,-0.31100308895111084,-0.12754827737808228,-0.10392952233354436,-0.26940810680389404,-0.09562498331069946,-0.07563592761556492,-0.21809983253479004,-0.09248799085617065,-0.05752714246312962,-0.16286790370941162,-0.02899491786956787,-0.10263643681804524,-0.28580665588378906,-0.04755806922912598,-0.11643860757152424,-0.250751256942749,-0.028281748294830322,-0.093495788870257,-0.2033119797706604,-0.022310376167297363,-0.07489094406167851,thumbs_up
