0.0,0.0,0.0,-0.04866212606430054,0.10703274607658386,-0.017213074305402642,-0.10892283916473389,0.18560215830802917,-0.02383537013207615,-0.1641470193862915,0.22934222221374512,-0.03569893334184826,-0.20954638719558716,0.2609787583351135,-0.04281820524607838,-0.17961257696151733,0.08806240558624268,0.025811698472750777,-0.24029088020324707,0.09430155158042908,-0.004384985939907438,-0.20230120420455933,0.08981078863143921,-0.02837846595917881,-0.16045361757278442,0.08015176653862,-0.03870661351953686,-0.18304163217544556,0.028267383575439453,0.020648377201212043,-0.2469070553779602,0.025768041610717773,-0.012385300175594693,-0.1951490044593811,0.03195160627365112,-0.030229523592936403,-0.15183168649673462,0.029503196477890015,-0.03210514206563175,-0.17678993940353394,-0.0277155339717865,0.00820591784889757,-0.23600390553474426,-0.03048914670944214,-0.019581010380136377,-0.1926356554031372,-0.01912057399749756,-0.019122669288265115,-0.15307825803756714,-0.021396517753601074,-0.008271385730552083,-0.1607658863067627,-0.08558465540409088,-0.006899367367225295,-0.21807056665420532,-0.09075945615768433,-0.019139887580024606,-0.20157504081726074,-0.07251361012458801,-0.011906834134208566,-0.17634010314941406,-0.06526060402393341,-0.0005084929185272813,thumbs_down
0.0,0.0,0.0,-0.048159897327423096,0.1054774820804596,-0.0175381496003979,-0.10741889476776123,0.18305230140686035,-0.02493561687089141,-0.16247302293777466,0.22721633315086365,-0.03771484339750941,-0.2085135579109192,0.25785067677497864,-0.04564828494704898,-0.17808115482330322,0.08621048927307129,0.02447203105174367,-0.2396078109741211,0.09266000986099243,-0.0072307658768409055,-0.20135366916656494,0.08854177594184875,-0.032226782982718305,-0.15849661827087402,0.07861095666885376,-0.04271581465519603,-0.18062973022460938,0.02738514542579651,0.01930433628939454,-0.2464524209499359,0.025728672742843628,-0.014915461411248998,-0.19530141353607178,0.032244712114334106,-0.03343486109889682,-0.15071052312850952,0.029692649841308594,-0.03546822885192569,-0.17404091358184814,-0.028223782777786255,0.006817669382769509,-0.2349112331867218,-0.028369158506393433,-0.021970064138542966,-0.19156497716903687,-0.016418516635894775,-0.021882924010526494,-0.1504601240158081,-0.019182175397872925,-0.01078564277059968,-0.15837383270263672,-0.08654133975505829,-0.008381904793452577,-0.21777963638305664,-0.09216645359992981,-0.02104546943820651,-0.20356130599975586,-0.07255800068378448,-0.014081637134324865,-0.17830049991607666,-0.06392824649810791,-0.002688529194813327,thumbs_down
0.0,0.0,0.0,-0.048091232776641846,0.10533082485198975,-0.017599892935152184,-0.10722333192825317,0.1831343173980713,-0.0255792337864591,-0.16204959154129028,0.22779393196105957,-0.0388931270152284,-0.20823490619659424,0.25725221633911133,-0.04735320540368093,-0.17851996421813965,0.08590874075889587,0.023251985067133774,-0.24064886569976807,0.09320837259292603,-0.008486075459416043,-0.2012353539466858,0.08799055218696594,-0.03311647208630575,-0.15872985124588013,0.07759255170822144,-0.04351007299720777,-0.1812117099761963,0.02740854024887085,0.017966599071030487,-0.2463170289993286,0.02606147527694702,-0.016219751110668312,-0.193617045879364,0.03240966796875,-0.03385149793922437,-0.1499084234237671,0.03007647395133972,-0.03534730257689489,-0.174696683883667,-0.02813100814819336,0.005357577332858909,-0.23487639427185059,-0.027757376432418823,-0.023221195808048378,-0.1908571720123291,-0.015510469675064087,-0.02263423534333242,-0.1507677435874939,-0.017647981643676758,-0.01135340346246494,-0.1591779589653015,-0.08612982928752899,-0.009934783114488255,-0.2174769639968872,-0.09032386541366577,-0.022314003801341187,-0.20245331525802612,-0.07015644013881683,-0.015144830702240597,-0.17759668827056885,-0.061455756425857544,-0.003682853320981394,thumbs_down
0.0,0.0,0.0,-0.048718273639678955,0.10626882314682007,-0.01714272678634643,-0.10785210132598877,0.1842709481716156,-0.02459790252885341,-0.16267508268356323,0.22851264476776123,-0.03749932975313186,-0.20849168300628662,0.25906896591186523,-0.04555919275424003,-0.1785120964050293,0.08701661229133606,0.024284142322926527,-0.240648090839386,0.09409525990486145,-0.007010064300061458,-0.20215588808059692,0.08968520164489746,-0.031495733864517206,-0.15943282842636108,0.0801345705986023,-0.041777546264142984,-0.18096935749053955,0.028399646282196045,0.018847703255801207,-0.24590188264846802,0.027628540992736816,-0.014981345951468938,-0.19396865367889404,0.033765703439712524,-0.03297405571481704,-0.1498572826385498,0.03148970007896423,-0.03478721038243293,-0.17465591430664062,-0.027331441640853882,0.006123793099163777,-0.23478862643241882,-0.026676267385482788,-0.022271825678558343,-0.19099515676498413,-0.01487588882446289,-0.022058372132391924,-0.15024536848068237,-0.017239481210708618,-0.011064827188761228,-0.15938568115234375,-0.08590333163738251,-0.009280702777118677,-0.2184709906578064,-0.09011000394821167,-0.021756778217763895,-0.20427393913269043,-0.07047122716903687,-0.014838954180390829,-0.17932885885238647,-0.06193111836910248,-0.00354841256319105,thumbs_down
0.0,0.0,0.0,-0.04814273118972778,0.10604310035705566,-0.016942362553209023,-0.10749328136444092,0.18421670794487,-0.024348081341713623,-0.16222864389419556,0.2290084958076477,-0.03728010437521334,-0.20819079875946045,0.2595864534378052,-0.045376870102018074,-0.17779850959777832,0.08645597100257874,0.02461799674597387,-0.24055612087249756,0.09480476379394531,-0.006747019729345993,-0.20149898529052734,0.09031525254249573,-0.03102971545490618,-0.15851932764053345,0.07983407378196716,-0.04108791730436678,-0.1804078221321106,0.027988195419311523,0.019102104687362953,-0.24584320187568665,0.028091728687286377,-0.014827259137064175,-0.19348132610321045,0.03394514322280884,-0.03258223763737078,-0.14957624673843384,0.030455350875854492,-0.03415088660153742,-0.17448073625564575,-0.027444958686828613,0.00628380219382052,-0.23539018630981445,-0.025924354791641235,-0.021853163159221367,-0.19124001264572144,-0.014402389526367188,-0.021143413400977806,-0.15083110332489014,-0.017974853515625,-0.009906254960924343,-0.15987932682037354,-0.08610190451145172,-0.00921938686701651,-0.21885782480239868,-0.08845902979373932,-0.021255151620835022,-0.2032260298728943,-0.06877723336219788,-0.013811488887995438,-0.17771446704864502,-0.061595991253852844,-0.0022286563373654644,thumbs_down
0.0,0.0,0.0,-0.04876917600631714,0.1068342924118042,-0.016963489787030994,-0.10846799612045288,0.1854867935180664,-0.023843409926939785,-0.16375058889389038,0.2295391857624054,-0.03614997720842439,-0.2095930576324463,0.26072582602500916,-0.043592011989403545,-0.18030518293380737,0.08853259682655334,0.025953994630526722,-0.24144959449768066,0.09500941634178162,-0.0048799109322317236,-0.20352017879486084,0.09101960062980652,-0.02915791279201585,-0.1611056923866272,0.08141684532165527,-0.03935785076146203,-0.18263018131256104,0.0291842520236969,0.020369460372876347,-0.2473045289516449,0.028018444776535034,-0.013624230833102047,-0.1959313154220581,0.03425911068916321,-0.03197420618062097,-0.15152621269226074,0.0312974750995636,-0.03384891754512864,-0.176219642162323,-0.026613205671310425,0.007398043325792969,-0.23550134897232056,-0.02606743574142456,-0.021146676005173504,-0.19250863790512085,-0.014079064130783081,-0.021366378725815593,-0.15211832523345947,-0.016697794198989868,-0.010574529380846798,-0.1610572338104248,-0.08567845821380615,-0.00823726548378545,-0.21952968835830688,-0.08814731240272522,-0.02062958149736005,-0.20453190803527832,-0.06864051520824432,-0.013752018534887611,-0.17954742908477783,-0.06116342544555664,-0.0025223528177775734,thumbs_down
0.0,0.0,0.0,-0.04861330986022949,0.10642728209495544,-0.016994876950093385,-0.10816270112991333,0.184597909450531,-0.02415455894083607,-0.16351306438446045,0.22961699962615967,-0.036776904179760095,-0.20943772792816162,0.2608107924461365,-0.044470917596527215,-0.17927557229995728,0.08765304088592529,0.025503368885210875,-0.24205508828163147,0.09468680620193481,-0.006031443527945157,-0.20443648099899292,0.09071525931358337,-0.030698657198854562,-0.16158199310302734,0.08057689666748047,-0.040941924019762155,-0.18135738372802734,0.029063433408737183,0.020023599103978995,-0.24637287855148315,0.028710275888442993,-0.013959598890551206,-0.1954450011253357,0.03484630584716797,-0.03211695717186558,-0.15136921405792236,0.03165030479431152,-0.033896841271825906,-0.175034761428833,-0.026416867971420288,0.007073485595128659,-0.23298922181129456,-0.024078309535980225,-0.02113057503015625,-0.19042253494262695,-0.012481600046157837,-0.021273827343293306,-0.15104317665100098,-0.015822291374206543,-0.010547467670448896,-0.16019082069396973,-0.08541339635848999,-0.008605974889405843,-0.21823906898498535,-0.08752936124801636,-0.02046299369544613,-0.20388269424438477,-0.06789863109588623,-0.013514380133756276,-0.1795748472213745,-0.06034135818481445,-0.0023618195439212286,thumbs_down
0.0,0.0,0.0,-0.04870229959487915,0.10696408152580261,-0.016566555352824253,-0.10692882537841797,0.1852666735649109,-0.023991794662492794,-0.1622259020805359,0.2294468879699707,-0.036937882529514354,-0.20822328329086304,0.25887346267700195,-0.04511010773660473,-0.17766624689102173,0.08628347516059875,0.024625275878292996,-0.24069741368293762,0.09465214610099792,-0.0068225528690391,-0.2027449607849121,0.09069329500198364,-0.031206324102299732,-0.16044914722442627,0.08045989274978638,-0.04127592347742848,-0.18003714084625244,0.028171122074127197,0.018956751225573498,-0.24560219049453735,0.02813398838043213,-0.01493435666145615,-0.19385755062103271,0.03429877758026123,-0.03259977080108456,-0.1503857970237732,0.031068742275238037,-0.03404683374049,-0.17384254932403564,-0.027061760425567627,0.006011224946064431,-0.23271575570106506,-0.024706363677978516,-0.022178800182359737,-0.18907827138900757,-0.013357043266296387,-0.021654659287946743,-0.14987778663635254,-0.017073750495910645,-0.010456694627123397,-0.15897881984710693,-0.08546338975429535,-0.009567472489493412,-0.21727055311203003,-0.08722144365310669,-0.021439331920760196,-0.2011510729789734,-0.06798194348812103,-0.0138630292955213,-0.17602312564849854,-0.061498820781707764,-0.002171018963622373,thumbs_down
0.0,0.0,0.0,-0.04941755533218384,0.10561409592628479,-0.016416096516309153,-0.10860627889633179,0.1840115487575531,-0.02364131381398238,-0.1632794737815857,0.228608638048172,-0.036247817255912196,-0.20882248878479004,0.25802716612815857,-0.04414907229727305,-0.17904531955718994,0.08644896745681763,0.024467070199193586,-0.24115633964538574,0.09399232268333435,-0.006638124041614901,-0.20441579818725586,0.09003624320030212,-0.030898095496354472,-0.16253703832626343,0.08032217621803284,-0.04100097102707423,-0.18110251426696777,0.028117716312408447,0.01883273626083337,-0.2460160255432129,0.0272844135761261,-0.01436463409697808,-0.19527143239974976,0.03302574157714844,-0.03185071183031596,-0.1519944667816162,0.02995118498802185,-0.03340504077857531,-0.1743059754371643,-0.027492225170135498,0.00596686181017958,-0.23263508081436157,-0.026293188333511353,-0.021505431659875285,-0.189919114112854,-0.015229284763336182,-0.021150024064240824,-0.1510142683982849,-0.018112272024154663,-0.010371580176411044,-0.15846604108810425,-0.08562484383583069,-0.009503292307613265,-0.21634817123413086,-0.0882873684167862,-0.020995860375819575,-0.20026808977127075,-0.06947249174118042,-0.01361627543008126,-0.1751459240913391,-0.0623091459274292,-0.002258340517414581,thumbs_down
0.0,0.0,0.0,-0.0489925742149353,0.10621103644371033,-0.01679149599056018,-0.10904830694198608,0.18509644269943237,-0.023724231433675413,-0.1647953987121582,0.2298712134361267,-0.036109195586846,-0.21072512865066528,0.2598704695701599,-0.04353406795542014,-0.17992889881134033,0.08792993426322937,0.02511570273657071,-0.24306538701057434,0.09502899646759033,-0.006108187635049944,-0.20473885536193848,0.09079477190971375,-0.030122557219669943,-0.16239935159683228,0.08069249987602234,-0.03994000100772155,-0.18188810348510742,0.02927076816558838,0.01973688087184655,-0.24717167019844055,0.02872297167778015,-0.014117403451905375,-0.19496285915374756,0.034946948289871216,-0.031536558207676535,-0.15161627531051636,0.03179866075515747,-0.032748518076346045,-0.17502528429031372,-0.02645936608314514,0.006994398746087427,-0.23431208729743958,-0.02478766441345215,-0.02132902437131179,-0.1904732584953308,-0.01269763708114624,-0.02073671811501754,-0.15092194080352783,-0.015462040901184082,-0.009385940183506136,-0.1594477891921997,-0.08577917516231537,-0.008402172040746336,-0.21852654218673706,-0.08891668915748596,-0.020425643336579924,-0.20294243097305298,-0.06831230223178864,-0.01307912686149848,-0.1777401566505432,-0.05969424545764923,-0.0015014480171657851,thumbs_down
0.0,0.0,0.0,-0.0492061972618103,0.10652056336402893,-0.01692204751986992,-0.1082049012184143,0.18597599864006042,-0.024282587850279924,-0.16403377056121826,0.23116260766983032,-0.03704757445473206,-0.21019065380096436,0.2607373595237732,-0.04485747047681343,-0.17988282442092896,0.08797803521156311,0.024406347265653494,-0.24338707327842712,0.09553554654121399,-0.006521038403548118,-0.2048581838607788,0.0911250114440918,-0.030557513395137903,-0.1622176170349121,0.08076980710029602,-0.040584685439057466,-0.18179309368133545,0.02946576476097107,0.01908169298451412,-0.24717119336128235,0.029594779014587402,-0.014609554940648195,-0.19553321599960327,0.035469621419906616,-0.03235799276251328,-0.15193980932235718,0.032300204038619995,-0.034078290844149706,-0.17516624927520752,-0.02595582604408264,0.006512495996616963,-0.23438555002212524,-0.02371203899383545,-0.021579340258426782,-0.19097638130187988,-0.012160062789916992,-0.02116527610439789,-0.1511523723602295,-0.015419602394104004,-0.010189227917976496,-0.16007912158966064,-0.08481685817241669,-0.00873901431430113,-0.21872258186340332,-0.08742296695709229,-0.020782191464491007,-0.20330852270126343,-0.06768134236335754,-0.013601850876398203,-0.17817676067352295,-0.06025901436805725,-0.0022876371348274915,thumbs_down
0.0,0.0,0.0,-0.04895073175430298,0.10821527242660522,-0.016459720230670882,-0.10759168863296509,0.1883281171321869,-0.02350989172515483,-0.16355228424072266,0.23347076773643494,-0.036146480611535026,-0.20983237028121948,0.2626365125179291,-0.04382197188493819,-0.1790829300880432,0.09002640843391418,0.02620283325853734,-0.24314716458320618,0.0974062979221344,-0.004590000978680564,-0.20390993356704712,0.09363800287246704,-0.028682639843793822,-0.16041791439056396,0.08401378989219666,-0.03863193841931434,-0.18174099922180176,0.031401216983795166,0.020729765274552392,-0.24752309918403625,0.031084954738616943,-0.013188812903138114,-0.19491863250732422,0.03716719150543213,-0.03137677165028663,-0.1509467363357544,0.03418314456939697,-0.033183101586075736,-0.17588943243026733,-0.02402058243751526,0.007994565160004186,-0.23587030172348022,-0.023001909255981445,-0.020279187730523063,-0.19188356399536133,-0.011515945196151733,-0.020197803176017715,-0.15173226594924927,-0.014777451753616333,-0.009289047702225162,-0.16178297996520996,-0.08247625827789307,-0.007347791477116061,-0.22008448839187622,-0.08496715128421783,-0.01949421318528266,-0.20287466049194336,-0.06579357385635376,-0.012212307213815166,-0.17663973569869995,-0.059369832277297974,-0.000689204279808564,thumbs_down
0.0,0.0,0.0,-0.049614131450653076,0.10566326975822449,-0.01605002550275003,-0.10769188404083252,0.18290531635284424,-0.023276878202864282,-0.16306883096694946,0.22728246450424194,-0.036153401861497514,-0.20899146795272827,0.2564781904220581,-0.044216990152904145,-0.17857873439788818,0.08545231819152832,0.025561865737131484,-0.24179625511169434,0.09266984462738037,-0.005523616595723979,-0.20342952013015747,0.08995595574378967,-0.029927905330964677,-0.16114622354507446,0.08147776126861572,-0.04019860518963014,-0.1803765892982483,0.02830374240875244,0.019699406196764357,-0.2466776967048645,0.028493642807006836,-0.014055320675083749,-0.19459617137908936,0.034470200538635254,-0.03184280512721216,-0.15135282278060913,0.03177616000175476,-0.033631123284408204,-0.17360031604766846,-0.026744216680526733,0.006635791008761771,-0.2349836826324463,-0.024956345558166504,-0.021454803327628724,-0.19037872552871704,-0.01356208324432373,-0.02028567498416578,-0.15069937705993652,-0.016519367694854736,-0.00890806844324743,-0.15810084342956543,-0.0856829285621643,-0.009054477939912431,-0.21718263626098633,-0.08903332054615021,-0.020749851743289582,-0.19935041666030884,-0.06878826022148132,-0.012686765434750669,-0.17343103885650635,-0.0610194206237793,-0.0008973659445246085,thumbs_down
0.0,0.0,0.0,-0.04878842830657959,0.10733452439308167,-0.01700866242254051,-0.10767805576324463,0.18579205870628357,-0.02419124563539299,-0.16382700204849243,0.2292822003364563,-0.03687921372556957,-0.20983755588531494,0.2594643831253052,-0.0446632972111729,-0.17873090505599976,0.08647313714027405,0.025162854964492,-0.2416776418685913,0.0941324234008789,-0.006223266211691225,-0.2034953236579895,0.09029051661491394,-0.030441038509252394,-0.1612919569015503,0.07978501915931702,-0.04032426533603939,-0.1808784008026123,0.02866131067276001,0.019856784294006502,-0.24562203884124756,0.027957439422607422,-0.014108383295479143,-0.19333547353744507,0.034827589988708496,-0.031615941052677954,-0.15039050579071045,0.031498074531555176,-0.03286521342897686,-0.17447805404663086,-0.02603784203529358,0.007166887434777891,-0.23374944925308228,-0.024962663650512695,-0.021536611219289625,-0.1893649697303772,-0.012528061866760254,-0.02087335308397087,-0.1494961380958557,-0.016041100025177002,-0.009299011168423021,-0.159277081489563,-0.08372367918491364,-0.008206630324366415,-0.2180219292640686,-0.08782689273357391,-0.02068826203549179,-0.2023172378540039,-0.06781770288944244,-0.013313776080849493,-0.17671459913253784,-0.060486629605293274,-0.0014840059106973058,thumbs_down
0.0,0.0,0.0,-0.04866325855255127,0.10620561242103577,-0.017024704129596557,-0.10713809728622437,0.1861337423324585,-0.02486473775019249,-0.1623123288154602,0.22982075810432434,-0.038023930848737564,-0.20846539735794067,0.2591939866542816,-0.04643145656694969,-0.17974352836608887,0.08849087357521057,0.022452683313588295,-0.2421341836452484,0.09564325213432312,-0.00868160544445118,-0.20261496305465698,0.09237337112426758,-0.03288093662371239,-0.15946829319000244,0.08288189768791199,-0.043174543292423095,-0.18213748931884766,0.03001338243484497,0.01673866914103428,-0.24579566717147827,0.029349923133850098,-0.01637278577794632,-0.19339323043823242,0.03544759750366211,-0.033591468692918625,-0.1498355269432068,0.032397329807281494,-0.035410799891849365,-0.1760643720626831,-0.025848835706710815,0.003879892532552276,-0.23698359727859497,-0.02569526433944702,-0.02343387237300476,-0.19206559658050537,-0.013836026191711426,-0.021917504132886734,-0.15113282203674316,-0.016382455825805664,-0.01083680974801382,-0.16083842515945435,-0.083603635430336,-0.011739197992881145,-0.21855545043945312,-0.08580079674720764,-0.024427546993990745,-0.19792276620864868,-0.06580238044261932,-0.016733362213869896,-0.1684299111366272,-0.05851861834526062,-0.005009809849013891,thumbs_down
0.0,0.0,0.0,-0.04866147041320801,0.1060141921043396,-0.017215990914223767,-0.10640352964401245,0.18572551012039185,-0.025258413968799687,-0.16161096096038818,0.2295469045639038,-0.038541627569316006,-0.20749884843826294,0.26059335470199585,-0.04710756008159933,-0.17865949869155884,0.08747223019599915,0.021956125752808475,-0.24151167273521423,0.09506994485855103,-0.00904975690525589,-0.20170652866363525,0.0915481448173523,-0.033155036611674404,-0.15865010023117065,0.08149051666259766,-0.04349551860821066,-0.18117302656173706,0.029257535934448242,0.01624312858450594,-0.2454093098640442,0.028832197189331055,-0.016809628797886944,-0.19308823347091675,0.034870922565460205,-0.03391153876316366,-0.14971792697906494,0.0314028263092041,-0.035714225365040875,-0.1751793622970581,-0.026133090257644653,0.0034005933104026553,-0.23599398136138916,-0.025915861129760742,-0.023689189447281933,-0.19138091802597046,-0.014077723026275635,-0.022027737913845158,-0.15112799406051636,-0.016682982444763184,-0.011008773451862908,-0.1600521206855774,-0.08329406380653381,-0.012237357428489304,-0.21732795238494873,-0.0853455513715744,-0.02463378895652113,-0.1962241530418396,-0.06535516679286957,-0.01677001592349825,-0.1670171022415161,-0.05839681625366211,-0.005079096635995484,thumbs_down
0.0,0.0,0.0,-0.047625601291656494,0.10663452744483948,-0.017788078838577803,-0.10698342323303223,0.18453684449195862,-0.025047306174030837,-0.1625402569770813,0.22779396176338196,-0.03759290670751625,-0.20908057689666748,0.255977600812912,-0.045105543190231856,-0.17967474460601807,0.08632439374923706,0.02410401942432827,-0.241941899061203,0.09159675240516663,-0.006907704023262795,-0.2024173140525818,0.08820661902427673,-0.03108069879709774,-0.16007989645004272,0.08078569173812866,-0.04115834852456146,-0.18277472257614136,0.0277271568775177,0.0190403347671122,-0.24668514728546143,0.025378435850143433,-0.014450949819377001,-0.1928797960281372,0.031211048364639282,-0.03187229132055336,-0.14957594871520996,0.030298054218292236,-0.033342130684843596,-0.1768093705177307,-0.028201639652252197,0.006655586215117637,-0.23599743843078613,-0.028807371854782104,-0.0216352420091539,-0.18990081548690796,-0.018089205026626587,-0.020413756573191222,-0.14959853887557983,-0.01981249451637268,-0.008829027616968688,-0.1616305708885193,-0.08644035458564758,-0.008491238781800803,-0.22069931030273438,-0.09253931045532227,-0.021103695237627562,-0.202359139919281,-0.07344409823417664,-0.013208355957260665,-0.17533719539642334,-0.0645078718662262,-0.0010988069396375977,thumbs_down
0.0,0.0,0.0,-0.04824411869049072,0.1068335771560669,-0.017550458145535686,-0.10762852430343628,0.18494698405265808,-0.025174890590108134,-0.16303110122680664,0.22771897912025452,-0.03823317675033877,-0.2095811367034912,0.25478121638298035,-0.04634696332851718,-0.1790604591369629,0.08516788482666016,0.02300000289341142,-0.24177896976470947,0.09029987454414368,-0.00888704037407706,-0.19970113039016724,0.08775302767753601,-0.03326190723220179,-0.15605831146240234,0.07932594418525696,-0.04343883035818408,-0.1815485954284668,0.02622354030609131,0.01761997030934026,-0.24464818835258484,0.024606019258499146,-0.015827846658623912,-0.18927770853042603,0.031107723712921143,-0.0324199878994591,-0.14646708965301514,0.028216779232025146,-0.033699226510918834,-0.17562824487686157,-0.029873758554458618,0.0048891786101989965,-0.2378126084804535,-0.03126955032348633,-0.022878873107231357,-0.1900235414505005,-0.01895761489868164,-0.01989875076452563,-0.148725688457489,-0.020849555730819702,-0.007646189482159116,-0.16028326749801636,-0.08713863790035248,-0.010723151211834647,-0.21921312808990479,-0.09213690459728241,-0.023584219572342136,-0.1971302032470703,-0.07123927772045135,-0.014911444802976348,-0.16702908277511597,-0.06233730912208557,-0.0023077774711168786,thumbs_down
0.0,0.0,0.0,-0.048943936824798584,0.10702601075172424,-0.01815472710194399,-0.108120858669281,0.1870913803577423,-0.02664966303171923,-0.16346585750579834,0.23081758618354797,-0.04014344866635611,-0.2101149559020996,0.2584782540798187,-0.04873992855908682,-0.17939692735671997,0.08697390556335449,0.01988744568762968,-0.24184554815292358,0.09269315004348755,-0.011498982825003168,-0.1999228596687317,0.08906087279319763,-0.03517591188909819,-0.15716099739074707,0.08002734184265137,-0.045239046022913953,-0.1816408634185791,0.0271930992603302,0.014725513018049696,-0.24505892395973206,0.024912595748901367,-0.018754247382901212,-0.1899780035018921,0.031614094972610474,-0.03493945281269362,-0.1479339599609375,0.029301375150680542,-0.03616751338603308,-0.17503881454467773,-0.02895808219909668,0.0024794311796654256,-0.23705297708511353,-0.031762927770614624,-0.025248750851176283,-0.19011497497558594,-0.01902511715888977,-0.022067995548866293,-0.14969080686569214,-0.0200251042842865,-0.009930849813542864,-0.1590479016304016,-0.08519989252090454,-0.012557739198825857,-0.21646356582641602,-0.08969040215015411,-0.02527690286996176,-0.19457751512527466,-0.06937193870544434,-0.016534788340948126,-0.1656392216682434,-0.06141898036003113,-0.004114459075651666,thumbs_down
0.0,0.0,0.0,-0.05059814453125,0.1070563793182373,-0.01698329375881258,-0.11047840118408203,0.18503588438034058,-0.0239569924940497,-0.16551828384399414,0.22627902030944824,-0.03645364457565847,-0.21125054359436035,0.25643402338027954,-0.04439485335547033,-0.17961037158966064,0.08617538213729858,0.023585041222986547,-0.24151909351348877,0.0904078483581543,-0.007969610223653945,-0.2008095383644104,0.0868726372718811,-0.032265025021615656,-0.15803539752960205,0.07724976539611816,-0.04252979421812597,-0.18208587169647217,0.026415854692459106,0.017809274775800077,-0.24507880210876465,0.022859126329421997,-0.016062377782645854,-0.1910126805305481,0.029786497354507446,-0.03347559163171354,-0.1482751965522766,0.026836097240447998,-0.0350875470955998,-0.17600423097610474,-0.029872149229049683,0.004814175592628089,-0.23592394590377808,-0.03264471888542175,-0.02370125317770544,-0.18922120332717896,-0.020232558250427246,-0.021980604918780955,-0.14853399991989136,-0.022095173597335815,-0.010184280404928359,-0.16031521558761597,-0.08639921247959137,-0.010885249653938445,-0.218120276927948,-0.09204749763011932,-0.02412939706641737,-0.19692444801330566,-0.07271640002727509,-0.015927468257132205,-0.16759628057479858,-0.06501767039299011,-0.00350291963491145,thumbs_down
0.0,0.0,0.0,-0.04888659715652466,0.10722324252128601,-0.017832161805472424,-0.10796248912811279,0.18533188104629517,-0.025689126870474865,-0.1633470058441162,0.2271423637866974,-0.03888683015748029,-0.2098299264907837,0.2564137876033783,-0.04728015506907468,-0.17863750457763672,0.08557721972465515,0.022896576725997875,-0.2406335175037384,0.0910140872001648,-0.009297397865793755,-0.1987830400466919,0.08633214235305786,-0.03410614649101262,-0.15600311756134033,0.07637658715248108,-0.04459618771716123,-0.1811838150024414,0.025821298360824585,0.01741972757235999,-0.2437666654586792,0.022348463535308838,-0.017294013819537213,-0.1885772943496704,0.0288388729095459,-0.03486121813102727,-0.14635485410690308,0.026966780424118042,-0.03651271382614141,-0.1751641035079956,-0.03005009889602661,0.004621910915830085,-0.23595136404037476,-0.03338637948036194,-0.024258539027414372,-0.18902206420898438,-0.02070710062980652,-0.022014211810073903,-0.14861184358596802,-0.021508336067199707,-0.009928416407547047,-0.15982341766357422,-0.08613310754299164,-0.010978787152907898,-0.2171294093132019,-0.09168167412281036,-0.02434708917780881,-0.1948331594467163,-0.07143235206604004,-0.015780357590756466,-0.1651187539100647,-0.0632629245519638,-0.0030892686386323476,thumbs_down
0.0,0.0,0.0,-0.050257861614227295,0.10797637701034546,-0.017125687510485932,-0.11124300956726074,0.18594861030578613,-0.024220452592487618,-0.16703683137893677,0.22651275992393494,-0.03676841123473196,-0.21325266361236572,0.254729300737381,-0.0444853761650279,-0.18052291870117188,0.0846758484840393,0.022677988796715454,-0.24344411492347717,0.08874395489692688,-0.009272166476364418,-0.20141643285751343,0.08609649538993835,-0.03345071239840536,-0.15869170427322388,0.07748404145240784,-0.04347450001608877,-0.18241047859191895,0.025048404932022095,0.017087292908911422,-0.24641606211662292,0.021274060010910034,-0.01686598075997381,-0.19226235151290894,0.029442399740219116,-0.03379802493822126,-0.15008866786956787,0.02723047137260437,-0.03499910695921926,-0.17571192979812622,-0.030968934297561646,0.0042673168287024055,-0.23622310161590576,-0.034069448709487915,-0.023957301811094567,-0.18996089696884155,-0.02090209722518921,-0.021841467306728646,-0.14987891912460327,-0.022546321153640747,-0.009814532422240063,-0.15953421592712402,-0.0870598554611206,-0.01130345831137447,-0.21773964166641235,-0.09317412972450256,-0.024032992259378716,-0.19732666015625,-0.07325038313865662,-0.015706882760639473,-0.16850370168685913,-0.06546661257743835,-0.0032372648778959956,thumbs_down
0.0,0.0,0.0,-0.04853188991546631,0.10781529545783997,-0.017586219443103346,-0.10784447193145752,0.18659064173698425,-0.025602856038233313,-0.1637723445892334,0.2286718785762787,-0.038875696567913565,-0.21016323566436768,0.25765177607536316,-0.04728993525924352,-0.17653101682662964,0.08658212423324585,0.020918775962570635,-0.24147820472717285,0.09209999442100525,-0.01137938009770778,-0.2000390887260437,0.08761748671531677,-0.035683458058258566,-0.15722370147705078,0.07816162705421448,-0.045774099735638174,-0.1788507103919983,0.02718338370323181,0.015427237057963339,-0.24318698048591614,0.023330390453338623,-0.01879785334887174,-0.18905723094940186,0.029841512441635132,-0.03557818507971433,-0.14727872610092163,0.028318196535110474,-0.03690887367548612,-0.173112690448761,-0.02861616015434265,0.00271586040770444,-0.23398643732070923,-0.032195985317230225,-0.02528376070978311,-0.18812108039855957,-0.019464969635009766,-0.02269000871302751,-0.14890354871749878,-0.020035892724990845,-0.010759626833817038,-0.15841203927993774,-0.08464007079601288,-0.012804646363576921,-0.2157408595085144,-0.09105059504508972,-0.025340416787287268,-0.19402319192886353,-0.07069949805736542,-0.016635089499970945,-0.16515028476715088,-0.062276408076286316,-0.004181784430613789,thumbs_down
0.0,0.0,0.0,-0.04937624931335449,0.10601907968521118,-0.017338391732891978,-0.11099278926849365,0.1830621361732483,-0.024865266275128306,-0.16698575019836426,0.22376114130020142,-0.037621979009827555,-0.21366101503372192,0.2508012652397156,-0.04555321518751043,-0.18006932735443115,0.0823495090007782,0.020676616239825307,-0.24388906359672546,0.08604100346565247,-0.01081287894817251,-0.20110291242599487,0.08240991830825806,-0.034457985651215495,-0.15772134065628052,0.07399904727935791,-0.04429882053705114,-0.18233871459960938,0.02214336395263672,0.015204148958900987,-0.24632161855697632,0.017809391021728516,-0.018365607005080165,-0.19128376245498657,0.025226235389709473,-0.034814142030199946,-0.1492098569869995,0.023684263229370117,-0.03601957519026655,-0.17587697505950928,-0.0342811644077301,0.0027345066289399256,-0.2375583052635193,-0.03909099102020264,-0.024755558338483752,-0.19120240211486816,-0.025942891836166382,-0.021676401015838564,-0.15179944038391113,-0.026693403720855713,-0.009602166120430411,-0.15997189283370972,-0.09064783155918121,-0.012466684323271693,-0.21936678886413574,-0.09808740019798279,-0.02456141110928911,-0.19755864143371582,-0.07742910087108612,-0.015331743624528826,-0.1682491898536682,-0.06884987652301788,-0.002612925008406819,thumbs_down
0.0,0.0,0.0,-0.04855102300643921,0.10813933610916138,-0.017047055600812655,-0.1082107424736023,0.18603819608688354,-0.024851264967253428,-0.1641121506690979,0.22649407386779785,-0.03795553052299283,-0.21020746231079102,0.25317680835723877,-0.04621871986859105,-0.17817246913909912,0.08539995551109314,0.021810391382643957,-0.24195629358291626,0.0902608335018158,-0.009921701228847724,-0.20116311311721802,0.08588376641273499,-0.03422391840689443,-0.15823853015899658,0.07754820585250854,-0.04443886929624341,-0.17967653274536133,0.025671333074569702,0.016203499795267362,-0.24275004863739014,0.02139335870742798,-0.017636754153897982,-0.1894018054008484,0.027662962675094604,-0.03491447919481061,-0.14754140377044678,0.02748987078666687,-0.03673692846172116,-0.17310881614685059,-0.03030019998550415,0.0034814322603438086,-0.2342633605003357,-0.034494221210479736,-0.024331842153003436,-0.18922269344329834,-0.022420883178710938,-0.022140728844931346,-0.14962077140808105,-0.02213987708091736,-0.010549651062717658,-0.15762180089950562,-0.08687525987625122,-0.01197166701280139,-0.21495121717453003,-0.09302619099617004,-0.024605380906393748,-0.19490903615951538,-0.07407890260219574,-0.016202251030733805,-0.16728061437606812,-0.06586499512195587,-0.003935059136381369,thumbs_down
0.0,0.0,0.0,-0.050859034061431885,0.10793164372444153,-0.015082195233674156,-0.11168128252029419,0.18415513634681702,-0.021229416895778286,-0.1672315001487732,0.2235945761203766,-0.03323400655773412,-0.212388813495636,0.2525286376476288,-0.04062707984832059,-0.1777324080467224,0.08338019251823425,0.024451491590468777,-0.24217090010643005,0.08664044737815857,-0.006324801426501381,-0.20039981603622437,0.08438202738761902,-0.02947481798020135,-0.15765291452407837,0.07628592848777771,-0.03890419268992673,-0.17872601747512817,0.024584561586380005,0.018210779111711872,-0.24213823676109314,0.020486146211624146,-0.014307741839559185,-0.18892115354537964,0.028920620679855347,-0.030558685604603397,-0.14870429039001465,0.027216076850891113,-0.031772344205649006,-0.17212259769439697,-0.030757874250411987,0.0049306304937886125,-0.23301559686660767,-0.034068673849105835,-0.022000538949043857,-0.18718838691711426,-0.020924478769302368,-0.01892777236190568,-0.14889276027679443,-0.023097366094589233,-0.006816640794397699,-0.15640807151794434,-0.08736537396907806,-0.010959124025077926,-0.2151241898536682,-0.09369313716888428,-0.02235969604936372,-0.1945093870162964,-0.07450605928897858,-0.012985340152056324,-0.16668552160263062,-0.06810781359672546,-0.00021968711354247716,thumbs_down
0.0,0.0,0.0,-0.05152177810668945,0.10825729370117188,-0.015347520371847168,-0.1121361255645752,0.18449580669403076,-0.021654392143659607,-0.16820740699768066,0.2236090898513794,-0.03383102502482416,-0.21348083019256592,0.25239551067352295,-0.04147418822901727,-0.17835187911987305,0.08464649319648743,0.026272123197145447,-0.24005255103111267,0.08974018692970276,-0.004791473520867839,-0.20131462812423706,0.08540821075439453,-0.029389480611257568,-0.1582821011543274,0.07627290487289429,-0.03967777501600267,-0.17918264865875244,0.02559000253677368,0.02026274752063273,-0.2416692078113556,0.02227860689163208,-0.012580937256984726,-0.19038236141204834,0.02785050868988037,-0.030643558612041488,-0.14725863933563232,0.02584242820739746,-0.032863045593671814,-0.1723371148109436,-0.030016452074050903,0.0071296929214668125,-0.2310754954814911,-0.032325029373168945,-0.02020867403405191,-0.18685877323150635,-0.021559685468673706,-0.01921646531479837,-0.14649319648742676,-0.02410373091697693,-0.008073096645944133,-0.1562862992286682,-0.08686332404613495,-0.008603131880931869,-0.21384668350219727,-0.09217843413352966,-0.02042716417270185,-0.19754356145858765,-0.07541802525520325,-0.012499567603640571,-0.17143815755844116,-0.06948336958885193,-0.0005065490425977259,thumbs_down
0.0,0.0,0.0,-0.04916954040527344,0.10519814491271973,-0.01721896236193743,-0.10855752229690552,0.1824038028717041,-0.024831827780133153,-0.16428673267364502,0.22389563918113708,-0.037737807309156324,-0.21067196130752563,0.2493712604045868,-0.04564371523809996,-0.1769079566001892,0.08284008502960205,0.02394200856434736,-0.23824334144592285,0.08698442578315735,-0.008262615701084997,-0.19865500926971436,0.08348354697227478,-0.03312498522353735,-0.1563502550125122,0.07485485076904297,-0.04339836356592741,-0.1771717071533203,0.023693054914474487,0.01876102569150362,-0.23996132612228394,0.01957303285598755,-0.0150737809519228,-0.18830394744873047,0.02689376473426819,-0.03267780882669058,-0.14657515287399292,0.026090264320373535,-0.03431616914821234,-0.16931051015853882,-0.03167620301246643,0.00620845933082137,-0.2271897792816162,-0.0347992479801178,-0.021825868686562444,-0.18374419212341309,-0.02226617932319641,-0.020361272668367292,-0.145413339138031,-0.023732930421829224,-0.008690873211151029,-0.15256690979003906,-0.08824242651462555,-0.009049296429282094,-0.21001875400543213,-0.09407491981983185,-0.020700762098556424,-0.19323521852493286,-0.07545898854732513,-0.01245649909031954,-0.16780328750610352,-0.06869491934776306,-0.0002641462407950712,thumbs_down
0.0,0.0,0.0,-0.05062061548233032,0.10663250088691711,-0.01758510962639548,-0.11132872104644775,0.18432065844535828,-0.024671341930968538,-0.16762542724609375,0.22611969709396362,-0.037058118437869325,-0.21318477392196655,0.2544708251953125,-0.04456479445610739,-0.1788683533668518,0.08513668179512024,0.025316449175136313,-0.23961281776428223,0.09088507294654846,-0.005649881144506708,-0.20002514123916626,0.08489212393760681,-0.030081338887555376,-0.15749192237854004,0.07549574971199036,-0.04047600895677306,-0.18051505088806152,0.025273561477661133,0.020561855579273924,-0.24130341410636902,0.022180140018463135,-0.01343363773588635,-0.18939024209976196,0.026413261890411377,-0.03226081625138022,-0.14675956964492798,0.024415642023086548,-0.034807160203797594,-0.17385327816009521,-0.030447959899902344,0.008548077488796935,-0.2325335144996643,-0.03544500470161438,-0.020285069649560228,-0.1895107626914978,-0.024827897548675537,-0.020622361158473268,-0.1494022011756897,-0.025986194610595703,-0.010026262780172601,-0.15823882818222046,-0.08652041852474213,-0.006056883079452291,-0.2145916223526001,-0.09218102693557739,-0.019251189833028093,-0.19879961013793945,-0.07674860954284668,-0.012662702878458276,-0.17305225133895874,-0.07151232659816742,-0.0013465827195773272,thumbs_down
0.0,0.0,0.0,-0.049517929553985596,0.10458758473396301,-0.017663473790662465,-0.10911142826080322,0.1821283996105194,-0.025369307553546605,-0.165411114692688,0.22405990958213806,-0.03833352082051533,-0.21150052547454834,0.2515887916088104,-0.04634438880361813,-0.17750245332717896,0.08194038271903992,0.02345148980043632,-0.2396489381790161,0.08739057183265686,-0.008420180125312982,-0.19915026426315308,0.08383440971374512,-0.032964475980179486,-0.15643954277038574,0.07403388619422913,-0.04314688273348111,-0.1785801649093628,0.023141443729400635,0.018431191736681285,-0.24118924140930176,0.020367354154586792,-0.01519475743748444,-0.18852174282073975,0.027622878551483154,-0.0324836713878085,-0.14659416675567627,0.02518889307975769,-0.033986501922981915,-0.171417236328125,-0.03188979625701904,0.006032945526612821,-0.2300938367843628,-0.034378260374069214,-0.02186302148379582,-0.18606609106063843,-0.021792829036712646,-0.0202507232932021,-0.14719879627227783,-0.024592489004135132,-0.008595733499305425,-0.15547287464141846,-0.08806301653385162,-0.009127440458314595,-0.21396774053573608,-0.09342734515666962,-0.020960875382797894,-0.19585072994232178,-0.07420746982097626,-0.012641243232565103,-0.16843867301940918,-0.06821045279502869,-0.00038936117539378756,thumbs_down
0.0,0.0,0.0,-0.05044049024581909,0.10391220450401306,-0.01737328342511546,-0.11048382520675659,0.18033894896507263,-0.025051594743274563,-0.16620475053787231,0.22322049736976624,-0.03811223714961898,-0.2119278907775879,0.2517606317996979,-0.04625288679613959,-0.17723816633224487,0.08082959055900574,0.024143108135319835,-0.2399607002735138,0.08785653114318848,-0.007313903918259257,-0.2001286745071411,0.08325529098510742,-0.03185367494239699,-0.15837311744689941,0.0732654333114624,-0.042331128412627095,-0.17893099784851074,0.02246066927909851,0.019009259497977382,-0.24148774147033691,0.01970076560974121,-0.014443581023954266,-0.18963801860809326,0.026307642459869385,-0.03227614893927466,-0.14856666326522827,0.02463400363922119,-0.03437700777664077,-0.17219609022140503,-0.03254011273384094,0.006569964779771453,-0.231073260307312,-0.03567546606063843,-0.020910359019183034,-0.18823236227035522,-0.022916734218597412,-0.019830224135660046,-0.15023499727249146,-0.024609416723251343,-0.008814552830301636,-0.15675383806228638,-0.0887695699930191,-0.008593957902633065,-0.21410173177719116,-0.09363283216953278,-0.019877242887162083,-0.19727754592895508,-0.07405246794223785,-0.011862937392436379,-0.17138803005218506,-0.06731154024600983,-8.005462819937748e-05,thumbs_down
0.0,0.0,0.0,-0.049052894115448,0.10340836644172668,-0.018405334386272898,-0.10898631811141968,0.18023809790611267,-0.02665759373013543,-0.164828360080719,0.2238520383834839,-0.04000961344246434,-0.21087628602981567,0.25163739919662476,-0.048233463722510805,-0.17764538526535034,0.08009403944015503,0.02317899156804515,-0.2391541600227356,0.08542627096176147,-0.008480664636238089,-0.1987050175666809,0.0809583067893982,-0.033161416012092104,-0.15630275011062622,0.07149311900138855,-0.04347329150442647,-0.17863714694976807,0.02197936177253723,0.01901570957596732,-0.23981323838233948,0.018932998180389404,-0.01449429459427165,-0.1876753568649292,0.02491837739944458,-0.03234659071569013,-0.14655035734176636,0.023215502500534058,-0.034332438665671816,-0.17176604270935059,-0.03245234489440918,0.007495232564167509,-0.23000088334083557,-0.03593343496322632,-0.020079394164724818,-0.1875515580177307,-0.023846358060836792,-0.019326971206112376,-0.14941620826721191,-0.025425314903259277,-0.008251477326496115,-0.15673375129699707,-0.08805714547634125,-0.006792170289202204,-0.21478170156478882,-0.09373518824577332,-0.018102134871526232,-0.19993078708648682,-0.07583382725715637,-0.01043711911444234,-0.17508161067962646,-0.06987950205802917,0.001331735108749399,thumbs_down
0.0,0.0,0.0,-0.04989218711853027,0.10373258590698242,-0.018201486468910844,-0.10961508750915527,0.18023836612701416,-0.026575959548949868,-0.16584903001785278,0.22337692975997925,-0.04008417509555784,-0.2120802402496338,0.2514244318008423,-0.04860170863628355,-0.17736953496932983,0.0802188515663147,0.023288271128535598,-0.2392716109752655,0.08660963177680969,-0.00840103931784597,-0.19977593421936035,0.08153289556503296,-0.033284045085906655,-0.15770208835601807,0.07208892703056335,-0.043914168403148324,-0.17866843938827515,0.02192547917366028,0.01886004462778601,-0.24060779809951782,0.019490152597427368,-0.014826858677565724,-0.18890124559402466,0.025190293788909912,-0.03296522356629339,-0.14786863327026367,0.023632407188415527,-0.03527167744994131,-0.17159682512283325,-0.032731473445892334,0.00713695326760444,-0.23050519824028015,-0.036243051290512085,-0.02053998716235128,-0.18820440769195557,-0.02423804998397827,-0.019727115780710847,-0.15007448196411133,-0.025625944137573242,-0.008793964312076241,-0.1559177041053772,-0.08840931951999664,-0.007324108183979661,-0.212887704372406,-0.09424702823162079,-0.01881163127779928,-0.19755560159683228,-0.07634228467941284,-0.011179969907402665,-0.17306268215179443,-0.07012176513671875,0.0004359234886806007,thumbs_down
0.0,0.0,0.0,-0.04963713884353638,0.10500195622444153,-0.017995034992111414,-0.1098143458366394,0.18061503767967224,-0.025674557029617517,-0.16653227806091309,0.2228977084159851,-0.038697240590465753,-0.21250426769256592,0.2520869970321655,-0.04652825900853941,-0.17687058448791504,0.08027085661888123,0.026059370771633894,-0.239394873380661,0.08647793531417847,-0.00517671014682719,-0.1990700364112854,0.08194780349731445,-0.029715569406164377,-0.15720510482788086,0.0723583996295929,-0.03999905818642446,-0.17841839790344238,0.02262169122695923,0.02167921169160536,-0.240850567817688,0.019685864448547363,-0.012423434942377298,-0.18843400478363037,0.026001721620559692,-0.031044037728918283,-0.14746206998825073,0.024179726839065552,-0.03326315218151876,-0.17219942808151245,-0.031096309423446655,0.009861743361341269,-0.23156315088272095,-0.034917593002319336,-0.018389584212911814,-0.18920594453811646,-0.022832393646240234,-0.018104225113404482,-0.1508811116218567,-0.02498719096183777,-0.007042968827647655,-0.15790969133377075,-0.08667588233947754,-0.00469068781973192,-0.21572083234786987,-0.09202183783054352,-0.01614088350476095,-0.20160257816314697,-0.0745842307806015,-0.008662287793470114,-0.1774975061416626,-0.068966805934906,0.0030489068521433182,thumbs_down
0.0,0.0,0.0,-0.04922032356262207,0.10473784804344177,-0.01800495181913675,-0.10915058851242065,0.18028908967971802,-0.025941541238978516,-0.16533875465393066,0.22233092784881592,-0.039075340896204125,-0.2111998200416565,0.2506830096244812,-0.04710897785361112,-0.1770147681236267,0.07938903570175171,0.024389911622449745,-0.2394312620162964,0.08597999811172485,-0.00718449503864349,-0.20017153024673462,0.08201852440834045,-0.031917638897255074,-0.15800154209136963,0.07248789072036743,-0.04216025006707014,-0.1776401400566101,0.022385001182556152,0.02005822043184935,-0.24004295468330383,0.020049303770065308,-0.013706785447254788,-0.18901264667510986,0.026463747024536133,-0.032028749405697,-0.14747381210327148,0.02460455894470215,-0.03411626425321401,-0.17079895734786987,-0.031006604433059692,0.008346965715929855,-0.2293851673603058,-0.033102333545684814,-0.019490774541452538,-0.18774813413619995,-0.0217096209526062,-0.019516253664448868,-0.14921218156814575,-0.024634480476379395,-0.008741530410304676,-0.155830979347229,-0.08619235455989838,-0.006115687365934264,-0.21365493535995483,-0.09152330458164215,-0.017754470750048768,-0.20162880420684814,-0.07559412717819214,-0.010908024206116806,-0.17865705490112305,-0.07145091891288757,0.0003885671952161829,thumbs_down
0.0,0.0,0.0,-0.05011880397796631,0.10244673490524292,-0.01699056567167645,-0.10959261655807495,0.1772812008857727,-0.024493833049291425,-0.16573286056518555,0.22008144855499268,-0.03725019560670262,-0.2111547589302063,0.24941813945770264,-0.045049262209886365,-0.1751335859298706,0.07880333065986633,0.024848942668086238,-0.23788154125213623,0.0850864052772522,-0.005731403338813834,-0.19865214824676514,0.08081614971160889,-0.02983992265080815,-0.1570878028869629,0.07199046015739441,-0.04012777374600773,-0.17681825160980225,0.021488606929779053,0.02008761561000938,-0.2398068904876709,0.01867145299911499,-0.013061312935406022,-0.18837547302246094,0.024644523859024048,-0.031151509820574574,-0.1476007103919983,0.023193001747131348,-0.033493974222892575,-0.17024922370910645,-0.03227904438972473,0.008207065076476283,-0.22911882400512695,-0.03566679358482361,-0.018862229748719983,-0.18763232231140137,-0.024346590042114258,-0.01841396370446091,-0.1505030393600464,-0.02632710337638855,-0.007959598652178101,-0.1555158495903015,-0.08755706250667572,-0.006280200067067199,-0.21213316917419434,-0.0928669273853302,-0.017074796347969823,-0.1963404417037964,-0.07507520914077759,-0.009432879253381543,-0.17196238040924072,-0.06906415522098541,0.0018870274302571488,thumbs_down
0.0,0.0,0.0,-0.049282610416412354,0.10252508521080017,-0.0180840107500444,-0.10911720991134644,0.17806828022003174,-0.02635383856295448,-0.16495734453201294,0.22153586149215698,-0.03953387093542915,-0.21118640899658203,0.24909693002700806,-0.047656013339747005,-0.17689943313598633,0.07938465476036072,0.02323226566613812,-0.23840773105621338,0.08522152900695801,-0.007842534862447792,-0.20010608434677124,0.08161738514900208,-0.03230006125568252,-0.15819275379180908,0.07337066531181335,-0.042649022012938076,-0.17790603637695312,0.02201789617538452,0.01909710402787823,-0.2393065094947815,0.019553959369659424,-0.014049081772554928,-0.18826824426651,0.025787413120269775,-0.032062283426512295,-0.1474621295928955,0.024983584880828857,-0.034318475693453365,-0.17083793878555298,-0.03156194090843201,0.007765896908949799,-0.22826072573661804,-0.03442004323005676,-0.019178460061539226,-0.18708521127700806,-0.02326217293739319,-0.018801259517658764,-0.14987218379974365,-0.024957388639450073,-0.008334093436587864,-0.15554296970367432,-0.08660867810249329,-0.006269367586810404,-0.21212416887283325,-0.09195712208747864,-0.017226191878307873,-0.19825392961502075,-0.07521793246269226,-0.009924478538323456,-0.17526453733444214,-0.06955449283123016,0.0013334175450836483,thumbs_down
0.0,0.0,0.0,-0.04951542615890503,0.10166946053504944,-0.01749925443147049,-0.10890787839889526,0.17652210593223572,-0.02575065137062893,-0.16408973932266235,0.21883904933929443,-0.03911783860240803,-0.20902544260025024,0.24954724311828613,-0.04775022284303532,-0.1764581799507141,0.07627680897712708,0.02308907604600563,-0.2368641495704651,0.08332246541976929,-0.007444734100147343,-0.196896493434906,0.08081746101379395,-0.0317258679977499,-0.1544589400291443,0.07348659634590149,-0.04217859671626911,-0.17762237787246704,0.0189649760723114,0.01833121164526119,-0.23882001638412476,0.017283588647842407,-0.01534285989765749,-0.18653303384780884,0.026409059762954712,-0.03388187230740414,-0.1446947455406189,0.026693493127822876,-0.036586678933247185,-0.17027562856674194,-0.034410953521728516,0.006622663818404817,-0.23109617829322815,-0.03841680288314819,-0.021627768289192772,-0.1887279748916626,-0.024759680032730103,-0.021640035670145608,-0.14929670095443726,-0.025413572788238525,-0.0112542085087739,-0.15483570098876953,-0.08885224163532257,-0.007566074255748845,-0.21203362941741943,-0.0948687493801117,-0.02022021019075737,-0.19749587774276733,-0.07705293595790863,-0.013346674267097569,-0.17298740148544312,-0.07086044549942017,-0.002158771848201013,thumbs_down
0.0,0.0,0.0,-0.049294471740722656,0.10148817300796509,-0.018008524551760274,-0.10995501279830933,0.17648941278457642,-0.0259846951810232,-0.16590166091918945,0.21823793649673462,-0.03896838985360773,-0.21213775873184204,0.2458869218826294,-0.04690289683617266,-0.17758184671401978,0.07884648442268372,0.02317609824262945,-0.23781511187553406,0.08366477489471436,-0.007541307713609058,-0.1971920132637024,0.08080887794494629,-0.03150674886978777,-0.15454018115997314,0.07455131411552429,-0.041613673791061956,-0.17891305685043335,0.020737022161483765,0.018808150664199275,-0.24061453342437744,0.018354326486587524,-0.014977451413642484,-0.18811392784118652,0.02605801820755005,-0.033408882096182424,-0.14596128463745117,0.027005285024642944,-0.035884922370087224,-0.17162692546844482,-0.033613890409469604,0.007414238061983269,-0.23207354545593262,-0.0380154550075531,-0.02116673812247427,-0.1890009045600891,-0.02517390251159668,-0.021009447052847463,-0.14910387992858887,-0.025069773197174072,-0.01024276670045765,-0.15619337558746338,-0.08923958241939545,-0.006521438248228151,-0.21387159824371338,-0.09516462683677673,-0.01943361200369509,-0.199576735496521,-0.07749941945075989,-0.012667443603049833,-0.17504137754440308,-0.07044512033462524,-0.0014092262133544864,thumbs_down
0.0,0.0,0.0,-0.0490531325340271,0.10068356990814209,-0.018281171617218206,-0.10881781578063965,0.1757430136203766,-0.02679905533523197,-0.1649978756904602,0.21838083863258362,-0.04029620118171806,-0.21125102043151855,0.24756458401679993,-0.04884090698988075,-0.17567318677902222,0.07899770140647888,0.02187508106499081,-0.23667770624160767,0.08381703495979309,-0.008752891381391237,-0.19538933038711548,0.07982003688812256,-0.03243795834214325,-0.15275323390960693,0.07347521185874939,-0.04252565704018707,-0.1776241660118103,0.020711928606033325,0.017491116600922396,-0.23931285738945007,0.018226176500320435,-0.016387200501867483,-0.1858515739440918,0.024965882301330566,-0.03460520557791824,-0.14401233196258545,0.026138335466384888,-0.037214134407349775,-0.170954167842865,-0.033481597900390625,0.006162208451769402,-0.23162096738815308,-0.03876557946205139,-0.022357328382440755,-0.18783164024353027,-0.026195615530014038,-0.021820663062044332,-0.1484246850013733,-0.024901479482650757,-0.011136643176087091,-0.15663540363311768,-0.08820345997810364,-0.0076976572695457435,-0.21374797821044922,-0.0945204496383667,-0.020442782488771627,-0.19661962985992432,-0.07618705928325653,-0.01321686483652229,-0.17086923122406006,-0.06767962872982025,-0.001925900166042993,thumbs_down
0.0,0.0,0.0,-0.047705769538879395,0.09988179802894592,-0.018762593745691447,-0.10777777433395386,0.17457449436187744,-0.027741431846720843,-0.16337507963180542,0.2177974283695221,-0.041255116119486956,-0.2089887261390686,0.2470875084400177,-0.04973301629672733,-0.17453229427337646,0.07790359854698181,0.018485382542507978,-0.23642271757125854,0.08259627223014832,-0.011810749425990252,-0.1959524154663086,0.07870754599571228,-0.034795712336403994,-0.15347319841384888,0.072517991065979,-0.04456517811070171,-0.1764277219772339,0.0200425386428833,0.014479406521218152,-0.2378825843334198,0.017463713884353638,-0.01887405070613113,-0.1848139762878418,0.02387535572052002,-0.036209936841828494,-0.14447158575057983,0.025042027235031128,-0.038478526874882846,-0.16978347301483154,-0.03369247913360596,0.0037503951401731683,-0.23042809963226318,-0.039336711168289185,-0.023982453748089938,-0.18833839893341064,-0.02749311923980713,-0.023074851959449916,-0.15085721015930176,-0.02662050724029541,-0.012591784476740031,-0.1554984450340271,-0.08744655549526215,-0.009502540930611758,-0.2117983102798462,-0.09478916227817535,-0.022016716777784495,-0.19565600156784058,-0.0778954029083252,-0.014911855227751403,-0.1709112524986267,-0.07028228044509888,-0.0038465318563112305,thumbs_down
0.0,0.0,0.0,-0.04766958951950073,0.10027933120727539,-0.018681027829074992,-0.10739666223526001,0.17477750778198242,-0.027437559231543673,-0.1633804440498352,0.2168973684310913,-0.040919666081094874,-0.2095547914505005,0.24518781900405884,-0.04939074897708906,-0.17403602600097656,0.07806304097175598,0.019363506794547902,-0.23552346229553223,0.0823032557964325,-0.011147642410719527,-0.1936749815940857,0.07792684435844421,-0.03412504205050482,-0.15156292915344238,0.07171633839607239,-0.043857806264782084,-0.17625266313552856,0.019747942686080933,0.015177037664329873,-0.23818734288215637,0.017218738794326782,-0.018637669175291194,-0.1841520071029663,0.02368021011352539,-0.03598598474206938,-0.1435490846633911,0.024783968925476074,-0.03804171913805021,-0.16964191198349,-0.0345061719417572,0.004192676958268748,-0.23036566376686096,-0.0401039719581604,-0.024226869359040393,-0.18682795763015747,-0.028127431869506836,-0.02300159716548933,-0.1490275263786316,-0.027300715446472168,-0.011985418289327754,-0.1552790403366089,-0.08893357217311859,-0.009299568734491004,-0.21197468042373657,-0.09566129744052887,-0.021923688142919673,-0.19450926780700684,-0.07776778936386108,-0.014342978499257697,-0.16908347606658936,-0.06983634829521179,-0.002857278935039176,thumbs_down
0.0,0.0,0.0,-0.0483819842338562,0.09870001673698425,-0.01727996344203575,-0.10873591899871826,0.1722104549407959,-0.024975345902987556,-0.16297227144241333,0.21494075655937195,-0.037959901117631034,-0.20781028270721436,0.24564966559410095,-0.046276183300562934,-0.1764182448387146,0.07708579301834106,0.022484651333741112,-0.2353162169456482,0.08319377899169922,-0.008299063392826156,-0.19390714168548584,0.08006289601325989,-0.03186399626071079,-0.1523761749267578,0.07274684309959412,-0.041773674511262016,-0.178300678730011,0.019966095685958862,0.017535632974556847,-0.2383221983909607,0.018062978982925415,-0.01580659622783287,-0.18434667587280273,0.026525527238845825,-0.033088856809683875,-0.14379066228866577,0.02654939889907837,-0.03497255357439144,-0.17164397239685059,-0.03417655825614929,0.005611540782354041,-0.2323136329650879,-0.03837716579437256,-0.02246851237947567,-0.18689954280853271,-0.024255424737930298,-0.02096011626059635,-0.14792877435684204,-0.024203568696975708,-0.009571305909105376,-0.15676343441009521,-0.08913318812847137,-0.008857880220659808,-0.21461701393127441,-0.0954592376947403,-0.0211042272531472,-0.1968008279800415,-0.0754946768283844,-0.013164698579259948,-0.17101991176605225,-0.06749770045280457,-0.0012851176689423482,thumbs_down
0.0,0.0,0.0,-0.048612773418426514,0.09870898723602295,-0.017514644654966105,-0.1092684268951416,0.17121118307113647,-0.025575710924840678,-0.16379094123840332,0.21401196718215942,-0.03875927300987314,-0.2088536024093628,0.24461013078689575,-0.04708634363350939,-0.17617768049240112,0.0762583315372467,0.021539940965794813,-0.23631662130355835,0.08270353078842163,-0.00908743357149433,-0.1949353814125061,0.07911184430122375,-0.03224390046534609,-0.1526583433151245,0.07219251990318298,-0.04185462789473604,-0.17783182859420776,0.01894780993461609,0.01684956206145216,-0.2391519546508789,0.018070995807647705,-0.016585669013238657,-0.18541282415390015,0.025416642427444458,-0.03391395183143686,-0.14433372020721436,0.025557667016983032,-0.03583118365941118,-0.17089474201202393,-0.03514331579208374,0.0053316098651521315,-0.23265549540519714,-0.038545161485672,-0.02273500012097429,-0.18772339820861816,-0.025391489267349243,-0.021115284877396334,-0.14832079410552979,-0.025275886058807373,-0.0096565629341967,-0.15574157238006592,-0.09015890955924988,-0.008700918870545138,-0.21353501081466675,-0.09615518152713776,-0.0211130664670236,-0.19751346111297607,-0.07727073132991791,-0.013379074166095961,-0.17288535833358765,-0.06931005418300629,-0.0016113683800540457,thumbs_down
0.0,0.0,0.0,-0.04761683940887451,0.09942013025283813,-0.017912118350864148,-0.10696709156036377,0.17412975430488586,-0.026111284857393002,-0.16184669733047485,0.21728166937828064,-0.03930059692800114,-0.2073802947998047,0.24689140915870667,-0.04761326557934353,-0.1757451295852661,0.08052968978881836,0.021672957921623492,-0.23606109619140625,0.08563610911369324,-0.00853365997761557,-0.19491541385650635,0.08188894391059875,-0.03204771003663609,-0.15334653854370117,0.07530909776687622,-0.042046903287769055,-0.17796015739440918,0.022867679595947266,0.017239454547166133,-0.23989850282669067,0.020135432481765747,-0.015629351725579,-0.18706470727920532,0.02673882246017456,-0.033356803124547696,-0.14547938108444214,0.027269840240478516,-0.035705378865600323,-0.17114973068237305,-0.031700968742370605,0.005946010695993209,-0.23265627026557922,-0.036184102296829224,-0.02157611086011002,-0.18906521797180176,-0.02394285798072815,-0.02074900886952946,-0.14967525005340576,-0.023126304149627686,-0.009989997027219033,-0.1560090184211731,-0.08693678677082062,-0.007900861678422189,-0.21488434076309204,-0.0932164341211319,-0.019812692543268895,-0.19834905862808228,-0.07372842729091644,-0.012192429629863,-0.1724666953086853,-0.06432761251926422,-0.0007287595698244331,thumbs_down
0.0,0.0,0.0,-0.04873001575469971,0.09910944104194641,-0.016793879343993012,-0.10761862993240356,0.17232567071914673,-0.024860606192476098,-0.16213130950927734,0.2155020534992218,-0.038143752737767045,-0.20700401067733765,0.24672356247901917,-0.04678326718402559,-0.17514294385910034,0.07673826813697815,0.0224400734167034,-0.2366662621498108,0.08206787705421448,-0.00816406927896196,-0.19702237844467163,0.07890060544013977,-0.0317787738878792,-0.15551185607910156,0.0718839168548584,-0.041770281865126435,-0.17665457725524902,0.02059730887413025,0.017270163969271835,-0.2397814393043518,0.01790928840637207,-0.015422879381901566,-0.18733960390090942,0.02527904510498047,-0.03248653806639368,-0.14682090282440186,0.02530917525291443,-0.03438685707641298,-0.16969400644302368,-0.03271886706352234,0.005184164141439851,-0.23084324598312378,-0.036913126707077026,-0.021992985754138772,-0.18701887130737305,-0.02387833595275879,-0.02028739511860067,-0.14926165342330933,-0.02376076579093933,-0.00908939693016464,-0.1543242335319519,-0.08761896193027496,-0.009422328918105904,-0.2121019959449768,-0.09353314340114594,-0.02065329499436075,-0.19439828395843506,-0.0739482045173645,-0.012314420788413827,-0.16943460702896118,-0.06568217277526855,-0.0005282316253101271,thumbs_down
0.0,0.0,0.0,-0.04880040884017944,0.10012319684028625,-0.01754777385684747,-0.10759627819061279,0.17323389649391174,-0.026058516193359083,-0.16269683837890625,0.21618476510047913,-0.03975948757323522,-0.20767396688461304,0.24642738699913025,-0.04867190188559789,-0.17370092868804932,0.07560327649116516,0.022261032175094897,-0.23679643869400024,0.08098146319389343,-0.00838622703048486,-0.1982135772705078,0.07758614420890808,-0.03210972687992353,-0.15640991926193237,0.0702940821647644,-0.042111479405491536,-0.17516183853149414,0.019488364458084106,0.017526258986265475,-0.23886844515800476,0.016458064317703247,-0.015471288662581628,-0.18778544664382935,0.02394506335258484,-0.03298178008589048,-0.14680814743041992,0.02374553680419922,-0.03506944021972913,-0.16864758729934692,-0.03304654359817505,0.005752167004914099,-0.22938185930252075,-0.037673741579055786,-0.021656178597538656,-0.18742632865905762,-0.024514734745025635,-0.02103099292907018,-0.14922606945037842,-0.02533218264579773,-0.010448680918841546,-0.15415537357330322,-0.08720201253890991,-0.008641692537992185,-0.211225688457489,-0.0942007303237915,-0.020400969971149152,-0.19649231433868408,-0.07590076327323914,-0.013350176353185361,-0.1724831461906433,-0.06895425915718079,-0.002360086150645202,thumbs_down
0.0,0.0,0.0,-0.048013389110565186,0.09981173276901245,-0.017760523296658448,-0.10762792825698853,0.17245152592658997,-0.02639355201250737,-0.1627192497253418,0.21577653288841248,-0.039976891763274125,-0.207108736038208,0.24894949793815613,-0.04889857832318967,-0.17455178499221802,0.07729128003120422,0.021044428758557387,-0.23838192224502563,0.079414963722229,-0.009670478924874715,-0.20008504390716553,0.07537049055099487,-0.03335035655624097,-0.15865451097488403,0.06972110271453857,-0.04344083804613774,-0.17587363719940186,0.01977178454399109,0.016148864589865752,-0.24168071150779724,0.013373732566833496,-0.0174363261831445,-0.1901211142539978,0.02031630277633667,-0.035182171202961854,-0.1482754945755005,0.022342383861541748,-0.03731985826021855,-0.16877269744873047,-0.03333953022956848,0.004327703099932023,-0.23138999938964844,-0.04171419143676758,-0.0234817198289079,-0.18962210416793823,-0.02945411205291748,-0.023060056082670144,-0.1512334942817688,-0.027971506118774414,-0.012692074924473218,-0.15364205837249756,-0.08731777966022491,-0.010020155161384992,-0.20953834056854248,-0.09455832839012146,-0.02230988878733342,-0.19288402795791626,-0.07764194905757904,-0.015402224547926835,-0.16812682151794434,-0.07011187076568604,-0.004600079431895665,thumbs_down
0.0,0.0,0.0,-0.048570334911346436,0.09888774156570435,-0.016523251383830484,-0.107674241065979,0.17140692472457886,-0.024681227355529245,-0.16201114654541016,0.21407830715179443,-0.038150060995747026,-0.20655792951583862,0.2454524040222168,-0.0471874476217522,-0.17284852266311646,0.07547217607498169,0.02105318188733918,-0.2376130223274231,0.07840287685394287,-0.009597498997379716,-0.19964593648910522,0.0754605233669281,-0.03314930207960742,-0.15863794088363647,0.06929588317871094,-0.04325057201020854,-0.17436176538467407,0.01859128475189209,0.015210935772131506,-0.24121204018592834,0.012725830078125,-0.017401618956853326,-0.19019204378128052,0.02096906304359436,-0.034164246245552476,-0.14892178773880005,0.02216947078704834,-0.035972684695650514,-0.16742795705795288,-0.03473806381225586,0.0025254927302853503,-0.23160535097122192,-0.04121440649032593,-0.024348074644137796,-0.18837618827819824,-0.027751147747039795,-0.022480476721455034,-0.14985573291778564,-0.02686050534248352,-0.011555633581508573,-0.1517854928970337,-0.08939078450202942,-0.012741352505315717,-0.2088729739189148,-0.09691837430000305,-0.024766119270850595,-0.19006061553955078,-0.07753574848175049,-0.016926856785346445,-0.16363447904586792,-0.06872989237308502,-0.005619885939438518,thumbs_down
0.0,0.0,0.0,-0.04750025272369385,0.10133129358291626,-0.01566450934359409,-0.10851871967315674,0.17428401112556458,-0.022870787265389936,-0.16254597902297974,0.21677783131599426,-0.03537978495904781,-0.205050528049469,0.2510277330875397,-0.04339568953463413,-0.17355620861053467,0.08069795370101929,0.021250096303731425,-0.2392338514328003,0.08384758234024048,-0.008832331592827813,-0.20052212476730347,0.08058223128318787,-0.03146550323316433,-0.15936517715454102,0.07505831122398376,-0.04080047722408153,-0.17464303970336914,0.023536473512649536,0.015378276971489413,-0.2417304813861847,0.018138200044631958,-0.01621911007413246,-0.1904759407043457,0.02513238787651062,-0.03215354572483875,-0.14966875314712524,0.026605695486068726,-0.03344526405879833,-0.16811788082122803,-0.030702590942382812,0.0027966705759467914,-0.23231759667396545,-0.0354633629322052,-0.02297603602954723,-0.18828421831130981,-0.023456037044525146,-0.02016658227393009,-0.15003734827041626,-0.023059815168380737,-0.008747465754538553,-0.1530253291130066,-0.08613389730453491,-0.012332953358679788,-0.2106938362121582,-0.09200999140739441,-0.02324963066229202,-0.19139623641967773,-0.07424139976501465,-0.014537368747085111,-0.16522377729415894,-0.06704780459403992,-0.0027110735742894576,thumbs_down
0.0,0.0,0.0,-0.04983365535736084,0.10066908597946167,-0.014880023863099723,-0.10838359594345093,0.17259690165519714,-0.022757668014548926,-0.16163718700408936,0.2160005271434784,-0.03633517209806314,-0.2046251893043518,0.24941447377204895,-0.045561956208132415,-0.17305231094360352,0.07394146919250488,0.021801704574443193,-0.239400714635849,0.07928568124771118,-0.009584782611511855,-0.2018113136291504,0.07734951376914978,-0.033718930523775725,-0.16047602891921997,0.07061350345611572,-0.04395528693117967,-0.17400383949279785,0.018475085496902466,0.015252401154555173,-0.2412157654762268,0.014384418725967407,-0.017185483094237952,-0.19076687097549438,0.02304929494857788,-0.03359236006059518,-0.15004664659500122,0.023210108280181885,-0.035239724408768325,-0.16745615005493164,-0.03426066040992737,0.0018632264445272995,-0.2325683832168579,-0.03913360834121704,-0.023666417192600875,-0.19048261642456055,-0.02512022852897644,-0.02104138020791879,-0.15281033515930176,-0.025272637605667114,-0.009940411861919074,-0.15213072299957275,-0.08831317722797394,-0.014155603911660819,-0.20994752645492554,-0.0950065553188324,-0.024535035680912642,-0.1920049786567688,-0.07528282701969147,-0.01603117581822744,-0.16616296768188477,-0.06762510538101196,-0.004492375966094642,thumbs_down
0.0,0.0,0.0,-0.047233641147613525,0.10017383098602295,-0.017857369954867863,-0.10914373397827148,0.1753121018409729,-0.025743256311102414,-0.16424280405044556,0.2180156707763672,-0.0383288888141351,-0.20627278089523315,0.253287136554718,-0.04634660388080647,-0.17509382963180542,0.07937619090080261,0.01976355818362663,-0.2402542233467102,0.08124232292175293,-0.009787047269924187,-0.20274436473846436,0.07843261957168579,-0.03343684131948521,-0.16158723831176758,0.07469910383224487,-0.0439106887087064,-0.17704004049301147,0.022916316986083984,0.01521189512016008,-0.2415231466293335,0.016932547092437744,-0.01579349393693974,-0.193012535572052,0.024378806352615356,-0.03323779905883839,-0.1517627239227295,0.028705984354019165,-0.03645876700727513,-0.17115932703018188,-0.0309678316116333,0.0038791457310480837,-0.2344948649406433,-0.03719732165336609,-0.02161891105322411,-0.19376766681671143,-0.02494335174560547,-0.021270967076702618,-0.15455836057662964,-0.021481990814208984,-0.012139888468368554,-0.1572015881538391,-0.08530369400978088,-0.010206626716239953,-0.21460336446762085,-0.09376595914363861,-0.02259944285003712,-0.1964513063430786,-0.07666502892971039,-0.016218884836121106,-0.16869550943374634,-0.06726238131523132,-0.00615560029370954,thumbs_down
0.0,0.0,0.0,-0.04892069101333618,0.10120263695716858,-0.013999358068929268,-0.10917049646377563,0.1759728491306305,-0.020924537691996647,-0.1620156168937683,0.21906453371047974,-0.033582118589208676,-0.20363634824752808,0.2538556456565857,-0.042077851731107785,-0.17484396696090698,0.08190447092056274,0.022389423784090923,-0.23920857906341553,0.0863150954246521,-0.008417170744166924,-0.20041930675506592,0.08118325471878052,-0.032876049417779996,-0.15758490562438965,0.07402569055557251,-0.04332191987685974,-0.17612940073013306,0.02612537145614624,0.015819932084752963,-0.23971614241600037,0.02162271738052368,-0.015507271762714936,-0.18992561101913452,0.027032464742660522,-0.032574170518444134,-0.14861905574798584,0.02849629521369934,-0.035176542836950375,-0.17042183876037598,-0.027637869119644165,0.002599335724710272,-0.23274973034858704,-0.03246748447418213,-0.022010769013093068,-0.19096535444259644,-0.021310418844223022,-0.020017524499223782,-0.15273916721343994,-0.02004331350326538,-0.009763753290997101,-0.1562340259552002,-0.08195777237415314,-0.013167601328120782,-0.21390163898468018,-0.08816301822662354,-0.02326198226563747,-0.1946389079093933,-0.0710345059633255,-0.014573961745725228,-0.16760551929473877,-0.06341952085494995,-0.0030159985346358553,thumbs_down
0.0,0.0,0.0,-0.046810150146484375,0.1006273627281189,-0.016648681245271746,-0.10736876726150513,0.17442572116851807,-0.0234887258778258,-0.16182643175125122,0.2173456847667694,-0.03552715980214316,-0.20490342378616333,0.25031885504722595,-0.04302162431878287,-0.17398709058761597,0.08213004469871521,0.022378592409666,-0.23882368206977844,0.08535817265510559,-0.008684389635448042,-0.19931042194366455,0.08124101161956787,-0.03293350838822562,-0.15777146816253662,0.07524111866950989,-0.04345996805233199,-0.17596936225891113,0.025272458791732788,0.016931061290677007,-0.23946189880371094,0.019733667373657227,-0.015418015762691084,-0.1885814666748047,0.026178330183029175,-0.032635123811189715,-0.1481984257698059,0.028958141803741455,-0.03522583597106177,-0.17046421766281128,-0.029069632291793823,0.004408787593717989,-0.23348230123519897,-0.03600183129310608,-0.022380882285062853,-0.18984413146972656,-0.02292194962501526,-0.020311187363688532,-0.1515434980392456,-0.01902484893798828,-0.009617966942016665,-0.15630996227264404,-0.08448006212711334,-0.010848807513241354,-0.2126205563545227,-0.09065163135528564,-0.023634734905783716,-0.18941617012023926,-0.07239654660224915,-0.015750692568246905,-0.16042202711105347,-0.06351128220558167,-0.004338923252646509,thumbs_down
0.0,0.0,0.0,-0.04817467927932739,0.10115855932235718,-0.0159900903300354,-0.10546380281448364,0.17477262020111084,-0.02409703541258068,-0.1586287021636963,0.21658861637115479,-0.03731843527117462,-0.2007298469543457,0.2497367262840271,-0.04610268469610901,-0.17203670740127563,0.08194831013679504,0.020250034744947243,-0.23719537258148193,0.08496463298797607,-0.010620883439571571,-0.19970107078552246,0.08052200078964233,-0.0348136320308754,-0.15834951400756836,0.07403841614723206,-0.04528945382395477,-0.172898530960083,0.025374919176101685,0.014619905728011418,-0.23701772093772888,0.01860678195953369,-0.018109773059279632,-0.187910795211792,0.024726301431655884,-0.035647057701737594,-0.1470024585723877,0.02738526463508606,-0.038350765366942596,-0.1664913296699524,-0.027891099452972412,0.0022609506203821184,-0.22851917147636414,-0.03540569543838501,-0.023750534986049843,-0.18786835670471191,-0.02323630452156067,-0.022310540784985733,-0.15023422241210938,-0.020482122898101807,-0.012162511941880894,-0.15228092670440674,-0.08248342573642731,-0.012711765949518394,-0.2080690860748291,-0.08830088376998901,-0.02386934194424839,-0.18927103281021118,-0.07120947539806366,-0.01603111881473751,-0.16357266902923584,-0.06387704610824585,-0.004996218026519728,thumbs_down
0.0,0.0,0.0,-0.048944830894470215,0.10138845443725586,-0.014371478539544569,-0.1080201268196106,0.17489862442016602,-0.020687843282360063,-0.16089987754821777,0.21609270572662354,-0.03263964185549639,-0.2032567262649536,0.24891918897628784,-0.040311392937439905,-0.1723177433013916,0.08092916011810303,0.023439291323882117,-0.23722627758979797,0.08506223559379578,-0.007136232294726597,-0.20044732093811035,0.0820406973361969,-0.030932732467192636,-0.1601240634918213,0.07502368092536926,-0.0410949369712057,-0.17446106672286987,0.023763984441757202,0.017013862188321127,-0.23874503374099731,0.016883760690689087,-0.015138640609222875,-0.18927770853042603,0.02503103017807007,-0.03203625658585452,-0.14896667003631592,0.026550322771072388,-0.03414993787242793,-0.16883307695388794,-0.02975410223007202,0.0037732507748273747,-0.23104381561279297,-0.03837147355079651,-0.021845860947507845,-0.18965476751327515,-0.023579657077789307,-0.020033576135176645,-0.15244662761688232,-0.021082550287246704,-0.009573888574379907,-0.15445607900619507,-0.08410593867301941,-0.012032460030752645,-0.21124035120010376,-0.09187287092208862,-0.02302111553086661,-0.190790057182312,-0.07154184579849243,-0.014909660053092466,-0.16327661275863647,-0.0622425377368927,-0.0035855880292388065,thumbs_down
0.0,0.0,0.0,-0.04728889465332031,0.10100144147872925,-0.0151425726052139,-0.10689407587051392,0.17445632815361023,-0.021718215690157194,-0.1607975959777832,0.2172096073627472,-0.03385691207756736,-0.20388531684875488,0.24954381585121155,-0.04154380273928382,-0.17419201135635376,0.08395105600357056,0.025490201516845445,-0.2386729121208191,0.087474524974823,-0.004713960950425644,-0.2035236358642578,0.08229067921638489,-0.02875654821207263,-0.16335874795913696,0.07479333877563477,-0.038978783906600256,-0.17570102214813232,0.027476221323013306,0.019551986335613947,-0.23932969570159912,0.02117234468460083,-0.013415320337912817,-0.18968558311462402,0.026511937379837036,-0.031445405007502814,-0.14845824241638184,0.027591019868850708,-0.033589670927426596,-0.1693049669265747,-0.025979191064834595,0.0066148722272600935,-0.2280482053756714,-0.03127846121788025,-0.02023754504432418,-0.18647491931915283,-0.020278066396713257,-0.019952821106812735,-0.14922034740447998,-0.020426511764526367,-0.009735932135185976,-0.15518879890441895,-0.08220994472503662,-0.008832704768678923,-0.21087253093719482,-0.087217316031456,-0.020322055117389937,-0.19215375185012817,-0.06948874890804291,-0.01292992525657155,-0.16626721620559692,-0.062274158000946045,-0.0017710706723619296,thumbs_down
0.0,0.0,0.0,-0.04820281267166138,0.10116586089134216,-0.014679161539675079,-0.10766416788101196,0.17536035180091858,-0.02133488719016441,-0.1613253355026245,0.21737292408943176,-0.033543501688541255,-0.20390623807907104,0.2506435811519623,-0.041399695618451915,-0.17186540365219116,0.08435863256454468,0.023047064723073163,-0.23791742324829102,0.08806699514389038,-0.00728058227002748,-0.20100826025009155,0.0830909013748169,-0.03083757002502807,-0.16038984060287476,0.07556065917015076,-0.04092106287032493,-0.17371821403503418,0.02728930115699768,0.016647237645088353,-0.23861125111579895,0.02132439613342285,-0.015084250538052402,-0.18926233053207397,0.026774466037750244,-0.031892523808778606,-0.14904415607452393,0.02785259485244751,-0.034056682778896175,-0.1686936616897583,-0.026890546083450317,0.003425251286103048,-0.22918224334716797,-0.032459378242492676,-0.02164594706744083,-0.18716579675674438,-0.020638644695281982,-0.01941300433725246,-0.15093713998794556,-0.01950976252555847,-0.008941297127307735,-0.15566176176071167,-0.08312737941741943,-0.012422000697256408,-0.21194714307785034,-0.08838807046413422,-0.022473194344343028,-0.1906794309616089,-0.07032766938209534,-0.01358826522380241,-0.1640934944152832,-0.06232324242591858,-0.0020545112773788787,thumbs_down
0.0,0.0,0.0,-0.04762446880340576,0.1004498302936554,-0.01549218516856854,-0.10714882612228394,0.17500251531600952,-0.022512064464990544,-0.16052711009979248,0.2184550166130066,-0.03509372580856507,-0.20354092121124268,0.2531743049621582,-0.043394395299856114,-0.17483258247375488,0.08709001541137695,0.02462839972167785,-0.23810434341430664,0.09043556451797485,-0.005821433067922044,-0.19933831691741943,0.08413413166999817,-0.02987984303445046,-0.15898919105529785,0.07642439007759094,-0.04044471044153397,-0.17753982543945312,0.02981129288673401,0.01837620031028564,-0.24079465866088867,0.02350163459777832,-0.01442868463755076,-0.188870370388031,0.028647184371948242,-0.03219977501839821,-0.14917248487472534,0.0302618145942688,-0.034698193111125875,-0.17220240831375122,-0.024732768535614014,0.0051350149692552804,-0.23374447226524353,-0.0326562225818634,-0.021721976958815503,-0.18994736671447754,-0.021426677703857422,-0.020124054663483548,-0.15345454216003418,-0.019814878702163696,-0.00948381625175898,-0.15863770246505737,-0.08035290241241455,-0.010626325533394265,-0.21415609121322632,-0.08539648354053497,-0.022097173296515393,-0.19082331657409668,-0.0678604245185852,-0.01358087748349135,-0.16343653202056885,-0.06016010046005249,-0.001883572233509767,thumbs_down
0.0,0.0,0.0,-0.04679518938064575,0.10101479291915894,-0.016334754426168274,-0.10637766122817993,0.1753419041633606,-0.02392448579161055,-0.16060131788253784,0.2196897268295288,-0.037023684952544045,-0.20340561866760254,0.2561131715774536,-0.045733205054091286,-0.17457032203674316,0.08740362524986267,0.024335783894969154,-0.23709112405776978,0.09089627861976624,-0.007150171801583838,-0.1982816457748413,0.0841345489025116,-0.03163747024922259,-0.158735454082489,0.07711341977119446,-0.04240952340154536,-0.17769581079483032,0.030581921339035034,0.018293715070797134,-0.24058642983436584,0.02493607997894287,-0.015389983553575348,-0.18693453073501587,0.028906643390655518,-0.03288587835817225,-0.14840275049209595,0.030558794736862183,-0.03508116212873347,-0.17274904251098633,-0.023667871952056885,0.005070749658955265,-0.23526239395141602,-0.03197425603866577,-0.023038157273219895,-0.18936634063720703,-0.021295785903930664,-0.02039733437089808,-0.1532818078994751,-0.0188063383102417,-0.008807296876000237,-0.15933668613433838,-0.07882681488990784,-0.010716970089958977,-0.21423399448394775,-0.08436496555805206,-0.022847757686065506,-0.18991798162460327,-0.06692568957805634,-0.013705010537194084,-0.16365289688110352,-0.0582004189491272,-0.0014170407197866552,thumbs_down
0.0,0.0,0.0,-0.04674738645553589,0.09945791959762573,-0.015486641344807595,-0.1069636344909668,0.17360159754753113,-0.02251788743325278,-0.16051489114761353,0.21789011359214783,-0.03513807759173915,-0.20346033573150635,0.25307396054267883,-0.04329740211852595,-0.1725447177886963,0.0841437578201294,0.02257630832008317,-0.23819077014923096,0.09017428755760193,-0.008269490231953114,-0.19934982061386108,0.08296307921409607,-0.03176507309564158,-0.15928447246551514,0.07433390617370605,-0.041852771793685406,-0.17571401596069336,0.027767926454544067,0.016110271657623798,-0.2426486611366272,0.02398592233657837,-0.016402592440329045,-0.19011348485946655,0.028415292501449585,-0.03279953405746028,-0.1502002477645874,0.028634458780288696,-0.034450418804965466,-0.17051678895950317,-0.026278376579284668,0.0027178360380162303,-0.23628342151641846,-0.03136059641838074,-0.023685417627177685,-0.19141489267349243,-0.01975715160369873,-0.020723450486741513,-0.15426504611968994,-0.018652647733688354,-0.009284139168642014,-0.15669798851013184,-0.08207699656486511,-0.013255318184576481,-0.21509116888046265,-0.08776089549064636,-0.02409453459569022,-0.19400888681411743,-0.06840693950653076,-0.015067127091072052,-0.16743600368499756,-0.05896390974521637,-0.003248173301301449,thumbs_down
0.0,0.0,0.0,-0.04586213827133179,0.09912991523742676,-0.01593015804718334,-0.10605669021606445,0.17222079634666443,-0.023807362614377325,-0.15918636322021484,0.21756872534751892,-0.03721179157327015,-0.20078086853027344,0.2552497088909149,-0.04622721761296589,-0.17353427410125732,0.08579659461975098,0.021432324351565057,-0.2378624975681305,0.09005728363990784,-0.010273851415320223,-0.19785088300704956,0.08377358317375183,-0.033915781377061194,-0.157456636428833,0.07691320776939392,-0.04380118191073734,-0.17618924379348755,0.02935919165611267,0.015354700425461942,-0.24085313081741333,0.02399030327796936,-0.01815273701976139,-0.18726903200149536,0.02832794189453125,-0.03457226320932705,-0.14834344387054443,0.030365318059921265,-0.035961654929622,-0.17090284824371338,-0.025091171264648438,0.00237277666275304,-0.2339857816696167,-0.03133627772331238,-0.025259920356972998,-0.18773603439331055,-0.021196812391281128,-0.022157884163959807,-0.15138119459152222,-0.019855767488479614,-0.010238600855871027,-0.1577429175376892,-0.08074742555618286,-0.013062119445010012,-0.21416378021240234,-0.08647976815700531,-0.02449206165800888,-0.191838800907135,-0.0703398734331131,-0.01517580445687372,-0.16643935441970825,-0.06310507655143738,-0.002821211198522633,thumbs_down
0.0,0.0,0.0,-0.045796990394592285,0.09773436188697815,-0.016788642736059955,-0.10577231645584106,0.17108595371246338,-0.025360470520240597,-0.15859544277191162,0.21669721603393555,-0.03890361438868695,-0.2008681297302246,0.2524406313896179,-0.04776164318798237,-0.1732528805732727,0.08182638883590698,0.017966665444987484,-0.23880431056022644,0.08667880296707153,-0.012969816917461685,-0.1988126039505005,0.08159977197647095,-0.03605488117216282,-0.15744048357009888,0.07426908612251282,-0.04575221042512112,-0.1755998134613037,0.025540828704833984,0.0124550537449295,-0.2417626976966858,0.02190232276916504,-0.019394244881254963,-0.18976879119873047,0.02733108401298523,-0.034802688168269924,-0.1498076319694519,0.028215229511260986,-0.03608562599299603,-0.16991174221038818,-0.02812957763671875,0.0002326427066918768,-0.23434403538703918,-0.03196662664413452,-0.0250905303972786,-0.19064229726791382,-0.02062934637069702,-0.021556455524546436,-0.15386641025543213,-0.01981520652770996,-0.010137952746731571,-0.15625476837158203,-0.08314485847949982,-0.014634776743037037,-0.21400010585784912,-0.08829934895038605,-0.02471293683527165,-0.19449400901794434,-0.07080729305744171,-0.015541562693101696,-0.16914403438568115,-0.06333892047405243,-0.0037716774958198584,thumbs_down
0.0,0.0,0.0,-0.04696887731552124,0.0997765064239502,-0.017341539928821703,-0.10532301664352417,0.17404156923294067,-0.026097169811038157,-0.15923410654067993,0.21906280517578125,-0.039903250256685396,-0.2019069790840149,0.25506919622421265,-0.04921645365109839,-0.17352747917175293,0.08428138494491577,0.021980152731629232,-0.2381943166255951,0.08805027604103088,-0.0087481231560389,-0.2010231614112854,0.08148583769798279,-0.03306020862808623,-0.1608642339706421,0.07521989941596985,-0.04367015204778113,-0.1760108470916748,0.02757251262664795,0.016832749625535826,-0.2417258620262146,0.021745532751083374,-0.01635854012718596,-0.19136494398117065,0.0264165997505188,-0.03463423691144385,-0.1506097912788391,0.02966555953025818,-0.03742450542202391,-0.17016226053237915,-0.025793880224227905,0.004778554463626961,-0.23315021395683289,-0.03161609172821045,-0.022738058785108706,-0.19104057550430298,-0.02231651544570923,-0.022139477277306696,-0.15327954292297363,-0.021469414234161377,-0.011881153764335295,-0.1567949652671814,-0.0807637870311737,-0.00975674457302489,-0.21262097358703613,-0.08407367765903473,-0.021670092562345644,-0.19444990158081055,-0.06993350386619568,-0.014060864890126368,-0.1701011061668396,-0.06469500064849854,-0.0028849793264100754,thumbs_down
0.0,0.0,0.0,-0.045880794525146484,0.09929955005645752,-0.01739539909613086,-0.10474270582199097,0.17398494482040405,-0.026241972627758514,-0.15855062007904053,0.2189020812511444,-0.03994476381194545,-0.20126378536224365,0.2544965445995331,-0.04884400922310306,-0.17287927865982056,0.08554735779762268,0.019151647058606613,-0.23880141973495483,0.0883033275604248,-0.012127905669331085,-0.19883602857589722,0.08214646577835083,-0.03564057457697345,-0.15784722566604614,0.07541829347610474,-0.04571006778132869,-0.1754077672958374,0.02818167209625244,0.013749638055742253,-0.2418682873249054,0.022327035665512085,-0.019301225947856437,-0.18902260065078735,0.027055084705352783,-0.03545881766331149,-0.1493089199066162,0.029334217309951782,-0.036945718857168686,-0.16948634386062622,-0.02567225694656372,0.001460310370021034,-0.2331313192844391,-0.03213253617286682,-0.02516599516820861,-0.18913286924362183,-0.0215359628200531,-0.021830798643350136,-0.15284550189971924,-0.01952826976776123,-0.01026361021649791,-0.15569311380386353,-0.08086898922920227,-0.013470372701704036,-0.21238648891448975,-0.08551836013793945,-0.02447266276431037,-0.19063818454742432,-0.06897898018360138,-0.015158127578615677,-0.16487383842468262,-0.061549991369247437,-0.0030906259125913493,thumbs_down
0.0,0.0,0.0,-0.04557478427886963,0.10033586621284485,-0.017827651788053345,-0.10408616065979004,0.17605969309806824,-0.027099878851828407,-0.15814292430877686,0.22063472867012024,-0.040905672450122665,-0.2004120945930481,0.25725480914115906,-0.050234700877723526,-0.17433804273605347,0.08708316087722778,0.018417206268253494,-0.23798596858978271,0.09012624621391296,-0.01298199067687733,-0.20163321495056152,0.08447602391242981,-0.03714434741860373,-0.16125351190567017,0.0780864953994751,-0.04757528318887694,-0.17575472593307495,0.03007104992866516,0.013317688974979092,-0.23993641138076782,0.025424301624298096,-0.019098441441116165,-0.1896660327911377,0.029201745986938477,-0.03586396886831267,-0.15000635385513306,0.03114396333694458,-0.038147854943332504,-0.16934573650360107,-0.02372857928276062,0.0013304718550841699,-0.23211395740509033,-0.028494834899902344,-0.025287316505369972,-0.18891865015029907,-0.019248634576797485,-0.022429525245485138,-0.15200048685073853,-0.017772972583770752,-0.011303785581645798,-0.15485328435897827,-0.07924281060695648,-0.013258113850412201,-0.20985743403434753,-0.0812845230102539,-0.024675428260621857,-0.18828994035720825,-0.06635457277297974,-0.0155675842878793,-0.1631261706352234,-0.060278624296188354,-0.0036207142738078346,thumbs_down
0.0,0.0,0.0,-0.045172810554504395,0.10115516185760498,-0.0168968153529363,-0.10476970672607422,0.17742782831192017,-0.02483775777449182,-0.15890824794769287,0.2214604616165161,-0.037891204782624754,-0.20258581638336182,0.2557435631752014,-0.04660739315380624,-0.1746421456336975,0.08841374516487122,0.02201386975417563,-0.23851925134658813,0.09239304065704346,-0.009493019745548281,-0.2020857334136963,0.08718490600585938,-0.03413756129970125,-0.16162681579589844,0.07909151911735535,-0.04474333239426187,-0.17645263671875,0.03196597099304199,0.016131403542260614,-0.2416287064552307,0.02675047516822815,-0.016592520602841887,-0.19172430038452148,0.03152468800544739,-0.03402949062814287,-0.15122997760772705,0.032575905323028564,-0.03619407428135446,-0.17134803533554077,-0.02188163995742798,0.003079078777830091,-0.2322360873222351,-0.0258026123046875,-0.02341532645453981,-0.18875420093536377,-0.016053438186645508,-0.02118022678126863,-0.15235650539398193,-0.016140222549438477,-0.01012300451924375,-0.1580408811569214,-0.07866533100605011,-0.012712358810802016,-0.21481594443321228,-0.08004570007324219,-0.023508337640066657,-0.19310593605041504,-0.06507956981658936,-0.014288456492920432,-0.16729235649108887,-0.060232073068618774,-0.002180075120975289,thumbs_down
0.0,0.0,0.0,-0.045677006244659424,0.10042321681976318,-0.017051149626865936,-0.10478919744491577,0.17659208178520203,-0.02522653388012941,-0.15923720598220825,0.22055622935295105,-0.03867516340841348,-0.20258378982543945,0.2560008466243744,-0.047769688537016464,-0.17440265417099,0.087983638048172,0.022759252691969323,-0.2381857931613922,0.09294265508651733,-0.009580695537522388,-0.2008693814277649,0.0866686999797821,-0.034604412039414,-0.16040146350860596,0.07773646712303162,-0.045349669178619934,-0.17659741640090942,0.030917882919311523,0.01679624942909186,-0.24032780528068542,0.026995152235031128,-0.017103540246978355,-0.1896524429321289,0.030909687280654907,-0.034968287219896865,-0.15016788244247437,0.03172782063484192,-0.03714550333251054,-0.17189067602157593,-0.02337244153022766,0.0035278624839634176,-0.2312382459640503,-0.0261555016040802,-0.02387862699259813,-0.18750983476638794,-0.017023831605911255,-0.021478943993940902,-0.15238869190216064,-0.017140954732894897,-0.010132772383883548,-0.15916746854782104,-0.08023986220359802,-0.012481309940710617,-0.21468999981880188,-0.08067663013935089,-0.02370535256494577,-0.19075477123260498,-0.06614726781845093,-0.01407508133132751,-0.1642482876777649,-0.061313092708587646,-0.0015054019183367018,thumbs_down
0.0,0.0,0.0,-0.044056594371795654,0.10076126456260681,-0.01752864982228175,-0.10654371976852417,0.17684122920036316,-0.024942223385380657,-0.16201400756835938,0.2203751504421234,-0.03724973689060107,-0.20638203620910645,0.253305047750473,-0.0448633138392438,-0.1760064959526062,0.08998563885688782,0.021597805961562244,-0.2414872944355011,0.09310567378997803,-0.010023209669100197,-0.20330357551574707,0.08737796545028687,-0.03401327918510333,-0.16278934478759766,0.0793289840221405,-0.044074107364224346,-0.17811530828475952,0.03283578157424927,0.016209726750446407,-0.24496513605117798,0.0284670889377594,-0.016728271201657208,-0.19389230012893677,0.031649500131607056,-0.03358498628477946,-0.1539575457572937,0.03178304433822632,-0.03515786345343486,-0.17332464456558228,-0.021482110023498535,0.0035718347109536808,-0.23447036743164062,-0.02422773838043213,-0.022864329100059422,-0.1905052661895752,-0.015371710062026978,-0.020054722607540043,-0.15481382608413696,-0.015676110982894897,-0.008604091063546093,-0.16068178415298462,-0.0788939893245697,-0.011886038288878353,-0.2182234525680542,-0.07950164377689362,-0.022253342375563534,-0.1953645944595337,-0.06480622291564941,-0.012671119936214836,-0.16884654760360718,-0.06023538112640381,-0.0004111333644800652,thumbs_down
0.0,0.0,0.0,-0.04513305425643921,0.10035580396652222,-0.01559783367270029,-0.1062588095664978,0.17486587166786194,-0.022714509980914954,-0.16066569089889526,0.21908038854599,-0.03546849580311573,-0.20443838834762573,0.25330835580825806,-0.04384823830628193,-0.1746361255645752,0.08685564994812012,0.023642900047661897,-0.23948407173156738,0.0910290777683258,-0.008733916448591117,-0.200688898563385,0.08651876449584961,-0.032775401489971046,-0.16145682334899902,0.0780668556690216,-0.042801927196023826,-0.17692965269088745,0.030589431524276733,0.01680819189346039,-0.24315547943115234,0.026849716901779175,-0.017197800221083526,-0.19086384773254395,0.031977295875549316,-0.033683083372352485,-0.152971088886261,0.03139752149581909,-0.03464154468679226,-0.17220604419708252,-0.02371487021446228,0.002688562610956069,-0.2325403094291687,-0.025697529315948486,-0.024568598138330344,-0.18726962804794312,-0.015763819217681885,-0.02078818658196724,-0.15442019701004028,-0.01716458797454834,-0.008438717926082973,-0.15954089164733887,-0.08116483688354492,-0.01410260552370346,-0.2166420817375183,-0.08191326260566711,-0.023961219357488517,-0.19221115112304688,-0.0667228102684021,-0.013030794801352386,-0.1669134497642517,-0.06294915080070496,0.00017000698130686942,thumbs_down
0.0,0.0,0.0,-0.04510760307312012,0.10028150677680969,-0.016647243271052048,-0.10702210664749146,0.17548587918281555,-0.02383425026613395,-0.1618558168411255,0.21935340762138367,-0.03621597341674487,-0.20627981424331665,0.2509494721889496,-0.043964312741934464,-0.17466473579406738,0.08691632747650146,0.021705879499734237,-0.2399541139602661,0.09088817238807678,-0.01095411121326606,-0.20044982433319092,0.08638894557952881,-0.03520089141505878,-0.15970396995544434,0.0778326690196991,-0.045355835328280136,-0.17776483297348022,0.029602497816085815,0.015522378166735962,-0.24580761790275574,0.025430411100387573,-0.01802738509553592,-0.19320040941238403,0.031064152717590332,-0.03413083530443828,-0.15358352661132812,0.030341356992721558,-0.034940337161003754,-0.17312747240066528,-0.02504327893257141,0.002066872451052859,-0.23494386672973633,-0.028417527675628662,-0.02455817102867286,-0.18925291299819946,-0.016668587923049927,-0.020311364302813217,-0.15462666749954224,-0.017179250717163086,-0.007786156474082873,-0.1596672534942627,-0.08194510638713837,-0.014237678008555577,-0.21653398871421814,-0.08500410616397858,-0.024314082557737038,-0.1921185851097107,-0.068097785115242,-0.013723168852209255,-0.16603851318359375,-0.06321677565574646,-0.0007179447374596748,thumbs_down
0.0,0.0,0.0,-0.04472476243972778,0.09941446781158447,-0.016378371356097432,-0.10629153251647949,0.173732727766037,-0.02359912389334795,-0.16088998317718506,0.21828821301460266,-0.03607244075652716,-0.20489120483398438,0.24983975291252136,-0.043881360752550336,-0.17451375722885132,0.08514490723609924,0.021887674616607455,-0.2395237684249878,0.09013977646827698,-0.010772189436522694,-0.1996917724609375,0.08507823944091797,-0.03472477228757498,-0.15915930271148682,0.07562121748924255,-0.04460749433752653,-0.1770954132080078,0.028731852769851685,0.015694420473607806,-0.24452167749404907,0.02589765191078186,-0.017845889864531728,-0.19142812490463257,0.03077736496925354,-0.03335859657642004,-0.15267086029052734,0.028752118349075317,-0.03359428824302313,-0.17182445526123047,-0.025468677282333374,0.0022122980244034807,-0.23242366313934326,-0.027627021074295044,-0.02437916242894289,-0.1862173080444336,-0.016419529914855957,-0.019617827920285436,-0.1529204249382019,-0.01807841658592224,-0.0066278198119675835,-0.15773606300354004,-0.08255323767662048,-0.014087586043444844,-0.21432876586914062,-0.0850333571434021,-0.023648228807417127,-0.1894514560699463,-0.06790576875209808,-0.012579101448920937,-0.16401559114456177,-0.06344625353813171,0.0007485467157835046,thumbs_down
0.0,0.0,0.0,-0.04351210594177246,0.09890881180763245,-0.01838899055104548,-0.10658806562423706,0.1756327748298645,-0.026045622542312685,-0.16308408975601196,0.21883928775787354,-0.038414253160169665,-0.20868533849716187,0.24702900648117065,-0.04576667608301932,-0.17514848709106445,0.09007790684700012,0.01969839422423547,-0.24039581418037415,0.09305152297019958,-0.013617020338585917,-0.19733798503875732,0.08863317966461182,-0.037428489193132464,-0.1558021903038025,0.08089610934257507,-0.04725344316642577,-0.17859303951263428,0.032780736684799194,0.014187988586911615,-0.24601566791534424,0.03022700548171997,-0.020550430059245173,-0.19096416234970093,0.03456220030784607,-0.03615661548059279,-0.15071219205856323,0.032895803451538086,-0.03619615198653037,-0.1745166778564453,-0.023158907890319824,0.0012109063046068513,-0.23420387506484985,-0.02411067485809326,-0.026968604191949908,-0.18609976768493652,-0.013803333044052124,-0.02224198566358382,-0.15109848976135254,-0.014088243246078491,-0.00900839851777846,-0.16168135404586792,-0.0808309018611908,-0.014714849419704024,-0.21669653058052063,-0.08156253397464752,-0.02630917565505797,-0.1878262758255005,-0.06415703892707825,-0.01573030860703284,-0.15896040201187134,-0.05814078450202942,-0.002430489990672413,thumbs_down
0.0,0.0,0.0,-0.044183969497680664,0.09886777400970459,-0.017426016934791733,-0.1070326566696167,0.1755433976650238,-0.024712936215678383,-0.16300123929977417,0.2190362811088562,-0.03680880480317228,-0.20874416828155518,0.2472003698348999,-0.04392770045308225,-0.17296665906906128,0.09269937872886658,0.019280218324979614,-0.2389688491821289,0.09599795937538147,-0.013123946458676983,-0.19591081142425537,0.09172558784484863,-0.03581600748805158,-0.15535736083984375,0.08415746688842773,-0.04512525834945791,-0.17674016952514648,0.03472745418548584,0.013471252090653252,-0.24333995580673218,0.03091299533843994,-0.02042875551489942,-0.18763136863708496,0.03603038191795349,-0.03505865224508398,-0.14885663986206055,0.03563854098320007,-0.03485090770629995,-0.17251908779144287,-0.02106669545173645,0.00047035027307629207,-0.23066315054893494,-0.0232526957988739,-0.026700276144424606,-0.18122828006744385,-0.013332784175872803,-0.020868978657404114,-0.14751189947128296,-0.013430386781692505,-0.007393076278845001,-0.15969878435134888,-0.07842311263084412,-0.015357736692408253,-0.2141491174697876,-0.08091095089912415,-0.025402701654115845,-0.18545430898666382,-0.06370276212692261,-0.013689807810465027,-0.15819203853607178,-0.057336270809173584,-7.261025677962607e-05,thumbs_down
0.0,0.0,0.0,-0.043388426303863525,0.09869793057441711,-0.01734345873745724,-0.10450458526611328,0.17368531227111816,-0.024908541719639743,-0.1594313383102417,0.2170027196407318,-0.03752802966090485,-0.2045256495475769,0.2463216483592987,-0.04530233425947472,-0.1726582646369934,0.08858561515808105,0.020395166222726857,-0.2375633418560028,0.09409153461456299,-0.013374207559252227,-0.19353091716766357,0.09093242883682251,-0.03725406436177536,-0.15222042798995972,0.08173978328704834,-0.047031602840149844,-0.17557495832443237,0.03170299530029297,0.014078084361528909,-0.2419470250606537,0.028810441493988037,-0.021275972034061397,-0.18598204851150513,0.03546243906021118,-0.036736468802416766,-0.14743804931640625,0.033682018518447876,-0.03658735288234993,-0.17092955112457275,-0.023132801055908203,0.0003306610854565406,-0.23007133603096008,-0.024930983781814575,-0.02788621654661938,-0.18096458911895752,-0.012946665287017822,-0.02217047197672173,-0.14828282594680786,-0.013765513896942139,-0.00839605742993399,-0.1576080322265625,-0.08012662827968597,-0.01629162302168652,-0.21204394102096558,-0.08136878907680511,-0.026782262156928027,-0.18242090940475464,-0.06296190619468689,-0.014875972661400283,-0.15521347522735596,-0.057773321866989136,-0.0008851923227553016,thumbs_down
0.0,0.0,0.0,-0.045081138610839844,0.09958857297897339,-0.016996416410734128,-0.10799604654312134,0.17368754744529724,-0.023807852676441144,-0.16360461711883545,0.2160966396331787,-0.03578118715279288,-0.20802104473114014,0.24832606315612793,-0.042755876815249394,-0.1719667911529541,0.08980679512023926,0.020089191237161685,-0.2370738983154297,0.09504067897796631,-0.012325065357913445,-0.19176161289215088,0.09044414758682251,-0.034690589791466664,-0.1523427963256836,0.08245772123336792,-0.04374939683668799,-0.17520934343338013,0.03249427676200867,0.014031860829959442,-0.24141085147857666,0.029608160257339478,-0.020244191548158597,-0.1846657395362854,0.03541877865791321,-0.03451188016526885,-0.14711326360702515,0.034766435623168945,-0.03408215302818007,-0.1704300045967102,-0.022418975830078125,0.0007388472130287482,-0.2301706075668335,-0.02528679370880127,-0.027349486163188885,-0.17985081672668457,-0.013458549976348877,-0.02114004563384242,-0.14542460441589355,-0.013020098209381104,-0.007159742208500575,-0.157120943069458,-0.07859985530376434,-0.01534001916490979,-0.21257972717285156,-0.08332769572734833,-0.025856184920598935,-0.1841418743133545,-0.06341099739074707,-0.01415303177975602,-0.15610933303833008,-0.05464252829551697,-0.0004793518183987544,thumbs_down
0.0,0.0,0.0,-0.0446087121963501,0.0992109477519989,-0.016242787955320637,-0.1074569821357727,0.17202851176261902,-0.022663741154588024,-0.1628592610359192,0.21436643600463867,-0.03448857810906247,-0.20711827278137207,0.24709337949752808,-0.041419622270382206,-0.17077916860580444,0.0887230634689331,0.021022952379667004,-0.23609572649002075,0.09396892786026001,-0.011900586789465706,-0.19124603271484375,0.08950778841972351,-0.034404822407282154,-0.1517276167869568,0.08035078644752502,-0.04327306595257596,-0.1734689474105835,0.03226590156555176,0.01478273629584237,-0.23995637893676758,0.029499024152755737,-0.01972471435180978,-0.18323767185211182,0.034657835960388184,-0.03373656865767316,-0.14594095945358276,0.032628029584884644,-0.0328558280747302,-0.16845685243606567,-0.02222675085067749,0.0012426326135255295,-0.2286544144153595,-0.024303972721099854,-0.026655732436097423,-0.17852622270584106,-0.012999951839447021,-0.019973448259747784,-0.1451270580291748,-0.013877421617507935,-0.005520759398109476,-0.15518075227737427,-0.07912902534008026,-0.01507112082651929,-0.21169495582580566,-0.08340166509151459,-0.02478268627635316,-0.18364644050598145,-0.0636516809463501,-0.012572606807566444,-0.1564028263092041,-0.05579954385757446,0.0014073389899067479,thumbs_down
0.0,0.0,0.0,-0.04469478130340576,0.09882959723472595,-0.016413546546914404,-0.10876810550689697,0.17230892181396484,-0.022421821400143926,-0.1652611494064331,0.21491491794586182,-0.03364099693260414,-0.2084517478942871,0.24946022033691406,-0.03980199006161911,-0.16979163885116577,0.09002342820167542,0.020512270361564333,-0.2357909083366394,0.09473598003387451,-0.011981921650090044,-0.18937891721725464,0.08973821997642517,-0.03339082133732063,-0.15164482593536377,0.08121746778488159,-0.0416643036600135,-0.17368370294570923,0.032593369483947754,0.014791617721698458,-0.2404474914073944,0.030209243297576904,-0.019888117357709234,-0.18237829208374023,0.035312533378601074,-0.03330350798330528,-0.14666926860809326,0.03348985314369202,-0.03205048796496612,-0.16942578554153442,-0.022602379322052002,0.0018988666985251257,-0.2299143671989441,-0.024586200714111328,-0.026952152520038908,-0.17866140604019165,-0.013489961624145508,-0.019890656143047636,-0.14540493488311768,-0.014393806457519531,-0.00490120417214257,-0.15704095363616943,-0.07924148440361023,-0.013613433956720655,-0.21422892808914185,-0.08292537927627563,-0.02411558982691986,-0.18503761291503906,-0.06405019760131836,-0.01178618185929281,-0.15733754634857178,-0.057486921548843384,0.0024670973349429914,thumbs_down
0.0,0.0,0.0,-0.04524707794189453,0.09964868426322937,-0.017569310343048983,-0.10523509979248047,0.17443546652793884,-0.025267311683080607,-0.16072839498519897,0.2176700234413147,-0.03793909711220067,-0.20486682653427124,0.25238293409347534,-0.04559638661720555,-0.16960084438323975,0.09294015169143677,0.019797821217991896,-0.2320781648159027,0.09854164719581604,-0.012288744872591906,-0.18639826774597168,0.09241616725921631,-0.03446246994116109,-0.15010565519332886,0.08356910943984985,-0.04379473564603131,-0.17296725511550903,0.03487566113471985,0.014416650557734556,-0.23794132471084595,0.034196555614471436,-0.020106653994105272,-0.18076705932617188,0.0385417640209198,-0.03455140752174657,-0.145169198513031,0.03737106919288635,-0.03455529672481816,-0.16801828145980835,-0.021157890558242798,0.001919296724565811,-0.2294560670852661,-0.022957295179367065,-0.026649448400519304,-0.17943918704986572,-0.012112975120544434,-0.019912840178392344,-0.1453912854194641,-0.011915147304534912,-0.005606021577648335,-0.15498805046081543,-0.07855001091957092,-0.013269203094921522,-0.21128302812576294,-0.0803988128900528,-0.02374820907988351,-0.1826338768005371,-0.06055384874343872,-0.011551381400010996,-0.1548546552658081,-0.05254542827606201,0.0023595715554733943,thumbs_down
0.0,0.0,0.0,-0.04371809959411621,0.09826153516769409,-0.01832316520255972,-0.10367327928543091,0.17342913150787354,-0.026066434407653105,-0.159101665019989,0.21773511171340942,-0.03858081514579226,-0.2037028670310974,0.2502328157424927,-0.04574858660441805,-0.16816717386245728,0.09282940626144409,0.019479696800885904,-0.23173511028289795,0.09891420602798462,-0.013546389365615141,-0.18503832817077637,0.09277987480163574,-0.03593544180137087,-0.14913970232009888,0.08317643404006958,-0.04521830643159319,-0.17121946811676025,0.034782856702804565,0.01455036660092901,-0.23657575249671936,0.03385886549949646,-0.02028786840480734,-0.17930680513381958,0.03841736912727356,-0.03406975681525637,-0.14534956216812134,0.03733617067337036,-0.03356198112112452,-0.16596877574920654,-0.02091240882873535,0.00221223377059232,-0.22900548577308655,-0.023296773433685303,-0.02631400043708254,-0.17865514755249023,-0.011449992656707764,-0.01844795311433245,-0.1457357406616211,-0.010679036378860474,-0.0033835520279126285,-0.152410626411438,-0.07835659384727478,-0.012991608889819872,-0.2090519666671753,-0.0807301253080368,-0.023234142759861243,-0.17972230911254883,-0.059422850608825684,-0.01072395297330786,-0.15213268995285034,-0.050321221351623535,0.003349338587327111,thumbs_down
0.0,0.0,0.0,-0.042677998542785645,0.09705105423927307,-0.020116897434832026,-0.1026272177696228,0.17239680886268616,-0.028905525938512255,-0.15857553482055664,0.21782809495925903,-0.04192881299638884,-0.2025189995765686,0.25407934188842773,-0.04935042201066153,-0.16963857412338257,0.09229689836502075,0.01725096800839765,-0.22975319623947144,0.09818121790885925,-0.014796616644503047,-0.1820850372314453,0.09337431192398071,-0.03574888421678679,-0.14850598573684692,0.08516004681587219,-0.04445390416765349,-0.1730036735534668,0.03428778052330017,0.013383099674342702,-0.23463904857635498,0.034623682498931885,-0.02070471471631663,-0.17698156833648682,0.04023358225822449,-0.03344169272565978,-0.1465761661529541,0.03882068395614624,-0.032683313027860095,-0.16770672798156738,-0.021693646907806396,0.0021292998968647225,-0.2281997799873352,-0.02430182695388794,-0.026981508494259288,-0.17771059274673462,-0.011794596910476685,-0.019033715263844897,-0.1467806100845337,-0.011019676923751831,-0.004108649813474585,-0.15441954135894775,-0.07860594987869263,-0.01192517219567435,-0.20978385210037231,-0.08048705756664276,-0.02251665866458552,-0.1799125075340271,-0.05849894881248474,-0.010060796649099757,-0.15327554941177368,-0.049073636531829834,0.003905464061631392,thumbs_down
0.0,0.0,0.0,-0.04113352298736572,0.09518715739250183,-0.021364061809606483,-0.10052156448364258,0.17067644000053406,-0.03105543804866784,-0.1562919020652771,0.21618008613586426,-0.04475010064942353,-0.20059382915496826,0.2522263526916504,-0.05282750604254716,-0.16848456859588623,0.09114298224449158,0.016221656747632096,-0.22835278511047363,0.09740078449249268,-0.017772038183636596,-0.1799759864807129,0.09303927421569824,-0.03959761811000817,-0.14716923236846924,0.08461001515388489,-0.04858064529997819,-0.17154985666275024,0.033616095781326294,0.012384840570859978,-0.2332635521888733,0.033636659383773804,-0.023273757375307014,-0.1737462282180786,0.03914618492126465,-0.035794756091661384,-0.14448422193527222,0.03773656487464905,-0.03434500349266045,-0.16639292240142822,-0.022120893001556396,0.0007974170655984381,-0.22689113020896912,-0.024409711360931396,-0.02959649702114575,-0.17403757572174072,-0.012983322143554688,-0.02036634152335637,-0.1446901559829712,-0.01262560486793518,-0.004191907770461967,-0.15286916494369507,-0.07927726209163666,-0.013714793785936763,-0.20767271518707275,-0.07976044714450836,-0.02480843355459683,-0.17501181364059448,-0.0594712495803833,-0.011275548204309871,-0.14900922775268555,-0.051529496908187866,0.0036691318308044174,thumbs_down
0.0,0.0,0.0,-0.04287320375442505,0.0948626697063446,-0.020648536884209534,-0.10077768564224243,0.16953998804092407,-0.03000780163051786,-0.15574800968170166,0.21514898538589478,-0.043623860605976006,-0.20073437690734863,0.251099169254303,-0.0519336123550147,-0.16742944717407227,0.09089729189872742,0.018446112371066192,-0.2274494767189026,0.09703552722930908,-0.013601037354192158,-0.1822185516357422,0.09056764841079712,-0.035411994584819695,-0.14840519428253174,0.08154290914535522,-0.04482764718773069,-0.17216521501541138,0.03403112292289734,0.014615951425412277,-0.23322582244873047,0.032390445470809937,-0.01993809608461561,-0.17605739831924438,0.03535708785057068,-0.03407208962084951,-0.14560216665267944,0.03365355730056763,-0.03421881390454473,-0.16766595840454102,-0.02070137858390808,0.0033988501811563765,-0.22692227363586426,-0.025473296642303467,-0.025587472745201012,-0.17698794603347778,-0.01609376072883606,-0.01788876173736753,-0.14733392000198364,-0.01552116870880127,-0.0032970648323953355,-0.1543874740600586,-0.07552748918533325,-0.010698223167082688,-0.20818668603897095,-0.07972609996795654,-0.021266802825948616,-0.1777942180633545,-0.06069985032081604,-0.008535365254601857,-0.15242332220077515,-0.051981210708618164,0.005570816661247591,thumbs_down
0.0,0.0,0.0,-0.04196065664291382,0.09336763620376587,-0.02142221426828428,-0.10041004419326782,0.16807863116264343,-0.03151822408898397,-0.1548445224761963,0.2145938277244568,-0.04556049352748914,-0.19842374324798584,0.251284658908844,-0.05421731567247434,-0.16748768091201782,0.09029436111450195,0.015583328509194416,-0.22650933265686035,0.09658417105674744,-0.017405189035969215,-0.17978298664093018,0.09187239408493042,-0.03931609114869161,-0.14631587266921997,0.08339330554008484,-0.04866108244522138,-0.1713917851448059,0.03330811858177185,0.011960049697620434,-0.23234251141548157,0.0328601598739624,-0.022963774784045654,-0.17442286014556885,0.03848567605018616,-0.03606443053348585,-0.1442432999610901,0.03716430068016052,-0.03539407572014852,-0.1660364270210266,-0.021963059902191162,0.0008789134001858656,-0.22547313570976257,-0.02489018440246582,-0.02878339162333532,-0.17429763078689575,-0.01329183578491211,-0.02049709243937059,-0.14422392845153809,-0.012980163097381592,-0.005239638427781301,-0.15219110250473022,-0.07793755829334259,-0.013075401468711334,-0.20593243837356567,-0.07996945083141327,-0.0239072827832274,-0.17484784126281738,-0.05899122357368469,-0.010996312296526867,-0.14899122714996338,-0.05025652050971985,0.003323921540243191,thumbs_down
0.0,0.0,0.0,-0.04169785976409912,0.09160083532333374,-0.022345143477707552,-0.10122931003570557,0.16586756706237793,-0.032165133501678156,-0.15678900480270386,0.2120666801929474,-0.04555903851547782,-0.19926393032073975,0.2514185607433319,-0.053361871387153315,-0.16736799478530884,0.0905933678150177,0.01598742686650212,-0.22643136978149414,0.09723812341690063,-0.01560701161184852,-0.17926526069641113,0.08960354328155518,-0.036372785563855814,-0.1475542187690735,0.08017447590827942,-0.04539824008503501,-0.17308437824249268,0.033363163471221924,0.012986631956607653,-0.23308804631233215,0.03225696086883545,-0.02165430888095443,-0.1746184229850769,0.03497841954231262,-0.034807809735923456,-0.1463543176651001,0.03328379988670349,-0.03432884543695991,-0.16851341724395752,-0.021309882402420044,0.0026406698252117167,-0.2256520688533783,-0.025661081075668335,-0.02705420843818729,-0.17474842071533203,-0.01651790738105774,-0.019108363534598993,-0.14672541618347168,-0.01632031798362732,-0.00435429635950868,-0.15564966201782227,-0.07555384933948517,-0.0105942451537544,-0.20633894205093384,-0.07931625843048096,-0.021773045058637308,-0.17485374212265015,-0.05967506766319275,-0.009243546161144423,-0.15052998065948486,-0.05099749565124512,0.0046641788302963505,thumbs_down
0.0,0.0,0.0,-0.041515886783599854,0.09154024720191956,-0.02177456366308661,-0.09968549013137817,0.16615134477615356,-0.031279420204839425,-0.15480530261993408,0.21252471208572388,-0.04437520513721438,-0.19895851612091064,0.24847561120986938,-0.05213660160490008,-0.16611778736114502,0.09117409586906433,0.01593838287107019,-0.22363343834877014,0.09618246555328369,-0.016738326944789605,-0.1772940754890442,0.08955511450767517,-0.038783477343997674,-0.14493012428283691,0.0811055600643158,-0.04845316866823168,-0.17098593711853027,0.033775269985198975,0.012607480674603266,-0.23122841119766235,0.03127241134643555,-0.022716304012021737,-0.17299097776412964,0.03554835915565491,-0.036503689088306146,-0.14278650283813477,0.03553539514541626,-0.03630117485710116,-0.1661507487297058,-0.021499276161193848,0.0019067679956492611,-0.22431296110153198,-0.026039689779281616,-0.028708068378648477,-0.17256706953048706,-0.01567256450653076,-0.021057363324246126,-0.14251679182052612,-0.014330625534057617,-0.006048178490630107,-0.152923583984375,-0.076902374625206,-0.011596376732370572,-0.20431363582611084,-0.07984945178031921,-0.023948002331337648,-0.1716618537902832,-0.0599842369556427,-0.011625557862601,-0.14589208364486694,-0.05160248279571533,0.002542311135300679,thumbs_down
0.0,0.0,0.0,-0.04103124141693115,0.09231022000312805,-0.02198221174757009,-0.0975906252861023,0.16603681445121765,-0.03213904065768247,-0.15127182006835938,0.2124907672405243,-0.04593451706449514,-0.19361740350723267,0.25100764632225037,-0.054517448076410346,-0.16574931144714355,0.09131407737731934,0.01695753993709559,-0.22071802616119385,0.09706711769104004,-0.014501374342842155,-0.1754673719406128,0.08919602632522583,-0.035709973552627616,-0.14577937126159668,0.08028426766395569,-0.04528165621439939,-0.17079538106918335,0.03364858031272888,0.013759383803801484,-0.22640636563301086,0.031756430864334106,-0.020819338166518264,-0.168451726436615,0.03345969319343567,-0.034543451049728446,-0.1424540877342224,0.0328582227230072,-0.034694392362041526,-0.1661587953567505,-0.020862102508544922,0.003232018661321945,-0.2196219563484192,-0.026143699884414673,-0.026790602260632568,-0.16889572143554688,-0.018214136362075806,-0.01889957686643129,-0.14297157526016235,-0.0170896053314209,-0.00432028634230619,-0.15336763858795166,-0.07522539794445038,-0.010069884487791114,-0.2027772068977356,-0.07908521592617035,-0.021385211625499778,-0.17021077871322632,-0.061585813760757446,-0.00822775916884666,-0.14679622650146484,-0.053585708141326904,0.006146018265383191,thumbs_down
0.0,0.0,0.0,-0.03854036331176758,0.09067484736442566,-0.02466446702101166,-0.09506481885910034,0.16496145725250244,-0.03570272755541737,-0.14942419528961182,0.21137821674346924,-0.04962411504902775,-0.1934831142425537,0.24746990203857422,-0.057603552757882426,-0.16352784633636475,0.09021127223968506,0.013211344548381021,-0.21967482566833496,0.09443899989128113,-0.019490228786253283,-0.1706734299659729,0.08735987544059753,-0.040576293884896586,-0.140611469745636,0.07930749654769897,-0.0498415006391042,-0.1681116819381714,0.03273940086364746,0.01144470664939945,-0.22432288527488708,0.031071960926055908,-0.024139109819316218,-0.16471558809280396,0.033895671367645264,-0.03701177593984539,-0.1393255591392517,0.034042954444885254,-0.03643520158448155,-0.16322290897369385,-0.021364659070968628,0.002055270078471949,-0.21854907274246216,-0.026048779487609863,-0.028719061805986712,-0.1667073369026184,-0.01711726188659668,-0.01990558747866089,-0.14089763164520264,-0.015368372201919556,-0.004463858257167885,-0.1507941484451294,-0.07528911530971527,-0.01035482232191498,-0.19983834028244019,-0.07899828255176544,-0.022183952673458407,-0.16730552911758423,-0.060293227434158325,-0.009226753196799109,-0.1444457769393921,-0.051734983921051025,0.005139667254752567,thumbs_down
0.0,0.0,0.0,-0.03874081373214722,0.09101694822311401,-0.024557305185908263,-0.09445208311080933,0.16601663827896118,-0.03560475414883513,-0.14891666173934937,0.2129778265953064,-0.04942774927508253,-0.19313961267471313,0.2485114336013794,-0.05724151587378401,-0.16289007663726807,0.09161320328712463,0.013021983520275171,-0.21877256035804749,0.09461453557014465,-0.018444368301743452,-0.1703386902809143,0.08754697442054749,-0.03882216817032713,-0.14056116342544556,0.08043673634529114,-0.04798644935976881,-0.16767287254333496,0.03316053748130798,0.011388785519784506,-0.22404536604881287,0.03097352385520935,-0.023367600201481764,-0.16476929187774658,0.0338880717754364,-0.03608488818895239,-0.13950395584106445,0.03492236137390137,-0.035674297868126814,-0.1626470685005188,-0.02123403549194336,0.002336727303600128,-0.2175026535987854,-0.026517927646636963,-0.027506362332815115,-0.16709977388381958,-0.017878860235214233,-0.018684124260062163,-0.14174842834472656,-0.016231805086135864,-0.00356779309254307,-0.15013885498046875,-0.07529553771018982,-0.00970730060976166,-0.1988276243209839,-0.07851225137710571,-0.020668489544505064,-0.16764956712722778,-0.060127437114715576,-0.007564465201312487,-0.14543837308883667,-0.05190625786781311,0.0066237517978606775,thumbs_down
0.0,0.0,0.0,-0.03814077377319336,0.09274965524673462,-0.02273425697646303,-0.09439665079116821,0.16636574268341064,-0.032801749699927996,-0.14744144678115845,0.21152162551879883,-0.046123015278197954,-0.18914753198623657,0.25066715478897095,-0.05402993648610277,-0.16178220510482788,0.09178641438484192,0.014542476690195372,-0.21625402569770813,0.09717977046966553,-0.017572457486011217,-0.16990888118743896,0.0899951159954071,-0.0381706604298131,-0.14194810390472412,0.08199039101600647,-0.04725164040289087,-0.16662824153900146,0.03488492965698242,0.011416330418370535,-0.22494912147521973,0.03533458709716797,-0.024233341732241342,-0.1661207675933838,0.03770577907562256,-0.037242664539434145,-0.14050698280334473,0.035347193479537964,-0.036500527107335756,-0.16200172901153564,-0.019060909748077393,0.0009564133447668155,-0.21753475069999695,-0.0212862491607666,-0.030184483670808504,-0.16513293981552124,-0.013567566871643066,-0.02123334682843847,-0.13941848278045654,-0.014738321304321289,-0.005358557266362141,-0.14965564012527466,-0.07281899452209473,-0.012343439788736532,-0.19898825883865356,-0.07437451183795929,-0.024408247837044428,-0.16614669561386108,-0.05721390247344971,-0.011036973030485342,-0.1432706117630005,-0.05136209726333618,0.0037727166868819495,thumbs_down
0.0,0.0,0.0,-0.03646737337112427,0.09367990493774414,-0.023164006008670412,-0.0921059250831604,0.16791397333145142,-0.03266449651019343,-0.14595520496368408,0.21404772996902466,-0.04506970575349101,-0.1880369782447815,0.2518835663795471,-0.05183147644893893,-0.16131603717803955,0.09504789113998413,0.016401681990458883,-0.21581751108169556,0.09791833162307739,-0.014091451710925185,-0.16842734813690186,0.0904313325881958,-0.03415272018210658,-0.14027070999145508,0.08372187614440918,-0.043294869421885096,-0.16683006286621094,0.03725600242614746,0.014198679418399252,-0.22321662306785583,0.035460323095321655,-0.019827917276785456,-0.1648353934288025,0.037327349185943604,-0.032729417144224726,-0.14127957820892334,0.03780314326286316,-0.032531246601507746,-0.16228097677230835,-0.016629695892333984,0.004651063063278116,-0.21614480018615723,-0.02158161997795105,-0.025160631223485552,-0.16456609964370728,-0.014615952968597412,-0.016062388255164706,-0.14073175191879272,-0.013779163360595703,-0.0008104829470596542,-0.14966917037963867,-0.07061244547367096,-0.007753249316380106,-0.1973368525505066,-0.07307806611061096,-0.01870728662507304,-0.16377484798431396,-0.05705311894416809,-0.004900435044334017,-0.1425861120223999,-0.05048319697380066,0.009713360981180585,thumbs_down
0.0,0.0,0.0,-0.03746563196182251,0.09241527318954468,-0.024479851633685712,-0.09120446443557739,0.16679424047470093,-0.035561088979619626,-0.14285176992416382,0.21124494075775146,-0.04948581805862773,-0.18521595001220703,0.24836832284927368,-0.05796120366491664,-0.16269874572753906,0.0931975245475769,0.014609388500076648,-0.21327954530715942,0.09558612108230591,-0.0178433978412329,-0.16703230142593384,0.08749577403068542,-0.03951368159093249,-0.13769793510437012,0.08022332191467285,-0.04924934408106196,-0.1676594614982605,0.03558489680290222,0.012189838528257724,-0.22427058219909668,0.035555869340896606,-0.024038799614089612,-0.16432338953018188,0.0365142822265625,-0.03780731982030261,-0.13626372814178467,0.03450906276702881,-0.0372376894060551,-0.16243141889572144,-0.018444478511810303,0.002191842957955714,-0.21498221158981323,-0.02159637212753296,-0.02971030449904788,-0.16296392679214478,-0.014684677124023438,-0.021580232814329747,-0.13631349802017212,-0.014383316040039062,-0.005893180653828267,-0.14858579635620117,-0.0722474455833435,-0.0107181487087189,-0.1974230408668518,-0.07512049376964569,-0.023274783552068357,-0.16426783800125122,-0.05776393413543701,-0.010065997526425008,-0.14075350761413574,-0.0490281879901886,0.004818277857822295,thumbs_down
0.0,0.0,0.0,-0.03563970327377319,0.09514975547790527,-0.024264463885259602,-0.09021079540252686,0.16859599947929382,-0.035012338040900204,-0.14408522844314575,0.2120639681816101,-0.04850158068401811,-0.1859232783317566,0.25138163566589355,-0.056749209492039654,-0.16147667169570923,0.09465384483337402,0.013560062543916729,-0.21457910537719727,0.09612762928009033,-0.017008447750043842,-0.17038977146148682,0.08691427111625671,-0.03766419711573121,-0.14000719785690308,0.07997769117355347,-0.04693959253890512,-0.16666340827941895,0.03721824288368225,0.01161507357792857,-0.2237945795059204,0.035506218671798706,-0.022329283608627293,-0.16564303636550903,0.03547772765159607,-0.035748488931488964,-0.13649767637252808,0.034376561641693115,-0.03552688258750436,-0.16151130199432373,-0.016518622636795044,0.0024055091566026476,-0.21542644500732422,-0.02234223484992981,-0.027476608483624432,-0.1660485863685608,-0.016136765480041504,-0.020254187016320202,-0.13855266571044922,-0.015573859214782715,-0.005772116324436638,-0.14798694849014282,-0.06956896185874939,-0.009640493160617325,-0.19804298877716064,-0.07336992025375366,-0.021366672320795033,-0.1670040488243103,-0.057022154331207275,-0.008916517450046513,-0.14288055896759033,-0.049175113439559937,0.005176234794276979,thumbs_down
0.0,0.0,0.0,-0.03542548418045044,0.09614086151123047,-0.023495369101027563,-0.09068834781646729,0.1714588701725006,-0.032411581346849516,-0.14520645141601562,0.21679556369781494,-0.04403726241932304,-0.18827837705612183,0.2536469101905823,-0.04994346804366501,-0.15977823734283447,0.09806197881698608,0.016095427354713365,-0.2149869203567505,0.10125315189361572,-0.01292537010655792,-0.16800051927566528,0.09203413128852844,-0.031761924246410445,-0.1403704285621643,0.08392482995986938,-0.04035674265966804,-0.166534423828125,0.039384156465530396,0.01433249146296589,-0.22542423009872437,0.038264721632003784,-0.019421266833404616,-0.1661784052848816,0.0387248694896698,-0.032006351718763426,-0.1404687762260437,0.0369454026222229,-0.0313079044912854,-0.16239148378372192,-0.014983832836151123,0.005423798715611383,-0.2166076898574829,-0.01926654577255249,-0.024078682506541327,-0.16527009010314941,-0.012573063373565674,-0.01514592717782648,-0.14025193452835083,-0.012776553630828857,0.00023652532630080714,-0.14982891082763672,-0.06954467296600342,-0.006317367753098324,-0.19874829053878784,-0.07137322425842285,-0.016916145080784872,-0.16606366634368896,-0.05464613437652588,-0.003268780861134246,-0.144422709941864,-0.047922492027282715,0.011272622762163564,thumbs_down
0.0,0.0,0.0,-0.03713566064834595,0.09459066390991211,-0.021494020126198166,-0.09076887369155884,0.1689598262310028,-0.030185493058894508,-0.14325767755508423,0.21360424160957336,-0.04224397277030789,-0.18695002794265747,0.2486657202243805,-0.04908704047593915,-0.15708470344543457,0.09570541977882385,0.016892471932436592,-0.21226564049720764,0.10018163919448853,-0.012483103550408714,-0.1691635251045227,0.08970466256141663,-0.03211468865666234,-0.14117485284805298,0.08133238554000854,-0.040969685069654815,-0.16328954696655273,0.038361966609954834,0.013838598155047066,-0.22373783588409424,0.03761899471282959,-0.019690363086198204,-0.16693735122680664,0.03620144724845886,-0.033009924344156616,-0.13905495405197144,0.034726351499557495,-0.03287535195741498,-0.15941667556762695,-0.015237748622894287,0.0037876287238702844,-0.21623629331588745,-0.019151002168655396,-0.02546463755462014,-0.16594934463500977,-0.013959676027297974,-0.017593687749837272,-0.13868147134780884,-0.013584107160568237,-0.0028458667224242618,-0.1471075415611267,-0.068951815366745,-0.00894901005122506,-0.19770824909210205,-0.0713847279548645,-0.0200931563744291,-0.16653811931610107,-0.05550912022590637,-0.00739767949599468,-0.1433016061782837,-0.04802808165550232,0.006607798975522883,thumbs_down
0.0,0.0,0.0,-0.035609662532806396,0.09627249836921692,-0.022461968724712733,-0.09143728017807007,0.17103713750839233,-0.0310506869751066,-0.14500612020492554,0.2157055139541626,-0.042790013616070155,-0.18871545791625977,0.25106483697891235,-0.04913201860068739,-0.160572350025177,0.09623438119888306,0.017132195393458005,-0.21588283777236938,0.10074585676193237,-0.012369256717249755,-0.17240029573440552,0.09133791923522949,-0.03208872235296667,-0.14397644996643066,0.08173921704292297,-0.04091666570781172,-0.1667531132698059,0.037652164697647095,0.014639897021368142,-0.22533124685287476,0.0356181263923645,-0.018831081007704142,-0.16795486211776733,0.03695720434188843,-0.031764376227840785,-0.14163875579833984,0.035405516624450684,-0.03130645609377325,-0.16220128536224365,-0.016350895166397095,0.0049395912614613735,-0.21802499890327454,-0.021317392587661743,-0.024227311153993014,-0.16793256998062134,-0.013689607381820679,-0.015822745178923014,-0.14196491241455078,-0.014192640781402588,-0.000848258630469445,-0.14896386861801147,-0.07078593969345093,-0.007591897872373465,-0.19941282272338867,-0.07262742519378662,-0.01862858167766035,-0.16778886318206787,-0.05523967742919922,-0.005413528316751126,-0.14490211009979248,-0.048948466777801514,0.008988830941632386,thumbs_down
0.0,0.0,0.0,-0.03652989864349365,0.09607765078544617,-0.021814886935089817,-0.09218037128448486,0.170346200466156,-0.030634137325023403,-0.14533400535583496,0.21445780992507935,-0.04307564393434404,-0.18873083591461182,0.25131756067276,-0.050522361405228366,-0.15803956985473633,0.0952751636505127,0.016921948187018643,-0.21513843536376953,0.10166898369789124,-0.014176722139154663,-0.1741771101951599,0.09197646379470825,-0.035403136618469944,-0.14484065771102905,0.0827195942401886,-0.04472836897525667,-0.16447490453720093,0.03942453861236572,0.013692724995280514,-0.22594529390335083,0.03824561834335327,-0.020012224547599544,-0.17136919498443604,0.03811967372894287,-0.034025434859131565,-0.14250421524047852,0.03610670566558838,-0.03420841366801142,-0.16137802600860596,-0.014284253120422363,0.0031370276230973104,-0.21996834874153137,-0.01747184991836548,-0.02610611402246832,-0.17055463790893555,-0.010550141334533691,-0.019519485987757434,-0.14161312580108643,-0.011129438877105713,-0.005498103320633163,-0.14985013008117676,-0.06875342130661011,-0.010270619288121452,-0.2016264796257019,-0.06973910331726074,-0.02223621540520071,-0.17114442586898804,-0.052324920892715454,-0.010737257532809963,-0.14570248126983643,-0.04566100239753723,0.002760262006859193,thumbs_down
0.0,0.0,0.0,-0.0373612642288208,0.09697255492210388,-0.02002437740762275,-0.09325951337814331,0.17210429906845093,-0.028350125553203043,-0.14591485261917114,0.21720528602600098,-0.04078936904866737,-0.19036120176315308,0.25296133756637573,-0.04846361980040115,-0.16042733192443848,0.09524238109588623,0.01904797971050698,-0.21728745102882385,0.10296022891998291,-0.01197467792977136,-0.17913562059402466,0.09468838572502136,-0.03372802913386863,-0.14781028032302856,0.08440586924552917,-0.04315218284924072,-0.16661477088928223,0.03827184438705444,0.01514302331756312,-0.2257932722568512,0.03774744272232056,-0.017354389207554277,-0.1716352105140686,0.03825005888938904,-0.030908951090765413,-0.1422155499458313,0.0351373553276062,-0.030962720068288263,-0.16329562664031982,-0.015726417303085327,0.003902376608806435,-0.22042882442474365,-0.01830756664276123,-0.02367682151694339,-0.17202997207641602,-0.010976463556289673,-0.016698175596189913,-0.14319539070129395,-0.01226818561553955,-0.0028733362184141242,-0.15127462148666382,-0.07039502263069153,-0.010161207543802675,-0.2042839527130127,-0.07216447591781616,-0.020785327555728372,-0.17521792650222778,-0.054365307092666626,-0.008745170684647974,-0.15049391984939575,-0.04747098684310913,0.004900740438955609,thumbs_down
0.0,0.0,0.0,-0.037179648876190186,0.09878265857696533,-0.020546717947752313,-0.09305965900421143,0.17314821481704712,-0.02866137251857026,-0.14619851112365723,0.21616792678833008,-0.04088094495836003,-0.1903684139251709,0.2518136501312256,-0.04853562676015599,-0.1591663360595703,0.09585189819335938,0.01844909376796977,-0.21660706400871277,0.10301530361175537,-0.012303796975345449,-0.17908626794815063,0.09210756421089172,-0.0343776274532388,-0.14823710918426514,0.08158406615257263,-0.044112168630988435,-0.16561627388000488,0.039362549781799316,0.014435952150790854,-0.22790071368217468,0.038820087909698486,-0.01878505796793206,-0.17475062608718872,0.03755536675453186,-0.03375757150951131,-0.14218217134475708,0.0343376100063324,-0.03446370401087506,-0.16241830587387085,-0.015175163745880127,0.0032390019330819086,-0.2220529317855835,-0.017738670110702515,-0.02570596561434968,-0.17315983772277832,-0.011944085359573364,-0.0201453011542867,-0.14044815301895142,-0.0135994553565979,-0.006528843572766618,-0.15033406019210815,-0.07080322504043579,-0.01075211018923028,-0.20441925525665283,-0.073982834815979,-0.02315733805897935,-0.17602723836898804,-0.057197898626327515,-0.012211931316585378,-0.14888060092926025,-0.05053102970123291,0.0011864494006772475,thumbs_down
0.0,0.0,0.0,-0.0372692346572876,0.09653261303901672,-0.018886473288546313,-0.09295588731765747,0.17227834463119507,-0.026507595812688578,-0.14558935165405273,0.21788960695266724,-0.03848774570764135,-0.18993055820465088,0.25184452533721924,-0.0456098562830789,-0.15941941738128662,0.09439107775688171,0.018869643772234213,-0.219387024641037,0.10205641388893127,-0.012882370760451067,-0.17954528331756592,0.09458118677139282,-0.0344147479885919,-0.14752072095870972,0.08448565006256104,-0.04333982456267904,-0.16525936126708984,0.03860655426979065,0.01443147447167803,-0.22700130939483643,0.038346171379089355,-0.01868589062036108,-0.17213177680969238,0.039272457361221313,-0.03177184823692869,-0.14238804578781128,0.03560706973075867,-0.031224889939437617,-0.1621243953704834,-0.015233635902404785,0.0027138485780255905,-0.22160950303077698,-0.01692134141921997,-0.0256251937502725,-0.17078745365142822,-0.009017974138259888,-0.017938846980939616,-0.1408994197845459,-0.010689347982406616,-0.0032205751890046486,-0.1502314805984497,-0.07074999809265137,-0.011740029116879214,-0.2046402394771576,-0.07228127121925354,-0.023142658432732333,-0.17353564500808716,-0.054045528173446655,-0.010907479820559729,-0.14737039804458618,-0.04755544662475586,0.0032033277416871897,thumbs_down
0.0,0.0,0.0,-0.03526902198791504,0.09732604026794434,-0.02036253446522096,-0.09258484840393066,0.17250120639801025,-0.028029112981585058,-0.14646071195602417,0.21652346849441528,-0.03977322475793699,-0.1921563744544983,0.24858492612838745,-0.046547329889563116,-0.16211557388305664,0.09472107887268066,0.01929937219438216,-0.22023040056228638,0.10064443945884705,-0.013556515702930483,-0.17908704280853271,0.09145274758338928,-0.03625483708265165,-0.14612334966659546,0.07988300919532776,-0.045839733349112066,-0.16803789138793945,0.038025468587875366,0.01505718296584746,-0.2290244698524475,0.03680700063705444,-0.01911441320362428,-0.1730138659477234,0.037039995193481445,-0.03288705171826223,-0.1421782374382019,0.032795995473861694,-0.032193339334753546,-0.1648622751235962,-0.016649365425109863,0.0031374246832456265,-0.22351503372192383,-0.018802553415298462,-0.026220123188522848,-0.17267006635665894,-0.011354655027389526,-0.018581484349397215,-0.14356106519699097,-0.012932837009429932,-0.0033931936118278827,-0.15225309133529663,-0.0733996033668518,-0.011726940887001547,-0.20654749870300293,-0.07575398683547974,-0.02374061653199533,-0.17484867572784424,-0.057559460401535034,-0.01114718420240024,-0.14913862943649292,-0.05052867531776428,0.003562466103630868,thumbs_down
0.0,0.0,0.0,-0.03603392839431763,0.0975232720375061,-0.020265177387727817,-0.09364515542984009,0.17265674471855164,-0.028167132783664783,-0.1482083797454834,0.2162167727947235,-0.04023259927703293,-0.19523894786834717,0.24651315808296204,-0.0474379700906411,-0.16499251127243042,0.09207788109779358,0.020668623473511616,-0.22203221917152405,0.09774249792098999,-0.012811902474595627,-0.18092715740203857,0.09018811583518982,-0.03634805281831177,-0.1463446021080017,0.07909637689590454,-0.04622395386172684,-0.17062687873840332,0.035157233476638794,0.016192547481523434,-0.23140016198158264,0.03398755192756653,-0.01935092595590504,-0.1748378872871399,0.03594005107879639,-0.034142032761110386,-0.14159947633743286,0.031394004821777344,-0.03344896485282334,-0.167322039604187,-0.019987434148788452,0.003931307669745365,-0.22505605220794678,-0.02247023582458496,-0.026530735690130314,-0.17400294542312622,-0.013675451278686523,-0.019660383958353123,-0.14393192529678345,-0.015500098466873169,-0.004453840695305189,-0.15478754043579102,-0.07790246605873108,-0.011226295057667812,-0.2091531753540039,-0.07895609736442566,-0.02397417326642426,-0.17607051134109497,-0.06105872988700867,-0.011557032849623283,-0.14972203969955444,-0.05540049076080322,0.003380180772410313,thumbs_down
0.0,0.0,0.0,-0.03651392459869385,0.09680691361427307,-0.019780144771118557,-0.09440773725509644,0.17274650931358337,-0.02851298518993417,-0.14813470840454102,0.21785154938697815,-0.04162198558964292,-0.19444388151168823,0.24793455004692078,-0.049833888863702214,-0.1653437614440918,0.09017103910446167,0.018553492868761623,-0.22530537843704224,0.0986468493938446,-0.015872689639707005,-0.18421530723571777,0.0938180685043335,-0.03991997123279134,-0.14732038974761963,0.08201101422309875,-0.04979959756650487,-0.1692805290222168,0.03501799702644348,0.01392991773269614,-0.23174476623535156,0.03517743945121765,-0.02121199362494508,-0.17707329988479614,0.03874889016151428,-0.03566778705038587,-0.1430455446243286,0.033962130546569824,-0.03496743619956533,-0.16573870182037354,-0.01886001229286194,0.0015850200080080867,-0.22519290447235107,-0.018379271030426025,-0.027057115664263165,-0.17571502923965454,-0.009256243705749512,-0.020113548939605153,-0.14498335123062134,-0.012333601713180542,-0.005479882215638554,-0.15361618995666504,-0.07578027248382568,-0.013787800190527832,-0.20836219191551208,-0.0744796097278595,-0.02527977034964124,-0.1775456666946411,-0.056408435106277466,-0.013243040745635426,-0.15135318040847778,-0.05190455913543701,0.0010958602879895807,thumbs_down
0.0,0.0,0.0,-0.03661888837814331,0.09972500801086426,-0.01885901369377052,-0.09416860342025757,0.17598748207092285,-0.026574702712139242,-0.14922505617141724,0.22198772430419922,-0.03896332510038292,-0.19634515047073364,0.2484201192855835,-0.04626222677751457,-0.16235560178756714,0.09434160590171814,0.02045854948238457,-0.225361168384552,0.10184359550476074,-0.013349341007312887,-0.18609082698822021,0.09663116931915283,-0.036255694704493635,-0.14946132898330688,0.08584392070770264,-0.045221395569285505,-0.16685545444488525,0.03769230842590332,0.015870463324347384,-0.23306119441986084,0.03853687644004822,-0.019342239724835508,-0.1791445016860962,0.041166871786117554,-0.03335022159143364,-0.1440996527671814,0.036559224128723145,-0.03187813587709343,-0.16398054361343384,-0.017595767974853516,0.0035696192529144355,-0.22389400005340576,-0.014002859592437744,-0.0254319717757312,-0.1751539707183838,-0.0065271854400634766,-0.01864149585588848,-0.1442362666130066,-0.011544615030288696,-0.003508731268709653,-0.1523250937461853,-0.07720685005187988,-0.011654631944736593,-0.20850765705108643,-0.07481947541236877,-0.023024994658669584,-0.18018454313278198,-0.05848175287246704,-0.011357908847173803,-0.15491503477096558,-0.055512845516204834,0.002906294062370307,thumbs_down
0.0,0.0,0.0,-0.03706330060958862,0.10106757283210754,-0.018086945868958537,-0.09617412090301514,0.17657050490379333,-0.025688659630645816,-0.15047019720077515,0.22064784169197083,-0.0381916987224713,-0.19669824838638306,0.25007495284080505,-0.04584395536028296,-0.16494625806808472,0.09420791268348694,0.02017103671289533,-0.2270180881023407,0.10213324427604675,-0.012785099677671496,-0.18752610683441162,0.09438773989677429,-0.03596919798098952,-0.14952373504638672,0.08223825693130493,-0.04528353386365325,-0.16938209533691406,0.03692448139190674,0.014948946192930634,-0.23434650897979736,0.037403404712677,-0.018884113289345805,-0.18055999279022217,0.03842329978942871,-0.03318187617503554,-0.14430201053619385,0.03333309292793274,-0.03258143015943915,-0.1652846336364746,-0.0184614360332489,0.0023096115347698287,-0.2258056402206421,-0.017442017793655396,-0.02512252726398856,-0.17765462398529053,-0.010215401649475098,-0.018792687214840953,-0.14503902196884155,-0.014019519090652466,-0.004725368458707635,-0.15241694450378418,-0.07660984992980957,-0.013196391284395759,-0.20917195081710815,-0.0774100124835968,-0.0236847104951039,-0.18290996551513672,-0.059430599212646484,-0.012162002965737884,-0.15719091892242432,-0.053463250398635864,0.0015750841722592668,thumbs_down
0.0,0.0,0.0,-0.036298274993896484,0.10106968879699707,-0.021645286782813855,-0.09474778175354004,0.18012040853500366,-0.03059876683278162,-0.15094304084777832,0.22456222772598267,-0.043549207701516934,-0.19928604364395142,0.24954909086227417,-0.05099756430013258,-0.16585880517959595,0.09645992517471313,0.016318867252039126,-0.22792115807533264,0.10253050923347473,-0.018079017951322385,-0.18598586320877075,0.09756973385810852,-0.040948940172029324,-0.1486641764640808,0.0872202217578888,-0.04986753846628744,-0.16984349489212036,0.0375935435295105,0.012501856581138782,-0.23585134744644165,0.037767380475997925,-0.024220820247364827,-0.18046832084655762,0.04149442911148071,-0.038461493059230634,-0.14400893449783325,0.03689694404602051,-0.03692424084169943,-0.16580921411514282,-0.01887497305870056,0.0008762071154251316,-0.22688648104667664,-0.017520606517791748,-0.030154891043139287,-0.1773722767829895,-0.008655130863189697,-0.023817386209202596,-0.1445704698562622,-0.012698441743850708,-0.008511219836009332,-0.15323346853256226,-0.07889789342880249,-0.013780143774283715,-0.2112363576889038,-0.08001559972763062,-0.027172269030643292,-0.18296277523040771,-0.06204238533973694,-0.016338081761432477,-0.15579664707183838,-0.056088000535964966,-0.0023077344160356006,thumbs_down
0.0,0.0,0.0,-0.03816783428192139,0.09874489903450012,-0.022563000956665746,-0.09822690486907959,0.17881569266319275,-0.03242390584398436,-0.15381747484207153,0.22415277361869812,-0.04621864091802763,-0.20332938432693481,0.24662265181541443,-0.05437042173196005,-0.17007845640182495,0.09443068504333496,0.015275878084707983,-0.23258188366889954,0.09860432147979736,-0.019472885692607633,-0.1892707347869873,0.09335622191429138,-0.04311291855026411,-0.14879554510116577,0.08182588219642639,-0.052566963994991056,-0.17463016510009766,0.03443238139152527,0.011255568077672251,-0.24356526136398315,0.0322079062461853,-0.026083068737875692,-0.18672913312911987,0.036913156509399414,-0.04108456876326727,-0.14540624618530273,0.03218516707420349,-0.03975797798682379,-0.17019248008728027,-0.023335367441177368,-0.0005605936070196549,-0.23584401607513428,-0.023316234350204468,-0.031531203353893034,-0.18502330780029297,-0.013430148363113403,-0.025648033062111608,-0.1471421718597412,-0.017359524965286255,-0.01054561957914757,-0.15662485361099243,-0.08403924107551575,-0.015522836523246042,-0.21536552906036377,-0.08637082576751709,-0.029462471420060865,-0.18830323219299316,-0.06594347953796387,-0.019479643369209043,-0.1597226858139038,-0.058415770530700684,-0.005967895781736843,thumbs_down
0.0,0.0,0.0,-0.041348159313201904,0.1006295382976532,-0.019659318216611155,-0.10123187303543091,0.17835751175880432,-0.02904282901482702,-0.1566060185432434,0.22272607684135437,-0.04313260335521818,-0.20484673976898193,0.24781081080436707,-0.05224105361895681,-0.1705232858657837,0.09008800983428955,0.01634763348801016,-0.2356565296649933,0.09769058227539062,-0.018182194047142275,-0.19648844003677368,0.09451237320899963,-0.042444177158643015,-0.1551753282546997,0.08386081457138062,-0.05216280762152792,-0.173578679561615,0.03179427981376648,0.011152081936131708,-0.24472147226333618,0.032145410776138306,-0.02503279615240217,-0.19151145219802856,0.03774791955947876,-0.04063847307162405,-0.14974850416183472,0.03324398398399353,-0.040118396468926676,-0.16887521743774414,-0.02484816312789917,-0.0014180372939449626,-0.23439756035804749,-0.021547019481658936,-0.03028506990568758,-0.18647527694702148,-0.011878430843353271,-0.025148676895071276,-0.14936983585357666,-0.01702311635017395,-0.011093084887136229,-0.15534263849258423,-0.08477002382278442,-0.01701105963485361,-0.21505236625671387,-0.08642515540122986,-0.028845077567268618,-0.19294780492782593,-0.06728115677833557,-0.01869731973903299,-0.16749602556228638,-0.061197876930236816,-0.005510724802036293,thumbs_down
0.0,0.0,0.0,-0.04313170909881592,0.10021692514419556,-0.020958941678998144,-0.10406327247619629,0.17861208319664001,-0.030898122366068037,-0.15999609231948853,0.22403469681739807,-0.04545581738233295,-0.2090611457824707,0.24562302231788635,-0.05466442580103603,-0.17417699098587036,0.09014180302619934,0.016413496558072893,-0.23951596021652222,0.09571430087089539,-0.019543284799453886,-0.19803708791732788,0.09214279055595398,-0.044230431567427786,-0.15693897008895874,0.08132046461105347,-0.05398478011369434,-0.1768844723701477,0.030157476663589478,0.011729418050947515,-0.24804654717445374,0.029197663068771362,-0.026355684052703054,-0.19261515140533447,0.03532490134239197,-0.0420861805486652,-0.1511276364326477,0.03064003586769104,-0.041105989615914496,-0.17134320735931396,-0.027613818645477295,-0.0006857878924506622,-0.23638072609901428,-0.026538699865341187,-0.03175346205711094,-0.18679314851760864,-0.015285283327102661,-0.026479428883192213,-0.14939427375793457,-0.019639641046524048,-0.011515444393751295,-0.15707075595855713,-0.08816790580749512,-0.01615819732427326,-0.21722310781478882,-0.09117114543914795,-0.02877968947171894,-0.19330072402954102,-0.07069885730743408,-0.018417496483323248,-0.1668003797531128,-0.06404450535774231,-0.004728142886904152,thumbs_down
0.0,0.0,0.0,-0.043658435344696045,0.10291561484336853,-0.02038118926577681,-0.10482144355773926,0.18139207363128662,-0.030103230231929956,-0.16164946556091309,0.22622257471084595,-0.04472056342058295,-0.21120905876159668,0.2477763295173645,-0.0540452556102764,-0.17433905601501465,0.09099960327148438,0.017617460957239928,-0.2406059205532074,0.09697842597961426,-0.018388548248935876,-0.19905024766921997,0.0936378538608551,-0.04341407058529967,-0.15751957893371582,0.08336639404296875,-0.05338443008952254,-0.17747098207473755,0.03130391240119934,0.012647601461480917,-0.24854877591133118,0.03001302480697632,-0.025022364535857378,-0.19284534454345703,0.03624257445335388,-0.04077570823721999,-0.15152955055236816,0.032263725996017456,-0.040008872130442796,-0.17232221364974976,-0.026466041803359985,-5.230323006344406e-05,-0.2374514937400818,-0.02567136287689209,-0.03045979080491179,-0.1875738501548767,-0.01463097333908081,-0.024781621375609575,-0.15032446384429932,-0.018484055995941162,-0.009830075630475221,-0.15825361013412476,-0.08676207065582275,-0.015848619246412454,-0.2183319330215454,-0.09066072106361389,-0.02787575063996428,-0.19439631700515747,-0.07007622718811035,-0.016923251876164613,-0.1680457592010498,-0.06295543909072876,-0.0029547699610930067,thumbs_down
0.0,0.0,0.0,-0.04472768306732178,0.1043945848941803,-0.021507785936591972,-0.10671484470367432,0.18426361680030823,-0.03201945619821345,-0.16480249166488647,0.22999069094657898,-0.04725751029491221,-0.21607345342636108,0.24634310603141785,-0.05718911932945048,-0.1764070987701416,0.08915305137634277,0.016967714483143936,-0.24406719207763672,0.09478652477264404,-0.01918075354933535,-0.20358610153198242,0.0906732976436615,-0.04482041048049723,-0.16046017408370972,0.08053222298622131,-0.055280954858062614,-0.17900067567825317,0.02825295925140381,0.012489295283558022,-0.25082698464393616,0.02565741539001465,-0.024671555777786125,-0.19701367616653442,0.030607938766479492,-0.041283336749074806,-0.15433859825134277,0.027345716953277588,-0.041485094746349205,-0.1735926866531372,-0.03040561079978943,0.00022222258394322125,-0.23995375633239746,-0.030535727739334106,-0.029853486737010826,-0.19216406345367432,-0.02022591233253479,-0.025168572833536018,-0.15359604358673096,-0.02355855703353882,-0.011198476237950672,-0.15893882513046265,-0.09087172150611877,-0.015231540707645763,-0.21976137161254883,-0.0936000645160675,-0.028269670253393997,-0.19649463891983032,-0.07445290684700012,-0.018299510052202095,-0.1687111258506775,-0.06829681992530823,-0.004928198924062599,thumbs_down
0.0,0.0,0.0,-0.04591017961502075,0.10422223806381226,-0.021571492894679523,-0.10670322179794312,0.18413329124450684,-0.032636510326653934,-0.1653572916984558,0.2292875051498413,-0.04836060304859302,-0.21681851148605347,0.24654531478881836,-0.058802159621507144,-0.17733466625213623,0.09100297093391418,0.016749385625928426,-0.24363458156585693,0.09491667151451111,-0.019756833209783053,-0.20296484231948853,0.08997926115989685,-0.04567580495694301,-0.16050124168395996,0.07957834005355835,-0.056357650204688525,-0.17961174249649048,0.02940356731414795,0.012195211716800713,-0.2507654130458832,0.02630317211151123,-0.025915950655132747,-0.19654804468154907,0.030817091464996338,-0.04294125561335704,-0.1539972424507141,0.027381211519241333,-0.04318908800104282,-0.17367291450500488,-0.029377758502960205,-0.0001127480738318809,-0.23813611268997192,-0.029206931591033936,-0.03126490314224384,-0.19008958339691162,-0.01917704939842224,-0.026835572092920756,-0.151780366897583,-0.022966206073760986,-0.012655743516177154,-0.158574640750885,-0.09007388353347778,-0.01552935701528213,-0.2179495096206665,-0.09205630421638489,-0.028964536382943606,-0.19482094049453735,-0.07353794574737549,-0.018991764753252482,-0.16776347160339355,-0.06826621294021606,-0.005439462724268651,thumbs_down
0.0,0.0,0.0,-0.04523515701293945,0.10499760508537292,-0.021551917013766797,-0.10816770792007446,0.18660351634025574,-0.03207545418763402,-0.16616547107696533,0.2333754599094391,-0.047464568805935414,-0.2190234661102295,0.24945726990699768,-0.05781457264447454,-0.18119663000106812,0.08933117985725403,0.017911619800088374,-0.24697637557983398,0.09583702683448792,-0.018327018884065183,-0.2076277732849121,0.0906146764755249,-0.044879798484089406,-0.16341185569763184,0.07917818427085876,-0.05582881410146001,-0.1843821406364441,0.02691367268562317,0.013143412130830257,-0.2556336522102356,0.02414923906326294,-0.024189998102428945,-0.2021506428718567,0.02821725606918335,-0.04195573617244008,-0.15615630149841309,0.023953646421432495,-0.042531666052582295,-0.17889785766601562,-0.033140629529953,0.0005783912515653356,-0.24219182133674622,-0.032353371381759644,-0.029734364417436154,-0.19474202394485474,-0.023141831159591675,-0.026817782488706143,-0.15400612354278564,-0.026949673891067505,-0.013653821018579038,-0.16384005546569824,-0.09418317675590515,-0.01512770325416568,-0.22377276420593262,-0.09514692425727844,-0.02830951910937074,-0.2010747194290161,-0.07686212658882141,-0.018968685236814053,-0.17214757204055786,-0.07139483094215393,-0.005761751611771615,thumbs_down
0.0,0.0,0.0,-0.04782181978225708,0.1063435971736908,-0.019902539925908513,-0.11300140619277954,0.18745625019073486,-0.02856288060758061,-0.1719260811805725,0.23256134986877441,-0.04244342029306836,-0.22436928749084473,0.2519119381904602,-0.05147682830903477,-0.1843585968017578,0.08896663784980774,0.021630768177772097,-0.25063323974609375,0.09234896302223206,-0.013585324885582395,-0.21068620681762695,0.08659553527832031,-0.039937082233166166,-0.16531234979629517,0.07675248384475708,-0.051046330036854215,-0.18801647424697876,0.02489534020423889,0.015791062710547976,-0.26162150502204895,0.022725313901901245,-0.02153065756175465,-0.20777595043182373,0.026538848876953125,-0.04044773385140843,-0.16003161668777466,0.022506028413772583,-0.04172453612301297,-0.18267232179641724,-0.03626009821891785,0.0022954458628987595,-0.24631524085998535,-0.036326706409454346,-0.02842496663544125,-0.1985967755317688,-0.027108490467071533,-0.026512054281567998,-0.15709638595581055,-0.029577314853668213,-0.013893200570976205,-0.16753584146499634,-0.09865593910217285,-0.014179975280796953,-0.22855877876281738,-0.09911385178565979,-0.02755798354957051,-0.2055039405822754,-0.08144131302833557,-0.018132930176591344,-0.17609649896621704,-0.07528823614120483,-0.004875085803007551,thumbs_down
0.0,0.0,0.0,-0.0492100715637207,0.10718399286270142,-0.020716249736665304,-0.11224162578582764,0.1886909008026123,-0.031325027140496786,-0.17237406969070435,0.23372983932495117,-0.047024141790984686,-0.22512203454971313,0.25251907110214233,-0.05767365896952015,-0.18368566036224365,0.09015950560569763,0.01817156581330437,-0.25186848640441895,0.09400820732116699,-0.018798993694304045,-0.20888668298721313,0.08821329474449158,-0.04584848115098339,-0.1632888913154602,0.07849714159965515,-0.057345676961062964,-0.1868196725845337,0.026517152786254883,0.012330203523220007,-0.2629329562187195,0.024855762720108032,-0.0269505677546249,-0.20703864097595215,0.029206693172454834,-0.045841954442380484,-0.15994620323181152,0.025853455066680908,-0.04709116721403461,-0.18121647834777832,-0.03439813852310181,-0.0011082340764687615,-0.2480745017528534,-0.03507840633392334,-0.032765410634397085,-0.19931334257125854,-0.02446123957633972,-0.02924558127176624,-0.15840983390808105,-0.026345521211624146,-0.015619307550309713,-0.16590434312820435,-0.09664702415466309,-0.017635185065387304,-0.22780275344848633,-0.09812590479850769,-0.030838303061841543,-0.2031177282333374,-0.07790923118591309,-0.020227923783181723,-0.17348837852478027,-0.0705193281173706,-0.006344882099597271,thumbs_down
0.0,0.0,0.0,-0.048059046268463135,0.11069801449775696,-0.02034182911222615,-0.11317908763885498,0.1937873363494873,-0.03029259172683396,-0.17384839057922363,0.2387198805809021,-0.045615990361625336,-0.227566659450531,0.25563907623291016,-0.055770230194980286,-0.188160240650177,0.09319353103637695,0.02007719809705577,-0.25810113549232483,0.09767186641693115,-0.017530132731849335,-0.21248674392700195,0.09183558821678162,-0.04496009712522664,-0.16488921642303467,0.08169278502464294,-0.056402430585080765,-0.19131672382354736,0.028724730014801025,0.014068492041474201,-0.2656571865081787,0.026304185390472412,-0.024905387958938263,-0.20601391792297363,0.030928373336791992,-0.04307830398386159,-0.1586882472038269,0.028620600700378418,-0.04376980727022328,-0.18612462282180786,-0.03335052728652954,0.00018965501737966406,-0.2537379860877991,-0.03354063630104065,-0.03116842237716355,-0.2006453275680542,-0.02301982045173645,-0.026050178980881356,-0.15829145908355713,-0.02416089177131653,-0.011384903168732308,-0.1708478331565857,-0.09701389074325562,-0.016894173523837708,-0.2329126000404358,-0.09634959697723389,-0.030626414990479134,-0.20384764671325684,-0.07641446590423584,-0.019107724255377434,-0.17218774557113647,-0.06947654485702515,-0.004193430016243838,thumbs_down
0.0,0.0,0.0,-0.0496218204498291,0.1091647744178772,-0.01990913492375057,-0.11401700973510742,0.19169622659683228,-0.030170905261570624,-0.1741054654121399,0.2374134659767151,-0.045990562855536155,-0.2278093695640564,0.25379884243011475,-0.056757188259894065,-0.18858206272125244,0.09072023630142212,0.01976957838303406,-0.25866684317588806,0.09580817818641663,-0.01804608930581253,-0.2140721082687378,0.09085586667060852,-0.045962612002426795,-0.1667531132698059,0.08073550462722778,-0.057776863544518164,-0.19129562377929688,0.02682054042816162,0.013489591099983045,-0.2665165364742279,0.024448901414871216,-0.025551100119287184,-0.20794391632080078,0.029937565326690674,-0.044016244679028205,-0.16030150651931763,0.027799487113952637,-0.04493296411567371,-0.1855747103691101,-0.03530660271644592,-0.000572840773770622,-0.25402742624282837,-0.03469502925872803,-0.031518786072069815,-0.20219451189041138,-0.023859381675720215,-0.02666255724363964,-0.16008448600769043,-0.0255126953125,-0.012233788005346469,-0.16960716247558594,-0.09895223379135132,-0.017822940691644362,-0.23282307386398315,-0.09932631254196167,-0.0306760751151387,-0.20584160089492798,-0.07850205898284912,-0.01911732633345764,-0.17508190870285034,-0.07122409343719482,-0.004386561780506781,thumbs_down
0.0,0.0,0.0,-0.050736069679260254,0.11452355980873108,-0.017719156842815664,-0.11688601970672607,0.19690102338790894,-0.02628138269125202,-0.1769750714302063,0.24203258752822876,-0.041038989823448446,-0.23051202297210693,0.2558611035346985,-0.050813093584167746,-0.19259053468704224,0.09105852246284485,0.02596217227340958,-0.2611352801322937,0.10032245516777039,-0.011100393522667673,-0.2157415747642517,0.09443113207817078,-0.039403080742943075,-0.16780990362167358,0.08317464590072632,-0.05153944696127155,-0.19508981704711914,0.027408629655838013,0.018950084421646807,-0.2678667902946472,0.027704328298568726,-0.01931668984531143,-0.20803868770599365,0.03324928879737854,-0.03826624880372265,-0.16046857833862305,0.031012266874313354,-0.039602994721519735,-0.18873775005340576,-0.03438687324523926,0.004001014131915781,-0.25630688667297363,-0.03169214725494385,-0.02703756819306591,-0.2031884789466858,-0.02085667848587036,-0.022721905063974646,-0.16029703617095947,-0.023236215114593506,-0.008501645911621836,-0.17171341180801392,-0.09844410419464111,-0.013943722274291304,-0.23344814777374268,-0.09451645612716675,-0.027443006437408712,-0.2054498791694641,-0.07482507824897766,-0.016263320844757345,-0.17445647716522217,-0.07041829824447632,-0.0014340712578473358,thumbs_down
0.0,0.0,0.0,-0.05149209499359131,0.11423793435096741,-0.017957839152700217,-0.11797899007797241,0.19781404733657837,-0.026590372404939444,-0.17806321382522583,0.24386554956436157,-0.04125318021226576,-0.23099243640899658,0.2585828900337219,-0.0508152665262287,-0.19213956594467163,0.09432369470596313,0.024410248764866083,-0.26260703802108765,0.10095351934432983,-0.013211954354233058,-0.21621114015579224,0.09430143237113953,-0.04162645802546194,-0.16756707429885864,0.0838148295879364,-0.053805706060416014,-0.19514822959899902,0.030010491609573364,0.017523466640227525,-0.2694825530052185,0.029013335704803467,-0.02080068641055277,-0.20937037467956543,0.03342026472091675,-0.039328359967953475,-0.1617203950881958,0.03150162100791931,-0.040617362565285475,-0.18919312953948975,-0.0324157178401947,0.002725711123162,-0.25891488790512085,-0.03143385052680969,-0.027885117537266524,-0.205483078956604,-0.021087169647216797,-0.02259066232193163,-0.16231608390808105,-0.022695451974868774,-0.008075636780745299,-0.17240756750106812,-0.0969841480255127,-0.015186285569257052,-0.2352365255355835,-0.09543901681900024,-0.028502850762492926,-0.20607078075408936,-0.0750201940536499,-0.016819518960005553,-0.17396992444992065,-0.06863915920257568,-0.0018637458252896977,thumbs_down
0.0,0.0,0.0,-0.050406694412231445,0.11469399929046631,-0.01844098193936361,-0.1154446005821228,0.19919106364250183,-0.028715174257683884,-0.17524206638336182,0.24588868021965027,-0.044890019655156266,-0.22907701134681702,0.25754573941230774,-0.05618202647559656,-0.19394487142562866,0.09369689226150513,0.021452507391643394,-0.2627209722995758,0.10181388258934021,-0.016905497372079026,-0.2199060320854187,0.09603127837181091,-0.04608194118731035,-0.17341119050979614,0.0860583484172821,-0.058839857190776,-0.19586068391799927,0.02940434217453003,0.014315358750593532,-0.26961103081703186,0.029806822538375854,-0.025456798806715142,-0.21043413877487183,0.03600442409515381,-0.04455251580469621,-0.1625676155090332,0.0347575843334198,-0.045963994771170746,-0.18819671869277954,-0.03251504898071289,-0.0005714723574214986,-0.2586514353752136,-0.03187790513038635,-0.03295460677139772,-0.20663321018218994,-0.020075559616088867,-0.028552967667508256,-0.16285014152526855,-0.02130219340324402,-0.014104079067635666,-0.1697114109992981,-0.09634926915168762,-0.018374893426823746,-0.2326716184616089,-0.09508752822875977,-0.0329844500719787,-0.20709466934204102,-0.0746665894985199,-0.022191753223467003,-0.17697197198867798,-0.06849747896194458,-0.007552625689584147,thumbs_down
0.0,0.0,0.0,-0.050240159034729004,0.11495640873908997,-0.017953846213572433,-0.1153765320777893,0.19853875041007996,-0.027656837907784393,-0.17524349689483643,0.2447420060634613,-0.04363852141534608,-0.22856953740119934,0.25494900345802307,-0.054680978489273,-0.19414788484573364,0.09040331840515137,0.02450919935370166,-0.26095283031463623,0.09929269552230835,-0.01436713019495528,-0.2175268530845642,0.09428584575653076,-0.04404159037505906,-0.17081212997436523,0.08256661891937256,-0.05676397828494828,-0.195878267288208,0.02659440040588379,0.01726345570648391,-0.26790308952331543,0.026240020990371704,-0.023165499401443412,-0.20812773704528809,0.03316861391067505,-0.04263135565554421,-0.16041213274002075,0.03063616156578064,-0.043785230797880104,-0.18823236227035522,-0.03500130772590637,0.002004207269123981,-0.25700119137763977,-0.03520837426185608,-0.030928248149507453,-0.20432519912719727,-0.02327871322631836,-0.026955460739486625,-0.1605163812637329,-0.025510162115097046,-0.012202992645256927,-0.17019790410995483,-0.09850475192070007,-0.016173651051872184,-0.23292937874794006,-0.09838299453258514,-0.03039403220748227,-0.2078704833984375,-0.07783105969429016,-0.01961483394836705,-0.1782180666923523,-0.07199040055274963,-0.004728046787136009,thumbs_down
0.0,0.0,0.0,-0.05023223161697388,0.11558684706687927,-0.019409223385309815,-0.11667418479919434,0.19962888956069946,-0.029130640365337968,-0.17765551805496216,0.2448001503944397,-0.04468487847611868,-0.23040342330932617,0.25906264781951904,-0.05490437421963179,-0.1927347183227539,0.09353172779083252,0.021933185942316413,-0.2637278735637665,0.10172969102859497,-0.01667236994967425,-0.21918541193008423,0.09521856904029846,-0.04524122823045218,-0.17162638902664185,0.08414939045906067,-0.057182791568493485,-0.19502860307693481,0.02905094623565674,0.01555585682376659,-0.2694392502307892,0.028194576501846313,-0.024429797120546937,-0.21017217636108398,0.033712029457092285,-0.043248585350966096,-0.16259068250656128,0.03228279948234558,-0.04428614575431311,-0.18847405910491943,-0.03294950723648071,0.0011330653958339099,-0.2590864300727844,-0.03317481279373169,-0.031596681960081696,-0.2067399024963379,-0.021158158779144287,-0.027623060085034012,-0.16228961944580078,-0.021936118602752686,-0.013121671900307774,-0.1718350648880005,-0.09687738120555878,-0.016376229860043168,-0.2358001470565796,-0.09747645258903503,-0.03111786294743979,-0.21012520790100098,-0.07552480697631836,-0.020827027894711136,-0.1783105731010437,-0.06664875149726868,-0.006391791086798548,thumbs_down
0.0,0.0,0.0,-0.0499110221862793,0.11255905032157898,-0.02095838761641744,-0.11568081378936768,0.19836854934692383,-0.03231388642205957,-0.17656290531158447,0.24564266204833984,-0.04918789802803758,-0.2310357689857483,0.2585870027542114,-0.06067056893124345,-0.1939394474029541,0.09163486957550049,0.017648930337884394,-0.26381921768188477,0.10052615404129028,-0.02220120220198396,-0.21946853399276733,0.09412255883216858,-0.051418382066628965,-0.17208099365234375,0.08170995116233826,-0.06355929686441186,-0.1957644820213318,0.026935696601867676,0.011659060281374423,-0.27061721682548523,0.026323437690734863,-0.029760687935493024,-0.21113967895507812,0.03237453103065491,-0.048751025784156354,-0.1626848578453064,0.029968172311782837,-0.04964382885708574,-0.18861019611358643,-0.03507295250892639,-0.002301069067186745,-0.25916263461112976,-0.03445717692375183,-0.03604344962849382,-0.20739734172821045,-0.02214983105659485,-0.032432164389035734,-0.16247689723968506,-0.023953914642333984,-0.017893539133808645,-0.1718340516090393,-0.09852363169193268,-0.019380376997730764,-0.23745104670524597,-0.10057936608791351,-0.03434579013600114,-0.21403908729553223,-0.07806351780891418,-0.024344801294944318,-0.1822790503501892,-0.06863713264465332,-0.010055808673939737,thumbs_down
0.0,0.0,0.0,-0.049685895442962646,0.11248517036437988,-0.022100242820442872,-0.11656785011291504,0.19775182008743286,-0.03306707463866587,-0.17800694704055786,0.24452680349349976,-0.04932943083053942,-0.23137164115905762,0.25937366485595703,-0.059971702319444375,-0.1938897967338562,0.09192997217178345,0.01783817537420873,-0.26458385586738586,0.10077187418937683,-0.021619926241100984,-0.2200382947921753,0.09326121211051941,-0.05021137840753909,-0.1729862093925476,0.08007144927978516,-0.061911848408044534,-0.19593727588653564,0.027043700218200684,0.012453347410200877,-0.27235305309295654,0.027134358882904053,-0.029082798433364587,-0.21362638473510742,0.0319882333278656,-0.04814847282773371,-0.16535800695419312,0.02865949273109436,-0.04880238420969363,-0.18904876708984375,-0.0349104106426239,-0.0010111069184404187,-0.259769469499588,-0.03312200307846069,-0.03542673684364672,-0.2079269289970398,-0.02233576774597168,-0.03225162721878405,-0.16261249780654907,-0.025949180126190186,-0.017565765452445703,-0.17263132333755493,-0.09886394441127777,-0.017705394920767503,-0.23877650499343872,-0.10098017752170563,-0.033224933815063196,-0.21672868728637695,-0.08019295334815979,-0.023721958544911104,-0.18542176485061646,-0.07234758138656616,-0.009562064927877145,thumbs_down
0.0,0.0,0.0,-0.050939202308654785,0.11230802536010742,-0.021389827292807695,-0.11651116609573364,0.19654428958892822,-0.03282957540119469,-0.17763417959213257,0.24375873804092407,-0.049806200128443834,-0.23092299699783325,0.25882309675216675,-0.06136968002880394,-0.1918213963508606,0.08942711353302002,0.016488741922728423,-0.26258108019828796,0.09864261746406555,-0.02386048265958607,-0.21864205598831177,0.09297102689743042,-0.05288553253973305,-0.1716393232345581,0.08021244406700134,-0.0646623002108413,-0.19363832473754883,0.02517220377922058,0.010615635502688292,-0.27083685994148254,0.025062203407287598,-0.03145639614427864,-0.21272778511047363,0.03210541605949402,-0.05034947038853943,-0.16468530893325806,0.028893977403640747,-0.05088444815243065,-0.1866767406463623,-0.03664255142211914,-0.0032150439661222663,-0.2582945227622986,-0.03444826602935791,-0.037314072411902544,-0.20739877223968506,-0.022186577320098877,-0.033349935125954744,-0.16307193040847778,-0.02577480673789978,-0.01824769393766701,-0.17017477750778198,-0.10023319721221924,-0.02029619195724308,-0.23755744099617004,-0.10472577810287476,-0.03450421632493317,-0.21851757168769836,-0.0822228193283081,-0.024078667324431535,-0.1899091601371765,-0.07292890548706055,-0.009560252700396177,thumbs_down
0.0,0.0,0.0,-0.04896259307861328,0.11101764440536499,-0.02220265879947192,-0.11356157064437866,0.1958722174167633,-0.0341631689639712,-0.17422819137573242,0.24308058619499207,-0.05129159554559237,-0.22784274816513062,0.2577212154865265,-0.06310381680447108,-0.18928676843643188,0.08668607473373413,0.014858374039647515,-0.25860288739204407,0.0959303081035614,-0.0248618529709006,-0.2159300148487091,0.09180447459220886,-0.05352165862638003,-0.1688174605369568,0.0798560380935669,-0.06521817981916911,-0.19183844327926636,0.022778064012527466,0.009403935301122601,-0.26748067140579224,0.02308022975921631,-0.03140862971264369,-0.2101704478263855,0.031290680170059204,-0.049729812291445796,-0.16147172451019287,0.02770131826400757,-0.05020127758103854,-0.1852777600288391,-0.03906086087226868,-0.0040053560929322884,-0.25473541021347046,-0.03650817275047302,-0.03701673760730273,-0.20419275760650635,-0.023285627365112305,-0.03311970770079142,-0.1600063443183899,-0.02708035707473755,-0.018495654088440006,-0.1688777208328247,-0.10266004502773285,-0.020741456520738666,-0.23455190658569336,-0.1063060313463211,-0.03456121623236186,-0.21508914232254028,-0.08298227190971375,-0.02432152382749564,-0.1863553524017334,-0.07372131943702698,-0.010119905096473758,thumbs_down
0.0,0.0,0.0,-0.05067086219787598,0.1147262454032898,-0.02176206767722988,-0.11560416221618652,0.2011713981628418,-0.032213378922790525,-0.17730402946472168,0.24870425462722778,-0.04809951432213211,-0.22986412048339844,0.2629532814025879,-0.05853935726150894,-0.18987494707107544,0.09296190738677979,0.020958894638567926,-0.259540319442749,0.10202676057815552,-0.017349144669026373,-0.2160462737083435,0.09644061326980591,-0.04588257171377563,-0.16888892650604248,0.08591479063034058,-0.05779823683366203,-0.19329208135604858,0.02769586443901062,0.015884194297939302,-0.2680854797363281,0.02847626805305481,-0.024793056996315954,-0.2101898193359375,0.035388559103012085,-0.0447077269123497,-0.16199302673339844,0.033623695373535156,-0.04626473061904335,-0.18728744983673096,-0.034676939249038696,0.002766993137299778,-0.2576729357242584,-0.03275057673454285,-0.03108850702807331,-0.20651811361312866,-0.02018582820892334,-0.02832794584497833,-0.16089123487472534,-0.0222509503364563,-0.014115104676932333,-0.171320378780365,-0.09865644574165344,-0.013561260180324552,-0.23633062839508057,-0.10031910240650177,-0.02921882108017826,-0.2130334973335266,-0.07856550812721252,-0.01964499078854942,-0.18073773384094238,-0.06993836164474487,-0.00535595486104512,thumbs_down
0.0,0.0,0.0,-0.05049622058868408,0.11168190836906433,-0.020760446304620928,-0.11751240491867065,0.19712084531784058,-0.031435355061830705,-0.17902672290802002,0.24669331312179565,-0.04770797815376682,-0.23319625854492188,0.2592781186103821,-0.058493066096843904,-0.19418078660964966,0.0885392427444458,0.020567739864645773,-0.2635432779788971,0.09758830070495605,-0.019077307993711656,-0.21975141763687134,0.09231334924697876,-0.048311214411796755,-0.17267048358917236,0.0808936357498169,-0.060501437151970094,-0.19658249616622925,0.0236513614654541,0.014988728349862868,-0.27058398723602295,0.02381819486618042,-0.026311313251198953,-0.21065491437911987,0.031521111726760864,-0.04538502495938701,-0.1629064679145813,0.029837369918823242,-0.04609681617671413,-0.18935507535934448,-0.03856101632118225,0.0013136844083874166,-0.2591118812561035,-0.036892831325531006,-0.03229171734506053,-0.20709770917892456,-0.0240517258644104,-0.028138441482724375,-0.16285699605941772,-0.025827914476394653,-0.012941686885596937,-0.17215871810913086,-0.10240302979946136,-0.015510752314867204,-0.23681789636611938,-0.10493580996990204,-0.030011804292144006,-0.2157488465309143,-0.08378350734710693,-0.019692215586246675,-0.187272310256958,-0.07571285963058472,-0.004997218476773924,thumbs_down
0.0,0.0,0.0,-0.05143177509307861,0.11201149225234985,-0.02100398258403402,-0.11959069967269897,0.19705557823181152,-0.03114216455355745,-0.18139833211898804,0.24500060081481934,-0.04682213866249185,-0.2349226176738739,0.2594417333602905,-0.05701251381174188,-0.19568097591400146,0.08748915791511536,0.02099198608561892,-0.2644464373588562,0.09802126884460449,-0.017645421038423592,-0.2206384539604187,0.09181198477745056,-0.04646787845626932,-0.17309457063674927,0.07948437333106995,-0.05851718836561304,-0.1983739733695984,0.02260872721672058,0.015334504124666637,-0.2735268175601959,0.024373233318328857,-0.02490611800089937,-0.21474456787109375,0.03149700164794922,-0.04403901525870424,-0.16589999198913574,0.028754353523254395,-0.044887412871275956,-0.19119930267333984,-0.03966456651687622,0.0016179560254840908,-0.26089486479759216,-0.036833107471466064,-0.031492375369225556,-0.20891058444976807,-0.024086713790893555,-0.02790204116240602,-0.16367006301879883,-0.02689245343208313,-0.013123030374799782,-0.1735813021659851,-0.10332705080509186,-0.015341209779535347,-0.23920196294784546,-0.10647955536842346,-0.029825706566725785,-0.21777871251106262,-0.08500522375106812,-0.019725915576373154,-0.1873551607131958,-0.07673680782318115,-0.005185827679042632,thumbs_down
0.0,0.0,0.0,-0.052176713943481445,0.11302661895751953,-0.019939305892762604,-0.11958968639373779,0.19853919744491577,-0.030127375087317887,-0.18107300996780396,0.2468191385269165,-0.04607762832063145,-0.23485976457595825,0.2628534436225891,-0.05671544808762974,-0.195817768573761,0.09129303693771362,0.020496850201311645,-0.26515692472457886,0.09882530570030212,-0.01884145911651558,-0.2221904993057251,0.09348544478416443,-0.04777446824925846,-0.17481380701065063,0.08353275060653687,-0.05957682866471714,-0.19771915674209595,0.02611643075942993,0.014602908232632217,-0.27242010831832886,0.02627086639404297,-0.027001139408525887,-0.21286752820014954,0.033196449279785156,-0.046312664336142007,-0.16430091857910156,0.03149646520614624,-0.04698442730921215,-0.1901688575744629,-0.036497652530670166,0.0008176870261422664,-0.26039376854896545,-0.035431861877441406,-0.0331399931372971,-0.20815762877464294,-0.023471713066101074,-0.02927299279588169,-0.16308486461639404,-0.0257718563079834,-0.013978352470871869,-0.17300963401794434,-0.10114385187625885,-0.015992001331028405,-0.23866784572601318,-0.10413473844528198,-0.03045695338266796,-0.21846160292625427,-0.08466875553131104,-0.019994749388274613,-0.19060957431793213,-0.07810378074645996,-0.00508627125861949,thumbs_down
0.0,0.0,0.0,-0.052532076835632324,0.1112729012966156,-0.021490408552608642,-0.11933135986328125,0.1955818235874176,-0.03227417029233948,-0.18086844682693481,0.24253728985786438,-0.04849144674631134,-0.23430833220481873,0.25788697600364685,-0.05936834446879402,-0.19466495513916016,0.08553698658943176,0.018798958065190163,-0.26247310638427734,0.0947328507900238,-0.019973999334297332,-0.22045543789863586,0.09051656723022461,-0.04914950810166374,-0.17327046394348145,0.07979550957679749,-0.06162002913447395,-0.1969788670539856,0.02049887180328369,0.01310741298107132,-0.27264854311943054,0.021580487489700317,-0.027421247659049186,-0.21610981225967407,0.03019377589225769,-0.04704835869165436,-0.16685092449188232,0.028455466032028198,-0.04862386218997017,-0.18907034397125244,-0.042225807905197144,-0.0005095377357520192,-0.26064300537109375,-0.04052862524986267,-0.03372350565882698,-0.21030762791633606,-0.027047574520111084,-0.030343121362648162,-0.16440504789352417,-0.028544098138809204,-0.015980769393763694,-0.17056339979171753,-0.1063140481710434,-0.01744126759263054,-0.23646628856658936,-0.11339791119098663,-0.032191852552614364,-0.2191169261932373,-0.08999040722846985,-0.02271981395574585,-0.19099462032318115,-0.07747799158096313,-0.008890803416989002,thumbs_down
0.0,0.0,0.0,-0.05124300718307495,0.11283206939697266,-0.02353797305926264,-0.11768251657485962,0.1997368037700653,-0.035523373750891096,-0.17946326732635498,0.2485388219356537,-0.05288725730582655,-0.2337019443511963,0.26052555441856384,-0.06450746965214194,-0.19451916217803955,0.08704906702041626,0.019117837654505365,-0.26336872577667236,0.09495314955711365,-0.02146808256014765,-0.21910583972930908,0.0910387933254242,-0.051089111832823164,-0.172340989112854,0.07978302240371704,-0.0631349832992214,-0.19735366106033325,0.02164822816848755,0.014345947535787218,-0.2742519974708557,0.022330015897750854,-0.02963753987654627,-0.2142653465270996,0.03085419535636902,-0.049486015109266646,-0.16472101211547852,0.02674180269241333,-0.04949407291218222,-0.18999868631362915,-0.0412651002407074,0.0011979433466535738,-0.26032620668411255,-0.03976351022720337,-0.03439744201108397,-0.20808106660842896,-0.025650501251220703,-0.030588979018773443,-0.16237735748291016,-0.02919718623161316,-0.01447860070123852,-0.17277783155441284,-0.10604558885097504,-0.015402318095709688,-0.23954403400421143,-0.11167663335800171,-0.030007934315051443,-0.21972200274467468,-0.08838319778442383,-0.019372141105975516,-0.19052934646606445,-0.07934537529945374,-0.004058756517167694,thumbs_down
0.0,0.0,0.0,-0.05083024501800537,0.11405935883522034,-0.023690911635412704,-0.11740773916244507,0.20200276374816895,-0.03566133852268649,-0.1802603006362915,0.2505587339401245,-0.05254863451386882,-0.23384392261505127,0.26489752531051636,-0.06377729649807407,-0.19447243213653564,0.09085926413536072,0.016975052029238213,-0.2637522220611572,0.09840881824493408,-0.02212827715243293,-0.21907716989517212,0.09338963031768799,-0.051208174481644164,-0.1713884472846985,0.08280041813850403,-0.06375279898907138,-0.19762954115867615,0.024755656719207764,0.012067119896755685,-0.27516287565231323,0.02610117197036743,-0.02879525224830104,-0.2170860767364502,0.03338131308555603,-0.04818575705553485,-0.16743016242980957,0.03129887580871582,-0.049553612872614394,-0.1904734969139099,-0.038940250873565674,-0.0009592752173830377,-0.261974573135376,-0.035883039236068726,-0.034240371241821776,-0.21052119135856628,-0.02333471179008484,-0.03040750387276603,-0.16449499130249023,-0.02519780397415161,-0.01589408951963378,-0.1726049780845642,-0.1040564626455307,-0.017525924995197784,-0.23798394203186035,-0.1083395779132843,-0.03248926128412677,-0.216787189245224,-0.08561089634895325,-0.02258863176371051,-0.18601930141448975,-0.07466596364974976,-0.008526621080591212,thumbs_down
0.0,0.0,0.0,-0.052345871925354004,0.11386066675186157,-0.021492884883855368,-0.12031382322311401,0.19974198937416077,-0.03235420344230988,-0.1823100447654724,0.24795743823051453,-0.048938517848228,-0.23676544427871704,0.26162901520729065,-0.06023683903572419,-0.19841629266738892,0.08540993928909302,0.02079646902325294,-0.26712629199028015,0.0927199125289917,-0.018940744379733587,-0.2244272232055664,0.08993083238601685,-0.048892883042071844,-0.1766015887260437,0.08019542694091797,-0.06146463511345246,-0.2004922330379486,0.02066180109977722,0.01488380747082374,-0.277225524187088,0.02117803692817688,-0.027445731142734076,-0.21796321868896484,0.030964553356170654,-0.04773291332480767,-0.16747558116912842,0.02876865863800049,-0.04872754720804551,-0.19228392839431763,-0.042063623666763306,0.0008647369284062734,-0.26426446437835693,-0.04131472110748291,-0.03401533646342614,-0.2114420235157013,-0.027033478021621704,-0.03056737540123322,-0.1644114851951599,-0.029141753911972046,-0.015213158371125246,-0.17370623350143433,-0.10710228979587555,-0.016382814774487997,-0.24122154712677002,-0.11223478615283966,-0.031596773693536306,-0.220951110124588,-0.09013715386390686,-0.021113328093861128,-0.19163912534713745,-0.08143755793571472,-0.006022263242130066,thumbs_down
0.0,0.0,0.0,-0.054505348205566406,0.11566346883773804,-0.02134030324447167,-0.12156039476394653,0.20161539316177368,-0.03227981005835545,-0.1836559772491455,0.24967896938323975,-0.04921360512304318,-0.2371085286140442,0.26743918657302856,-0.060820350544929624,-0.19734317064285278,0.08710893988609314,0.02234335417819011,-0.2680884003639221,0.09319370985031128,-0.01767787908244145,-0.22543081641197205,0.09010514616966248,-0.048081001388311506,-0.17676854133605957,0.0814400315284729,-0.060918128239393354,-0.19940799474716187,0.020900845527648926,0.016075905290961146,-0.27848273515701294,0.020485013723373413,-0.02799965267109883,-0.21968525648117065,0.0303037166595459,-0.05006434966850293,-0.1681135892868042,0.02915439009666443,-0.05192012910771382,-0.19129401445388794,-0.04193532466888428,0.0016597771268038741,-0.26518014073371887,-0.042631328105926514,-0.034762984263181806,-0.21396774053573608,-0.02799081802368164,-0.03288699884939206,-0.16611135005950928,-0.029214799404144287,-0.018169727297902227,-0.17339783906936646,-0.10776345431804657,-0.015913469838380934,-0.24145227670669556,-0.11267919838428497,-0.03207137634086621,-0.22397497296333313,-0.0914846658706665,-0.022542825090170027,-0.19574284553527832,-0.08265626430511475,-0.007978627579689146,thumbs_down
0.0,0.0,0.0,-0.0554317831993103,0.11690759658813477,-0.02081752858885011,-0.12161463499069214,0.2019684910774231,-0.031508718727309315,-0.18377721309661865,0.24903249740600586,-0.04833643242545804,-0.23672258853912354,0.2626287341117859,-0.060026594547707646,-0.19680550694465637,0.08441990613937378,0.023553783895295055,-0.2659837603569031,0.09239935874938965,-0.01578145205803594,-0.22430294752120972,0.09016811847686768,-0.04656740754671773,-0.17589902877807617,0.07982826232910156,-0.059983437059599964,-0.1995435357093811,0.01948535442352295,0.017065019236724766,-0.27835750579833984,0.019298017024993896,-0.023958210943419544,-0.22144988179206848,0.030922681093215942,-0.04520213708110532,-0.17030328512191772,0.029624193906784058,-0.047573533950526325,-0.1917313039302826,-0.043103158473968506,0.0023299214726648643,-0.2651504874229431,-0.041893452405929565,-0.031640284804780094,-0.21413713693618774,-0.02593374252319336,-0.02965338446028909,-0.16630738973617554,-0.027863681316375732,-0.015793350635249226,-0.1728363037109375,-0.10807473957538605,-0.015756708679873555,-0.24120169878005981,-0.11607490479946136,-0.030813786311227886,-0.22371137142181396,-0.09125137329101562,-0.021466712577421276,-0.1942174732685089,-0.07855796813964844,-0.0075530001131483004,thumbs_down
0.0,0.0,0.0,-0.05420118570327759,0.11856818199157715,-0.021223872499831486,-0.11970400810241699,0.20441606640815735,-0.032296187775500584,-0.18216466903686523,0.2506857216358185,-0.04949108843720751,-0.23518845438957214,0.2679283320903778,-0.061450112210877705,-0.196401447057724,0.08644628524780273,0.022140685869089793,-0.26556867361068726,0.09296312928199768,-0.01806386333919363,-0.22113031148910522,0.08987352252006531,-0.048617690401442815,-0.1721840500831604,0.08038166165351868,-0.06163724844373064,-0.19857284426689148,0.020223379135131836,0.015593419251672458,-0.27687591314315796,0.020179450511932373,-0.028058943869837094,-0.21575579047203064,0.030096381902694702,-0.049271784322627354,-0.1647050380706787,0.027513474225997925,-0.05074438412702875,-0.19031858444213867,-0.04260167479515076,0.000899575934454333,-0.2641749680042267,-0.042962104082107544,-0.0354241985551198,-0.2107100486755371,-0.02839413285255432,-0.032110079722770024,-0.16276121139526367,-0.03117823600769043,-0.016514839204319287,-0.17183595895767212,-0.10782206058502197,-0.017035558419593144,-0.24000343680381775,-0.11379539966583252,-0.03333473910606699,-0.2200634479522705,-0.092827707529068,-0.02273266349948244,-0.19038283824920654,-0.08531174063682556,-0.0072958362943609245,thumbs_down
0.0,0.0,0.0,-0.05356466770172119,0.1189890205860138,-0.021167051655766045,-0.11799633502960205,0.2045678198337555,-0.03119455525052217,-0.17997023463249207,0.25059017539024353,-0.04739825302135614,-0.23274174332618713,0.2641730010509491,-0.05856301137578157,-0.19330096244812012,0.0856727659702301,0.026012863355163063,-0.2618826925754547,0.09454008936882019,-0.012909544309195553,-0.21905606985092163,0.09299871325492859,-0.043612393227931534,-0.17031866312026978,0.08269461989402771,-0.0570019433773723,-0.19683212041854858,0.0200425386428833,0.019753733041170563,-0.27444127202033997,0.021173924207687378,-0.02152096727263597,-0.2162800133228302,0.03293690085411072,-0.04318855204951433,-0.16478806734085083,0.029977232217788696,-0.04547572383057741,-0.19008886814117432,-0.043543070554733276,0.005044350257549013,-0.262372761964798,-0.041214585304260254,-0.029317765174027954,-0.21048367023468018,-0.0253467857837677,-0.02754795053374437,-0.16286534070968628,-0.029097050428390503,-0.013589664971050297,-0.17204397916793823,-0.10990537703037262,-0.013062348266657864,-0.2391556203365326,-0.11478546261787415,-0.028794868526574646,-0.21710413694381714,-0.09062698483467102,-0.019214044002410446,-0.18469536304473877,-0.08154237270355225,-0.004788273622807537,thumbs_down
0.0,0.0,0.0,-0.05319112539291382,0.1199667751789093,-0.022361060965693014,-0.12010306119918823,0.20916122198104858,-0.033868000272548215,-0.18334072828292847,0.2585534453392029,-0.05124607718352081,-0.236527681350708,0.27271217107772827,-0.0631780069208503,-0.19816550612449646,0.09129619598388672,0.0212755274140477,-0.2685855031013489,0.09918728470802307,-0.019529795635378377,-0.22351473569869995,0.09586486220359802,-0.04942670500639679,-0.17489749193191528,0.08559051156044006,-0.061817285034692304,-0.2004631757736206,0.023877829313278198,0.015178124990427477,-0.2791213393211365,0.02436727285385132,-0.02857949062052967,-0.21697518229484558,0.0343514084815979,-0.048827715579307096,-0.16701757907867432,0.031954795122146606,-0.049432330194747465,-0.19234701991081238,-0.04046735167503357,0.0006337538241609764,-0.2668675184249878,-0.03913229703903198,-0.0358642827606559,-0.2111172080039978,-0.02406749129295349,-0.03179972282413246,-0.1638752818107605,-0.026657581329345703,-0.01554861235234739,-0.17338740825653076,-0.10739469528198242,-0.01720609738293888,-0.24255859851837158,-0.11065119504928589,-0.033277050021922605,-0.22054588794708252,-0.08844190835952759,-0.02231406084064247,-0.19068163633346558,-0.08025330305099487,-0.006587365072107332,thumbs_down
0.0,0.0,0.0,-0.052432358264923096,0.12195590138435364,-0.02424080540720297,-0.11776328086853027,0.21311402320861816,-0.03699410950127913,-0.18116053938865662,0.2629811763763428,-0.055406166811621915,-0.2350277602672577,0.2749599814414978,-0.0681489916640885,-0.19799846410751343,0.09341055154800415,0.0199237702291839,-0.26939135789871216,0.10209202766418457,-0.022120334779060613,-0.2237054705619812,0.09750500321388245,-0.05308124293867422,-0.1743285059928894,0.0856652557849884,-0.06605138500515295,-0.20097202062606812,0.0242919921875,0.014406500744485129,-0.2805786728858948,0.025381147861480713,-0.030882003356850873,-0.21810758113861084,0.03386658430099487,-0.052082127531207334,-0.16674059629440308,0.030249089002609253,-0.05308588092509581,-0.1935172975063324,-0.04128214716911316,0.000215815958767962,-0.2682414948940277,-0.03914135694503784,-0.03794033696237875,-0.2120475172996521,-0.024816900491714478,-0.03457507361952139,-0.16328614950180054,-0.027685582637786865,-0.018338768382704984,-0.1755019724369049,-0.1093115508556366,-0.01740302388850523,-0.2446174919605255,-0.11237452924251556,-0.0348506705958016,-0.22170263528823853,-0.0896885097026825,-0.024368849222696554,-0.18990838527679443,-0.08056524395942688,-0.008647603553868066,thumbs_down
0.0,0.0,0.0,-0.05518299341201782,0.12062981724739075,-0.023461236071170788,-0.11982595920562744,0.2107071876525879,-0.0353548288460388,-0.18315553665161133,0.2603144645690918,-0.05308510587769888,-0.23724448680877686,0.2747037410736084,-0.06554173157769583,-0.19892087578773499,0.0942140519618988,0.022424144286333103,-0.27085986733436584,0.10132741928100586,-0.018246690195383053,-0.22706934809684753,0.09757792949676514,-0.0495556764419689,-0.1771637499332428,0.08677104115486145,-0.06306093410807989,-0.20218873023986816,0.025778532028198242,0.016778414684949894,-0.28282275795936584,0.026020050048828125,-0.026662629481734257,-0.22386068105697632,0.035957396030426025,-0.04928837196189306,-0.1708446741104126,0.03436318039894104,-0.051924767356695156,-0.1953004002571106,-0.04003220796585083,0.002556958084596772,-0.2696996331214905,-0.03771752119064331,-0.03421120942789457,-0.21682152152061462,-0.02310866117477417,-0.033358628314317684,-0.16731053590774536,-0.025076687335968018,-0.019417355221094112,-0.1775224208831787,-0.10836310684680939,-0.0150413815047159,-0.24700340628623962,-0.11255441606044769,-0.032569578301490765,-0.22398102283477783,-0.0898173451423645,-0.02357688398319624,-0.18983355164527893,-0.07963156700134277,-0.009210287046016674,thumbs_down
0.0,0.0,0.0,-0.053616464138031006,0.12235915660858154,-0.023480589990867884,-0.1208808422088623,0.2151769995689392,-0.03525953881944588,-0.1847192645072937,0.2666531205177307,-0.05296249084676674,-0.23936119675636292,0.27907681465148926,-0.06496638201679161,-0.20311322808265686,0.09699180722236633,0.02255296565090248,-0.2756526470184326,0.1064068078994751,-0.01929854929949215,-0.2303096055984497,0.10234057903289795,-0.05025614567603043,-0.18089070916175842,0.09067073464393616,-0.06314592205490044,-0.2059667706489563,0.027741461992263794,0.016740691358791082,-0.28564444184303284,0.028515011072158813,-0.028115219925894053,-0.2228955626487732,0.037109971046447754,-0.04935065798963478,-0.17108917236328125,0.03422635793685913,-0.050214902987136156,-0.19863617420196533,-0.038743019104003906,0.002117059868396609,-0.2733336091041565,-0.036147505044937134,-0.035727874865187914,-0.21645039319992065,-0.021962285041809082,-0.03255129375065735,-0.16730785369873047,-0.024616926908493042,-0.01636174649502209,-0.1803523600101471,-0.10793788731098175,-0.01589562699700764,-0.24948573112487793,-0.10956335067749023,-0.03329197086895874,-0.224691241979599,-0.08646810054779053,-0.022872758587254793,-0.1914367377758026,-0.07728272676467896,-0.0070792129499750445,thumbs_down
0.0,0.0,0.0,-0.054821789264678955,0.12159335613250732,-0.023767757717223503,-0.12156426906585693,0.2131211757659912,-0.035647443983407356,-0.18543660640716553,0.26414942741394043,-0.053440454903693535,-0.2399269938468933,0.27679717540740967,-0.06567391336307082,-0.2028542160987854,0.09637650847434998,0.023023633729962967,-0.27528461813926697,0.104098379611969,-0.0190337910537437,-0.23033851385116577,0.10020580887794495,-0.050954799655528404,-0.1800195276737213,0.08890065550804138,-0.06459297567948852,-0.20604544878005981,0.02682727575302124,0.017234258797316215,-0.2861788272857666,0.026505261659622192,-0.02758866131648574,-0.22506505250930786,0.03586232662200928,-0.04997748092159782,-0.17209935188293457,0.03397694230079651,-0.05193132490262542,-0.19868957996368408,-0.040165066719055176,0.0025810007716700056,-0.27346041798591614,-0.038598597049713135,-0.035269587788434364,-0.21890804171562195,-0.02343997359275818,-0.033485758606047966,-0.16922324895858765,-0.024497270584106445,-0.01843593411490474,-0.18028780817985535,-0.10964006185531616,-0.015525954331906178,-0.24960625171661377,-0.11332549154758453,-0.0334292496775106,-0.22599834203720093,-0.08994674682617188,-0.023987438086123802,-0.1921502947807312,-0.07904922962188721,-0.008984405103774407,thumbs_down
0.0,0.0,0.0,-0.054771363735198975,0.12467655539512634,-0.023349330615701547,-0.12284791469573975,0.21880346536636353,-0.034383642342390885,-0.1883288025856018,0.2694711685180664,-0.05143716823727118,-0.24458211660385132,0.2840317487716675,-0.0627342041996144,-0.2067526876926422,0.09904664754867554,0.024793665069637427,-0.27967214584350586,0.10865172743797302,-0.016410148557724824,-0.23294779658317566,0.1051291823387146,-0.0474826682773255,-0.18258947134017944,0.09375309944152832,-0.060563369509281983,-0.209695965051651,0.028106331825256348,0.01889417800634874,-0.29102423787117004,0.02925771474838257,-0.02643501092165934,-0.22705894708633423,0.03853088617324829,-0.048442798521818986,-0.17318862676620483,0.035429537296295166,-0.049410766777100434,-0.20174437761306763,-0.03919094800949097,0.004159296541956792,-0.27683883905410767,-0.03662067651748657,-0.034074160125555863,-0.21948865056037903,-0.021775126457214355,-0.03144384067923056,-0.16919100284576416,-0.024460434913635254,-0.01531042516648995,-0.18249905109405518,-0.11022323369979858,-0.013941419166030755,-0.25279033184051514,-0.1119958907365799,-0.03145430501967894,-0.22827988862991333,-0.08835791051387787,-0.02121796165079104,-0.1949290931224823,-0.07895433902740479,-0.005430867284985652,thumbs_down
0.0,0.0,0.0,-0.05643045902252197,0.127346009016037,-0.023411704161844682,-0.12347686290740967,0.22091859579086304,-0.034026196160994004,-0.1893746554851532,0.2713133692741394,-0.05104516626306577,-0.24497255682945251,0.27973711490631104,-0.06256237805791898,-0.20247507095336914,0.09922456741333008,0.029052499747194815,-0.2760695517063141,0.10712844133377075,-0.013059714743576478,-0.23210635781288147,0.10425156354904175,-0.04619702503987355,-0.18188658356666565,0.09292897582054138,-0.0606009642870049,-0.20636144280433655,0.028198301792144775,0.022919990187801886,-0.28917890787124634,0.027322053909301758,-0.02274780527659459,-0.2280537486076355,0.03850778937339783,-0.04703306586452527,-0.17398107051849365,0.03677493333816528,-0.049745364049158525,-0.19960153102874756,-0.03961688280105591,0.007570003690489102,-0.2763823866844177,-0.038768768310546875,-0.031197188356600236,-0.22130757570266724,-0.022241264581680298,-0.030282832616649102,-0.17064589262008667,-0.023661494255065918,-0.015180494570813607,-0.18102842569351196,-0.11043155193328857,-0.011307634347758722,-0.2524629831314087,-0.11543796956539154,-0.0293851140231709,-0.22844070196151733,-0.09107810258865356,-0.01970285170682473,-0.1939603090286255,-0.08018767833709717,-0.004264249866537284,thumbs_down
0.0,0.0,0.0,-0.05694299936294556,0.1249677836894989,-0.023243627688657398,-0.12807291746139526,0.21927398443222046,-0.03447500727213537,-0.19429045915603638,0.27124810218811035,-0.05230977124608671,-0.2517642378807068,0.28395897150039673,-0.0645090911451689,-0.21263188123703003,0.09541136026382446,0.026497031384337788,-0.2871958613395691,0.10576131939888,-0.016941928482424373,-0.24042847752571106,0.10306417942047119,-0.04982803500331556,-0.1888279914855957,0.09129667282104492,-0.06364325172341978,-0.21512165665626526,0.02437591552734375,0.019965170704949742,-0.2982669472694397,0.025608837604522705,-0.027034647009145374,-0.2334352731704712,0.0358445942401886,-0.04996032751239454,-0.1782873272895813,0.03306025266647339,-0.05103667936361944,-0.20684602856636047,-0.04424566030502319,0.004214620505649691,-0.2845250070095062,-0.04103723168373108,-0.03541899210847532,-0.2254578173160553,-0.025993764400482178,-0.032815014189850444,-0.1734369993209839,-0.02894461154937744,-0.016068249187242145,-0.18712541460990906,-0.11687786877155304,-0.014980345210801715,-0.25954240560531616,-0.11807069182395935,-0.032995090997587795,-0.2349589765071869,-0.09415645897388458,-0.022502008071910495,-0.20076903700828552,-0.08444944024085999,-0.006205924498658533,thumbs_down
0.0,0.0,0.0,-0.05859929323196411,0.12578198313713074,-0.024895854789747318,-0.12940871715545654,0.22147929668426514,-0.03627975148333462,-0.1972777545452118,0.274203896522522,-0.05401097473873051,-0.2550245523452759,0.28561127185821533,-0.06597918880356701,-0.21302321553230286,0.1002938449382782,0.028655483823285977,-0.2871622145175934,0.10759857296943665,-0.014230208035542091,-0.24123162031173706,0.10276490449905396,-0.0478856810666457,-0.18976587057113647,0.08978724479675293,-0.06265367430819424,-0.21694514155387878,0.028005868196487427,0.022787942986951748,-0.30102619528770447,0.026174724102020264,-0.023997193697823604,-0.2382282018661499,0.037135958671569824,-0.04853497681392582,-0.18215370178222656,0.03535386919975281,-0.05101799455655964,-0.20896518230438232,-0.041266053915023804,0.007409927871094624,-0.28612953424453735,-0.04091039299964905,-0.03250593927873524,-0.2296842336654663,-0.02440372109413147,-0.03192618352545651,-0.17759853601455688,-0.02616065740585327,-0.016609279934300503,-0.18896499276161194,-0.11355899274349213,-0.011605923559500297,-0.2615702450275421,-0.11836053431034088,-0.030540543172492107,-0.2365385890007019,-0.09307074546813965,-0.021295350540412983,-0.20019584894180298,-0.08186531066894531,-0.005902009580267986,thumbs_down
0.0,0.0,0.0,-0.05748748779296875,0.12906217575073242,-0.025478052350536018,-0.1299874186515808,0.22751551866531372,-0.03791720830167833,-0.19898706674575806,0.2813078761100769,-0.056426883119002014,-0.2582787871360779,0.2959272861480713,-0.0689744804080874,-0.21392062306404114,0.10060131549835205,0.02229756079350409,-0.28922587633132935,0.10810661315917969,-0.02176420428122583,-0.24078881740570068,0.10614195466041565,-0.053741019594326644,-0.18956413865089417,0.09526365995407104,-0.06693473495806757,-0.2168324589729309,0.026833653450012207,0.01624071374271807,-0.3023087978363037,0.027579963207244873,-0.03198827095593515,-0.23488453030586243,0.039187848567962646,-0.05397434570159021,-0.18087470531463623,0.03556185960769653,-0.05438557677234712,-0.20809906721115112,-0.04305756092071533,0.0009615444901101,-0.2890881597995758,-0.041220515966415405,-0.04026531838144365,-0.22873064875602722,-0.024124205112457275,-0.03633614667023721,-0.17723247408866882,-0.026892155408859253,-0.018460570278421073,-0.18814480304718018,-0.1156911551952362,-0.01782981343831125,-0.26382848620414734,-0.1184113472700119,-0.036413092541351944,-0.23941051959991455,-0.09375257790088654,-0.02486522719527784,-0.20597237348556519,-0.08418549597263336,-0.007849307174637943,thumbs_down
0.0,0.0,0.0,-0.058837950229644775,0.13532721996307373,-0.025714116940605436,-0.13027501106262207,0.2358705997467041,-0.03723746615122536,-0.19988855719566345,0.2883542776107788,-0.055483654911029134,-0.2596246600151062,0.30275142192840576,-0.06794966089199761,-0.21639639139175415,0.10526800155639648,0.03066791703332683,-0.2913663387298584,0.11233514547348022,-0.01462061687033156,-0.24583479762077332,0.10996472835540771,-0.04947271274994591,-0.19368526339530945,0.09825929999351501,-0.06407114195297936,-0.21991562843322754,0.02967974543571472,0.02380807248283645,-0.3080380856990814,0.0284862220287323,-0.027326832363712583,-0.2414584755897522,0.04146933555603027,-0.053245165223586355,-0.18304753303527832,0.037452101707458496,-0.05453180598686913,-0.21126553416252136,-0.041606783866882324,0.006959520442080702,-0.29125532507896423,-0.041208863258361816,-0.03753174173306206,-0.23099565505981445,-0.02299743890762329,-0.037185625011431966,-0.17674601078033447,-0.02692827582359314,-0.019731801772820745,-0.19057589769363403,-0.1166108250617981,-0.013446420269417558,-0.2668532133102417,-0.11885981261730194,-0.03402931692670563,-0.2417963743209839,-0.09371699392795563,-0.023691070104348455,-0.2057972252368927,-0.08538568019866943,-0.006371590612786804,thumbs_down
0.0,0.0,0.0,-0.060991644859313965,0.13638710975646973,-0.0233591409012206,-0.1322227120399475,0.23677155375480652,-0.032525785787356654,-0.2019357681274414,0.29102256894111633,-0.0490797614290841,-0.26075661182403564,0.3042546808719635,-0.05988911963845567,-0.21599507331848145,0.10751569271087646,0.038487359361397466,-0.2916944921016693,0.11513382196426392,-0.004033384899003067,-0.24691420793533325,0.11261177062988281,-0.038928028716100016,-0.1946016252040863,0.09984111785888672,-0.05431337706590966,-0.22031846642494202,0.03259381651878357,0.03147976793502494,-0.3089678883552551,0.03170892596244812,-0.017294602988613406,-0.24662739038467407,0.044142454862594604,-0.04534804127956704,-0.18746986985206604,0.04087391495704651,-0.04901564918304757,-0.2132640779018402,-0.03887853026390076,0.014511580058979234,-0.2941916584968567,-0.036346256732940674,-0.02738876320267991,-0.23845192790031433,-0.018851667642593384,-0.030162420643819132,-0.18369600176811218,-0.02184063196182251,-0.015744172556651392,-0.19431209564208984,-0.11387354135513306,-0.005995377021235981,-0.2689715623855591,-0.11630360782146454,-0.025603790356171885,-0.24605149030685425,-0.091061070561409,-0.01770468666995839,-0.20936396718025208,-0.08121097087860107,-0.002739583894936004,thumbs_down
0.0,0.0,0.0,-0.06180959939956665,0.13620775938034058,-0.024984470147614957,-0.13773471117019653,0.23853355646133423,-0.03500187820566225,-0.20858171582221985,0.29292958974838257,-0.05245688981187868,-0.2704605460166931,0.30689287185668945,-0.06385750002039003,-0.22575223445892334,0.10311499238014221,0.038376848634356975,-0.30220791697502136,0.11150377988815308,-0.006560598544751883,-0.2572147846221924,0.11120867729187012,-0.04226026735079813,-0.20391377806663513,0.09845465421676636,-0.05748871019852686,-0.23004907369613647,0.026624977588653564,0.030999909576053142,-0.32091933488845825,0.02632039785385132,-0.02060378393900919,-0.2536813020706177,0.04221445322036743,-0.048013642940645695,-0.1926175057888031,0.037679046392440796,-0.04966608113420534,-0.22145897150039673,-0.046200841665267944,0.013059799980396747,-0.30396807193756104,-0.04451689124107361,-0.03193868375194597,-0.24312299489974976,-0.023239195346832275,-0.03286865404618311,-0.18669474124908447,-0.027413547039031982,-0.015668698165541173,-0.20042788982391357,-0.1246202141046524,-0.008506587285523892,-0.27878138422966003,-0.12616513669490814,-0.029065078634744168,-0.25335681438446045,-0.09705156087875366,-0.01934531940889883,-0.2157953977584839,-0.08659878373146057,-0.002283287977775217,thumbs_down
0.0,0.0,0.0,-0.06300872564315796,0.1354784369468689,-0.026139117947934665,-0.13953912258148193,0.24037641286849976,-0.037693390793322123,-0.21252208948135376,0.29880499839782715,-0.056213995612381495,-0.27457091212272644,0.31359994411468506,-0.06855781952214102,-0.22931569814682007,0.10574081540107727,0.033790914171220265,-0.30811363458633423,0.11484873294830322,-0.01172025332522253,-0.26109206676483154,0.11457869410514832,-0.047612687743423976,-0.20632141828536987,0.10134202241897583,-0.06304985115599493,-0.23343521356582642,0.029124706983566284,0.02721933258402487,-0.324903279542923,0.0296860933303833,-0.02388888987076143,-0.25969481468200684,0.045303165912628174,-0.05136138031554083,-0.1988871693611145,0.04069119691848755,-0.05378341133069853,-0.2253570556640625,-0.04420992732048035,0.010276676916362248,-0.307056725025177,-0.03931617736816406,-0.03350507671308378,-0.24913570284843445,-0.01947423815727234,-0.03557170385789732,-0.1938997507095337,-0.024753034114837646,-0.019915953449128665,-0.20535141229629517,-0.12079386413097382,-0.010404681026159324,-0.2837614119052887,-0.12177322804927826,-0.03090314211618761,-0.25903409719467163,-0.0942477136850357,-0.02236466126811365,-0.22039860486984253,-0.08563831448554993,-0.006418569184063472,thumbs_down
0.0,0.0,0.0,-0.0634160041809082,0.13934960961341858,-0.02681747037132709,-0.1383841633796692,0.24745294451713562,-0.039621371358236956,-0.21149992942810059,0.30713126063346863,-0.05982264834602802,-0.27510303258895874,0.3217826187610626,-0.0738232280608031,-0.23125767707824707,0.10553550720214844,0.03400854808131726,-0.31059741973876953,0.1149493157863617,-0.013787073596915889,-0.2613013684749603,0.11718824505805969,-0.050239841967425036,-0.20678967237472534,0.10363775491714478,-0.06561662214954822,-0.2349417507648468,0.0277804434299469,0.026681503698625875,-0.32865840196609497,0.029342859983444214,-0.027281453415355372,-0.256889671087265,0.047697603702545166,-0.053343578755459475,-0.19677674770355225,0.04002159833908081,-0.05365904006322353,-0.22573599219322205,-0.04637083411216736,0.008512155570485902,-0.31006568670272827,-0.04209288954734802,-0.037529736339649844,-0.24564465880393982,-0.018592268228530884,-0.03585107955296962,-0.19062548875808716,-0.025304675102233887,-0.016714643269381213,-0.20390111207962036,-0.1246507465839386,-0.013567228383919883,-0.28495633602142334,-0.12491084635257721,-0.03357033389767139,-0.25628557801246643,-0.09271842241287231,-0.02170032593568294,-0.21803069114685059,-0.08436086773872375,-0.003127530498034048,thumbs_down
0.0,0.0,0.0,-0.06394749879837036,0.14589646458625793,-0.026577571953112056,-0.14026153087615967,0.25413575768470764,-0.03729829433041232,-0.21565178036689758,0.3121895492076874,-0.0561405146368088,-0.27960145473480225,0.3234917223453522,-0.0686030821748318,-0.2343791127204895,0.1050105094909668,0.044245147531455586,-0.31449389457702637,0.11335447430610657,-0.0032775298100204964,-0.26667195558547974,0.1168561577796936,-0.041975917840773036,-0.20959025621414185,0.10463845729827881,-0.05863751711922305,-0.23870134353637695,0.025833457708358765,0.03718152401370389,-0.33373767137527466,0.026387929916381836,-0.017422538796836307,-0.2635717988014221,0.047043830156326294,-0.04737941044049876,-0.19999760389328003,0.04182887077331543,-0.04975811260419505,-0.2294115126132965,-0.049137264490127563,0.018598200207179616,-0.31468841433525085,-0.04700732231140137,-0.028932774985605647,-0.2523428499698639,-0.021692246198654175,-0.0312568308659138,-0.1942361295223236,-0.02722594141960144,-0.01367589327173846,-0.2068978250026703,-0.13003851473331451,-0.003927898673737218,-0.29045647382736206,-0.13355304300785065,-0.024985544929677417,-0.26716098189353943,-0.10085234045982361,-0.015386071602279117,-0.22923627495765686,-0.0904691219329834,0.0022266701921580534,thumbs_down
0.0,0.0,0.0,-0.06713151931762695,0.1457625925540924,-0.0275751283342629,-0.14511197805404663,0.2521941065788269,-0.03935954402635389,-0.22331324219703674,0.3091127872467041,-0.05867634769032293,-0.28872835636138916,0.3244889974594116,-0.07114883567641073,-0.24305632710456848,0.1106279194355011,0.04173797313620753,-0.3253949284553528,0.11782911419868469,-0.006237797992923788,-0.2753996253013611,0.11867764592170715,-0.04585205818960958,-0.2165079116821289,0.10626545548439026,-0.06334978397438817,-0.24619129300117493,0.02943834662437439,0.035202741069099375,-0.34091734886169434,0.029166758060455322,-0.01898500751207166,-0.27410250902175903,0.047435909509658813,-0.0505163488859921,-0.20938101410865784,0.04456520080566406,-0.054919228511550955,-0.236652672290802,-0.04728490114212036,0.017263728571435877,-0.32056725025177,-0.04482203722000122,-0.029362112837532095,-0.2623540759086609,-0.02068844437599182,-0.03361269141981893,-0.20402270555496216,-0.024011164903640747,-0.018380262511470846,-0.21476992964744568,-0.1291668713092804,-0.004719064193466238,-0.2964686155319214,-0.13119566440582275,-0.026462285401919416,-0.2726329565048218,-0.09964947402477264,-0.01859199124822908,-0.23217684030532837,-0.08899706602096558,-0.0024907191699981013,thumbs_down
0.0,0.0,0.0,-0.06989037990570068,0.14757394790649414,-0.025977538666666078,-0.1484522819519043,0.2569223642349243,-0.037600237644255685,-0.22484883666038513,0.3184797167778015,-0.058039873606503534,-0.2905092239379883,0.3318116068840027,-0.07206901512199693,-0.2436087727546692,0.10447177290916443,0.04484944813793845,-0.3274107575416565,0.11363470554351807,-0.005567696644902753,-0.2801400423049927,0.11700770258903503,-0.046861450887263345,-0.22157487273216248,0.10552433133125305,-0.06464650086218171,-0.24616029858589172,0.02482229471206665,0.036886606597363425,-0.3436513841152191,0.026792258024215698,-0.02067941590303235,-0.2736467123031616,0.04731002449989319,-0.05296003422790818,-0.20756438374519348,0.04217219352722168,-0.056476011640370416,-0.23640432953834534,-0.05082958936691284,0.017276879631936026,-0.32525116205215454,-0.04893898963928223,-0.032310090727150964,-0.2633114159107208,-0.022647202014923096,-0.03597050882035546,-0.20193979144096375,-0.026695966720581055,-0.01867244741970353,-0.21445810794830322,-0.1312026083469391,-0.00623445189648919,-0.3007161021232605,-0.13503621518611908,-0.028312409064710664,-0.27869752049446106,-0.10136355459690094,-0.0191933789765244,-0.2394195795059204,-0.0896959900856018,-0.0015096948491191142,thumbs_down
0.0,0.0,0.0,-0.0700344443321228,0.14676615595817566,-0.025971728464696753,-0.15019339323043823,0.25434809923171997,-0.037723657762740004,-0.2277982532978058,0.3148791193962097,-0.05788629976484572,-0.2947651147842407,0.3304499387741089,-0.07162414220545088,-0.24794065952301025,0.1067722737789154,0.04305842416908945,-0.3316124677658081,0.1159195601940155,-0.006491001317385781,-0.2822526693344116,0.11933273077011108,-0.04735641655895506,-0.22332662343978882,0.1065288782119751,-0.065424432134364,-0.250367134809494,0.02602487802505493,0.035304280841614855,-0.3465554118156433,0.027025282382965088,-0.019697704440091002,-0.2782922387123108,0.04790404438972473,-0.05107856271240507,-0.2145337164402008,0.04328429698944092,-0.05511752617928778,-0.2399277687072754,-0.051218509674072266,0.016058097505833757,-0.32600152492523193,-0.048302024602890015,-0.030584258115027296,-0.2656441330909729,-0.021641165018081665,-0.03337968615267073,-0.20792219042778015,-0.02607494592666626,-0.01701177572283541,-0.2168075442314148,-0.13376711308956146,-0.007196160120997774,-0.30157604813575745,-0.13577845692634583,-0.027204468002651083,-0.2778654396533966,-0.10008107125759125,-0.017244513234231817,-0.23867186903953552,-0.08842712640762329,0.00017359139712880278,thumbs_down
0.0,0.0,0.0,-0.07055437564849854,0.1489739716053009,-0.024909672118099024,-0.1521817445755005,0.25698480010032654,-0.035780562809975436,-0.22872737050056458,0.31824061274528503,-0.05558868383553772,-0.2952423691749573,0.334806352853775,-0.06899027784851341,-0.24826210737228394,0.10664966702461243,0.04498561958286018,-0.3321037292480469,0.11545944213867188,-0.004795513837905219,-0.28411799669265747,0.1192655861377716,-0.04584510137823372,-0.22381311655044556,0.1090923547744751,-0.0635477553823307,-0.2505367398262024,0.02541327476501465,0.03678339461299629,-0.34767794609069824,0.026482313871383667,-0.01963239794162064,-0.277556449174881,0.04758527874946594,-0.051298945001633456,-0.21088546514511108,0.044154971837997437,-0.05487002318290024,-0.2397690713405609,-0.05161508917808533,0.01712818744096012,-0.3303912281990051,-0.05083802342414856,-0.03047838693049698,-0.269101619720459,-0.024150222539901733,-0.03280463328150063,-0.20753487944602966,-0.02741989493370056,-0.015386300883562853,-0.21658644080162048,-0.13377346098423004,-0.006474005780489733,-0.30333268642425537,-0.14091643691062927,-0.026923228777320674,-0.28453314304351807,-0.10650968551635742,-0.01709730250325947,-0.24800992012023926,-0.09263738989830017,0.0006040542849063968,thumbs_down
0.0,0.0,0.0,-0.07267194986343384,0.1500193476676941,-0.023270012501598103,-0.15557336807250977,0.2580135464668274,-0.032987825263262494,-0.2350212037563324,0.3175695538520813,-0.05155385627222131,-0.3010115921497345,0.3316619396209717,-0.0636792738623626,-0.24894103407859802,0.10710850358009338,0.047353744816064136,-0.3348197937011719,0.11553147435188293,-0.0012230521933815908,-0.28749555349349976,0.11923500895500183,-0.04210074587535928,-0.22688889503479004,0.10927048325538635,-0.06003484471511911,-0.2520057260990143,0.025467276573181152,0.03870302469658782,-0.3508584499359131,0.02700859308242798,-0.015539470750809414,-0.2838571071624756,0.04743793606758118,-0.04776621206474374,-0.21788713335990906,0.045148611068725586,-0.052500564295769436,-0.24224033951759338,-0.05222588777542114,0.01882697113978793,-0.3320951461791992,-0.05082613229751587,-0.027425115618825657,-0.27276161313056946,-0.024769872426986694,-0.030869176302076085,-0.21274378895759583,-0.027833163738250732,-0.01491099006307195,-0.21925240755081177,-0.1353292614221573,-0.004837702184886439,-0.3059956729412079,-0.14053717255592346,-0.02510848983001779,-0.28462934494018555,-0.10612340271472931,-0.015599420916259987,-0.24615421891212463,-0.09308922290802002,0.001532694401248591,thumbs_down
0.0,0.0,0.0,-0.07296693325042725,0.1504756510257721,-0.02390938953010391,-0.15590381622314453,0.2602525055408478,-0.033232735027354465,-0.2339434027671814,0.32012292742729187,-0.052011461485903965,-0.3007003664970398,0.33548977971076965,-0.06455027081517528,-0.2527705430984497,0.10878404974937439,0.05131123445482899,-0.33449822664260864,0.11556372046470642,0.0020577823512439863,-0.28721100091934204,0.1198413074016571,-0.039871377427857624,-0.22712862491607666,0.10863098502159119,-0.05837480120806049,-0.25521305203437805,0.025972753763198853,0.042004378955084576,-0.3531619608402252,0.026266783475875854,-0.01520310856847118,-0.2849932610988617,0.04901224374771118,-0.0493582762077267,-0.2162756323814392,0.04431593418121338,-0.05404110767392467,-0.24422535300254822,-0.05202046036720276,0.02092626548858334,-0.33323168754577637,-0.05172368884086609,-0.02860492796150993,-0.27205613255500793,-0.022906124591827393,-0.03362319760469745,-0.2091296911239624,-0.02590319514274597,-0.01709108382908653,-0.22061094641685486,-0.1349639892578125,-0.00394433273447703,-0.30746063590049744,-0.13993008434772491,-0.025740358535927044,-0.2863992750644684,-0.10347458720207214,-0.016764554683845745,-0.24656382203102112,-0.08921012282371521,0.0007849601448697285,thumbs_down
0.0,0.0,0.0,-0.07450437545776367,0.1511935293674469,-0.02199559590968647,-0.15694957971572876,0.2603185772895813,-0.030391699887843515,-0.23686981201171875,0.31884872913360596,-0.04811350560936489,-0.30282673239707947,0.3328617811203003,-0.05952894619855442,-0.24880513548851013,0.10913583636283875,0.0517007938846632,-0.33340364694595337,0.11801683902740479,0.003518279388515566,-0.28720492124557495,0.12125414609909058,-0.03764762661609211,-0.22731459140777588,0.11015486717224121,-0.05556587807092228,-0.2522132396697998,0.026455551385879517,0.04251513697948894,-0.3514809310436249,0.02867412567138672,-0.01220221749696293,-0.2859596014022827,0.04881277680397034,-0.04582441157850781,-0.2194591462612152,0.04512131214141846,-0.051056723363728906,-0.24258753657341003,-0.05237513780593872,0.022028830580381964,-0.33259281516075134,-0.050571978092193604,-0.025285381145806696,-0.2731276750564575,-0.024346858263015747,-0.029975350268216516,-0.21189135313034058,-0.028194725513458252,-0.014070648022027399,-0.21959608793258667,-0.13698923587799072,-0.0020696572233305233,-0.3069978356361389,-0.14229527115821838,-0.02242725274714985,-0.28679633140563965,-0.10698020458221436,-0.01309851302954712,-0.24844524264335632,-0.09350760281085968,0.004188664469836567,thumbs_down
0.0,0.0,0.0,-0.07054424285888672,0.15247595310211182,-0.027189810100992418,-0.15001314878463745,0.26399296522140503,-0.03826056075473616,-0.22913327813148499,0.3248724937438965,-0.05829182294388602,-0.2963850498199463,0.33945363759994507,-0.07184392613550017,-0.24707373976707458,0.11000025272369385,0.049676235493222975,-0.3306203782558441,0.11920437216758728,-0.0010834064260620835,-0.2849888503551483,0.12116655707359314,-0.043920811537702775,-0.22588440775871277,0.1079481840133667,-0.06262014460941145,-0.25065797567367554,0.026266902685165405,0.0419106629751127,-0.34924954175949097,0.02888205647468567,-0.017102953318556047,-0.28061479330062866,0.048850953578948975,-0.05189017978688071,-0.21218985319137573,0.042434871196746826,-0.05648795915027449,-0.2412654459476471,-0.051959097385406494,0.02193850624183824,-0.3310341238975525,-0.051266252994537354,-0.02950892624636481,-0.26962271332740784,-0.02400985360145569,-0.03465895754476378,-0.20629239082336426,-0.028012573719024658,-0.017447350818713403,-0.2190997302532196,-0.1359950751066208,-0.0020755760297674897,-0.30625760555267334,-0.14141932129859924,-0.024843057889540887,-0.28584587574005127,-0.105776846408844,-0.01596318771322558,-0.24657288193702698,-0.09110651910305023,0.0019502829135831234,thumbs_down
0.0,0.0,0.0,-0.07043880224227905,0.15454229712486267,-0.02459231477087087,-0.15322011709213257,0.26551127433776855,-0.034790434798651404,-0.23263368010520935,0.32498031854629517,-0.0538980745882327,-0.29800739884376526,0.3446734547615051,-0.06656302224700994,-0.2498357594013214,0.11321723461151123,0.04518971506649905,-0.3364260792732239,0.12348487973213196,-0.004699203575455613,-0.28804856538772583,0.12576687335968018,-0.04569865476196355,-0.22676339745521545,0.114493727684021,-0.06310598265235967,-0.2534455358982086,0.02975142002105713,0.03665856931502276,-0.35227662324905396,0.033108264207839966,-0.019304462632590003,-0.2830387353897095,0.051829129457473755,-0.051316426059656806,-0.21599817276000977,0.04665800929069519,-0.05521944995825834,-0.24440032243728638,-0.049899935722351074,0.016655375325626665,-0.335369348526001,-0.048137515783309937,-0.031739183625631995,-0.27294835448265076,-0.023136138916015625,-0.03489622186725683,-0.21071702241897583,-0.028733164072036743,-0.017785604035907454,-0.22225823998451233,-0.13593211770057678,-0.007221204618417687,-0.3110021948814392,-0.14166103303432465,-0.02876758474712915,-0.28916114568710327,-0.10751965641975403,-0.0190497961998517,-0.24931657314300537,-0.09446214139461517,-0.00116646747892446,thumbs_down
0.0,0.0,0.0,-0.07027488946914673,0.15418529510498047,-0.024158302555690625,-0.1534373164176941,0.264712929725647,-0.034667223553071835,-0.2321086823940277,0.32408982515335083,-0.05404822141946397,-0.2976037859916687,0.34397387504577637,-0.06720284731210313,-0.25119665265083313,0.11247026920318604,0.04371823011814513,-0.3374757468700409,0.12354245781898499,-0.0067883281511171845,-0.2865597903728485,0.1265110969543457,-0.04775872812689386,-0.22456598281860352,0.11348593235015869,-0.06515524149955354,-0.2543580234050751,0.029118329286575317,0.03447030871092238,-0.3533453941345215,0.03187435865402222,-0.02150592566550813,-0.2829388678073883,0.05149593949317932,-0.052679546038518765,-0.21636521816253662,0.045216917991638184,-0.05593509958208642,-0.24514281749725342,-0.051237404346466064,0.013799358298172137,-0.3344377875328064,-0.04924142360687256,-0.033713839809308865,-0.2702418863773346,-0.023574233055114746,-0.035364374379526,-0.21003147959709167,-0.030140668153762817,-0.017768626893769124,-0.22249957919120789,-0.138096883893013,-0.010774568515728333,-0.3097492456436157,-0.14007699489593506,-0.031177660311470845,-0.2822010815143585,-0.1048707664012909,-0.019847264374504903,-0.2410210371017456,-0.09426313638687134,-0.0011846035261555699,thumbs_down
0.0,0.0,0.0,-0.07043009996414185,0.1522330939769745,-0.022880358015981983,-0.15580695867538452,0.2606392502784729,-0.03134959503063328,-0.23355334997177124,0.31916749477386475,-0.048957354714957546,-0.2960995137691498,0.3600292205810547,-0.06048276959904797,-0.25258687138557434,0.11508983373641968,0.04474886194816463,-0.33766674995422363,0.12730672955513,-0.004065094375846456,-0.28809431195259094,0.12714973092079163,-0.04383308752426274,-0.22636395692825317,0.11398795247077942,-0.06036600409993298,-0.2568646967411041,0.0306093692779541,0.03520377040854328,-0.35351213812828064,0.03485545516014099,-0.020630696182934116,-0.2835544943809509,0.05287107825279236,-0.05231811045655377,-0.21567955613136292,0.04671645164489746,-0.05590758412131436,-0.24807918071746826,-0.04927098751068115,0.014523713523658444,-0.3363282382488251,-0.04714411497116089,-0.03381592719802029,-0.27306610345840454,-0.022307932376861572,-0.03746943487772114,-0.2104034125804901,-0.02887699007987976,-0.02084537348696358,-0.2267894744873047,-0.13548216223716736,-0.009812938375262092,-0.31388840079307556,-0.13965065777301788,-0.03140270649441845,-0.29030150175094604,-0.10495512187480927,-0.021891930466381382,-0.2489015758037567,-0.0924253761768341,-0.004287197580424618,thumbs_down
0.0,0.0,0.0,-0.06957632303237915,0.15136662125587463,-0.022952501338409093,-0.15496522188186646,0.25846362113952637,-0.03219138332872262,-0.23126253485679626,0.31665706634521484,-0.050383123245524075,-0.2938563823699951,0.354034423828125,-0.062338309970186856,-0.25261208415031433,0.11237597465515137,0.04152675471038947,-0.338005006313324,0.12625396251678467,-0.0074703140672909285,-0.2872014045715332,0.12605878710746765,-0.04650713005332818,-0.22611373662948608,0.11219918727874756,-0.062529555198239,-0.25612887740135193,0.028407633304595947,0.032001697781993244,-0.35184985399246216,0.033990323543548584,-0.02281338409750333,-0.281353235244751,0.05113944411277771,-0.052685602244423535,-0.21552962064743042,0.04362767934799194,-0.05542681613235345,-0.2466011941432953,-0.051804959774017334,0.01140890395970473,-0.33453553915023804,-0.04953700304031372,-0.03530764454274049,-0.2711784243583679,-0.024702847003936768,-0.03712772079973092,-0.2106822431087494,-0.03190016746520996,-0.019884395089434292,-0.22430571913719177,-0.13879011571407318,-0.012942733850763943,-0.3115721344947815,-0.14491336047649384,-0.03276502960591188,-0.2897524833679199,-0.109760582447052,-0.022441452976750043,-0.25127625465393066,-0.09700620174407959,-0.0047339034755395915,thumbs_down
0.0,0.0,0.0,-0.06856250762939453,0.15107789635658264,-0.021345221499529998,-0.15573596954345703,0.25597360730171204,-0.028657411287156265,-0.23182597756385803,0.3111427128314972,-0.04530390637609116,-0.2912372350692749,0.357650488615036,-0.05612443300577752,-0.25262823700904846,0.10987657308578491,0.042770237599881966,-0.33681681752204895,0.12668895721435547,-0.004887979539660137,-0.2848391830921173,0.12632104754447937,-0.04301649245115868,-0.22375500202178955,0.1122732162475586,-0.058586119736162345,-0.2562200725078583,0.026748836040496826,0.032220915829213936,-0.35213416814804077,0.033939093351364136,-0.02261045860740296,-0.28030073642730713,0.05181223154067993,-0.05261545913907639,-0.21285277605056763,0.04403957724571228,-0.05513009714576356,-0.24603834748268127,-0.05243900418281555,0.010895741110118706,-0.3352287709712982,-0.05081537365913391,-0.036763749147382896,-0.27061137557029724,-0.024911433458328247,-0.03992481070253007,-0.20832228660583496,-0.030871450901031494,-0.02307442675027005,-0.2233433723449707,-0.13768544793128967,-0.013942260357168834,-0.31180328130722046,-0.14539946615695953,-0.03511722671481721,-0.2910192608833313,-0.10949622094631195,-0.025901359567967575,-0.2519756555557251,-0.09471303224563599,-0.008681138108102004,thumbs_down
0.0,0.0,0.0,-0.06966835260391235,0.148685485124588,-0.02282067535315946,-0.15791934728622437,0.2530161738395691,-0.030379956195702107,-0.23574134707450867,0.3115577697753906,-0.04709602480625108,-0.29426342248916626,0.3639259934425354,-0.05780560484026864,-0.25074249505996704,0.10912084579467773,0.04394682163501784,-0.3350100517272949,0.12500613927841187,-0.0024569677921135735,-0.28210845589637756,0.12375393509864807,-0.03993607645725206,-0.22275561094284058,0.1089622974395752,-0.05585589593147233,-0.2561207413673401,0.028151482343673706,0.03437825331593558,-0.3541540503501892,0.03603962063789368,-0.018744475747098477,-0.2828449010848999,0.052778929471969604,-0.04820630660151437,-0.21728074550628662,0.04397234320640564,-0.05126995926593736,-0.24705788493156433,-0.04985255002975464,0.0138373946970205,-0.34081369638442993,-0.04695764183998108,-0.03231896048282579,-0.2776457667350769,-0.02124086022377014,-0.035146347785939724,-0.21639573574066162,-0.026900678873062134,-0.018894454071869404,-0.2250491976737976,-0.13352112472057343,-0.01054116206114486,-0.3141065835952759,-0.1421045958995819,-0.031252160275926144,-0.2938869595527649,-0.10428164899349213,-0.022950548286189587,-0.25470757484436035,-0.08635631203651428,-0.007063802870561631,thumbs_down
0.0,0.0,0.0,-0.07251167297363281,0.15040302276611328,-0.01974880450228511,-0.16026544570922852,0.2537115514278412,-0.02580191881219207,-0.23770368099212646,0.31105032563209534,-0.04181369335213958,-0.2953471541404724,0.36379507184028625,-0.05270295158783256,-0.24978291988372803,0.10536059737205505,0.04754692747434319,-0.3346204161643982,0.12259966135025024,0.0016428293957346796,-0.2840155363082886,0.12303540110588074,-0.03660523460069953,-0.22485589981079102,0.10902297496795654,-0.05306914017359077,-0.2545391321182251,0.0252743661403656,0.036385622464024436,-0.35431528091430664,0.03325119614601135,-0.017166964121258843,-0.28544238209724426,0.05216372013092041,-0.04880220384160339,-0.21916252374649048,0.044510215520858765,-0.053161329932606805,-0.24643748998641968,-0.052406638860702515,0.014641902997993839,-0.3419152796268463,-0.04788556694984436,-0.03076257311562358,-0.2800073027610779,-0.02190205454826355,-0.03460691810408889,-0.2186424434185028,-0.02788648009300232,-0.019179809250033486,-0.2254505753517151,-0.13574592769145966,-0.01076417636880933,-0.3151889741420746,-0.14030472934246063,-0.030191882856286156,-0.29444289207458496,-0.10366007685661316,-0.021220368675983536,-0.255348265171051,-0.08964958786964417,-0.0050618302711313845,thumbs_down
0.0,0.0,0.0,-0.07088816165924072,0.14946693181991577,-0.021642540948676015,-0.1579573154449463,0.2540283203125,-0.029607770400332356,-0.2333104908466339,0.3168494701385498,-0.04700064602701559,-0.2884824275970459,0.3749880790710449,-0.05906899589507475,-0.24698758125305176,0.10797902941703796,0.04390270691902742,-0.329639732837677,0.129125714302063,-0.0011029521880914217,-0.2784733474254608,0.12843415141105652,-0.03836913722960844,-0.2203480303287506,0.11264872550964355,-0.054681982280897046,-0.25242704153060913,0.030050724744796753,0.03399612438471422,-0.3493295907974243,0.04124823212623596,-0.018113999994682217,-0.2796904146671295,0.05766332149505615,-0.04794964882938757,-0.214723140001297,0.04749742150306702,-0.05179983321039572,-0.24418658018112183,-0.0457226037979126,0.013554053013933753,-0.3372069001197815,-0.04043298959732056,-0.03058577831296816,-0.27552059292793274,-0.015718936920166016,-0.03335535097329512,-0.21501058340072632,-0.023036956787109375,-0.017884900229262257,-0.22364768385887146,-0.12690852582454681,-0.010655498499261284,-0.3106224238872528,-0.13375477492809296,-0.028996595548676396,-0.2914276719093323,-0.09834082424640656,-0.01985638159720793,-0.2537761330604553,-0.0840686559677124,-0.004081443319307709,thumbs_down
0.0,0.0,0.0,-0.07002627849578857,0.14904877543449402,-0.02091886815065891,-0.15721720457077026,0.25341570377349854,-0.02793754231566936,-0.23213595151901245,0.31461429595947266,-0.04451331649357826,-0.28637611865997314,0.3715364933013916,-0.05564980361992866,-0.24699777364730835,0.10771632194519043,0.04526601206129044,-0.3296651840209961,0.12503916025161743,-0.0001740012990580908,-0.2780410945415497,0.12447041273117065,-0.037251425575561825,-0.21979478001594543,0.10892507433891296,-0.053126694303102795,-0.252110093832016,0.02793082594871521,0.03495877083008736,-0.3494964838027954,0.03544139862060547,-0.01798723791176826,-0.2786099314689636,0.05392330884933472,-0.047431947331972424,-0.21369370818138123,0.04472297430038452,-0.05046527985865623,-0.24355348944664001,-0.04896044731140137,0.01400754540776461,-0.33710747957229614,-0.04607129096984863,-0.03099140864247829,-0.2736196517944336,-0.019449591636657715,-0.03305196915204078,-0.2131119966506958,-0.025921642780303955,-0.016659706499524418,-0.2225826382637024,-0.13186275959014893,-0.010637717921383683,-0.3098929226398468,-0.13971984386444092,-0.02932268347973377,-0.28837379813194275,-0.10208931565284729,-0.019656460400767628,-0.2500590682029724,-0.08649000525474548,-0.0032964692396149076,thumbs_down
0.0,0.0,0.0,-0.06969201564788818,0.14755240082740784,-0.02306781506513289,-0.15837061405181885,0.25502029061317444,-0.03137148527775935,-0.2326396107673645,0.3237443268299103,-0.04863694666300944,-0.28350433707237244,0.3887105882167816,-0.06042980758820704,-0.24931716918945312,0.11086830496788025,0.044012326911342825,-0.3294382691383362,0.12868192791938782,-0.0006700175104015216,-0.2773955464363098,0.12677106261253357,-0.037659205332147394,-0.21975892782211304,0.11148065328598022,-0.05398842303429774,-0.256021648645401,0.03356945514678955,0.034961518064392294,-0.35113346576690674,0.04402363300323486,-0.01702618768786124,-0.2806952893733978,0.05881038308143616,-0.046975441112863336,-0.21644327044487,0.04784014821052551,-0.050815939739095484,-0.24846422672271729,-0.04191642999649048,0.015295595094812597,-0.3400776982307434,-0.03617009520530701,-0.029482615947472368,-0.2783355712890625,-0.014130860567092896,-0.03290688230072192,-0.21802732348442078,-0.022919446229934692,-0.01763142070149115,-0.22902193665504456,-0.12168602645397186,-0.008085408083843504,-0.31493863463401794,-0.1263681799173355,-0.027352252810942446,-0.2931978106498718,-0.09351217746734619,-0.018605600878345285,-0.25387686491012573,-0.08207835257053375,-0.0028877619874947413,thumbs_down
0.0,0.0,0.0,-0.06967449188232422,0.14638835191726685,-0.02031370373737218,-0.15798890590667725,0.25336694717407227,-0.027002412176841517,-0.23128676414489746,0.32010191679000854,-0.04318302432369592,-0.28166529536247253,0.38329803943634033,-0.0547053844697416,-0.24610215425491333,0.10650554299354553,0.04411377450156806,-0.32639628648757935,0.12526151537895203,-1.5810121510639874e-05,-0.27470576763153076,0.12351971864700317,-0.03700524876188638,-0.2163364589214325,0.10672250390052795,-0.0535469346709192,-0.2526650130748749,0.029485434293746948,0.03356896405745147,-0.3497709035873413,0.04036229848861694,-0.01783296400975587,-0.280086487531662,0.0565931499004364,-0.04751883754801156,-0.21429580450057983,0.043999433517456055,-0.051420211143010874,-0.2451820969581604,-0.046377718448638916,0.01280533028472064,-0.3391380310058594,-0.04034090042114258,-0.03139339695047738,-0.27683013677597046,-0.016590148210525513,-0.03465207973789575,-0.21564379334449768,-0.026008546352386475,-0.019549786395543833,-0.22563371062278748,-0.12672394514083862,-0.011444655529373904,-0.3124942183494568,-0.13006964325904846,-0.03078086609315278,-0.28848621249198914,-0.09499655663967133,-0.021815174541586657,-0.24716654419898987,-0.0836760550737381,-0.006165189019554873,thumbs_down
0.0,0.0,0.0,-0.07013046741485596,0.14593005180358887,-0.01833432967578119,-0.15896177291870117,0.25387513637542725,-0.02535584996257967,-0.22937360405921936,0.3242418169975281,-0.042152422096478404,-0.27562159299850464,0.3929290771484375,-0.05430190878723806,-0.24794739484786987,0.10769960284233093,0.0428927889206534,-0.32705339789390564,0.12606927752494812,0.00034959198637807276,-0.2740437984466553,0.12755027413368225,-0.0344617651662702,-0.21613654494285583,0.11231398582458496,-0.04977923500155157,-0.25436052680015564,0.03227454423904419,0.03179735076810175,-0.348649799823761,0.04482334852218628,-0.016866665881025256,-0.27879640460014343,0.06222739815711975,-0.044089561875807703,-0.21574118733406067,0.0493713915348053,-0.047060663428055705,-0.2470645308494568,-0.042241036891937256,0.01096363124634081,-0.337272584438324,-0.03210669755935669,-0.030624786939370097,-0.2744790315628052,-0.008821547031402588,-0.03197954463576025,-0.2147342562675476,-0.02006322145462036,-0.016564179759370745,-0.22805866599082947,-0.12115202844142914,-0.013195470522987307,-0.31412649154663086,-0.12304757535457611,-0.030576807062971056,-0.2903304100036621,-0.08964452147483826,-0.02022342252348608,-0.24917685985565186,-0.08068439364433289,-0.003971370018916787,thumbs_down
0.0,0.0,0.0,-0.0706210732460022,0.13958868384361267,-0.013419191968068844,-0.15995484590530396,0.24466776847839355,-0.018808512632176644,-0.22612068057060242,0.31910109519958496,-0.03467318663410879,-0.26655256748199463,0.3926597833633423,-0.04689905667714811,-0.24351319670677185,0.09991630911827087,0.044268903638794654,-0.320351243019104,0.11680355668067932,0.002838968149944776,-0.2679011821746826,0.11650824546813965,-0.032088110838458306,-0.20816686749458313,0.10031989216804504,-0.04788031676821447,-0.24903061985969543,0.026999741792678833,0.031146363671496147,-0.3417227268218994,0.03902062773704529,-0.014235164653882748,-0.2718599736690521,0.05494806170463562,-0.040386034790799386,-0.2090776562690735,0.04148903489112854,-0.04394544536285139,-0.2423708438873291,-0.04681110382080078,0.008895309026911491,-0.3323332965373993,-0.03656059503555298,-0.0283528665643189,-0.26976051926612854,-0.015192925930023193,-0.028052990008518464,-0.21200335025787354,-0.027121692895889282,-0.013538381699845559,-0.22395280003547668,-0.12445791065692902,-0.01641528928689695,-0.30884823203086853,-0.12444759905338287,-0.03062703708224035,-0.2829247713088989,-0.09256020188331604,-0.018728566039726502,-0.24250975251197815,-0.08575567603111267,-0.002697027204931146,thumbs_down
0.0,0.0,0.0,-0.06975734233856201,0.14153793454170227,-0.015244748653458373,-0.15768510103225708,0.2460954487323761,-0.02071885785608174,-0.22443899512290955,0.3196767270565033,-0.036472017155574576,-0.26465579867362976,0.39418891072273254,-0.04825519232599618,-0.24296200275421143,0.10233953595161438,0.04588623137624381,-0.3184017539024353,0.11838796734809875,0.006458621727688296,-0.26600897312164307,0.11866223812103271,-0.027003353671716468,-0.2087523639202118,0.10532251000404358,-0.04221401198356034,-0.24932217597961426,0.02899053692817688,0.03423962534816383,-0.3416935205459595,0.03903484344482422,-0.011347936676429526,-0.2722621262073517,0.05565112829208374,-0.03812588586060883,-0.2090517282485962,0.043496280908584595,-0.04166918082682969,-0.24146562814712524,-0.044366687536239624,0.013376412703109963,-0.3325716257095337,-0.038446247577667236,-0.025587273971723334,-0.27206891775131226,-0.015918105840682983,-0.027898246632503287,-0.2119373381137848,-0.02539682388305664,-0.013910976448642032,-0.2223113775253296,-0.1212770938873291,-0.010465380014466064,-0.30695733428001404,-0.12538407742977142,-0.026684599207328574,-0.2869352102279663,-0.09376019239425659,-0.017596343742297904,-0.24771863222122192,-0.08458654582500458,-0.0027944952953475877,thumbs_down
0.0,0.0,0.0,-0.07028883695602417,0.13870403170585632,-0.012590651574384992,-0.16125792264938354,0.24297946691513062,-0.017275389457893198,-0.22543582320213318,0.3176776170730591,-0.03259504603857977,-0.26184993982315063,0.39380621910095215,-0.044157978321266,-0.24449026584625244,0.11192181706428528,0.04400869068985003,-0.321999728679657,0.128920316696167,0.0016611713805900763,-0.2639714479446411,0.12475058436393738,-0.03169436025137884,-0.20747485756874084,0.10578584671020508,-0.046494212175559824,-0.24907037615776062,0.03898423910140991,0.03028436919038313,-0.34002166986465454,0.048704564571380615,-0.017769312660050218,-0.2630472183227539,0.05947303771972656,-0.042272780264568155,-0.20360153913497925,0.0435272753238678,-0.04376395809168798,-0.24116891622543335,-0.036335647106170654,0.007435382169830973,-0.33014529943466187,-0.027358949184417725,-0.03128794225568754,-0.2617557644844055,-0.00898134708404541,-0.028464861388158624,-0.20624014735221863,-0.020712703466415405,-0.01174294500316364,-0.2215641736984253,-0.11539499461650848,-0.018340259964418237,-0.30311399698257446,-0.11156338453292847,-0.03203337284440977,-0.27035486698150635,-0.08056885004043579,-0.018345620657157724,-0.22895225882530212,-0.07640740275382996,-0.0009769249584792306,thumbs_down
0.0,0.0,0.0,-0.06940615177154541,0.1310272514820099,-0.013176502901728782,-0.16622400283813477,0.23177671432495117,-0.015917742866690787,-0.2308228611946106,0.30692875385284424,-0.029132876787002715,-0.26585060358047485,0.38353073596954346,-0.038238208982761535,-0.2465677261352539,0.10203427076339722,0.04528410708564934,-0.3248482644557953,0.11838197708129883,0.0038009926121276294,-0.26656845211982727,0.11500200629234314,-0.02814971120994869,-0.2093256115913391,0.09602206945419312,-0.04172388488393608,-0.25331953167915344,0.029615044593811035,0.03209324901956734,-0.3475300371646881,0.0378153920173645,-0.014883144069131049,-0.27011778950691223,0.051503926515579224,-0.03796264553409401,-0.20878419280052185,0.038199394941329956,-0.037903703990991744,-0.2462831735610962,-0.04493534564971924,0.009560680706385938,-0.3378024101257324,-0.03726789355278015,-0.0281116648201305,-0.26934540271759033,-0.016617387533187866,-0.024450829494412574,-0.21304115653038025,-0.02636966109275818,-0.006752961557026538,-0.22685447335243225,-0.12260878086090088,-0.01608866291087452,-0.31136277318000793,-0.12277582287788391,-0.02825906896930519,-0.28018718957901,-0.08935993909835815,-0.014177945684309634,-0.23875164985656738,-0.08055728673934937,0.003396620033640829,thumbs_down
0.0,0.0,0.0,-0.07012015581130981,0.1383265256881714,-0.011568839219876281,-0.15916770696640015,0.23865744471549988,-0.016724823532172195,-0.22393104434013367,0.3130365312099457,-0.03180717725820159,-0.257253497838974,0.3892773687839508,-0.04269179005689239,-0.236924409866333,0.11804318428039551,0.03566040422253991,-0.317143976688385,0.1340736746788025,-0.00474513557321643,-0.2597745358943939,0.12496346235275269,-0.035987690580554954,-0.20314913988113403,0.10884931683540344,-0.04979336683220481,-0.24286571145057678,0.044039398431777954,0.022874686377576836,-0.33338361978530884,0.05601358413696289,-0.020505277929373733,-0.25934574007987976,0.05812495946884155,-0.04215792615480041,-0.2003135085105896,0.04347988963127136,-0.04439113338059997,-0.23653674125671387,-0.031366050243377686,0.0020578279853680215,-0.3257444500923157,-0.02086886763572693,-0.03172510166234588,-0.26128053665161133,-0.008000612258911133,-0.027381444839306823,-0.20442229509353638,-0.017367184162139893,-0.012217852776416294,-0.21840950846672058,-0.10796889662742615,-0.021809638035961143,-0.2983698844909668,-0.10781678557395935,-0.033754479629465095,-0.2727915644645691,-0.0810774564743042,-0.021137467143603317,-0.23318436741828918,-0.07401980459690094,-0.00587882103911852,thumbs_down
0.0,0.0,0.0,-0.0675729513168335,0.1284293234348297,-0.016325996379123353,-0.15745824575424194,0.22718548774719238,-0.021588658104406022,-0.22127988934516907,0.3031560182571411,-0.03662160144256177,-0.2564251720905304,0.3789106607437134,-0.04741728411124768,-0.2340954840183258,0.10747531056404114,0.03885591297341762,-0.3145500421524048,0.11926576495170593,-0.004727841011003875,-0.25772884488105774,0.11229142546653748,-0.037541982839570665,-0.20185980200767517,0.09359732270240784,-0.05154058069990697,-0.24125808477401733,0.034894973039627075,0.026652756025328017,-0.33920055627822876,0.04095810651779175,-0.023031597147451066,-0.26449012756347656,0.05054613947868347,-0.04754230857895436,-0.2025325894355774,0.03757259249687195,-0.048305642912851,-0.23523178696632385,-0.039622336626052856,0.0051775680568653115,-0.3272250294685364,-0.03268563747406006,-0.03548830852912488,-0.2617841958999634,-0.014596521854400635,-0.03345407278345647,-0.20475134253501892,-0.023517459630966187,-0.01616944105433049,-0.21785032749176025,-0.11615404486656189,-0.019502575631008767,-0.3007259964942932,-0.11596609652042389,-0.03476101637886586,-0.27071520686149597,-0.0852973461151123,-0.02257963561521592,-0.22805961966514587,-0.07703791558742523,-0.0059280582989913455,thumbs_down
0.0,0.0,0.0,-0.06918531656265259,0.12841662764549255,-0.014488678876148242,-0.1529262661933899,0.2188490927219391,-0.023577750179754275,-0.21534430980682373,0.29183998703956604,-0.04216113359092333,-0.2510239779949188,0.3668258488178253,-0.05678393364308931,-0.2327064573764801,0.10340139269828796,0.030756489854468327,-0.31100738048553467,0.11548873782157898,-0.012089113224135417,-0.2574255168437958,0.1108333170413971,-0.04541338652728655,-0.20242291688919067,0.09783235192298889,-0.06042657092569925,-0.23800283670425415,0.03429827094078064,0.018438007231964093,-0.32896292209625244,0.041851550340652466,-0.027151868197904605,-0.2586902678012848,0.04871538281440735,-0.05025681898354151,-0.19877368211746216,0.0391252338886261,-0.053165320757614154,-0.23113644123077393,-0.036940768361091614,-0.0020267655922339145,-0.3185945749282837,-0.028594285249710083,-0.03792487502454378,-0.2563052177429199,-0.013902097940444946,-0.034947485182271976,-0.19956758618354797,-0.02044275403022766,-0.020232378024445552,-0.21278512477874756,-0.10968783497810364,-0.025675029013143558,-0.29174867272377014,-0.11178596317768097,-0.03943222433684923,-0.2678343951702118,-0.08643440902233124,-0.027894337180839557,-0.22983676195144653,-0.07852086424827576,-0.01307898804901697,thumbs_down
0.0,0.0,0.0,-0.0676800012588501,0.12275901436805725,-0.014751351091263132,-0.14761245250701904,0.21050328016281128,-0.023917644868788557,-0.2076612412929535,0.28114748001098633,-0.04214788752346976,-0.24032160639762878,0.352771520614624,-0.056438995178041296,-0.21964260935783386,0.0889938473701477,0.028162220840158625,-0.30215924978256226,0.10214021801948547,-0.012114775951204138,-0.25313299894332886,0.10276088118553162,-0.04378792422562583,-0.1988373100757599,0.09161534905433655,-0.05800015630870803,-0.22382858395576477,0.024266958236694336,0.01710186188370244,-0.31499773263931274,0.03251856565475464,-0.025350791986284094,-0.25106608867645264,0.04444363713264465,-0.04734636249690993,-0.19405609369277954,0.03585901856422424,-0.050484990353879766,-0.21793797612190247,-0.042734816670417786,-0.0018596197498936817,-0.3072807192802429,-0.03505823016166687,-0.03406777756958945,-0.25189104676246643,-0.016628116369247437,-0.03180020454078658,-0.19776871800422668,-0.023032426834106445,-0.018765752787885503,-0.2022254467010498,-0.11290264129638672,-0.024155828754601316,-0.2806990444660187,-0.11791451275348663,-0.03561592253595336,-0.26084840297698975,-0.08661575615406036,-0.025170249517259435,-0.22436943650245667,-0.07369574904441833,-0.011972516427931623,thumbs_down
0.0,0.0,0.0,-0.06163758039474487,0.12255623936653137,-0.017605693466123284,-0.1434226632118225,0.2152593433856964,-0.02624084559744233,-0.20384570956230164,0.28571876883506775,-0.043157262182887735,-0.23707357048988342,0.3579401671886444,-0.05635144693320626,-0.219321608543396,0.09923145174980164,0.02821483890051013,-0.297400563955307,0.11353453993797302,-0.012094602375384511,-0.24732205271720886,0.10866883397102356,-0.04311769959991807,-0.1953284740447998,0.09607857465744019,-0.05691459161704415,-0.22480684518814087,0.030277490615844727,0.017979668998066245,-0.315350204706192,0.036595314741134644,-0.027866696394141854,-0.24687039852142334,0.04618826508522034,-0.05158521739309663,-0.18907040357589722,0.037537187337875366,-0.053921805149968804,-0.21685916185379028,-0.03982800245285034,-0.00026764031741777217,-0.3043021559715271,-0.03538230061531067,-0.03745773566430444,-0.24611827731132507,-0.01758834719657898,-0.037260831720288934,-0.19209504127502441,-0.022066861391067505,-0.023338565058168115,-0.19851374626159668,-0.11195817589759827,-0.021505863792356195,-0.2742961645126343,-0.11459089815616608,-0.03687718642419213,-0.2506578266620636,-0.08619202673435211,-0.027465441650804223,-0.2133798599243164,-0.07609832286834717,-0.013525752737280072,thumbs_down
0.0,0.0,0.0,-0.06234186887741089,0.11815786361694336,-0.01576697787578496,-0.14071160554885864,0.20708110928535461,-0.023856643199280825,-0.19958576560020447,0.276614785194397,-0.03983902333612832,-0.23180121183395386,0.3442813754081726,-0.051928216203407374,-0.21181857585906982,0.09538820385932922,0.025848428175493154,-0.29058608412742615,0.10400983691215515,-0.0113412268304387,-0.24482721090316772,0.10203671455383301,-0.04054877309437188,-0.19434267282485962,0.09163141250610352,-0.053757326289371576,-0.21691179275512695,0.03103417158126831,0.01634570249979106,-0.30417707562446594,0.036243557929992676,-0.02318775987561139,-0.24403822422027588,0.044519782066345215,-0.04411376787658128,-0.1899881362915039,0.0362187922000885,-0.04720990879769715,-0.2114817202091217,-0.035193219780921936,-0.0007135166864031817,-0.2948305904865265,-0.02850472927093506,-0.03143961130018624,-0.24349483847618103,-0.013409316539764404,-0.030476074277714815,-0.19301196932792664,-0.019234299659729004,-0.018847526594356623,-0.1966342031955719,-0.10406903922557831,-0.020907021670893755,-0.2713179588317871,-0.1079951822757721,-0.03215581326122674,-0.25221341848373413,-0.0804489403963089,-0.022832724809006777,-0.21760722994804382,-0.0693303644657135,-0.010764287396625605,thumbs_down
0.0,0.0,0.0,-0.06102555990219116,0.11655324697494507,-0.015270201854605148,-0.14036524295806885,0.20596390962600708,-0.022263581298489044,-0.19807672500610352,0.27408328652381897,-0.03740328028072781,-0.22796279191970825,0.3432007133960724,-0.04899220018853612,-0.2108520269393921,0.09356912970542908,0.029621736712556412,-0.2862403690814972,0.10554569959640503,-0.008338015891808936,-0.2405368983745575,0.10375979542732239,-0.03823562561740346,-0.1908799111843109,0.09303414821624756,-0.05141557230820126,-0.21570315957069397,0.028794050216674805,0.019464151568513444,-0.30404919385910034,0.03411400318145752,-0.02284262179603047,-0.24243754148483276,0.04599267244338989,-0.045657674215931365,-0.18748602271080017,0.03914165496826172,-0.0482709579097218,-0.209071546792984,-0.036818280816078186,0.0016187710992880966,-0.29369086027145386,-0.03233882784843445,-0.03223697318901486,-0.24021506309509277,-0.014253288507461548,-0.032656772427458236,-0.18844032287597656,-0.01879844069480896,-0.02002432792653508,-0.1925448179244995,-0.10471561551094055,-0.019086866073507736,-0.266465961933136,-0.1086035668849945,-0.03190129100551076,-0.2480829358100891,-0.08096109330654144,-0.02315414547194905,-0.21485120058059692,-0.07018189132213593,-0.010457919344503352,thumbs_down
0.0,0.0,0.0,-0.059298932552337646,0.11253735423088074,-0.01461526501913113,-0.13305288553237915,0.19850781559944153,-0.022809299938273853,-0.1886328160762787,0.2636796832084656,-0.038671554364157146,-0.22041642665863037,0.326632559299469,-0.051147991157961314,-0.20392471551895142,0.08869197964668274,0.024746733419704015,-0.2778392732143402,0.10072779655456543,-0.011139306537700122,-0.23634907603263855,0.10049134492874146,-0.03965604428191227,-0.18843847513198853,0.08939483761787415,-0.052468457557154125,-0.20816665887832642,0.02777925133705139,0.014982786662983472,-0.29305461049079895,0.03499576449394226,-0.023588582239938205,-0.23618337512016296,0.04550325870513916,-0.04417495552439732,-0.18322518467903137,0.03787904977798462,-0.04694809887547535,-0.20191442966461182,-0.035339146852493286,-0.0019328225822050626,-0.28179487586021423,-0.027952462434768677,-0.03214029345650715,-0.23255717754364014,-0.011928796768188477,-0.03192424524564785,-0.18374451994895935,-0.01763594150543213,-0.020666762553048557,-0.18659523129463196,-0.10173751413822174,-0.0217459120972876,-0.25902673602104187,-0.10462260246276855,-0.03254337731738133,-0.24238786101341248,-0.07591947913169861,-0.023662085942817157,-0.2102910578250885,-0.06292138993740082,-0.01192007709283871,thumbs_down
0.0,0.0,0.0,-0.05585259199142456,0.10998564958572388,-0.013884807946851652,-0.12290477752685547,0.19239771366119385,-0.022898434671333234,-0.1753067970275879,0.2541212737560272,-0.039453418004086416,-0.20801207423210144,0.3143370449542999,-0.052819681363871496,-0.19236242771148682,0.08741667866706848,0.022868822318741877,-0.2644568681716919,0.1012786328792572,-0.012124616662731569,-0.22510170936584473,0.10198783874511719,-0.03984041978674213,-0.17942631244659424,0.09227684140205383,-0.052235250371268194,-0.1958911120891571,0.029209792613983154,0.013351681632229884,-0.27641600370407104,0.03743767738342285,-0.023674377250245016,-0.22257280349731445,0.04634326696395874,-0.043878615843823354,-0.1727457046508789,0.03966158628463745,-0.0472611049290208,-0.19064435362815857,-0.03137508034706116,-0.002986329152008693,-0.2657141387462616,-0.022921830415725708,-0.03175141756491939,-0.2187533974647522,-0.009059816598892212,-0.031635326343348424,-0.17280495166778564,-0.014179199934005737,-0.02131310758250038,-0.17688041925430298,-0.09519757330417633,-0.02210377437131683,-0.24559563398361206,-0.09653641283512115,-0.032208354222348134,-0.23036599159240723,-0.07068099081516266,-0.023462698804905813,-0.2009085714817047,-0.05881708860397339,-0.012208732786348264,thumbs_down
0.0,0.0,0.0,-0.052555739879608154,0.10928428173065186,-0.015881697321788124,-0.12093663215637207,0.19233551621437073,-0.0246350920298255,-0.17393457889556885,0.25399255752563477,-0.04041827344383364,-0.20578742027282715,0.3133465051651001,-0.05243021124090319,-0.19048050045967102,0.08583530783653259,0.02358881137286062,-0.261541485786438,0.09811234474182129,-0.012810751470283321,-0.21843037009239197,0.0971684455871582,-0.04048190885271197,-0.1715686321258545,0.08678814768791199,-0.05224778004969721,-0.19386804103851318,0.026907622814178467,0.015122259361191936,-0.2739614248275757,0.03467777371406555,-0.024002453918114952,-0.21687427163124084,0.04418832063674927,-0.043691276247159294,-0.16778293251991272,0.03597107529640198,-0.04527523987974291,-0.18825143575668335,-0.03332671523094177,-0.0006693347478403666,-0.2640934884548187,-0.025277823209762573,-0.031410443271056465,-0.21418169140815735,-0.00970354676246643,-0.029551685462251953,-0.16879555583000183,-0.0155620276927948,-0.016787024820700935,-0.1739288568496704,-0.09693245589733124,-0.019354016194597534,-0.2416122853755951,-0.09666004776954651,-0.030793158943311028,-0.2220011055469513,-0.07010166347026825,-0.021230091015354446,-0.19143971800804138,-0.06049665808677673,-0.008438139828399471,thumbs_down
0.0,0.0,0.0,-0.050029218196868896,0.1045028567314148,-0.017052193421704942,-0.11277949810028076,0.1862606406211853,-0.02723627469299572,-0.16456881165504456,0.2456551194190979,-0.04352192885039585,-0.19660252332687378,0.30212152004241943,-0.05606364018080967,-0.1825738549232483,0.08773019909858704,0.01763289117457134,-0.25320619344711304,0.10067242383956909,-0.016881284553392106,-0.21425920724868774,0.10140746831893921,-0.04306204176305073,-0.17010441422462463,0.09222009778022766,-0.054455134335739785,-0.18643200397491455,0.030462205410003662,0.010311631236390895,-0.26384955644607544,0.038325220346450806,-0.026228948745711023,-0.21072176098823547,0.047118157148361206,-0.044546633276922876,-0.16294798254966736,0.04083359241485596,-0.046561836514456445,-0.18150368332862854,-0.02845585346221924,-0.003931435074491674,-0.25363844633102417,-0.021153897047042847,-0.033097020599825555,-0.20790186524391174,-0.006590217351913452,-0.03233752704022663,-0.16357839107513428,-0.01103430986404419,-0.021437580946667367,-0.16826727986335754,-0.09107494354248047,-0.021040912035687143,-0.23326489329338074,-0.09228445589542389,-0.03300378030894535,-0.21627861261367798,-0.06783263385295868,-0.025440941814167672,-0.18636927008628845,-0.05764584243297577,-0.01453809465078848,thumbs_down
0.0,0.0,0.0,-0.048771023750305176,0.10539186000823975,-0.016948093633686767,-0.11286431550979614,0.18723881244659424,-0.026280210326945053,-0.16404905915260315,0.24602574110031128,-0.04168994070175813,-0.19453340768814087,0.30248045921325684,-0.05320703328732179,-0.18270394206047058,0.08817797899246216,0.019452161182130112,-0.25210556387901306,0.10005456209182739,-0.015241027783190475,-0.21160554885864258,0.0995408296585083,-0.04128590316656755,-0.1671067774295807,0.08938074111938477,-0.0523132802653663,-0.1858113706111908,0.030419647693634033,0.01221583227481915,-0.2616485357284546,0.03631186485290527,-0.024661323960458503,-0.20755526423454285,0.04553937911987305,-0.042539847056900726,-0.1602710485458374,0.03908038139343262,-0.04357801095727609,-0.1805492639541626,-0.027748525142669678,-0.0021288455199055534,-0.2510634958744049,-0.021041035652160645,-0.03087516778293775,-0.20350238680839539,-0.006353706121444702,-0.028468850042258964,-0.15996938943862915,-0.01165783405303955,-0.01616042011562513,-0.1669168770313263,-0.08999916911125183,-0.019413125674759613,-0.23093777894973755,-0.09007319808006287,-0.03033362792018579,-0.2111203372478485,-0.06605502963066101,-0.021163524102007614,-0.18094682693481445,-0.05771905183792114,-0.008940985399817691,thumbs_down
0.0,0.0,0.0,-0.048014044761657715,0.09852075576782227,-0.017628320331311897,-0.10707223415374756,0.1775459349155426,-0.028592833156324104,-0.15634027123451233,0.23326414823532104,-0.04520108441505499,-0.18815571069717407,0.28480076789855957,-0.058105337272024826,-0.17383766174316406,0.085336834192276,0.01337455415483646,-0.2415475845336914,0.09683859348297119,-0.02221314127240248,-0.20407268404960632,0.09702876210212708,-0.048576931307650284,-0.16178816556930542,0.08705994486808777,-0.05972899014744826,-0.1766352355480194,0.029670387506484985,0.006559200280719324,-0.25101780891418457,0.035982340574264526,-0.030827280903793053,-0.20065850019454956,0.04439571499824524,-0.04870480189714499,-0.15484485030174255,0.038257479667663574,-0.05037871266398497,-0.17159762978553772,-0.02640622854232788,-0.007097147709316687,-0.24029910564422607,-0.01998230814933777,-0.036870288501120285,-0.19646477699279785,-0.005826175212860107,-0.036225638190842346,-0.1537313163280487,-0.009934306144714355,-0.02530268284175463,-0.15933144092559814,-0.08571866154670715,-0.023593622098303513,-0.22202488780021667,-0.08801867067813873,-0.0357209954658515,-0.20599374175071716,-0.06321604549884796,-0.028548654938674645,-0.1771833896636963,-0.051149219274520874,-0.018016352156735138,thumbs_down
0.0,0.0,0.0,-0.04595077037811279,0.0991048812866211,-0.018338298923140428,-0.10597920417785645,0.17752018570899963,-0.028951058662300966,-0.1551879644393921,0.23387211561203003,-0.04486511511242952,-0.18569430708885193,0.28664129972457886,-0.056764828539257906,-0.17370787262916565,0.08464223146438599,0.014714399785930254,-0.24122586846351624,0.09525150060653687,-0.019780453792577646,-0.2026810646057129,0.09407055377960205,-0.04519824547207918,-0.16072040796279907,0.0848616361618042,-0.05591001597679224,-0.17608413100242615,0.029320240020751953,0.008770246491963007,-0.24876943230628967,0.033951520919799805,-0.027443590140705965,-0.1978798508644104,0.041808515787124634,-0.04457708684242334,-0.15322589874267578,0.03754299879074097,-0.045717200762396715,-0.17090341448783875,-0.025961756706237793,-0.004101157220816276,-0.238153338432312,-0.02007889747619629,-0.03250377488768663,-0.1934584379196167,-0.007535278797149658,-0.0303839710865077,-0.15190809965133667,-0.011601895093917847,-0.018660454577570817,-0.15842440724372864,-0.08474256098270416,-0.019922441369658372,-0.21938800811767578,-0.0854722261428833,-0.03116616656518545,-0.2016632854938507,-0.06416860222816467,-0.022994518778091333,-0.1734699010848999,-0.05569218099117279,-0.011667548245554826,thumbs_down
0.0,0.0,0.0,-0.04487735033035278,0.09573841094970703,-0.01890663555792571,-0.10259014368057251,0.1731964647769928,-0.03033987744680644,-0.15081864595413208,0.22819286584854126,-0.04640421210757495,-0.18121075630187988,0.2779077887535095,-0.05840247063866855,-0.1694057285785675,0.08627372980117798,0.01010516346462964,-0.2357344627380371,0.09530466794967651,-0.023659716685926924,-0.19877859950065613,0.09210672974586487,-0.04828190742961169,-0.15806671977043152,0.0836140513420105,-0.058729662885582457,-0.17165613174438477,0.03164789080619812,0.004997422127360096,-0.24277347326278687,0.03714212775230408,-0.03018947071365119,-0.19477739930152893,0.042073190212249756,-0.047031361004030714,-0.15213817358016968,0.039000123739242554,-0.04885755791298152,-0.16627472639083862,-0.02286955714225769,-0.006641981983250389,-0.2324352264404297,-0.016875863075256348,-0.03472854508987666,-0.19168061017990112,-0.006622731685638428,-0.0339865827464223,-0.15165024995803833,-0.00881946086883545,-0.023771900077974806,-0.15407925844192505,-0.08009956777095795,-0.021069645275986204,-0.21368667483329773,-0.08116927742958069,-0.0329838575326562,-0.20020771026611328,-0.061722248792648315,-0.026640865346109877,-0.17488619685173035,-0.05142849683761597,-0.016959707578337202,thumbs_down
0.0,0.0,0.0,-0.043608903884887695,0.09601637721061707,-0.018797574713573795,-0.10151249170303345,0.17229700088500977,-0.0299281218645433,-0.15020567178726196,0.22775161266326904,-0.045727953463540416,-0.179488867521286,0.2785651683807373,-0.057176090925679546,-0.16959479451179504,0.08338531851768494,0.011991299540056843,-0.23576289415359497,0.09460720419883728,-0.02101858720158134,-0.1982884407043457,0.0902780294418335,-0.04521802827690635,-0.15813621878623962,0.08092409372329712,-0.055496659278617244,-0.1719346046447754,0.0302046537399292,0.007150641493751664,-0.24169746041297913,0.03631383180618286,-0.027351146712646823,-0.1926898956298828,0.04029950499534607,-0.04349301770304237,-0.15100574493408203,0.03658440709114075,-0.044819425940261226,-0.16618624329566956,-0.02298438549041748,-0.004330177474514585,-0.2316862940788269,-0.016948044300079346,-0.03171386584614311,-0.1902993619441986,-0.006547331809997559,-0.030096123143778186,-0.15085259079933167,-0.008848875761032104,-0.019319350048647266,-0.15347224473953247,-0.07935287058353424,-0.018646396845326763,-0.21271347999572754,-0.08114190399646759,-0.02973380513464008,-0.19967886805534363,-0.05979323387145996,-0.02292119167719875,-0.17496243119239807,-0.04772913455963135,-0.01295263428215776,thumbs_down
0.0,0.0,0.0,-0.04354977607727051,0.09419083595275879,-0.016902226127911035,-0.09779393672943115,0.17019551992416382,-0.02695210940413517,-0.14453840255737305,0.2214902639389038,-0.04155281289689583,-0.17370983958244324,0.26871371269226074,-0.05253592237107796,-0.16181373596191406,0.08653923869132996,0.011394136480760153,-0.2241201400756836,0.09367167949676514,-0.019674318947124902,-0.19078749418258667,0.09116840362548828,-0.04334307565562767,-0.15270841121673584,0.08400517702102661,-0.05390907182567162,-0.16491973400115967,0.03337657451629639,0.005937474675249632,-0.23316943645477295,0.0377250611782074,-0.0267653047221188,-0.1878851056098938,0.042665034532547,-0.04313209383957428,-0.14622917771339417,0.04030904173851013,-0.04548405586950821,-0.16012907028198242,-0.019410669803619385,-0.005599429469782535,-0.22290033102035522,-0.014397799968719482,-0.03204333885781807,-0.18403226137161255,-0.004518955945968628,-0.031597455136704866,-0.1449354588985443,-0.005984067916870117,-0.022322272055077974,-0.1481916308403015,-0.07453741133213043,-0.01971309921913189,-0.20470666885375977,-0.07726949453353882,-0.031383813463378374,-0.19033589959144592,-0.05823962390422821,-0.025368041463423197,-0.16481953859329224,-0.04706209897994995,-0.016321246616769258,thumbs_down
0.0,0.0,0.0,-0.0409466028213501,0.0940309464931488,-0.01618265738798641,-0.09636932611465454,0.1709955930709839,-0.02476722752763294,-0.14329072833061218,0.22389620542526245,-0.03794931626035236,-0.1710664927959442,0.27173280715942383,-0.047273326721921194,-0.16120675206184387,0.08791407942771912,0.014231115522846949,-0.2233341932296753,0.09637686610221863,-0.015614077505603063,-0.18866905570030212,0.09253618121147156,-0.038052167800202596,-0.15082195401191711,0.08470869064331055,-0.04776381706906818,-0.16424322128295898,0.03524455428123474,0.009121154378220808,-0.23079901933670044,0.039079129695892334,-0.022834876608982313,-0.18428054451942444,0.043441206216812134,-0.03829005366279148,-0.14362066984176636,0.04121744632720947,-0.0397139080436375,-0.15894544124603271,-0.01689472794532776,-0.0020947277647849205,-0.21982121467590332,-0.011201858520507812,-0.027870945689215887,-0.17963752150535583,-0.0024833977222442627,-0.02632149500860237,-0.14157328009605408,-0.005054593086242676,-0.016093824115529287,-0.14662441611289978,-0.07198499143123627,-0.015814084616437185,-0.20272108912467957,-0.07253585755825043,-0.026639590096607435,-0.18729591369628906,-0.054505035281181335,-0.019800825101270902,-0.16232937574386597,-0.04567715525627136,-0.010056644734873998,thumbs_down
0.0,0.0,0.0,-0.0409398078918457,0.09088847041130066,-0.015447035913126683,-0.09357243776321411,0.16586589813232422,-0.024360838827448106,-0.13838180899620056,0.21684950590133667,-0.037856775817232347,-0.166762113571167,0.26231908798217773,-0.047826118317203736,-0.15808865427970886,0.0847024917602539,0.01287609011237123,-0.21764075756072998,0.09452468156814575,-0.016050925028281426,-0.18395864963531494,0.09157907962799072,-0.038441456404285645,-0.14698070287704468,0.08370104432106018,-0.048626284596281266,-0.16133350133895874,0.03428596258163452,0.0074364109740088224,-0.22552919387817383,0.039585769176483154,-0.02295987821813128,-0.18062308430671692,0.044608473777770996,-0.03813973769243262,-0.14133480191230774,0.04222419857978821,-0.04037635355885527,-0.15669584274291992,-0.016138702630996704,-0.003862884144069767,-0.2168397307395935,-0.010912895202636719,-0.028134723675208306,-0.1778733730316162,-0.0011427998542785645,-0.02657087847288153,-0.14085304737091064,-0.0029489994049072266,-0.017362705913143373,-0.14518889784812927,-0.0691884309053421,-0.017654872980671144,-0.19981616735458374,-0.07084360718727112,-0.027886053097205377,-0.18366751074790955,-0.05151209235191345,-0.021170718145327783,-0.15870216488838196,-0.041260480880737305,-0.012089047130899644,thumbs_down
0.0,0.0,0.0,-0.04043787717819214,0.09064900875091553,-0.016417122323076683,-0.09131491184234619,0.16521751880645752,-0.026184632319967704,-0.13565918803215027,0.21749934554100037,-0.040417154196660476,-0.16429772973060608,0.2629283368587494,-0.05090429714695688,-0.15571707487106323,0.08203944563865662,0.013047973748285813,-0.21495121717453003,0.09338203072547913,-0.016375551808636146,-0.18108955025672913,0.08990943431854248,-0.038859841290872055,-0.14385268092155457,0.08047905564308167,-0.04883277124540086,-0.15878015756607056,0.031601279973983765,0.008153462905426068,-0.2223118245601654,0.03738683462142944,-0.02259354932979818,-0.17703938484191895,0.04197290539741516,-0.03745767182485338,-0.13814738392829895,0.03778848052024841,-0.039031998131434875,-0.15362775325775146,-0.018334567546844482,-0.0028099293056982333,-0.2130347490310669,-0.012187659740447998,-0.027405147317807632,-0.1742960810661316,-0.00237429141998291,-0.02534434466437574,-0.13815900683403015,-0.005537599325180054,-0.015388321008543926,-0.14142495393753052,-0.07121917605400085,-0.016299138654034095,-0.1959385871887207,-0.0712081640958786,-0.026218616280715423,-0.18037542700767517,-0.05133602023124695,-0.018985989380638557,-0.1561870574951172,-0.04165944457054138,-0.009301891427497821,thumbs_down
0.0,0.0,0.0,-0.03991597890853882,0.09024918079376221,-0.015466679963452634,-0.08911168575286865,0.16350242495536804,-0.024309671628458318,-0.13157904148101807,0.21273165941238403,-0.0373640928000043,-0.15868902206420898,0.25647228956222534,-0.047116794767958936,-0.150501549243927,0.08343425393104553,0.01209146887512702,-0.20714744925498962,0.09220010042190552,-0.01537812888173562,-0.17658427357673645,0.08958321809768677,-0.03687457475362521,-0.14198839664459229,0.08164733648300171,-0.04677133369742137,-0.1537993848323822,0.03427782654762268,0.0070831359781493575,-0.2160336971282959,0.03875160217285156,-0.02228770512638789,-0.17460668087005615,0.044589847326278687,-0.03738764408527118,-0.136714905500412,0.04192325472831726,-0.03983077886996966,-0.14905494451522827,-0.014602094888687134,-0.003589205355552849,-0.20695114135742188,-0.009764313697814941,-0.02741492460964423,-0.1714625060558319,0.000269472599029541,-0.027109152781946477,-0.13596370816230774,-0.0017143487930297852,-0.018923667404038724,-0.1374884843826294,-0.06648628413677216,-0.016636853250844297,-0.1900540292263031,-0.06810003519058228,-0.027039337116463003,-0.17570054531097412,-0.049470722675323486,-0.021406953367574033,-0.15199488401412964,-0.039902567863464355,-0.01320797871349555,thumbs_down
0.0,0.0,0.0,-0.037993788719177246,0.08938610553741455,-0.01603893456183414,-0.08673322200775146,0.1616208255290985,-0.025521865907535357,-0.12891292572021484,0.21192777156829834,-0.03914808002434711,-0.15656131505966187,0.25545036792755127,-0.04917078358255367,-0.14983585476875305,0.0814114511013031,0.012446059983744817,-0.2056540548801422,0.09229987859725952,-0.01559481942229013,-0.17342731356620789,0.08764535188674927,-0.03711533812008838,-0.13834092020988464,0.07782036066055298,-0.04677476626955013,-0.1528925895690918,0.03240311145782471,0.007860989448204236,-0.21297818422317505,0.03767126798629761,-0.02163031404040794,-0.16896697878837585,0.04113161563873291,-0.03587428745947818,-0.13191547989845276,0.036994338035583496,-0.03734541577421169,-0.14796942472457886,-0.01585039496421814,-0.002559751599505944,-0.204152911901474,-0.00975877046585083,-0.02621392798744182,-0.16617095470428467,-0.0008391141891479492,-0.024047677266821665,-0.1317407190799713,-0.0033944249153137207,-0.01432898161135654,-0.1359419822692871,-0.066818967461586,-0.015396775539443297,-0.18718868494033813,-0.06630347669124603,-0.025015056926235957,-0.17161071300506592,-0.048238128423690796,-0.017939616787657542,-0.1490384042263031,-0.03964477777481079,-0.008469466912970347,thumbs_down
0.0,0.0,0.0,-0.037925660610198975,0.0872965157032013,-0.015806683341025973,-0.08440196514129639,0.15874958038330078,-0.025152272546648646,-0.12498408555984497,0.20696356892585754,-0.038467773238181735,-0.15229523181915283,0.2484462559223175,-0.0483124377224442,-0.14502277970314026,0.079048752784729,0.009828326290488576,-0.2007107436656952,0.08754357695579529,-0.017558072695493365,-0.16937822103500366,0.08477771282196045,-0.03818825725650754,-0.13480332493782043,0.07690232992172241,-0.047315374949931766,-0.1474229097366333,0.030824989080429077,0.005287456790000533,-0.20795735716819763,0.035170555114746094,-0.023762154394745494,-0.16621461510658264,0.03973209857940674,-0.03760263789629903,-0.12917444109916687,0.0367942750453949,-0.03912551794385877,-0.1425626277923584,-0.01637512445449829,-0.0047886818665858755,-0.1980879008769989,-0.010376036167144775,-0.027960577050208713,-0.1618427038192749,-0.0022263526916503906,-0.02611981425619092,-0.12725648283958435,-0.005181074142456055,-0.016963538715600635,-0.13119107484817505,-0.06589117646217346,-0.017280370930194522,-0.18229666352272034,-0.06687402725219727,-0.027183634230851794,-0.1681431233882904,-0.05028238892555237,-0.02078643161988225,-0.14537793397903442,-0.04218333959579468,-0.011989035645484591,thumbs_down
0.0,0.0,0.0,-0.03685951232910156,0.08737155795097351,-0.0157320032247128,-0.08504515886306763,0.15919995307922363,-0.024880813283544967,-0.1254534125328064,0.2077750563621521,-0.03792280316136498,-0.15194597840309143,0.24939262866973877,-0.04730100542090554,-0.14644742012023926,0.08147603273391724,0.009937162662225774,-0.20159444212913513,0.08993440866470337,-0.017877785337788055,-0.16856297850608826,0.08618459105491638,-0.038118302670937965,-0.13409441709518433,0.0784151554107666,-0.04693325966380257,-0.14891210198402405,0.03252512216567993,0.005408370552885344,-0.20734605193138123,0.03580281138420105,-0.023770673049313018,-0.16303610801696777,0.03969791531562805,-0.03663004547141213,-0.1277623474597931,0.03756392002105713,-0.037353932706338355,-0.1440272331237793,-0.015249937772750854,-0.004755112657022664,-0.1992129683494568,-0.0104941725730896,-0.027808477950912902,-0.16087567806243896,-0.0025247037410736084,-0.024308567715507934,-0.12772729992866516,-0.004230201244354248,-0.014054255408865401,-0.13214001059532166,-0.06484383344650269,-0.017307985422831962,-0.18152382969856262,-0.06493529677391052,-0.0266690401711287,-0.16549775004386902,-0.04920065402984619,-0.01914948582432885,-0.14405542612075806,-0.04173481464385986,-0.009512912330848167,thumbs_down
0.0,0.0,0.0,-0.03766089677810669,0.08631327748298645,-0.01507125230307338,-0.0836944580078125,0.15728262066841125,-0.02383354021037576,-0.12433826923370361,0.2045082449913025,-0.03638277848983762,-0.15160691738128662,0.24361306428909302,-0.04537602042580602,-0.14348408579826355,0.0793045163154602,0.010298531560351876,-0.19819679856300354,0.08572360873222351,-0.01588698005105016,-0.16714975237846375,0.08224597573280334,-0.03583828633452413,-0.133011132478714,0.07536813616752625,-0.0448182736876106,-0.14542031288146973,0.03165996074676514,0.006022126471748379,-0.20414090156555176,0.03493565320968628,-0.02173671027446744,-0.16336098313331604,0.0376584529876709,-0.035249742621431324,-0.12761831283569336,0.035768091678619385,-0.037078346067914936,-0.14028269052505493,-0.014671355485916138,-0.0036125466580188004,-0.1947234869003296,-0.00971919298171997,-0.02576859568978307,-0.15998375415802002,-0.0029686689376831055,-0.024054105335721943,-0.1266266107559204,-0.004415631294250488,-0.015445094497749778,-0.12862789630889893,-0.06276720762252808,-0.015534041391561004,-0.1781649887561798,-0.0638313889503479,-0.02516306465292928,-0.16467344760894775,-0.04922923445701599,-0.019244722032794925,-0.1433449685573578,-0.04140928387641907,-0.010999701859304878,thumbs_down
0.0,0.0,0.0,-0.037127017974853516,0.08562305569648743,-0.014522188922796886,-0.08352559804916382,0.15630054473876953,-0.022779833173785846,-0.12327569723129272,0.2033585011959076,-0.035069871342216175,-0.14950236678123474,0.24302741885185242,-0.04391013050678794,-0.14327678084373474,0.07844206690788269,0.012207938709821065,-0.19555264711380005,0.08545967936515808,-0.014610205425356071,-0.16317927837371826,0.0815502405166626,-0.034763384258781116,-0.12948834896087646,0.07419919967651367,-0.04374138230684821,-0.14552807807922363,0.03037625551223755,0.007579309286143143,-0.20174938440322876,0.03296598792076111,-0.021012087932263057,-0.1584300398826599,0.03628993034362793,-0.03437216172221724,-0.12376350164413452,0.03440895676612854,-0.035605318492685,-0.1404208242893219,-0.016310513019561768,-0.0025475613050502943,-0.19338709115982056,-0.012737393379211426,-0.025372368863259,-0.15623876452445984,-0.004976898431777954,-0.02264942379895274,-0.12402531504631042,-0.005823105573654175,-0.012951469628546874,-0.12824547290802002,-0.06419694423675537,-0.014871287739310901,-0.1759909987449646,-0.06456732749938965,-0.024155106043849628,-0.1599917709827423,-0.04985108971595764,-0.017073996013436954,-0.13937988877296448,-0.04288932681083679,-0.0078069941349667715,thumbs_down
0.0,0.0,0.0,-0.036932945251464844,0.08537912368774414,-0.012994650564110088,-0.08232593536376953,0.15316247940063477,-0.020572434923565197,-0.12182086706161499,0.19722706079483032,-0.03239629585198145,-0.14672866463661194,0.23641568422317505,-0.041081750578200626,-0.14063626527786255,0.074271559715271,0.01248389687486906,-0.19354957342147827,0.08083406090736389,-0.013213559797918606,-0.16379866003990173,0.07881414890289307,-0.0333448888724206,-0.130321204662323,0.07271704077720642,-0.04244682732871752,-0.14235219359397888,0.028278380632400513,0.007526593470061016,-0.19983351230621338,0.030727267265319824,-0.019604567251121807,-0.1596912443637848,0.03570905327796936,-0.03313515875390749,-0.12394607067108154,0.03482365608215332,-0.03505636546663027,-0.13711979985237122,-0.016405105590820312,-0.0026102103748826266,-0.19033882021903992,-0.012788087129592896,-0.02382162753394823,-0.15605378150939941,-0.004138559103012085,-0.022245969436085034,-0.12286967039108276,-0.0048871636390686035,-0.013952541909134197,-0.12548905611038208,-0.06295886635780334,-0.014946430734312344,-0.17414093017578125,-0.06596612930297852,-0.023671714401757527,-0.16177234053611755,-0.049077749252319336,-0.01762694474211912,-0.14116337895393372,-0.03926020860671997,-0.009495368971442986,thumbs_down
0.0,0.0,0.0,-0.03605163097381592,0.08345356583595276,-0.014312118330394696,-0.08148646354675293,0.15136119723320007,-0.02258015893528409,-0.120327889919281,0.1955999732017517,-0.034733961374854516,-0.14566966891288757,0.23411238193511963,-0.04363231644163079,-0.13968586921691895,0.07385900616645813,0.010419017596746016,-0.19115573167800903,0.07995346188545227,-0.015864334107732248,-0.1603716015815735,0.07767024636268616,-0.03546571269760079,-0.1276000440120697,0.0713261067867279,-0.044118872882222604,-0.1415124535560608,0.026800215244293213,0.005845488941872645,-0.19776272773742676,0.028725892305374146,-0.022225272880291413,-0.15595528483390808,0.03383180499076843,-0.03505387067923493,-0.12133818864822388,0.03221750259399414,-0.036028153301572274,-0.13630461692810059,-0.018529891967773438,-0.004004849625175666,-0.1886102557182312,-0.015401124954223633,-0.0262486590457911,-0.152898907661438,-0.006740272045135498,-0.023638037071918916,-0.12079310417175293,-0.008088886737823486,-0.014233869538998078,-0.12448751926422119,-0.06491026282310486,-0.01604547448584981,-0.1716410219669342,-0.06630682945251465,-0.025207948909496736,-0.1565244495868683,-0.05100005865097046,-0.018375744150375795,-0.13560113310813904,-0.04430270195007324,-0.009389661291038465,thumbs_down
0.0,0.0,0.0,-0.037071049213409424,0.08256310224533081,-0.013143897715281128,-0.0842139720916748,0.14841106534004211,-0.020577133360575317,-0.12258648872375488,0.19211366772651672,-0.031975499081681846,-0.14657118916511536,0.23108306527137756,-0.04017851753837931,-0.14032313227653503,0.07160809636116028,0.01088765756480825,-0.19235461950302124,0.07620880007743835,-0.01434534108943808,-0.1615850329399109,0.07292953133583069,-0.03370004771954882,-0.12837201356887817,0.06703883409500122,-0.04245653255588877,-0.14146658778190613,0.02504405379295349,0.006242472485382677,-0.1971752941608429,0.02678123116493225,-0.01997621982104647,-0.15797892212867737,0.030274152755737305,-0.032924803632568,-0.12378060817718506,0.0297735333442688,-0.03482234730131495,-0.13609975576400757,-0.01988530158996582,-0.003450436943467139,-0.1873948574066162,-0.016142815351486206,-0.023841133999894737,-0.15426307916641235,-0.00853031873703003,-0.022067528876732467,-0.12254691123962402,-0.008333414793014526,-0.013991608943115352,-0.1246793270111084,-0.06574663519859314,-0.015314593638549923,-0.17149171233177185,-0.06742462515830994,-0.02354268423027861,-0.15958958864212036,-0.05238395929336548,-0.017550089123915313,-0.1400528848171234,-0.043494850397109985,-0.009647492046724437,thumbs_down
0.0,0.0,0.0,-0.036150991916656494,0.08184424042701721,-0.013324967838514112,-0.08386290073394775,0.1485675573348999,-0.020662559449363016,-0.12253725528717041,0.19240683317184448,-0.03198612692921188,-0.1461402177810669,0.23245662450790405,-0.040228253483462595,-0.14030206203460693,0.07402077317237854,0.011432513341617323,-0.19112348556518555,0.07853779196739197,-0.013976012609589361,-0.16131272912025452,0.0748145580291748,-0.03297998222677734,-0.12884759902954102,0.06879293918609619,-0.04133789080350425,-0.14211830496788025,0.026761919260025024,0.006627073724132515,-0.19779419898986816,0.02703717350959778,-0.0206105245944741,-0.15690207481384277,0.031014621257781982,-0.03343407648770835,-0.12232673168182373,0.030294716358184814,-0.03448873597352531,-0.13696277141571045,-0.01870483160018921,-0.0033044617359223594,-0.18923205137252808,-0.016876220703125,-0.025120254859018587,-0.15443390607833862,-0.0091666579246521,-0.023156374945926927,-0.12222474813461304,-0.009442508220672607,-0.014219438910174631,-0.1252344250679016,-0.06478261947631836,-0.015256886623490118,-0.17183876037597656,-0.06609237194061279,-0.024420609950709604,-0.1585330367088318,-0.05203467607498169,-0.018187150612163805,-0.1386805772781372,-0.04486954212188721,-0.009630088947403692,thumbs_down
0.0,0.0,0.0,-0.03562206029891968,0.08212217688560486,-0.013795705037836115,-0.0826684832572937,0.14797824621200562,-0.021395156616989652,-0.12179040908813477,0.1913728415966034,-0.032922484437648336,-0.14552506804466248,0.23118790984153748,-0.041237146119300405,-0.13887834548950195,0.07224977016448975,0.011070053567465266,-0.19060444831848145,0.07825672626495361,-0.014585305462304632,-0.15851449966430664,0.07525664567947388,-0.033611096898738424,-0.12588977813720703,0.06895750761032104,-0.04205044777197031,-0.14050143957138062,0.026205778121948242,0.006466550761189183,-0.1961497664451599,0.028282493352890015,-0.020703483829919378,-0.15452918410301208,0.03230714797973633,-0.03316509396833567,-0.12127643823623657,0.03132304549217224,-0.03421830431622652,-0.13557758927345276,-0.018254101276397705,-0.003334415136549751,-0.18804359436035156,-0.014828592538833618,-0.024803648228470365,-0.1520867943763733,-0.007364064455032349,-0.02186636672419695,-0.12075257301330566,-0.008146703243255615,-0.012615105594221632,-0.12439662218093872,-0.06374377012252808,-0.01531534780812649,-0.17061230540275574,-0.06417810916900635,-0.024083745191518346,-0.1546711027622223,-0.0501595139503479,-0.017170036668602506,-0.13394039869308472,-0.04439374804496765,-0.0083309127862492,thumbs_down
0.0,0.0,0.0,-0.03578120470046997,0.08155179023742676,-0.013210962325814535,-0.08258771896362305,0.1475708782672882,-0.020426053353133966,-0.12150144577026367,0.19058915972709656,-0.031603725426379015,-0.14550703763961792,0.2300933301448822,-0.039781464063111116,-0.13897991180419922,0.07336679100990295,0.012108402527388762,-0.18898218870162964,0.07838362455368042,-0.012894553862992097,-0.15918192267417908,0.07537409663200378,-0.03196932541627007,-0.1268996298313141,0.06925451755523682,-0.04056849496859627,-0.1406227946281433,0.026661992073059082,0.007147879540440272,-0.19587156176567078,0.027863800525665283,-0.01955355870026665,-0.15571874380111694,0.03205427527427673,-0.032401395760956575,-0.12125402688980103,0.030843287706375122,-0.03367807882327156,-0.135391503572464,-0.018313825130462646,-0.002971262703198363,-0.18761935830116272,-0.015939384698867798,-0.02443089129823761,-0.15356123447418213,-0.008124828338623047,-0.02259165214795189,-0.121584951877594,-0.0084075927734375,-0.013971509211245348,-0.12354999780654907,-0.06423038244247437,-0.01514250578779297,-0.1699129343032837,-0.06475242972373962,-0.02452607991594391,-0.15585094690322876,-0.051063746213912964,-0.018513399906936456,-0.13530033826828003,-0.044558554887771606,-0.010186394475880434,thumbs_down
0.0,0.0,0.0,-0.035779476165771484,0.080564945936203,-0.013599735400930513,-0.08035492897033691,0.1466672122478485,-0.021249930090561975,-0.11845827102661133,0.19017282128334045,-0.0328448514410411,-0.14459910988807678,0.22681406140327454,-0.04138548178161727,-0.13810619711875916,0.07137975096702576,0.012536476649984252,-0.18704891204833984,0.07688358426094055,-0.012574320375279058,-0.15813639760017395,0.07443678379058838,-0.032071585483208764,-0.12593558430671692,0.06798264384269714,-0.04087756825174438,-0.13953998684883118,0.025413542985916138,0.007871942878409754,-0.19392704963684082,0.02734231948852539,-0.019006763301149476,-0.15443208813667297,0.0317516028881073,-0.032207677788392175,-0.11943143606185913,0.029555946588516235,-0.03357538086856948,-0.1341152787208557,-0.01869410276412964,-0.002042490006715525,-0.1851615309715271,-0.0160062313079834,-0.023499411247030366,-0.15183758735656738,-0.008156001567840576,-0.021944814077869523,-0.11970412731170654,-0.009597092866897583,-0.013375924616411794,-0.12205791473388672,-0.0637369453907013,-0.01407118951465236,-0.1682073473930359,-0.06387323141098022,-0.02350814705278026,-0.15392938256263733,-0.04969188570976257,-0.017599927909031976,-0.1325923204421997,-0.04369392991065979,-0.009199297703162301,thumbs_down
0.0,0.0,0.0,-0.03540438413619995,0.08143970370292664,-0.01364251845649278,-0.08098387718200684,0.1466219425201416,-0.021101303073976396,-0.11935079097747803,0.19014683365821838,-0.032508581552121996,-0.14443787932395935,0.2285321056842804,-0.04087993097624576,-0.13812291622161865,0.07157322764396667,0.012616116878177763,-0.18753555417060852,0.07784232497215271,-0.01197383799723184,-0.15801340341567993,0.07483354210853577,-0.031122244569871782,-0.12583914399147034,0.06826993823051453,-0.039859104576919435,-0.13998860120773315,0.025884151458740234,0.008145726610507609,-0.19437256455421448,0.0279310941696167,-0.0182526275994519,-0.1549033522605896,0.03179040551185608,-0.03140955758414066,-0.12019383907318115,0.029690325260162354,-0.03290948239288127,-0.13473054766654968,-0.01804003119468689,-0.0014887046082208144,-0.1857418417930603,-0.01512715220451355,-0.02254383233508861,-0.15258696675300598,-0.007796943187713623,-0.02119282041809356,-0.12052977085113525,-0.009299993515014648,-0.01293316637298858,-0.12282747030258179,-0.06265917420387268,-0.013247418824050783,-0.16877204179763794,-0.06293657422065735,-0.02266551708004272,-0.15492567420005798,-0.048861920833587646,-0.017041891488645433,-0.13356202840805054,-0.042736560106277466,-0.008901789459798692,thumbs_down
0.0,0.0,0.0,-0.036131322383880615,0.08088254928588867,-0.012252371488671088,-0.08018457889556885,0.14670652151107788,-0.018779306402961993,-0.11713755130767822,0.18964383006095886,-0.029592894679467463,-0.14396119117736816,0.22452804446220398,-0.03748664139823177,-0.13715052604675293,0.07042649388313293,0.015504770250458932,-0.18528154492378235,0.07727810740470886,-0.008958760379414343,-0.1570805013179779,0.07552927732467651,-0.028182686036984705,-0.125482439994812,0.06925210356712341,-0.03682477279619434,-0.13906997442245483,0.02582046389579773,0.010362668232460237,-0.19208672642707825,0.028429031372070312,-0.01577703720943191,-0.1522972285747528,0.03332620859146118,-0.02892398341612079,-0.11838144063949585,0.031100213527679443,-0.030268153837482714,-0.13411325216293335,-0.017844706773757935,-6.65284675278599e-05,-0.184360533952713,-0.014349579811096191,-0.020979369720976138,-0.1496109962463379,-0.006244242191314697,-0.019222630849640154,-0.11824721097946167,-0.007962912321090698,-0.010562210074226641,-0.12198770046234131,-0.06307873129844666,-0.012532247892181658,-0.1673516035079956,-0.0625062882900238,-0.02136598966137626,-0.1517283022403717,-0.04803109169006348,-0.01501598647848823,-0.1309012770652771,-0.04270881414413452,-0.006339361155937695,thumbs_down
0.0,0.0,0.0,-0.035700082778930664,0.0810767114162445,-0.012260592621657906,-0.08100950717926025,0.14590200781822205,-0.018493765112850724,-0.11847209930419922,0.18834659457206726,-0.029021655288431703,-0.14480239152908325,0.22422626614570618,-0.03669111531684166,-0.13717100024223328,0.07027506828308105,0.015614218930807056,-0.18558305501937866,0.07725667953491211,-0.008608034890983163,-0.1577947735786438,0.07534992694854736,-0.02764689278313881,-0.12604114413261414,0.0688788890838623,-0.03620566156217819,-0.1391998529434204,0.025520116090774536,0.010407058443036021,-0.19255498051643372,0.027790725231170654,-0.015488861207757054,-0.15352392196655273,0.03289946913719177,-0.028650594022963105,-0.1189342737197876,0.030841678380966187,-0.03001186352679497,-0.13433164358139038,-0.018204301595687866,-8.312433686796794e-05,-0.18495607376098633,-0.014520227909088135,-0.020901019764039575,-0.15117400884628296,-0.006583184003829956,-0.01970188234457737,-0.11928373575210571,-0.00852850079536438,-0.011437766333017407,-0.12227827310562134,-0.06334376335144043,-0.012620240528974591,-0.16798487305641174,-0.06252390146255493,-0.02193945188531643,-0.15323784947395325,-0.0486314594745636,-0.016251466316077767,-0.1317308247089386,-0.04367682337760925,-0.007968016979191361,thumbs_down
0.0,0.0,0.0,-0.034769535064697266,0.08108097314834595,-0.013248079102538668,-0.07727205753326416,0.14526543021202087,-0.02099105121573075,-0.1144334077835083,0.18813303112983704,-0.0330085508712159,-0.14179852604866028,0.223120778799057,-0.04193042369564637,-0.13376420736312866,0.06837263703346252,0.013757382873393453,-0.1828756332397461,0.07627451419830322,-0.01226528605451449,-0.15420976281166077,0.07392972707748413,-0.032122542727790915,-0.12254443764686584,0.06764736771583557,-0.04077050240715607,-0.13526296615600586,0.024305403232574463,0.009015211258031286,-0.18840378522872925,0.027251064777374268,-0.0185041051544772,-0.14848315715789795,0.0317155122756958,-0.031879441458784186,-0.11569821834564209,0.029889971017837524,-0.03321699203928574,-0.1301243007183075,-0.018713921308517456,-0.001125609497591995,-0.1809951364994049,-0.014978796243667603,-0.023333895597659193,-0.14605939388275146,-0.0070254504680633545,-0.02136273087938889,-0.11522138118743896,-0.008756875991821289,-0.012208765018783652,-0.11836636066436768,-0.06336402893066406,-0.013338867221079909,-0.16400736570358276,-0.0641176700592041,-0.022751709092460715,-0.1507192850112915,-0.04866781830787659,-0.01645463483413323,-0.13171464204788208,-0.04169657826423645,-0.007606716472707831,thumbs_down
0.0,0.0,0.0,-0.035188913345336914,0.08161404728889465,-0.012510855290116751,-0.07978707551956177,0.14611688256263733,-0.01938561962825247,-0.11760294437408447,0.18861231207847595,-0.030465474891485655,-0.1422378122806549,0.22646614909172058,-0.03863250145596453,-0.13508149981498718,0.07033368945121765,0.013763850015578782,-0.18438458442687988,0.07695832848548889,-0.010869848149837935,-0.15615934133529663,0.07453981041908264,-0.030008439513864005,-0.12398403882980347,0.06864398717880249,-0.03852838331741282,-0.1369379460811615,0.025674879550933838,0.008886916023669755,-0.19096064567565918,0.028034299612045288,-0.017164096775474036,-0.15229332447052002,0.03225091099739075,-0.030215200576009238,-0.1179502010345459,0.03084811568260193,-0.031644885036172354,-0.13193824887275696,-0.017528384923934937,-0.0011032254705298783,-0.18210631608963013,-0.013573884963989258,-0.021796214002193892,-0.14846116304397583,-0.006392776966094971,-0.020268824490727866,-0.11667925119400024,-0.007886797189712524,-0.011892207506122077,-0.12029734253883362,-0.061730533838272095,-0.013151799867870295,-0.16519975662231445,-0.06209230422973633,-0.022049530017199004,-0.15272372961044312,-0.048398345708847046,-0.01619886288327166,-0.13321653008460999,-0.04219523072242737,-0.007925837839962924,thumbs_down
0.0,0.0,0.0,-0.034030139446258545,0.08095943927764893,-0.014219179186312658,-0.07665503025054932,0.14646393060684204,-0.022207473772851927,-0.11434584856033325,0.18899983167648315,-0.034018964874832136,-0.1421782672405243,0.22319424152374268,-0.04256171863087843,-0.13356304168701172,0.07159453630447388,0.011814872366102236,-0.18301209807395935,0.07899883389472961,-0.01382877900758217,-0.1536514163017273,0.07667478919029236,-0.03298191856154631,-0.1220209002494812,0.07038155198097229,-0.041291182297555906,-0.1354309618473053,0.02690109610557556,0.0075868238738792115,-0.18828457593917847,0.029971927404403687,-0.019556112024275762,-0.14792156219482422,0.03360861539840698,-0.03223018105634878,-0.11528322100639343,0.031063765287399292,-0.03317922111162375,-0.13067087531089783,-0.016518622636795044,-0.002026661667315466,-0.1812381148338318,-0.012667983770370483,-0.02397966887363623,-0.14628955721855164,-0.0054970383644104,-0.021696291300742132,-0.11576837301254272,-0.007513493299484253,-0.01250883508035372,-0.11917564272880554,-0.06133261322975159,-0.013762345905689699,-0.1643291413784027,-0.06106811761856079,-0.02352982144364546,-0.14882969856262207,-0.04730704426765442,-0.0172876654148979,-0.12841710448265076,-0.04207420349121094,-0.00845250151613186,thumbs_down
0.0,0.0,0.0,-0.034528374671936035,0.08110183477401733,-0.013659874478292977,-0.07867473363876343,0.1457756757736206,-0.020861940028083836,-0.11673629283905029,0.18805593252182007,-0.03198841543675712,-0.14435938000679016,0.22225713729858398,-0.03981499330879501,-0.13514575362205505,0.07100149989128113,0.013071664108025516,-0.18475031852722168,0.07865411043167114,-0.01182967195094875,-0.15563634037971497,0.07650798559188843,-0.03080053398193172,-0.12369981408119202,0.06983593106269836,-0.039135332720292126,-0.13696199655532837,0.026384949684143066,0.00876800852088877,-0.19029313325881958,0.029702097177505493,-0.017475068138850247,-0.15109875798225403,0.03368663787841797,-0.03023065397323421,-0.11758491396903992,0.03145575523376465,-0.031412254588616406,-0.13221454620361328,-0.01689550280570984,-0.0008683519325529687,-0.18231675028800964,-0.012119829654693604,-0.02190647790015987,-0.14861372113227844,-0.004878818988800049,-0.02024119304300598,-0.11741453409194946,-0.006926894187927246,-0.011664138676536595,-0.1208047866821289,-0.06173112988471985,-0.012664191925836121,-0.1662934124469757,-0.06137624382972717,-0.02202552141429237,-0.1527872383594513,-0.04734969139099121,-0.016394482495201146,-0.1324632465839386,-0.0412459671497345,-0.008124019520295178,thumbs_down
0.0,0.0,0.0,-0.03391528129577637,0.08084136247634888,-0.012885781455366896,-0.07760971784591675,0.14750534296035767,-0.01958283081981449,-0.1155482828617096,0.18877387046813965,-0.03016819477412014,-0.14290472865104675,0.22259521484375,-0.03778492331835537,-0.13557597994804382,0.07280626893043518,0.013586407076985552,-0.18205296993255615,0.07974317669868469,-0.010978176708846377,-0.15390163660049438,0.07767230272293091,-0.030032348338096426,-0.12252169847488403,0.07173392176628113,-0.038539126965730475,-0.13733887672424316,0.02753552794456482,0.008896216299802973,-0.1887074112892151,0.0298689603805542,-0.017313853356569098,-0.14950352907180786,0.03458520770072937,-0.03020808331999092,-0.11625486612319946,0.0328182578086853,-0.03149027422401218,-0.1321045160293579,-0.01616501808166504,-0.0010248437603479488,-0.18114042282104492,-0.013668447732925415,-0.02237019732925205,-0.14738649129867554,-0.005636066198348999,-0.020758185986011313,-0.11692234873771667,-0.006781935691833496,-0.012197196933954046,-0.11992809176445007,-0.06067201495170593,-0.012902114059357928,-0.16409549117088318,-0.06069350242614746,-0.02236549973818569,-0.14964240789413452,-0.04689973592758179,-0.016442845094530867,-0.13002070784568787,-0.041013121604919434,-0.007976149659185694,thumbs_down
0.0,0.0,0.0,-0.034194767475128174,0.07999870181083679,-0.012792159142918536,-0.07962238788604736,0.14573535323143005,-0.01901097809059138,-0.11841768026351929,0.1868545114994049,-0.029117008942193934,-0.14526855945587158,0.22091862559318542,-0.03611685362739081,-0.13706651329994202,0.07121255993843079,0.01386896400617843,-0.18444138765335083,0.07791602611541748,-0.010218866440482088,-0.15609362721443176,0.07623323798179626,-0.028718052702970454,-0.12454545497894287,0.0701008141040802,-0.03687229034585471,-0.13867801427841187,0.026119500398635864,0.009320901435785345,-0.1911441683769226,0.02833661437034607,-0.01654261377734656,-0.15195617079734802,0.033343344926834106,-0.02902055000049586,-0.11804664134979248,0.03183642029762268,-0.029925259101219126,-0.13333719968795776,-0.01723378896713257,-0.0004370546175778145,-0.18235155940055847,-0.013982802629470825,-0.02132670235914702,-0.14883479475975037,-0.005739033222198486,-0.0197808875618648,-0.11782512068748474,-0.00699576735496521,-0.011225219155676314,-0.12115645408630371,-0.06174394488334656,-0.012203647094793268,-0.16609162092208862,-0.06201678514480591,-0.02133372639400477,-0.15299618244171143,-0.047911375761032104,-0.015751926499433466,-0.13350075483322144,-0.041315048933029175,-0.00756809515041823,thumbs_down
0.0,0.0,0.0,-0.03302878141403198,0.08048480749130249,-0.013859533692169634,-0.07737648487091064,0.14687049388885498,-0.020637915457058398,-0.11672711372375488,0.18787342309951782,-0.031058314243722407,-0.14486315846443176,0.22125643491744995,-0.03834556321280047,-0.13437169790267944,0.07406783103942871,0.01294118819160417,-0.1837114691734314,0.08061286807060242,-0.011036798345315901,-0.15658748149871826,0.07797706127166748,-0.029956965694594828,-0.1245349645614624,0.07176375389099121,-0.03834159950392291,-0.1364593803882599,0.028873533010482788,0.009113739257287534,-0.18964186310768127,0.03010636568069458,-0.016124316478538958,-0.15245497226715088,0.034565478563308716,-0.02924607413487479,-0.11814665794372559,0.03327402472496033,-0.03095340448098227,-0.13193047046661377,-0.01514783501625061,1.9884262570712963e-05,-0.1820368766784668,-0.012461930513381958,-0.020308987224865405,-0.15004387497901917,-0.004347622394561768,-0.019590896541643588,-0.11839917302131653,-0.00565725564956665,-0.011874046164024321,-0.12081584334373474,-0.06090852618217468,-0.011184177348781077,-0.16590312123298645,-0.061016231775283813,-0.020311110640335528,-0.1529567837715149,-0.04670676589012146,-0.015264813775587527,-0.1325104534626007,-0.040235161781311035,-0.007569762865472285,thumbs_down
0.0,0.0,0.0,-0.03275865316390991,0.08050161600112915,-0.013775397332011607,-0.07738620042800903,0.1471969187259674,-0.020244067774711993,-0.1169312596321106,0.188322514295578,-0.030281273888050464,-0.1447097659111023,0.22194835543632507,-0.03716023662835255,-0.1349576711654663,0.07547664642333984,0.013659425771237466,-0.18301665782928467,0.08097928762435913,-0.010110127979515937,-0.15589511394500732,0.07833287119865417,-0.028779585154353526,-0.12452882528305054,0.07258680462837219,-0.03717884072810307,-0.13708576560020447,0.029520899057388306,0.009730355574191663,-0.1892065405845642,0.03043431043624878,-0.015640245990454105,-0.15124455094337463,0.034912437200546265,-0.02857074910551205,-0.11743184924125671,0.03474181890487671,-0.030157851295172122,-0.13227427005767822,-0.01483619213104248,0.0004995917481380729,-0.18156620860099792,-0.012890458106994629,-0.020386016236244586,-0.14898985624313354,-0.004853874444961548,-0.01938723796754971,-0.11784374713897705,-0.004660069942474365,-0.011412817293404487,-0.12071424722671509,-0.06086525321006775,-0.010761250050364879,-0.1653711199760437,-0.061418116092681885,-0.020445116104184535,-0.1513739824295044,-0.04788509011268616,-0.015276994796096233,-0.13122707605361938,-0.04070743918418884,-0.007450978511570838,thumbs_down
0.0,0.0,0.0,-0.03319227695465088,0.08131498098373413,-0.014993399507176264,-0.07509499788284302,0.14625096321105957,-0.022114002271365507,-0.11486640572547913,0.18708288669586182,-0.03281389841325222,-0.145391047000885,0.21818816661834717,-0.040214955000948294,-0.13075950741767883,0.07327604293823242,0.01403371325247349,-0.18028736114501953,0.07989764213562012,-0.010445602363716944,-0.1532554030418396,0.07780212163925171,-0.03003737808651863,-0.12192186713218689,0.07109594345092773,-0.03879548528678356,-0.13313767313957214,0.029263287782669067,0.010669274130094664,-0.18758255243301392,0.031849026679992676,-0.015802244781326635,-0.15076330304145813,0.036079078912734985,-0.030113025693964346,-0.1167779266834259,0.03368392586708069,-0.03234201216585575,-0.12897327542304993,-0.013635247945785522,0.0018722879376298351,-0.1796184778213501,-0.010048449039459229,-0.020055250390242918,-0.14760169386863708,-0.0026821494102478027,-0.020045305727791174,-0.11602002382278442,-0.005207479000091553,-0.01226393984146057,-0.11843577027320862,-0.05938991904258728,-0.00911832520253597,-0.16491487622261047,-0.05989137291908264,-0.019299172921847685,-0.1513778269290924,-0.04527813196182251,-0.0144218924779409,-0.13009995222091675,-0.03854730725288391,-0.006575449029725178,thumbs_down
0.0,0.0,0.0,-0.03347867727279663,0.08026993274688721,-0.014847668023918459,-0.07623207569122314,0.14433494210243225,-0.022144497508321592,-0.11603543162345886,0.18465271592140198,-0.0330649326985224,-0.14625123143196106,0.21593335270881653,-0.04050687807253439,-0.13255071640014648,0.07213395833969116,0.013513194260980299,-0.18171226978302002,0.07789936661720276,-0.011418382773314306,-0.1525154709815979,0.07461965084075928,-0.030672987127815077,-0.12085112929344177,0.06789475679397583,-0.03916831793836195,-0.13481295108795166,0.027150839567184448,0.009966034306074789,-0.1882449984550476,0.028665244579315186,-0.01712412121347029,-0.14894992113113403,0.03254857659339905,-0.030743817934904882,-0.11521938443183899,0.03132200241088867,-0.03228312837532599,-0.130106121301651,-0.01616722345352173,0.0009724615759694188,-0.18003445863723755,-0.013577312231063843,-0.021307314882193396,-0.1466430425643921,-0.006045043468475342,-0.020251958767090628,-0.11537277698516846,-0.007130652666091919,-0.011639583991978952,-0.11876639723777771,-0.061630576848983765,-0.010161792064224073,-0.16443362832069397,-0.06243392825126648,-0.020241311887417623,-0.15072095394134521,-0.048088014125823975,-0.014831204103444406,-0.13043874502182007,-0.04069235920906067,-0.006541893022273371,thumbs_down
0.0,0.0,0.0,-0.033043086528778076,0.07979866862297058,-0.014922834120767448,-0.0768769383430481,0.14435869455337524,-0.022002486631350848,-0.11725667119026184,0.18459397554397583,-0.03256905090816531,-0.14773792028427124,0.21533215045928955,-0.03960645210750613,-0.13270112872123718,0.07161623239517212,0.012635191783232358,-0.18214046955108643,0.07868075370788574,-0.012101646632032725,-0.1523694396018982,0.07619285583496094,-0.030928259834723804,-0.12052109837532043,0.06826317310333252,-0.03914559271939311,-0.13472557067871094,0.027208596467971802,0.009204994767827657,-0.18857598304748535,0.03051692247390747,-0.01731093612320933,-0.149795800447464,0.03461417555809021,-0.030243627846317622,-0.11622300744056702,0.03070080280303955,-0.031442891925649974,-0.13019824028015137,-0.01584303379058838,0.00033054919626351875,-0.18110215663909912,-0.0117587149143219,-0.02115176630027804,-0.14851778745651245,-0.0034251511096954346,-0.01988632802672896,-0.11750108003616333,-0.00622105598449707,-0.011405202679412696,-0.11932852864265442,-0.061198681592941284,-0.010783319480793807,-0.16556382179260254,-0.06032070517539978,-0.020412510380225513,-0.1518368422985077,-0.044377267360687256,-0.015063245900051925,-0.13064900040626526,-0.037703633308410645,-0.006978808555828664,thumbs_down
0.0,0.0,0.0,-0.03358721733093262,0.08016344904899597,-0.014362706717349738,-0.07688277959823608,0.14455637335777283,-0.021061336536206454,-0.11718755960464478,0.1844552755355835,-0.03144604145387575,-0.14816796779632568,0.2148035168647766,-0.0384550335894005,-0.13309571146965027,0.0718807578086853,0.014976288277409822,-0.18114444613456726,0.07831376791000366,-0.009590770963825435,-0.1528625786304474,0.07504478096961975,-0.02881951807836458,-0.12132900953292847,0.06696879863739014,-0.03728999375204012,-0.13541552424430847,0.026966750621795654,0.01117605258872345,-0.18879589438438416,0.028815865516662598,-0.015638815153636187,-0.15028083324432373,0.033629417419433594,-0.029322231102980822,-0.11590328812599182,0.030631333589553833,-0.030712196517981738,-0.13068673014640808,-0.016076624393463135,0.0018666603991164266,-0.18061551451683044,-0.013272702693939209,-0.02018878227869436,-0.14841225743293762,-0.004724830389022827,-0.01981344251731798,-0.11715400218963623,-0.007244020700454712,-0.011524968695141524,-0.1192193329334259,-0.06116074323654175,-0.009568664159871787,-0.1649312973022461,-0.06099522113800049,-0.019590992395080775,-0.1524469554424286,-0.04542064666748047,-0.014652156185604781,-0.13214737176895142,-0.038731902837753296,-0.006614675659932345,thumbs_down
0.0,0.0,0.0,-0.03415602445602417,0.0794503390789032,-0.014332484894737263,-0.07658612728118896,0.14262232184410095,-0.021341816031679173,-0.11633551120758057,0.18217620253562927,-0.03198581419263746,-0.14668428897857666,0.21272096037864685,-0.03930294744048979,-0.13131624460220337,0.06830954551696777,0.014005396074310283,-0.17933905124664307,0.07557779550552368,-0.010351758891090412,-0.15103846788406372,0.07258573174476624,-0.029779443958148022,-0.11944600939750671,0.06475946307182312,-0.038558146425828,-0.13360139727592468,0.024212032556533813,0.010378383590534668,-0.1865672767162323,0.027337253093719482,-0.015884954923137684,-0.14938542246818542,0.031921952962875366,-0.02978252104793455,-0.11522448062896729,0.02904444932937622,-0.031820601293190975,-0.1290566623210907,-0.018282204866409302,0.0014048655532974408,-0.178096204996109,-0.01450762152671814,-0.019763354652866383,-0.14696374535560608,-0.0057003796100616455,-0.01941209703062441,-0.11589282751083374,-0.007768303155899048,-0.011656093851968308,-0.11792215704917908,-0.06284752488136292,-0.009752423943325539,-0.16359561681747437,-0.06287667155265808,-0.019037580558403988,-0.1515294313430786,-0.04639512300491333,-0.013974380188926716,-0.13099825382232666,-0.038573116064071655,-0.006211159260317345,thumbs_down
0.0,0.0,0.0,-0.033989131450653076,0.0807875394821167,-0.014449537508539834,-0.07645833492279053,0.14362329244613647,-0.02172812610899655,-0.11620363593101501,0.1831391155719757,-0.03277495294844357,-0.14603310823440552,0.21468129754066467,-0.04048921704327313,-0.13048055768013,0.06909021735191345,0.013995334729202114,-0.17876866459846497,0.07652625441551208,-0.011145664155833401,-0.149662584066391,0.07327628135681152,-0.030701810270898022,-0.11753994226455688,0.06540635228157043,-0.039261573702447095,-0.13252383470535278,0.024781614542007446,0.01025100633466991,-0.1854807436466217,0.02772700786590576,-0.016730639860384144,-0.14724716544151306,0.032404035329818726,-0.030522361174575963,-0.11326056718826294,0.029405593872070312,-0.03216116666828839,-0.12800809741020203,-0.017393112182617188,0.0010700642500296453,-0.17793577909469604,-0.014165937900543213,-0.020853541568271794,-0.1457342505455017,-0.0056510865688323975,-0.02015108965372292,-0.11437496542930603,-0.008243203163146973,-0.011779294126085915,-0.11703023314476013,-0.061077892780303955,-0.010285794511787572,-0.16273880004882812,-0.06145176291465759,-0.0199744531515762,-0.15127316117286682,-0.04588159918785095,-0.014714850820951142,-0.1315242350101471,-0.03896591067314148,-0.006527088359348454,thumbs_down
0.0,0.0,0.0,-0.03320890665054321,0.07947340607643127,-0.014620556782716676,-0.07755613327026367,0.14231932163238525,-0.02146304706835167,-0.11776921153068542,0.18219709396362305,-0.03188591199719326,-0.14867112040519714,0.21225261688232422,-0.03886817144953625,-0.13226228952407837,0.06750711798667908,0.013754572432702616,-0.18091139197349548,0.07610860466957092,-0.01089942297690527,-0.15123838186264038,0.07318922877311707,-0.029905892263883516,-0.11914348602294922,0.06442764401435852,-0.038238720323676034,-0.13479885458946228,0.023882240056991577,0.010202789392536715,-0.18811747431755066,0.027567267417907715,-0.015834071960085794,-0.14944007992744446,0.032699376344680786,-0.0287836839517297,-0.11563429236412048,0.029058128595352173,-0.02999213273429291,-0.13072893023490906,-0.01812097430229187,0.0012030775586424625,-0.18041425943374634,-0.013718485832214355,-0.019681408356660768,-0.14726269245147705,-0.0045944154262542725,-0.01822961243593113,-0.11635619401931763,-0.007709592580795288,-0.0097060187792124,-0.11992475390434265,-0.062205880880355835,-0.010075819965237542,-0.16553351283073425,-0.061148107051849365,-0.019226069848770067,-0.15153345465660095,-0.04511284828186035,-0.013543082687789365,-0.1304091215133667,-0.03927171230316162,-0.005208300713235303,thumbs_down
0.0,0.0,0.0,-0.03373903036117554,0.08096984028816223,-0.014604563888497069,-0.07627618312835693,0.14425954222679138,-0.02200265514511557,-0.11623349785804749,0.18398034572601318,-0.03311395372111292,-0.1471301019191742,0.21434801816940308,-0.040875875454730703,-0.12996751070022583,0.06941050291061401,0.01305902929198055,-0.17912557721138,0.07852938771247864,-0.012225412827319815,-0.149588942527771,0.075155109167099,-0.03155983711440058,-0.11744022369384766,0.06632038950920105,-0.03993747110325785,-0.1325373351573944,0.025769203901290894,0.00923803628575115,-0.1863883137702942,0.02967923879623413,-0.017530509334392264,-0.1474921703338623,0.0342506468296051,-0.030804050218648626,-0.11368104815483093,0.030159950256347656,-0.03211432794887514,-0.12864267826080322,-0.016249001026153564,3.1791221317689633e-06,-0.1795264482498169,-0.011497288942337036,-0.02167073364216776,-0.14596819877624512,-0.0032092928886413574,-0.020372391742057516,-0.11451226472854614,-0.007046401500701904,-0.011707269650287344,-0.11804300546646118,-0.059759289026260376,-0.011462891538030817,-0.16387706995010376,-0.05879253149032593,-0.021307638910002424,-0.15011915564537048,-0.04331353306770325,-0.01570011588592024,-0.12867814302444458,-0.03799253702163696,-0.007206387881524279,thumbs_down
0.0,0.0,0.0,-0.03359830379486084,0.08060383796691895,-0.013785193433278664,-0.07647216320037842,0.14325568079948425,-0.020517664720529183,-0.11595237255096436,0.1828157901763916,-0.031229202394598587,-0.14676859974861145,0.21288388967514038,-0.03868507104110108,-0.13105559349060059,0.06808516383171082,0.015614987591987983,-0.17973029613494873,0.07705119252204895,-0.00925792263936387,-0.1510947048664093,0.07491409778594971,-0.028693512772434815,-0.11938226222991943,0.06673601269721985,-0.037143445332759484,-0.13336575031280518,0.0250205397605896,0.011534169557279483,-0.1864032745361328,0.028125017881393433,-0.015048168358617886,-0.14761507511138916,0.03426462411880493,-0.028612018321865662,-0.11430969834327698,0.03127998113632202,-0.0299853372771679,-0.12929090857505798,-0.016678273677825928,0.0019489238120229402,-0.18027454614639282,-0.012805253267288208,-0.0196974060882269,-0.14691543579101562,-0.003257274627685547,-0.01871257903169976,-0.11586326360702515,-0.006149977445602417,-0.01009975908439742,-0.11850729584693909,-0.060722410678863525,-0.009789840077274903,-0.16507652401924133,-0.06043213605880737,-0.01939632067572461,-0.15171703696250916,-0.044231921434402466,-0.013774699290507897,-0.1310102641582489,-0.03793132305145264,-0.005225871914291247,thumbs_down
0.0,0.0,0.0,-0.03376579284667969,0.08064496517181396,-0.01372400862953782,-0.07586276531219482,0.14333894848823547,-0.02076824387393117,-0.11488199234008789,0.18287304043769836,-0.03190233563861966,-0.14576119184494019,0.21297171711921692,-0.03991961857161641,-0.12965160608291626,0.06767842173576355,0.014864064698599577,-0.17866331338882446,0.07723158597946167,-0.010596278178013563,-0.15007594227790833,0.07510295510292053,-0.030382065156913995,-0.11810904741287231,0.06671836972236633,-0.038958739543772936,-0.1319558322429657,0.024732351303100586,0.010537940954350233,-0.18525904417037964,0.028294920921325684,-0.016401888857103586,-0.14639487862586975,0.03440821170806885,-0.03003928629539132,-0.11291474103927612,0.031010985374450684,-0.03144828235588193,-0.12812203168869019,-0.017066776752471924,0.0007084133141006532,-0.17966130375862122,-0.012681663036346436,-0.02127076690874219,-0.14574596285820007,-0.0033251941204071045,-0.020121928358889818,-0.11430111527442932,-0.006721466779708862,-0.011365681009806394,-0.11742258071899414,-0.06089884042739868,-0.011280453818358183,-0.16416588425636292,-0.06017693877220154,-0.021364556679941415,-0.15001848340034485,-0.04415467381477356,-0.015668978969074487,-0.1284266710281372,-0.03845533728599548,-0.006966481505401134,thumbs_down
0.0,0.0,0.0,-0.033331990242004395,0.08099362254142761,-0.013778096735535428,-0.0749201774597168,0.14356136322021484,-0.020539849735854432,-0.11421769857406616,0.18280860781669617,-0.03136778410529928,-0.14548170566558838,0.21197548508644104,-0.038914063684700295,-0.1285964846611023,0.0686468780040741,0.015708258636237815,-0.17802822589874268,0.0791681706905365,-0.008806165047047898,-0.15061825513839722,0.07737359404563904,-0.028087852262018487,-0.11937323212623596,0.06916171312332153,-0.03643763970589475,-0.13089504837989807,0.02631455659866333,0.011727086529077724,-0.1841377317905426,0.03113958239555359,-0.014799249097762868,-0.14697468280792236,0.03636777400970459,-0.028826184310076997,-0.11357888579368591,0.031874656677246094,-0.030598558224795624,-0.12763652205467224,-0.0149211585521698,0.002230186508910492,-0.1788620948791504,-0.009446144104003906,-0.019154097624181077,-0.14723360538482666,-0.0006390511989593506,-0.019093375392316148,-0.11583486199378967,-0.005286604166030884,-0.011170344166515633,-0.11834800243377686,-0.058861345052719116,-0.009479705914912984,-0.16502931714057922,-0.05746236443519592,-0.019032062701938912,-0.15399706363677979,-0.04143404960632324,-0.014354621730802819,-0.1334613561630249,-0.03634515404701233,-0.006539477706013486,thumbs_down
0.0,0.0,0.0,-0.033094704151153564,0.08063921332359314,-0.0138970346115741,-0.07570242881774902,0.1428784430027008,-0.020617418263128684,-0.11523517966270447,0.18189206719398499,-0.031280257079771445,-0.14648473262786865,0.210688978433609,-0.03847860944645731,-0.1304364800453186,0.06889042258262634,0.015562893550821855,-0.17938020825386047,0.07914590835571289,-0.009313239056638167,-0.1511934995651245,0.0762709379196167,-0.028688686240485595,-0.11954441666603088,0.06806889176368713,-0.03701440272109835,-0.13255640864372253,0.02539125084877014,0.011634400773772313,-0.1855664849281311,0.02963387966156006,-0.015411948125830577,-0.14737629890441895,0.034895896911621094,-0.029396668348482535,-0.11386555433273315,0.031818896532058716,-0.03090429705756037,-0.12844336032867432,-0.01602885127067566,0.0022229845244226,-0.18003427982330322,-0.0119381844997406,-0.019699538398555205,-0.14787137508392334,-0.0028246939182281494,-0.019182967294028686,-0.11636516451835632,-0.005508691072463989,-0.010699775341919349,-0.11776888370513916,-0.05980202555656433,-0.00934072238581507,-0.16416242718696594,-0.05983084440231323,-0.01917334300654261,-0.1549680233001709,-0.044295668601989746,-0.014369930412641452,-0.13682082295417786,-0.03766772150993347,-0.0062785137370440225,thumbs_down
0.0,0.0,0.0,-0.030588865280151367,0.08096632361412048,-0.014801708450193019,-0.07427501678466797,0.14625772833824158,-0.02116443629341802,-0.11484870314598083,0.18456301093101501,-0.03123405615764341,-0.14721742272377014,0.21205690503120422,-0.03787497098522863,-0.13077235221862793,0.07483237981796265,0.014721683757727533,-0.17874452471733093,0.08508190512657166,-0.010449333516532988,-0.14865797758102417,0.08363622426986694,-0.029278921363527388,-0.11726367473602295,0.07457205653190613,-0.037067789984519095,-0.13310381770133972,0.03204536437988281,0.011004064763312726,-0.18565386533737183,0.035601526498794556,-0.015996201363975615,-0.1460483968257904,0.04151338338851929,-0.02886540668981752,-0.11295753717422485,0.03665688633918762,-0.029325619740063757,-0.12974616885185242,-0.00984981656074524,0.001557075251241713,-0.17973309755325317,-0.004882514476776123,-0.021051315990860076,-0.1445210874080658,0.004280805587768555,-0.01975633989053449,-0.11338368058204651,-0.000780254602432251,-0.010482172881836505,-0.11995124816894531,-0.054896920919418335,-0.010122435567552657,-0.16641390323638916,-0.051200538873672485,-0.02055818255024633,-0.1497296690940857,-0.03563404083251953,-0.014855948676938624,-0.1265294849872589,-0.032070040702819824,-0.005907163424069495,thumbs_down
0.0,0.0,0.0,-0.030837595462799072,0.08047690987586975,-0.01485341387260064,-0.072604238986969,0.14511099457740784,-0.021664119981409158,-0.11301273107528687,0.1844063401222229,-0.0319872011469613,-0.1460082232952118,0.2113826870918274,-0.03868164467084512,-0.12869682908058167,0.0737224817276001,0.01397960381191865,-0.1771554946899414,0.08340233564376831,-0.010755967073322381,-0.14676758646965027,0.0801050066947937,-0.029508772961975183,-0.11508315801620483,0.0710814893245697,-0.0375283134208928,-0.13162368535995483,0.02984565496444702,0.010511331535695945,-0.18401691317558289,0.033345937728881836,-0.01564173745381936,-0.1440860629081726,0.037845462560653687,-0.02814956168103322,-0.1111045777797699,0.03434273600578308,-0.028960220240236367,-0.1278437077999115,-0.012347668409347534,0.001486482723436211,-0.17800283432006836,-0.008342713117599487,-0.020142564274550523,-0.14383932948112488,-0.00013786554336547852,-0.01821788186597928,-0.11329588294029236,-0.0030350685119628906,-0.009116394169808473,-0.11736252903938293,-0.056907474994659424,-0.009738366775394525,-0.16321468353271484,-0.05615633726119995,-0.019514064960361566,-0.1482653021812439,-0.04076722264289856,-0.013522650771022882,-0.1271243691444397,-0.03456255793571472,-0.004758796844811286,thumbs_down
0.0,0.0,0.0,-0.031495869159698486,0.0797739028930664,-0.014366277494133328,-0.07472866773605347,0.1451200544834137,-0.020718759857714986,-0.11559024453163147,0.18367540836334229,-0.03054259624391875,-0.14900892972946167,0.21033215522766113,-0.03676520753711543,-0.13078445196151733,0.07546305656433105,0.013543575070201541,-0.17766860127449036,0.08468234539031982,-0.010766461492181634,-0.14490768313407898,0.08200550079345703,-0.028582605533898686,-0.11343502998352051,0.07314690947532654,-0.036040690728128766,-0.13381677865982056,0.031644970178604126,0.010060263797043945,-0.18392381072044373,0.03587666153907776,-0.015503262170255994,-0.14116501808166504,0.04019317030906677,-0.02666652854591689,-0.10975959897041321,0.035800158977508545,-0.026593475603164052,-0.13018015027046204,-0.010874927043914795,0.001136605627237941,-0.17881521582603455,-0.0061013102531433105,-0.02040615957290015,-0.14116469025611877,0.002047926187515259,-0.016771799885333394,-0.1112549901008606,-0.0014660954475402832,-0.006514683366418694,-0.11966091394424438,-0.055424779653549194,-0.00989848561644635,-0.16540119051933289,-0.053389787673950195,-0.01951955538302741,-0.14626577496528625,-0.03827294707298279,-0.012148986571133946,-0.12384277582168579,-0.03365650773048401,-0.0023061817052223432,thumbs_down
0.0,0.0,0.0,-0.03103804588317871,0.07954591512680054,-0.015381492151334442,-0.07346129417419434,0.1450880467891693,-0.022492581455423988,-0.11413437128067017,0.18335983157157898,-0.03281162813158289,-0.14780503511428833,0.2091136872768402,-0.03939951345176951,-0.12982630729675293,0.07566481828689575,0.011069791914508187,-0.17666366696357727,0.08462545275688171,-0.0138550460696365,-0.14310193061828613,0.08127179741859436,-0.03178921848387972,-0.11147969961166382,0.07237768173217773,-0.03928100079150454,-0.13275453448295593,0.031080394983291626,0.007936707289502465,-0.18292558193206787,0.035467296838760376,-0.018223538471772827,-0.13995221257209778,0.03914088010787964,-0.029265066085770286,-0.10833528637886047,0.03487697243690491,-0.02916071139128462,-0.12889191508293152,-0.01181173324584961,-0.0006127425012323329,-0.17756766080856323,-0.007071644067764282,-0.022682886047675765,-0.13988962769508362,0.000903785228729248,-0.0187064385399367,-0.10957986116409302,-0.002251952886581421,-0.008208156971647895,-0.11832475662231445,-0.0564921498298645,-0.011337262055292285,-0.16399168968200684,-0.054650574922561646,-0.021369175462439216,-0.14499861001968384,-0.039080679416656494,-0.013922679646327651,-0.12224936485290527,-0.03352934122085571,-0.004008781107529558,thumbs_down
0.0,0.0,0.0,-0.03193694353103638,0.0812864899635315,-0.014074630104573771,-0.07491958141326904,0.1455751657485962,-0.020720160566838786,-0.11628708243370056,0.1825539469718933,-0.03055366594401221,-0.14976376295089722,0.20885944366455078,-0.036992111243876025,-0.12693879008293152,0.07739648222923279,0.011948755010394052,-0.1715855598449707,0.08670783042907715,-0.011718639173182055,-0.13759782910346985,0.08405473828315735,-0.028698158450993105,-0.10640871524810791,0.0758308470249176,-0.03600725252238135,-0.12932074069976807,0.03328347206115723,0.008510665036169485,-0.17437344789505005,0.03925254940986633,-0.01685628574398379,-0.1313224732875824,0.04178905487060547,-0.02772754151430945,-0.10172611474990845,0.03716421127319336,-0.02794397715535979,-0.12553879618644714,-0.009831726551055908,-5.010034203678515e-05,-0.16906562447547913,-0.004174172878265381,-0.021328671835931345,-0.13166543841362,0.0018599331378936768,-0.016944839619668528,-0.10457044839859009,-0.0009528994560241699,-0.0068327481864116635,-0.11514583230018616,-0.05479946732521057,-0.010549167171689078,-0.15649816393852234,-0.04858803749084473,-0.019753283821614787,-0.13453775644302368,-0.03676086664199829,-0.011351687834235236,-0.11366492509841919,-0.03501611948013306,-0.0012054375844172682,thumbs_down
0.0,0.0,0.0,-0.029877185821533203,0.08078637719154358,-0.014967726228803713,-0.07280188798904419,0.14559513330459595,-0.021611119305759985,-0.11438104510307312,0.1808778941631317,-0.031076005345255453,-0.14796721935272217,0.20567676424980164,-0.0370454701241556,-0.12590444087982178,0.0797455906867981,0.010420780943661612,-0.16916555166244507,0.08577710390090942,-0.01365873465505274,-0.13403692841529846,0.08246234059333801,-0.030761140083939154,-0.10232526063919067,0.07429635524749756,-0.038107904290825445,-0.12837255001068115,0.0340782105922699,0.0074132814425524884,-0.17323565483093262,0.03702571988105774,-0.018212412169248182,-0.12975174188613892,0.04040232300758362,-0.028809538727671224,-0.09917181730270386,0.03712007403373718,-0.028772026917010862,-0.12417933344841003,-0.009717673063278198,-0.0007657079603973216,-0.16790872812271118,-0.006803303956985474,-0.022702469175726492,-0.129780113697052,0.00017175078392028809,-0.018069213872820455,-0.10141235589981079,-0.0014070868492126465,-0.007545566802889425,-0.11340051889419556,-0.05489256978034973,-0.010911150520712454,-0.1546206772327423,-0.051021426916122437,-0.02109124014344843,-0.1322527825832367,-0.03866094350814819,-0.012961764505178053,-0.11045339703559875,-0.03530007600784302,-0.002776545390531737,thumbs_down
0.0,0.0,0.0,-0.03489494323730469,0.08033090829849243,-0.012420284106184454,-0.08215087652206421,0.14231669902801514,-0.01720217011009595,-0.12430417537689209,0.1781216859817505,-0.025452678567518205,-0.15805500745773315,0.20429354906082153,-0.030424132487524957,-0.1298229694366455,0.07838168740272522,0.014888660506557017,-0.17087388038635254,0.08577078580856323,-0.008053367501844377,-0.13549652695655823,0.08509236574172974,-0.02421881026660344,-0.10643446445465088,0.07844921946525574,-0.03125113389526746,-0.13089007139205933,0.03414067625999451,0.010889749498318224,-0.1718234121799469,0.03874039649963379,-0.014615299655844183,-0.1268523931503296,0.04321381449699402,-0.02539892076586625,-0.09863930940628052,0.03904449939727783,-0.025391745856751413,-0.1258191168308258,-0.00921165943145752,0.0018720545240000774,-0.16487067937850952,-0.005145609378814697,-0.020603652587880106,-0.12571251392364502,0.0028080344200134277,-0.016353226742495508,-0.09905767440795898,0.0007734298706054688,-0.005901551815469475,-0.1147422194480896,-0.053090423345565796,-0.008725607312072725,-0.1531183421611786,-0.045975178480148315,-0.01818939066563985,-0.1288183629512787,-0.0336364209651947,-0.009156560069669695,-0.10760536789894104,-0.033173441886901855,0.0015941292412833263,thumbs_down
0.0,0.0,0.0,-0.03537660837173462,0.0791841447353363,-0.012077801203503213,-0.08193892240524292,0.14119628071784973,-0.016880628926827512,-0.12441077828407288,0.17647987604141235,-0.02521096476741036,-0.15854257345199585,0.2006925344467163,-0.03019925699956616,-0.128752201795578,0.07860541343688965,0.014931088039503493,-0.1699744462966919,0.08513399958610535,-0.008581321029140554,-0.13362827897071838,0.0845038890838623,-0.02483213627166947,-0.10481113195419312,0.07851114869117737,-0.03168491022117337,-0.1301940679550171,0.033531367778778076,0.010928535559997954,-0.17214518785476685,0.038047075271606445,-0.015047197504117094,-0.12635385990142822,0.042262762784957886,-0.025415935827567182,-0.09781104326248169,0.038448482751846313,-0.024915223283841215,-0.1250593662261963,-0.010467469692230225,0.001954865600765743,-0.16480380296707153,-0.00577777624130249,-0.0207463384551545,-0.12410205602645874,0.002187013626098633,-0.015280596254541479,-0.0969652533531189,0.0006770193576812744,-0.003816231893523536,-0.11379322409629822,-0.055258601903915405,-0.008570859482659898,-0.15293169021606445,-0.04873979091644287,-0.017654695822074018,-0.1271241009235382,-0.03520423173904419,-0.0076122510192533355,-0.10540318489074707,-0.03323626518249512,0.0038994396625469108,thumbs_down
0.0,0.0,0.0,-0.0368502140045166,0.0762101411819458,-0.011226712751920331,-0.0853690505027771,0.13592910766601562,-0.01562901402616035,-0.128299742937088,0.17356222867965698,-0.023716347317929376,-0.16173222661018372,0.20002156496047974,-0.028664758454794992,-0.1287807822227478,0.07425180077552795,0.0160071830937909,-0.16971075534820557,0.08095014095306396,-0.007512013919438232,-0.1340855062007904,0.08075189590454102,-0.023149199809665788,-0.10754787921905518,0.07485407590866089,-0.02978810298048984,-0.12993785738945007,0.03043016791343689,0.011673575241331946,-0.171532541513443,0.0354631245136261,-0.014363626044030298,-0.12540441751480103,0.040044039487838745,-0.024227522339458574,-0.09957921504974365,0.03552165627479553,-0.023523336302275766,-0.12454059720039368,-0.013124614953994751,0.0023521203289078585,-0.16376420855522156,-0.007719129323959351,-0.021129021446938623,-0.12249433994293213,0.0006321072578430176,-0.01536613425963651,-0.09781074523925781,-0.0016360282897949219,-0.0036429006399316677,-0.11313614249229431,-0.0575043261051178,-0.008320359539027322,-0.15046411752700806,-0.04915142059326172,-0.017507748704190362,-0.12404215335845947,-0.03637254238128662,-0.007339747182811607,-0.10460638999938965,-0.0367436408996582,0.004087147742723118,thumbs_down
0.0,0.0,0.0,-0.034747540950775146,0.07744929194450378,-0.012211860732492141,-0.08254122734069824,0.137800395488739,-0.017158305847402744,-0.12537941336631775,0.1763291358947754,-0.025539955699201755,-0.15895318984985352,0.2017865777015686,-0.030558981576319866,-0.12639379501342773,0.07712230086326599,0.01516540570432312,-0.1674710512161255,0.08336880803108215,-0.008289255776759319,-0.1311589479446411,0.08277088403701782,-0.02354935055350893,-0.10508131980895996,0.07715493440628052,-0.02997293753301733,-0.127695232629776,0.03280365467071533,0.011299428886417218,-0.16846022009849548,0.03763538599014282,-0.01427850836640232,-0.12168347835540771,0.04133528470993042,-0.023481418022271328,-0.0973166823387146,0.03769266605377197,-0.022484489360209636,-0.12271764874458313,-0.010869920253753662,0.0023478990259206967,-0.160845547914505,-0.005844235420227051,-0.020425376125928096,-0.11872917413711548,0.0009448528289794922,-0.01350414810454481,-0.09553283452987671,-0.0007686614990234375,-0.0013443984718435331,-0.11157917976379395,-0.05503538250923157,-0.008136162177976303,-0.14807972311973572,-0.04821431636810303,-0.016454658114668064,-0.12115910649299622,-0.03651314973831177,-0.005494974662866525,-0.10296976566314697,-0.03611105680465698,0.0062081696304119305,thumbs_down
0.0,0.0,0.0,-0.03550112247467041,0.07655709981918335,-0.012674083890544807,-0.08430808782577515,0.13700228929519653,-0.017718966076301967,-0.1258300244808197,0.17669135332107544,-0.02590726591103021,-0.15824341773986816,0.20282381772994995,-0.030497402841376697,-0.128922700881958,0.07789558172225952,0.01403144378758725,-0.16896867752075195,0.0841321349143982,-0.010424514258431827,-0.13219374418258667,0.08348101377487183,-0.025688328737544452,-0.10715979337692261,0.0778493881225586,-0.031967625910567676,-0.1298055648803711,0.033038705587387085,0.01031159241296109,-0.16921603679656982,0.037950605154037476,-0.016230457419680988,-0.12218630313873291,0.042164117097854614,-0.025054068261908924,-0.09975922107696533,0.038274914026260376,-0.02356075211815778,-0.12408009171485901,-0.010912656784057617,0.0013708541363826043,-0.16013219952583313,-0.006248593330383301,-0.022783235604094898,-0.11822238564491272,0.0017652809619903564,-0.016062335068511402,-0.09642142057418823,-0.00029355287551879883,-0.003622070377844011,-0.11244690418243408,-0.055042386054992676,-0.009022413710283672,-0.1470990777015686,-0.04709640145301819,-0.0182288446968073,-0.12022864818572998,-0.03547245264053345,-0.007655410984682476,-0.10302096605300903,-0.03674042224884033,0.0040777796374982245,thumbs_down
0.0,0.0,0.0,-0.03636479377746582,0.07548677921295166,-0.0118506685765567,-0.08638900518417358,0.13510996103286743,-0.0162379979090872,-0.12867259979248047,0.17477768659591675,-0.02401183684636976,-0.1604723334312439,0.20297843217849731,-0.02830912684370901,-0.1304071843624115,0.07558685541152954,0.015657663817506773,-0.17117911577224731,0.08234447240829468,-0.00792339676340248,-0.1348218023777008,0.08175373077392578,-0.022950734470981615,-0.1095048189163208,0.07593986392021179,-0.029260389034647005,-0.1315014362335205,0.03159633278846741,0.01168133831302498,-0.17186212539672852,0.03666159510612488,-0.014289168168801325,-0.12510231137275696,0.04062274098396301,-0.023361358319419878,-0.10183316469192505,0.03643035888671875,-0.022129371290105837,-0.12586742639541626,-0.01196134090423584,0.002587990143325669,-0.16284215450286865,-0.00710257887840271,-0.02089838822652723,-0.12133631110191345,0.0008009374141693115,-0.014516151969331759,-0.09896290302276611,-0.0014656484127044678,-0.002477900118577736,-0.11429381370544434,-0.05588322877883911,-0.007923914578753966,-0.14928382635116577,-0.04787921905517578,-0.016751216252345102,-0.12287786602973938,-0.03601771593093872,-0.006422140629041451,-0.10557657480239868,-0.037401825189590454,0.004985739949148638,thumbs_down
0.0,0.0,0.0,-0.03602564334869385,0.07695186138153076,-0.01164148941703047,-0.08499294519424438,0.13725429773330688,-0.015802215859963553,-0.12759798765182495,0.17701947689056396,-0.023497339413239615,-0.15929701924324036,0.20550209283828735,-0.027735112310125487,-0.12814971804618835,0.07748332619667053,0.016685197054670198,-0.17026397585868835,0.0844874382019043,-0.006145674344821828,-0.1336088478565216,0.08380210399627686,-0.02102906264431681,-0.10787039995193481,0.07838881015777588,-0.027396638021542685,-0.12958523631095886,0.03317788243293762,0.01285383284024988,-0.170586496591568,0.03799465298652649,-0.013080050312652247,-0.12420359253883362,0.041342735290527344,-0.022678719908668654,-0.1003943681716919,0.03760167956352234,-0.021880300790741103,-0.12451457977294922,-0.010320097208023071,0.0039763701327899525,-0.16196110844612122,-0.005940109491348267,-0.018802253604604857,-0.12126779556274414,0.0009341239929199219,-0.012723487877025264,-0.09883332252502441,-0.0012484490871429443,-0.0011429948087027242,-0.11375230550765991,-0.054064393043518066,-0.006376987398340361,-0.14843273162841797,-0.046928346157073975,-0.014411160797550338,-0.122641921043396,-0.035810261964797974,-0.004206650499924081,-0.10572731494903564,-0.03732556104660034,0.006833914592192514,thumbs_down
0.0,0.0,0.0,-0.036314964294433594,0.07566893100738525,-0.012351259451151009,-0.08528035879135132,0.13581997156143188,-0.017325307104528065,-0.12753993272781372,0.17511573433876038,-0.025608776930511112,-0.160315603017807,0.20264437794685364,-0.03037436758333456,-0.12892389297485352,0.07631587982177734,0.013826158967077617,-0.17077237367630005,0.0833233892917633,-0.009952131520748253,-0.13323929905891418,0.08191296458244324,-0.024819210964977856,-0.10774987936019897,0.07622069120407104,-0.031032468054235096,-0.13039341568946838,0.031758517026901245,0.009906568702518825,-0.17216330766677856,0.03716138005256653,-0.016488027620852108,-0.12504065036773682,0.04051768779754639,-0.02548380834215891,-0.10132002830505371,0.0368291437625885,-0.024225328910887356,-0.1250879466533661,-0.012217879295349121,0.0009537017538434611,-0.16339686512947083,-0.006716370582580566,-0.02276529264801752,-0.12157267332077026,0.00010544061660766602,-0.01611820501440775,-0.09883666038513184,-0.00215303897857666,-0.003949426442176218,-0.11383318901062012,-0.05630090832710266,-0.009435360181868191,-0.1494702696800232,-0.047728151082992554,-0.01849796702319395,-0.12288126349449158,-0.03664100170135498,-0.00803220910185587,-0.10516905784606934,-0.03837689757347107,0.0034493367636798666,thumbs_down
0.0,0.0,0.0,-0.036012351512908936,0.07706478238105774,-0.011712651665419571,-0.08455204963684082,0.13763070106506348,-0.016211075673908226,-0.1264481246471405,0.17798662185668945,-0.024193322251647942,-0.15853512287139893,0.20574045181274414,-0.028780171613306038,-0.12789061665534973,0.07901093363761902,0.015977751498013504,-0.16939586400985718,0.08562004566192627,-0.007409090141862862,-0.13225281238555908,0.08411413431167603,-0.022738747264355652,-0.10579538345336914,0.0784417986869812,-0.02932277504643821,-0.1291351318359375,0.03418585658073425,0.011911287938147552,-0.1703302264213562,0.039170801639556885,-0.014505851979464524,-0.12339013814926147,0.04195374250411987,-0.024457216228455536,-0.09859424829483032,0.03867119550704956,-0.023746017332285874,-0.12383562326431274,-0.009807854890823364,0.002861669787108667,-0.16106757521629333,-0.005102097988128662,-0.02049379978618049,-0.11951538920402527,0.0014421045780181885,-0.014314489404767983,-0.09639805555343628,6.020069122314453e-06,-0.002469032269999616,-0.11267447471618652,-0.05407002568244934,-0.007608350797653429,-0.14721444249153137,-0.04638311266899109,-0.01605857346496009,-0.12077522277832031,-0.03581053018569946,-0.005557015969515078,-0.10358482599258423,-0.03676438331604004,0.005832030006587274,thumbs_down
0.0,0.0,0.0,-0.036015987396240234,0.07591122388839722,-0.012229203605670591,-0.08472633361816406,0.13627111911773682,-0.017299686917681356,-0.12608584761619568,0.175822913646698,-0.0255895847320744,-0.15882587432861328,0.2029057741165161,-0.030482367971558233,-0.12908071279525757,0.0761806070804596,0.013081265254299979,-0.1698525846004486,0.08358103036880493,-0.010718237036485334,-0.1324673891067505,0.0817537009716034,-0.02591887990536179,-0.10624581575393677,0.07555726170539856,-0.03242960887553181,-0.1302385926246643,0.03108838200569153,0.009064371338467936,-0.17074385285377502,0.036635905504226685,-0.017610148885864874,-0.1234150230884552,0.03948912024497986,-0.027001153105516096,-0.09863382577896118,0.03532811999320984,-0.025985916504282613,-0.12445810437202454,-0.01311558485031128,0.00016564713325806224,-0.16126009821891785,-0.007982492446899414,-0.023561175340432783,-0.11959990859031677,-0.0009506046772003174,-0.0170585861295649,-0.0965537428855896,-0.002898961305618286,-0.005042515588570495,-0.11274328827857971,-0.05714011192321777,-0.010130669349450727,-0.1471734344959259,-0.04890903830528259,-0.019173593619484564,-0.12053865194320679,-0.03760454058647156,-0.008673192361015936,-0.10315603017807007,-0.03880131244659424,0.0027860611345431607,thumbs_down
0.0,0.0,0.0,-0.0359610915184021,0.07706597447395325,-0.012340407676020959,-0.08545792102813721,0.13860663771629333,-0.016937459676483968,-0.12783631682395935,0.18018051981925964,-0.024847666590432027,-0.15960782766342163,0.2080269753932953,-0.029150261401156286,-0.12996584177017212,0.07994294166564941,0.016129301072140834,-0.17121556401252747,0.08639726042747498,-0.007491851082960466,-0.13480669260025024,0.08546793460845947,-0.022571251585105756,-0.10970371961593628,0.08032771944999695,-0.028938556878784993,-0.13119840621948242,0.03568899631500244,0.012375221730252406,-0.17121970653533936,0.04144713282585144,-0.013502252145627835,-0.12410587072372437,0.04437816143035889,-0.022503145827869275,-0.10163366794586182,0.04102644324302673,-0.021274448229888776,-0.1255863606929779,-0.008110523223876953,0.003362506770571372,-0.16301244497299194,-0.0027608871459960938,-0.0198186252703465,-0.12117272615432739,0.0036667287349700928,-0.012967635734895566,-0.09942746162414551,0.0018804669380187988,-0.0007119539980351419,-0.11374986171722412,-0.05231007933616638,-0.0071735892882145436,-0.14915019273757935,-0.04422304034233093,-0.015616547173777917,-0.12249520421028137,-0.033040851354599,-0.004954253646502593,-0.10536646842956543,-0.03374829888343811,0.006608497959604165,thumbs_down
0.0,0.0,0.0,-0.03794991970062256,0.07622841000556946,-0.011890246525439352,-0.08675628900527954,0.13659363985061646,-0.016723558299275965,-0.12889790534973145,0.17682567238807678,-0.025062419466706842,-0.16088414192199707,0.20604154467582703,-0.03002766146514091,-0.13064178824424744,0.07646328210830688,0.01571409777548638,-0.17247086763381958,0.08335480093955994,-0.007984142743083567,-0.13731765747070312,0.0824282169342041,-0.023428438223930925,-0.11194801330566406,0.07711723446846008,-0.030079932875963777,-0.13172030448913574,0.032003968954086304,0.011487877935138613,-0.17343470454216003,0.0376051664352417,-0.01482198386642608,-0.1271175742149353,0.041137367486953735,-0.02450051530453834,-0.10284018516540527,0.03743487596511841,-0.023710967965456575,-0.12585210800170898,-0.011904329061508179,0.0021440580095770656,-0.1646440625190735,-0.006327986717224121,-0.021622650317880243,-0.12376174330711365,0.0010361969470977783,-0.015631193287703127,-0.10048872232437134,-0.0010936856269836426,-0.0037961096894321145,-0.1137959361076355,-0.056212782859802246,-0.00859977956119451,-0.15014034509658813,-0.04738011956214905,-0.017666792489620775,-0.12443193793296814,-0.0358940064907074,-0.007495896883341402,-0.10653460025787354,-0.03742951154708862,0.003798610538211733,thumbs_down
0.0,0.0,0.0,-0.03629642724990845,0.07825782895088196,-0.011972459533410529,-0.08313602209091187,0.13806796073913574,-0.016878819593387107,-0.12511366605758667,0.18043547868728638,-0.025494149455028037,-0.15518534183502197,0.2119860053062439,-0.03071477500458286,-0.12671637535095215,0.07880830764770508,0.01798480885366871,-0.1686435341835022,0.0867818295955658,-0.0055617657836251055,-0.13215607404708862,0.08619731664657593,-0.02135384877880142,-0.10719823837280273,0.08051842451095581,-0.028299075120287398,-0.1281558871269226,0.035127997398376465,0.01408157354484274,-0.16896241903305054,0.041110485792160034,-0.012330416158931712,-0.12220406532287598,0.044132500886917114,-0.022497587406235198,-0.09919267892837524,0.04011854529380798,-0.022067312651472548,-0.12305104732513428,-0.008143395185470581,0.00498229168618991,-0.16087359189987183,-0.0026708245277404785,-0.018192502238946417,-0.11945074796676636,0.0033804774284362793,-0.011746778653161982,-0.09725803136825562,0.0004951059818267822,0.00019559770038313218,-0.11194396018981934,-0.05217692255973816,-0.005692475509988526,-0.14721021056175232,-0.04485088586807251,-0.013705621973770121,-0.12079223990440369,-0.03334605693817139,-0.002889988745721439,-0.10343766212463379,-0.03475087881088257,0.00865148050974085,thumbs_down
0.0,0.0,0.0,-0.0361475944519043,0.07696041464805603,-0.013017685138095203,-0.08429545164108276,0.13726016879081726,-0.018521204576302353,-0.12575504183769226,0.17910221219062805,-0.027357561499286476,-0.15622392296791077,0.21046075224876404,-0.032647013649750534,-0.1288856863975525,0.07861915230751038,0.015101620010625538,-0.17013734579086304,0.0859801173210144,-0.009490485288608852,-0.13398441672325134,0.08474335074424744,-0.02513824588100988,-0.10941222310066223,0.07882323861122131,-0.03175374864082414,-0.1299402415752411,0.03429296612739563,0.011339678443562207,-0.1697309911251068,0.04028195142745972,-0.015520481378246131,-0.12304550409317017,0.043190330266952515,-0.0248956344876774,-0.10099023580551147,0.03886711597442627,-0.023848280296135727,-0.12446200847625732,-0.009477317333221436,0.0022282898571006626,-0.1616837978363037,-0.003362804651260376,-0.021966923013735595,-0.12041759490966797,0.002985060214996338,-0.015424012191999736,-0.09860992431640625,-0.00011163949966430664,-0.0031810053479262024,-0.11311334371566772,-0.05379965901374817,-0.008441421188820186,-0.1480833888053894,-0.044539958238601685,-0.01757327279489118,-0.12172910571098328,-0.0334431529045105,-0.0070728440624066025,-0.10433262586593628,-0.035593122243881226,0.004533678307723221,thumbs_down
0.0,0.0,0.0,-0.03671860694885254,0.07786041498184204,-0.01197481901076003,-0.08403646945953369,0.13805943727493286,-0.016941957181956013,-0.12406659126281738,0.18017733097076416,-0.02546201088156863,-0.15253856778144836,0.2138187289237976,-0.03071464598801299,-0.12737280130386353,0.07930636405944824,0.01576045341167287,-0.16889172792434692,0.08660885691642761,-0.006943396764512499,-0.1338866651058197,0.08490756154060364,-0.022452075040604313,-0.10811251401901245,0.07909378409385681,-0.029470635584260663,-0.12879958748817444,0.03543919324874878,0.011814379127059738,-0.1695290207862854,0.040426433086395264,-0.013886442414190014,-0.1250399947166443,0.042804330587387085,-0.024367364129687985,-0.0998542308807373,0.038874536752700806,-0.024499073630835255,-0.123517245054245,-0.00812596082687378,0.002947386347983638,-0.1611669957637787,-0.0031040310859680176,-0.01911266334977313,-0.1227063536643982,0.0034132003784179688,-0.013905131264294823,-0.09896868467330933,0.0013839304447174072,-0.0032906641780243717,-0.11235266923904419,-0.052155256271362305,-0.0074619688155905806,-0.14753764867782593,-0.04417705535888672,-0.015230265452231606,-0.12348854541778564,-0.03273981809616089,-0.005525969906415185,-0.10556012392044067,-0.033437252044677734,0.0049542277057810225,thumbs_down
0.0,0.0,0.0,-0.0353735089302063,0.07614085078239441,-0.012950608042388012,-0.08247894048690796,0.13723722100257874,-0.01860217889895921,-0.12270739674568176,0.17910733819007874,-0.02734933747103696,-0.15192067623138428,0.21123263239860535,-0.03262109821787362,-0.1269972026348114,0.08120045065879822,0.01250643795231099,-0.16846731305122375,0.0875810980796814,-0.011277755257992794,-0.13237953186035156,0.08509695529937744,-0.02669252967586999,-0.10701090097427368,0.07985794544219971,-0.033445355949311306,-0.12849324941635132,0.03620123863220215,0.008874112273247192,-0.16904905438423157,0.04078128933906555,-0.01726235961666589,-0.12365716695785522,0.04321750998497009,-0.026817576495318463,-0.09961926937103271,0.04083266854286194,-0.026304844302444508,-0.12293955683708191,-0.008102864027023315,0.00028422108027825743,-0.16071319580078125,-0.003734022378921509,-0.022891854402928402,-0.12088346481323242,0.0028045177459716797,-0.016848060769348194,-0.09765022993087769,0.0017898976802825928,-0.005432311912386467,-0.11143532395362854,-0.05264100432395935,-0.009806674440710594,-0.1465054452419281,-0.04470759630203247,-0.018677124289183666,-0.12120780348777771,-0.03350907564163208,-0.008718518075852444,-0.10318803787231445,-0.03355869650840759,0.002199835608394096,thumbs_down
0.0,0.0,0.0,-0.036110758781433105,0.07708799839019775,-0.01292557535705896,-0.08402490615844727,0.13926196098327637,-0.018163464833179432,-0.12385755777359009,0.18285495042800903,-0.02672212185350986,-0.1528925597667694,0.21587538719177246,-0.03179507503298851,-0.12872236967086792,0.08060291409492493,0.014311269055923503,-0.17055651545524597,0.08957508206367493,-0.008964225519576985,-0.13482370972633362,0.08827143907546997,-0.024119987953582722,-0.10996079444885254,0.08177003264427185,-0.03088753284899326,-0.13056203722953796,0.03627806901931763,0.010647198315581363,-0.17081141471862793,0.042284369468688965,-0.01581013189641567,-0.12460926175117493,0.045389771461486816,-0.02546182261792751,-0.10102784633636475,0.04079368710517883,-0.024751081932464558,-0.12517988681793213,-0.007656365633010864,0.0019111854628306446,-0.16281256079673767,-0.002184629440307617,-0.021121121812740284,-0.12269097566604614,0.004694551229476929,-0.014995798338333088,-0.09995836019515991,0.0017330646514892578,-0.003431563601026255,-0.11376366019248962,-0.051812559366226196,-0.008424811866262871,-0.1491921842098236,-0.04340413212776184,-0.016839269418397862,-0.12388753890991211,-0.03144589066505432,-0.006725268308201748,-0.10619103908538818,-0.03267589211463928,0.004267264753451627,thumbs_down
0.0,0.0,0.0,-0.03699594736099243,0.07809329032897949,-0.01147211363084466,-0.0832858681678772,0.13999834656715393,-0.01604712308861167,-0.12304511666297913,0.18249571323394775,-0.0243323288998738,-0.15171226859092712,0.21548813581466675,-0.029436725392116614,-0.12779581546783447,0.08011281490325928,0.017593343541847162,-0.1689670979976654,0.08825087547302246,-0.0048750133394435125,-0.13494136929512024,0.0861557126045227,-0.020418117954505988,-0.10901331901550293,0.07927289605140686,-0.02738113069452197,-0.1294478476047516,0.03590187430381775,0.013233433277235918,-0.17065894603729248,0.042021602392196655,-0.012648387081100054,-0.12587398290634155,0.04369935393333435,-0.023388042315019675,-0.0999036431312561,0.03816542029380798,-0.023393682404531546,-0.12429556250572205,-0.00770607590675354,0.0038453229096546693,-0.16242337226867676,-0.002530694007873535,-0.018825660660041876,-0.12333980202674866,0.0036537647247314453,-0.01407910251535327,-0.0989806056022644,0.0007097721099853516,-0.0033599487180993037,-0.11308947205543518,-0.05194553732872009,-0.0069976464986041265,-0.1490803360939026,-0.043274641036987305,-0.015137681937886782,-0.12433207035064697,-0.03215092420578003,-0.005535102184040852,-0.10593470931053162,-0.033608466386795044,0.005061003644840412,thumbs_down
0.0,0.0,0.0,-0.03624063730239868,0.07766404747962952,-0.01232078582597751,-0.08265495300292969,0.13922476768493652,-0.01747358128977794,-0.12247282266616821,0.18184161186218262,-0.02606762484265346,-0.15165281295776367,0.21433043479919434,-0.03134832628620643,-0.12751445174217224,0.08003264665603638,0.015816512474884803,-0.16859346628189087,0.08849608898162842,-0.007188709961155837,-0.13375452160835266,0.08584833145141602,-0.022773481016884034,-0.10818400979042053,0.07861417531967163,-0.029709852343330567,-0.12927111983299255,0.035973042249679565,0.01189574967520457,-0.16984468698501587,0.0420091450214386,-0.013992911247441953,-0.12450847029685974,0.04324907064437866,-0.02425756216598529,-0.09954136610031128,0.03800550103187561,-0.024023198565373605,-0.12414833903312683,-0.007561028003692627,0.002925912341197545,-0.16168886423110962,-0.002304285764694214,-0.019946283703575318,-0.12192162871360779,0.003524273633956909,-0.014598802706132119,-0.09814566373825073,0.0008571445941925049,-0.003494775198305433,-0.11288926005363464,-0.05173760652542114,-0.007551179310212319,-0.14864513278007507,-0.04333293437957764,-0.015942416196594422,-0.12344402074813843,-0.03222161531448364,-0.006026846399436181,-0.10517752170562744,-0.03318244218826294,0.004864176692535693,thumbs_down
0.0,0.0,0.0,-0.035942912101745605,0.07743272185325623,-0.01259005060387608,-0.08216804265975952,0.13901814818382263,-0.017951074894199337,-0.12194636464118958,0.18192961812019348,-0.026683969329724277,-0.1514928936958313,0.21405979990959167,-0.03203526316178795,-0.12708920240402222,0.07999345660209656,0.01525100423054937,-0.1685132086277008,0.0888129472732544,-0.007996107358167137,-0.13341408967971802,0.08619570732116699,-0.023575479071269,-0.10789182782173157,0.078839510679245,-0.030464975069889988,-0.1289021372795105,0.035958319902420044,0.011450979020764862,-0.16949552297592163,0.0423794686794281,-0.014409917313287224,-0.12412554025650024,0.04369157552719116,-0.024457033630142178,-0.09950071573257446,0.03827857971191406,-0.024122657160887684,-0.12389746308326721,-0.007641881704330444,0.002563705062812005,-0.1616271436214447,-0.0018662810325622559,-0.02030596127701756,-0.12172579765319824,0.0039739906787872314,-0.014780922699401344,-0.09808230400085449,0.001066058874130249,-0.003593940194377865,-0.11276024580001831,-0.05189543962478638,-0.007860381994078125,-0.14844197034835815,-0.04281476140022278,-0.016386428754458393,-0.12308666110038757,-0.0316789448261261,-0.006505066901127066,-0.10477083921432495,-0.032961755990982056,0.004387096129676138,thumbs_down
0.0,0.0,0.0,-0.036119818687438965,0.07759180665016174,-0.011008113051843793,-0.08123451471328735,0.1373506784439087,-0.015468089270484597,-0.12033617496490479,0.1794608235359192,-0.023769122908902318,-0.1475851833820343,0.21256840229034424,-0.029178255598139913,-0.12376844882965088,0.07852095365524292,0.01826191750626549,-0.1636815369129181,0.08544465899467468,-0.004299041244280488,-0.1304841935634613,0.08341675996780396,-0.02039842995543495,-0.10533049702644348,0.07743757963180542,-0.027871693844986112,-0.1254931092262268,0.03530460596084595,0.013686858688402026,-0.16617882251739502,0.04007613658905029,-0.011990690964353234,-0.12167885899543762,0.042474180459976196,-0.023138405184340627,-0.09675782918930054,0.03912907838821411,-0.02363653237659946,-0.12075039744377136,-0.007665663957595825,0.00415849137391433,-0.1586647927761078,-0.004056453704833984,-0.01849078516204372,-0.11938181519508362,0.0026970207691192627,-0.013587778794658334,-0.09589654207229614,0.0016887784004211426,-0.0028800981930316993,-0.10982611775398254,-0.05135878920555115,-0.006806736706835181,-0.14527222514152527,-0.0452999472618103,-0.01483086066980377,-0.12023627758026123,-0.033644407987594604,-0.004832597344261558,-0.10222852230072021,-0.03266426920890808,0.005946067267018407,thumbs_down
0.0,0.0,0.0,-0.03363978862762451,0.07757896184921265,-0.01300222858185407,-0.07911109924316406,0.13860148191452026,-0.01838982816184398,-0.11854594945907593,0.1804601550102234,-0.027109264986165726,-0.1475180983543396,0.2117164134979248,-0.032483169467695916,-0.12182891368865967,0.08159804344177246,0.014860815709880626,-0.1628386378288269,0.08869349956512451,-0.008894873441704476,-0.1278756558895111,0.0850241482257843,-0.024495169179090226,-0.10338911414146423,0.07806995511054993,-0.03138527426267501,-0.12426921725273132,0.037080228328704834,0.011096719062379634,-0.16454428434371948,0.04165622591972351,-0.01504813938731786,-0.11909070611000061,0.0431843101978302,-0.024915158407338822,-0.09629923105239868,0.03962033987045288,-0.02440038475538131,-0.12016606330871582,-0.006862848997116089,0.002126100348732507,-0.1573982536792755,-0.00265347957611084,-0.021122615443118775,-0.11712127923965454,0.0033614039421081543,-0.014951834113844598,-0.09524953365325928,0.001749187707901001,-0.003255682190456355,-0.10985356569290161,-0.05141913890838623,-0.008457118304022515,-0.14439022541046143,-0.04458627104759216,-0.01691779087627765,-0.11879163980484009,-0.03324440121650696,-0.006545149379917348,-0.10157209634780884,-0.03279915452003479,0.004644960040650403,thumbs_down
0.0,0.0,0.0,-0.03387010097503662,0.0782255232334137,-0.012585431840449246,-0.07970750331878662,0.13947531580924988,-0.01804701568576661,-0.11846983432769775,0.18279924988746643,-0.02700411671790448,-0.1468936800956726,0.21559789776802063,-0.03268036576005784,-0.12418439984321594,0.08242106437683105,0.015381142925292579,-0.16446512937545776,0.09006041288375854,-0.008679747153252038,-0.12965530157089233,0.08664810657501221,-0.024631529618233117,-0.10445621609687805,0.07962349057197571,-0.03161765219661561,-0.12625548243522644,0.038641124963760376,0.011455516759127704,-0.1654198169708252,0.044570863246917725,-0.014994963575333031,-0.11997073888778687,0.0454351007938385,-0.025010650549262436,-0.09656602144241333,0.04046347737312317,-0.02448256829771367,-0.12193399667739868,-0.004977017641067505,0.0023052489476356186,-0.1577899158000946,0.000708848237991333,-0.021270865146249207,-0.1175709068775177,0.005901545286178589,-0.015408497806816968,-0.09518539905548096,0.0028899312019348145,-0.003764011468916806,-0.11162438988685608,-0.049121707677841187,-0.008396437894731434,-0.1453915238380432,-0.04096159338951111,-0.01691553698870507,-0.11978575587272644,-0.030482202768325806,-0.00665254522132841,-0.10261669754981995,-0.031456440687179565,0.004546049479216663,thumbs_down
0.0,0.0,0.0,-0.03453034162521362,0.07780417799949646,-0.011853619586645436,-0.08159583806991577,0.13810500502586365,-0.016478099968253446,-0.12123239040374756,0.18106606602668762,-0.024788442175804448,-0.149669349193573,0.21435710787773132,-0.029799706410585713,-0.12569475173950195,0.08065575361251831,0.0168054447360646,-0.16666719317436218,0.08970722556114197,-0.006530229110239816,-0.13128381967544556,0.08744177222251892,-0.021739433627544713,-0.10688021779060364,0.07985875010490417,-0.028315943773804975,-0.12785640358924866,0.03699186444282532,0.012816389914632964,-0.1674797236919403,0.043033719062805176,-0.013077857080816102,-0.12135854363441467,0.045320987701416016,-0.022528621476112676,-0.09881126880645752,0.039332062005996704,-0.02165018871050961,-0.12319895625114441,-0.006494015455245972,0.0036571795437794208,-0.15987971425056458,-0.0008676052093505859,-0.01961086608093865,-0.119078129529953,0.005901366472244263,-0.013358182381807637,-0.09688282012939453,0.0020286142826080322,-0.0014594579031381727,-0.11260131001472473,-0.050672054290771484,-0.007004683945297074,-0.1471799612045288,-0.04233381152153015,-0.01532697222751267,-0.1211000382900238,-0.030573934316635132,-0.0048682159892905474,-0.10359752178192139,-0.03232648968696594,0.006465800464184213,thumbs_down
0.0,0.0,0.0,-0.032583415508270264,0.07739436626434326,-0.012600479775926487,-0.0782124400138855,0.13853731751441956,-0.018330977426728623,-0.11812746524810791,0.18240106105804443,-0.027664293663463013,-0.14601293206214905,0.2154507040977478,-0.03363019147690238,-0.12432581186294556,0.08192229270935059,0.015751668123641593,-0.1645471155643463,0.09132343530654907,-0.01009632566746177,-0.1282486915588379,0.08866274356842041,-0.02634594322915973,-0.10307121276855469,0.0807042121887207,-0.03285142326529922,-0.1256662905216217,0.03807738423347473,0.011478160379567726,-0.1650371551513672,0.046200066804885864,-0.016331688629350083,-0.11692178249359131,0.048229724168777466,-0.025561501400432007,-0.09463950991630554,0.042251020669937134,-0.023779229389390366,-0.1210799515247345,-0.005733579397201538,0.001706666068287177,-0.1568920612335205,0.0016567707061767578,-0.023540520237645524,-0.11333230137825012,0.00800025463104248,-0.016359874175748246,-0.09179091453552246,0.003906577825546265,-0.00307623705629112,-0.11054027080535889,-0.05045309662818909,-0.009617371613046544,-0.1442188322544098,-0.04088917374610901,-0.018790432380399125,-0.11630246043205261,-0.029332220554351807,-0.007491026202103512,-0.09901398420333862,-0.0314098596572876,0.004932756872960908,thumbs_down
0.0,0.0,0.0,-0.0316699743270874,0.07821309566497803,-0.013484149821437086,-0.07927238941192627,0.14108261466026306,-0.018985231988466467,-0.1200094223022461,0.18414461612701416,-0.027722248457706655,-0.14914056658744812,0.21654218435287476,-0.03281860018554994,-0.12596598267555237,0.08420082926750183,0.013623702689670836,-0.16719192266464233,0.09497430920600891,-0.011410016216672147,-0.12903717160224915,0.09180834889411926,-0.026345559977329458,-0.10390463471412659,0.08307090401649475,-0.032196782179511274,-0.12800341844558716,0.03937992453575134,0.010009038611912047,-0.16735243797302246,0.04727661609649658,-0.017114219837225164,-0.11846032738685608,0.04870924353599548,-0.02513485366884538,-0.09664717316627502,0.04136797785758972,-0.0227085367071993,-0.12306541204452515,-0.005024135112762451,0.0009786161832892049,-0.15883466601371765,0.002340257167816162,-0.024107787408269132,-0.11521196365356445,0.008390188217163086,-0.01642339827898809,-0.09345841407775879,0.0032182931900024414,-0.0029543110861993682,-0.11227402091026306,-0.049875855445861816,-0.0096200105029709,-0.145822674036026,-0.039833009243011475,-0.019329726346171583,-0.11756938695907593,-0.028475016355514526,-0.008168517262078012,-0.09995943307876587,-0.031391680240631104,0.004171755049043213,thumbs_down
0.0,0.0,0.0,-0.03272217512130737,0.07736790180206299,-0.012873010540459973,-0.0794638991355896,0.14101120829582214,-0.018647457303558213,-0.11991927027702332,0.18600931763648987,-0.02781456040040098,-0.14852970838546753,0.21927085518836975,-0.03333572001949392,-0.12703049182891846,0.08518975973129272,0.014285397885288376,-0.1690591275691986,0.09444114565849304,-0.011159278282974583,-0.13177049160003662,0.09158718585968018,-0.027042939158235413,-0.1058540940284729,0.08354651927947998,-0.03344217391506277,-0.12834441661834717,0.0406724214553833,0.010453075339938778,-0.16885849833488464,0.048055440187454224,-0.016965883614574295,-0.12074348330497742,0.05009940266609192,-0.025770081969056946,-0.0973241925239563,0.04370522499084473,-0.023931790905152184,-0.12334176898002625,-0.0033612847328186035,0.0012077137892276824,-0.1602797508239746,0.003602057695388794,-0.023338177071963173,-0.11714467406272888,0.010262757539749146,-0.016037114726458412,-0.0943833589553833,0.0056861042976379395,-0.0029669865668608963,-0.11290687322616577,-0.048349589109420776,-0.009632638486181122,-0.14771237969398499,-0.038792043924331665,-0.018508958460841995,-0.12009817361831665,-0.02698269486427307,-0.007491140456949097,-0.10201895236968994,-0.029462218284606934,0.004541848489935774,thumbs_down
0.0,0.0,0.0,-0.03440678119659424,0.07682755589485168,-0.012581156021042261,-0.0819171667098999,0.14011329412460327,-0.018020134804828558,-0.12235367298126221,0.1858123540878296,-0.027165152518136892,-0.15082672238349915,0.22066980600357056,-0.03267038652120391,-0.13047942519187927,0.08148160576820374,0.017131382213847246,-0.17244413495063782,0.09357461333274841,-0.007366287441982422,-0.13475194573402405,0.091563880443573,-0.023111416412575636,-0.10875329375267029,0.08274969458580017,-0.029721260456426535,-0.13244229555130005,0.038345396518707275,0.013281877698318567,-0.1723155379295349,0.04743051528930664,-0.013887144079490099,-0.12302452325820923,0.04970631003379822,-0.02311176658986369,-0.10017603635787964,0.04195573925971985,-0.021544877825363073,-0.12738215923309326,-0.004784673452377319,0.0040139826814993285,-0.16392922401428223,0.003468424081802368,-0.020222708968503866,-0.12027215957641602,0.01045370101928711,-0.012967926835699473,-0.09791803359985352,0.004757940769195557,2.5976652977988124e-05,-0.11662930250167847,-0.048740506172180176,-0.006896938582940493,-0.1515589952468872,-0.0390360951423645,-0.015396497597976122,-0.12328049540519714,-0.026073336601257324,-0.0040206745397881605,-0.10525703430175781,-0.029033124446868896,0.008218256371037569,thumbs_down
0.0,0.0,0.0,-0.03228193521499634,0.08165284991264343,-0.0116916100373885,-0.07618355751037598,0.1461736559867859,-0.017716637521090206,-0.11578291654586792,0.19136372208595276,-0.027650470553936657,-0.14345142245292664,0.22661903500556946,-0.03437493246704548,-0.12360227108001709,0.08690878748893738,0.014718667895493809,-0.16668826341629028,0.09718459844589233,-0.010935606143476662,-0.13034921884536743,0.0961703360080719,-0.028090783103408512,-0.10096815228462219,0.08943301439285278,-0.03530121844917744,-0.12524285912513733,0.04450821876525879,0.00992565072417051,-0.1690656542778015,0.05368363857269287,-0.018764403357209858,-0.1209917962551117,0.05656301975250244,-0.029281682043375667,-0.0925031304359436,0.050989896059036255,-0.02824136306256264,-0.12134784460067749,0.0017382502555847168,-2.9847891283907302e-05,-0.16199910640716553,0.00994071364402771,-0.02514136460334271,-0.11811348795890808,0.01737278699874878,-0.01926626329034775,-0.09088999032974243,0.014102339744567871,-0.006844117946030792,-0.11162996292114258,-0.04241865873336792,-0.011533216281833347,-0.14783886075019836,-0.03374096751213074,-0.021601794927420315,-0.12063926458358765,-0.02077654004096985,-0.01184387103378981,-0.10009691119194031,-0.020693093538284302,-0.0004445671798123385,thumbs_down
0.0,0.0,0.0,-0.030516445636749268,0.07772213220596313,-0.014422840732663644,-0.07523238658905029,0.14619973301887512,-0.020468959878712667,-0.11459663510322571,0.19156414270401,-0.02938509761872865,-0.14350777864456177,0.22612982988357544,-0.035284957211047185,-0.12942928075790405,0.08980336785316467,0.01439047575411223,-0.17024758458137512,0.09759953618049622,-0.009327520910233034,-0.13861143589019775,0.09528738260269165,-0.027189227114945425,-0.10775884985923767,0.08938774466514587,-0.035363311241894735,-0.1316688060760498,0.04475173354148865,0.011263990480870234,-0.17270728945732117,0.04990348219871521,-0.01573712780657388,-0.12831264734268188,0.05459940433502197,-0.02838930144491769,-0.0960390567779541,0.054471343755722046,-0.029395327265888227,-0.12666311860084534,0.00092315673828125,0.0029470305279346576,-0.16575834155082703,0.006049036979675293,-0.022575885351329816,-0.1244465708732605,0.01532629132270813,-0.020491419653922094,-0.09342491626739502,0.017257362604141235,-0.010541433762341512,-0.11566951870918274,-0.043796688318252563,-0.006813001647174133,-0.15123185515403748,-0.034835875034332275,-0.020102752666502965,-0.123923659324646,-0.022116631269454956,-0.01333150948914863,-0.10021647810935974,-0.01818639039993286,-0.0034764938201305995,thumbs_down
0.0,0.0,0.0,-0.03265941143035889,0.07783859968185425,-0.013834534754522565,-0.07734072208404541,0.14554694294929504,-0.01995929477877212,-0.1166146993637085,0.19140097498893738,-0.029178017360635522,-0.14593267440795898,0.2263573706150055,-0.035377241281338456,-0.13070473074913025,0.08803528547286987,0.014728332328132865,-0.17261573672294617,0.09739482402801514,-0.00864264702565265,-0.1408921182155609,0.09531113505363464,-0.026578543317981485,-0.1098870038986206,0.0890296995639801,-0.03495553841955257,-0.1328045129776001,0.043850481510162354,0.011471254209510562,-0.1755077838897705,0.0501461923122406,-0.01487809008128238,-0.13162481784820557,0.05555909872055054,-0.02739591857559276,-0.0990610420703888,0.05491796135902405,-0.028631455806561235,-0.12731671333312988,0.00031247735023498535,0.0031132708941470355,-0.16842526197433472,0.005830883979797363,-0.021415456739731553,-0.12788763642311096,0.01651701331138611,-0.019404446316428903,-0.09614101052284241,0.018329381942749023,-0.009866673109598878,-0.115812748670578,-0.044321924448013306,-0.006723190268047574,-0.152782142162323,-0.03571423888206482,-0.019502536935277703,-0.1264074146747589,-0.02105620503425598,-0.013002648559876206,-0.10182437300682068,-0.016403377056121826,-0.0035507886964012414,thumbs_down
0.0,0.0,0.0,-0.03425055742263794,0.07799229025840759,-0.01315994962754985,-0.07786345481872559,0.14412125945091248,-0.019296488088400565,-0.11673271656036377,0.18916171789169312,-0.028767064508826934,-0.14569944143295288,0.22428947687149048,-0.03529851168099185,-0.13000118732452393,0.08523046970367432,0.0156636589049981,-0.17242097854614258,0.09426340460777283,-0.007248853162707292,-0.1412820816040039,0.09264257550239563,-0.025450211313398086,-0.11009028553962708,0.08678746223449707,-0.0341229888767316,-0.13207533955574036,0.04156774282455444,0.012192290912537374,-0.17536833882331848,0.04758754372596741,-0.01381175156387826,-0.1326819658279419,0.053425729274749756,-0.026950538453490935,-0.09924206137657166,0.05346643924713135,-0.028852369931371413,-0.12658408284187317,-0.001632601022720337,0.0037410791806564703,-0.16822156310081482,0.0035137534141540527,-0.020327283364565574,-0.12874624133110046,0.014664977788925171,-0.018871302080185615,-0.09606078267097473,0.017502933740615845,-0.009875788648457728,-0.1151948869228363,-0.04609301686286926,-0.006159166634859048,-0.15290164947509766,-0.03861778974533081,-0.01884491398635646,-0.12738937139511108,-0.023557186126708984,-0.012622715269060336,-0.10195448994636536,-0.01760268211364746,-0.003408438122676216,thumbs_down
0.0,0.0,0.0,-0.0314103364944458,0.07997968792915344,-0.01508446390104723,-0.07465708255767822,0.14865735173225403,-0.023072517275039672,-0.11440163850784302,0.19220569729804993,-0.033681654169384956,-0.1442672312259674,0.22769024968147278,-0.04106225146276188,-0.12850111722946167,0.08935689926147461,0.009270851702268601,-0.17259269952774048,0.09809818863868713,-0.014443448542778015,-0.1445704996585846,0.0975542664527893,-0.03280157296282482,-0.11324280500411987,0.09253379702568054,-0.04149148313624096,-0.12990182638168335,0.04489526152610779,0.006197995242501975,-0.1750120222568512,0.050936609506607056,-0.018849513291542053,-0.1360451579093933,0.05718681216239929,-0.030740464835588455,-0.10162326693534851,0.057912349700927734,-0.03242291583043766,-0.12425416707992554,0.001131594181060791,-0.0019189663307486171,-0.16751563549041748,0.007036536931991577,-0.024051978050891876,-0.13184893131256104,0.018508315086364746,-0.02194957135540676,-0.09881746768951416,0.021931558847427368,-0.013556455991391658,-0.11290371417999268,-0.04435434937477112,-0.011857813953582763,-0.15183252096176147,-0.03774607181549072,-0.023716813682739257,-0.13051757216453552,-0.021065562963485718,-0.01814945487600994,-0.10542872548103333,-0.011728107929229736,-0.009974272719745159,thumbs_down
0.0,0.0,0.0,-0.031810224056243896,0.07900816202163696,-0.015548539102269388,-0.07556629180908203,0.14818188548088074,-0.02331755751390574,-0.1153731644153595,0.19196084141731262,-0.03366436691601393,-0.14578169584274292,0.22695019841194153,-0.04063252241928694,-0.13116297125816345,0.08990451693534851,0.010179006740258956,-0.17491334676742554,0.09632658958435059,-0.013674263596726632,-0.14547201991081238,0.09665781259536743,-0.03198674948532698,-0.11355966329574585,0.09235098958015442,-0.04055400447566626,-0.1323658525943756,0.044797033071517944,0.007268220431910777,-0.17692866921424866,0.04950520396232605,-0.018246729612542367,-0.13598233461380005,0.05673864483833313,-0.030145053506089425,-0.10131904482841492,0.057879477739334106,-0.031570373788667894,-0.12635394930839539,0.0005864799022674561,-0.0008582978497315708,-0.16981399059295654,0.004778861999511719,-0.024120251402450776,-0.13184785842895508,0.01721861958503723,-0.021886857912136293,-0.0979120135307312,0.02117365598678589,-0.012917579837335325,-0.11445331573486328,-0.04530033469200134,-0.010769191883696294,-0.15401148796081543,-0.0394645631313324,-0.023263507276965356,-0.13036909699440002,-0.022198528051376343,-0.017345352783991075,-0.10397937893867493,-0.01275143027305603,-0.008640251808060384,thumbs_down
0.0,0.0,0.0,-0.0306779146194458,0.08400389552116394,-0.015042878847026486,-0.0734754204750061,0.15529334545135498,-0.022721586908602376,-0.11461451649665833,0.19853422045707703,-0.0334634726600882,-0.1470828652381897,0.23114493489265442,-0.04068860241343941,-0.13009768724441528,0.09594583511352539,0.010486615662074428,-0.17509004473686218,0.10562390089035034,-0.015702083866500516,-0.14092344045639038,0.1000845730304718,-0.03469274395277466,-0.10793754458427429,0.09152522683143616,-0.04301349648406472,-0.13204830884933472,0.04991263151168823,0.006858084191179614,-0.17774289846420288,0.05638754367828369,-0.021988464679026265,-0.1321597397327423,0.05932316184043884,-0.03438655489256348,-0.09721171855926514,0.0571461021900177,-0.03481227734258141,-0.12703180313110352,0.004956454038619995,-0.0020824448870655488,-0.16917508840560913,0.009487777948379517,-0.0284677913146254,-0.12687620520591736,0.019227147102355957,-0.025889389376544614,-0.09301364421844482,0.021155476570129395,-0.015308800313079018,-0.11593103408813477,-0.04134538769721985,-0.012645867812835832,-0.15473109483718872,-0.03374567627906799,-0.026162307869100232,-0.12847024202346802,-0.018499046564102173,-0.01908930965831246,-0.10212323069572449,-0.011718213558197021,-0.008811706836723943,thumbs_down
0.0,0.0,0.0,-0.03072255849838257,0.08356261253356934,-0.014928978765453849,-0.07365840673446655,0.15480053424835205,-0.022552781635965857,-0.11517474055290222,0.19896888732910156,-0.033251716652955565,-0.14914453029632568,0.230010986328125,-0.040333076277818236,-0.13001665472984314,0.09634721279144287,0.009771744823012796,-0.17659038305282593,0.10616755485534668,-0.016966231996264014,-0.14163416624069214,0.10168170928955078,-0.035726669142093215,-0.10868263244628906,0.0933448076248169,-0.043741478482331786,-0.13168415427207947,0.05041375756263733,0.00591245350420877,-0.17921912670135498,0.056701481342315674,-0.0232511953358312,-0.13234734535217285,0.06043851375579834,-0.03479160637601808,-0.0978040099143982,0.05796051025390625,-0.03451704130515054,-0.12658169865608215,0.005538225173950195,-0.0032857443579246137,-0.1711329221725464,0.010163366794586182,-0.030204892987455878,-0.12742853164672852,0.02004966139793396,-0.02620289930149511,-0.09379678964614868,0.020927459001541138,-0.01446236939176515,-0.11523908376693726,-0.041090428829193115,-0.01409657382413343,-0.15598517656326294,-0.03344637155532837,-0.027995870346273932,-0.12768128514289856,-0.01806563138961792,-0.019994082758273635,-0.10019877552986145,-0.01204177737236023,-0.00890630566522077,thumbs_down
0.0,0.0,0.0,-0.029209554195404053,0.08475863933563232,-0.013845966778262664,-0.07126694917678833,0.1548183262348175,-0.020465143605633784,-0.11378338932991028,0.196356862783432,-0.03037248982445817,-0.14740169048309326,0.22579824924468994,-0.03682678250925164,-0.1282401978969574,0.10002946853637695,0.012117199019030522,-0.17382201552391052,0.1106320321559906,-0.013142426147624064,-0.14026802778244019,0.10261234641075134,-0.0315473420764647,-0.10862529277801514,0.09286397695541382,-0.039718513026400615,-0.1312282681465149,0.05279681086540222,0.007683355246172141,-0.17682379484176636,0.06016579270362854,-0.019858083337112475,-0.13103869557380676,0.05843615531921387,-0.03186029253856759,-0.09821426868438721,0.054425209760665894,-0.03241304738776307,-0.12740549445152283,0.006797969341278076,-0.0019307532334096322,-0.1706184446811676,0.012939810752868652,-0.026517088174387027,-0.1296815276145935,0.01652786135673523,-0.022260781958266307,-0.09898513555526733,0.014950484037399292,-0.011421411878927756,-0.11706089973449707,-0.040242671966552734,-0.013246931716366817,-0.15566390752792358,-0.03237763047218323,-0.025172018095418025,-0.12915116548538208,-0.02192804217338562,-0.016382372587486316,-0.10498836636543274,-0.019321739673614502,-0.005379779379381944,thumbs_down
0.0,0.0,0.0,-0.028010427951812744,0.08563148975372314,-0.015231550103749214,-0.06915146112442017,0.1564197540283203,-0.02240311390789884,-0.1131325364112854,0.1975516974925995,-0.03246181494625944,-0.1478373110294342,0.22620487213134766,-0.03884924239548582,-0.12611448764801025,0.0997774600982666,0.011948199578796448,-0.17329874634742737,0.10824814438819885,-0.014344608775104462,-0.13861703872680664,0.10373130440711975,-0.03329479358228582,-0.1061074435710907,0.09662148356437683,-0.04146887770923513,-0.1288280487060547,0.05231642723083496,0.008313957237874092,-0.17538711428642273,0.05820775032043457,-0.01972924581798452,-0.12900519371032715,0.05917876958847046,-0.03168937227758306,-0.09642106294631958,0.05650493502616882,-0.032088272637452064,-0.12550154328346252,0.006850302219390869,-0.0008443072584896072,-0.17021465301513672,0.011653631925582886,-0.026568800574864326,-0.12813228368759155,0.017738670110702515,-0.022208838156188904,-0.09700024127960205,0.01711288094520569,-0.01080883703264135,-0.1163698136806488,-0.04015839099884033,-0.011767376578177391,-0.15585798025131226,-0.032233595848083496,-0.02455383575590986,-0.12769344449043274,-0.02131602168083191,-0.015666514998997627,-0.10252246260643005,-0.018684983253479004,-0.004248873694564281,thumbs_down
0.0,0.0,0.0,-0.03207904100418091,0.08362144231796265,-0.012272123023279846,-0.07751202583312988,0.14902451634407043,-0.017259649708279312,-0.12178429961204529,0.18842127919197083,-0.025903185605415047,-0.15578389167785645,0.21838560700416565,-0.03158067516923779,-0.1282041072845459,0.09231492877006531,0.015740489811292946,-0.17380201816558838,0.10193672776222229,-0.008168834968813599,-0.1400761604309082,0.09601107239723206,-0.025366417839535416,-0.11015525460243225,0.08808675408363342,-0.03286586679459447,-0.13012006878852844,0.045697033405303955,0.010960296951822102,-0.17655205726623535,0.052858710289001465,-0.01576526626885766,-0.1299808919429779,0.052257031202316284,-0.02751813620270127,-0.09845077991485596,0.04784435033798218,-0.027901634349831284,-0.1254364252090454,0.0003764033317565918,0.001135918885125875,-0.16970539093017578,0.006682723760604858,-0.023909613265999496,-0.12699037790298462,0.011282593011856079,-0.019444022103556335,-0.09665197134017944,0.009312301874160767,-0.008153692595072926,-0.1145104467868805,-0.04590091109275818,-0.01005703467816943,-0.15328463912010193,-0.03678467869758606,-0.022080207019456566,-0.1247870922088623,-0.026982277631759644,-0.01265239693165654,-0.10107898712158203,-0.026698678731918335,-0.0011587108106994037,thumbs_down
0.0,0.0,0.0,-0.03102487325668335,0.08244970440864563,-0.013768608794578086,-0.07741683721542358,0.1489359736442566,-0.01910786248839713,-0.12284082174301147,0.18901202082633972,-0.02764433167970992,-0.1572812795639038,0.21791133284568787,-0.03271261893308974,-0.12881216406822205,0.09349560737609863,0.014829997791878213,-0.17418858408927917,0.10058015584945679,-0.010377147347696791,-0.1362178921699524,0.0957288146018982,-0.02735206589198924,-0.10660824179649353,0.0896461009979248,-0.034386816547282706,-0.13109052181243896,0.046453624963760376,0.010981359406343927,-0.17615994811058044,0.051415324211120605,-0.01707241416073657,-0.1262303590774536,0.05214729905128479,-0.028119596765407096,-0.09760436415672302,0.04924735426902771,-0.027669898347028266,-0.12649905681610107,0.0008828043937683105,0.001790330865389933,-0.170980304479599,0.004976868629455566,-0.02530964568353511,-0.12499344348907471,0.011034518480300903,-0.01986499235130168,-0.09611266851425171,0.01064079999923706,-0.00723640026620842,-0.11604994535446167,-0.04507896304130554,-0.008797108308442603,-0.15401968359947205,-0.03823009133338928,-0.021817834229238997,-0.12264227867126465,-0.027280747890472412,-0.011913529709943305,-0.09906813502311707,-0.025457441806793213,0.00030530014561236385,thumbs_down
0.0,0.0,0.0,-0.0313105583190918,0.0786377489566803,-0.013645064528560624,-0.0822492241859436,0.14368686079978943,-0.018409438874101625,-0.1266305148601532,0.18681293725967407,-0.02616582855162619,-0.15772169828414917,0.22005131840705872,-0.030317958887195573,-0.13286495208740234,0.0892210602760315,0.015571323711895957,-0.1738780438899994,0.10188040137290955,-0.010346563975787149,-0.13524377346038818,0.09870609641075134,-0.02584927014586924,-0.11019203066825867,0.09073939919471741,-0.031895328755950914,-0.13299056887626648,0.043147116899490356,0.011214528721296801,-0.17207753658294678,0.054757386445999146,-0.015322982776439176,-0.12169808149337769,0.05880296230316162,-0.02293440930125712,-0.10249850153923035,0.052251338958740234,-0.020725496556138978,-0.12604549527168274,-0.0019115209579467773,0.0009604711313784264,-0.16381996870040894,0.008732855319976807,-0.026520980964875207,-0.1151462197303772,0.01683354377746582,-0.017877221550321565,-0.09400129318237305,0.011090308427810669,-0.0035489781065791703,-0.11360284686088562,-0.04718703031539917,-0.0107795609864354,-0.1445237398147583,-0.03335601091384888,-0.02373883358714579,-0.11061263084411621,-0.02133437991142273,-0.012128651584959016,-0.09236723184585571,-0.025397777557373047,0.0010621132324502014,thumbs_down
0.0,0.0,0.0,-0.03146529197692871,0.07924804091453552,-0.013735238479398504,-0.08209365606307983,0.14401552081108093,-0.019672635028086916,-0.12599271535873413,0.19014975428581238,-0.02894998995395781,-0.15525570511817932,0.22682836651802063,-0.034262922609173074,-0.13392376899719238,0.08721494674682617,0.01779680790571092,-0.1727524995803833,0.10659664869308472,-0.00904372894945027,-0.13329198956489563,0.10436797142028809,-0.023398200998030916,-0.11264079809188843,0.09296023845672607,-0.028440288284741655,-0.1336871087551117,0.043608129024505615,0.013262026926554427,-0.17019915580749512,0.06211546063423157,-0.016337906027160898,-0.11835426092147827,0.06632906198501587,-0.022997812384687677,-0.10610276460647583,0.05350187420845032,-0.018718500638328806,-0.12618869543075562,0.0004551112651824951,0.002444875177047834,-0.1577797532081604,0.017708241939544678,-0.027431196549855486,-0.10940167307853699,0.024453938007354736,-0.017786134982429758,-0.09677755832672119,0.011475801467895508,-0.0018252838802936822,-0.11444008350372314,-0.04360887408256531,-0.009892171265505567,-0.1393999457359314,-0.02313646674156189,-0.02270328720840098,-0.10528302192687988,-0.012104213237762451,-0.010375029424153581,-0.09215611219406128,-0.022517770528793335,0.003652928613178119,thumbs_down
0.0,0.0,0.0,-0.03127145767211914,0.0790678858757019,-0.013588990246688581,-0.08278650045394897,0.14439621567726135,-0.019459970457290865,-0.12700870633125305,0.19073820114135742,-0.028669469220375277,-0.15608075261116028,0.22795939445495605,-0.03394734689388201,-0.1345880627632141,0.08842936158180237,0.01784068143572881,-0.17328187823295593,0.10764682292938232,-0.008802813639675833,-0.13406726717948914,0.10580462217330933,-0.022969488216375566,-0.11299335956573486,0.09416592121124268,-0.02788995222542212,-0.13474491238594055,0.04528683423995972,0.01319719089772775,-0.17128446698188782,0.06379318237304688,-0.016058188093637682,-0.11925023794174194,0.06777569651603699,-0.02244060502741263,-0.10658872127532959,0.054320335388183594,-0.01795052380654738,-0.12732601165771484,0.0021152496337890625,0.0022974189614899387,-0.1587885022163391,0.01904919743537903,-0.027350025413369394,-0.1102188229560852,0.025933653116226196,-0.017599215892886377,-0.09729710221290588,0.012891709804534912,-0.001600330740956224,-0.11561325192451477,-0.04191678762435913,-0.010109005657767511,-0.14038151502609253,-0.02171686291694641,-0.022867163805102564,-0.10591399669647217,-0.010486692190170288,-0.010491636743580557,-0.0925741195678711,-0.020708024501800537,0.0035451821295566788,thumbs_down
0.0,0.0,0.0,-0.03196144104003906,0.0808318555355072,-0.013262422134573626,-0.08366960287094116,0.1474233865737915,-0.019133650076980757,-0.12567108869552612,0.19656237959861755,-0.02830192291497724,-0.15232428908348083,0.2368796467781067,-0.033665849206443,-0.13438662886619568,0.09106263518333435,0.01617585091531737,-0.17233914136886597,0.11350026726722717,-0.01028119617461698,-0.1328907012939453,0.10961133241653442,-0.024850687322611975,-0.11213770508766174,0.09674757719039917,-0.030522330043311285,-0.1349705457687378,0.04779115319252014,0.011046478214268518,-0.17066797614097595,0.06859195232391357,-0.017626345468158888,-0.11947506666183472,0.07077071070671082,-0.024133988035316634,-0.10633087158203125,0.055760473012924194,-0.020455332783456015,-0.12700244784355164,0.004076719284057617,-0.0001246777296159962,-0.15881627798080444,0.023096472024917603,-0.028870852974648642,-0.11102050542831421,0.029069244861602783,-0.01930291795491712,-0.09771507978439331,0.014923453330993652,-0.004134864391232895,-0.11434134840965271,-0.040431857109069824,-0.012826292154784369,-0.1381634771823883,-0.01926058530807495,-0.02527482466160791,-0.10485339164733887,-0.008071810007095337,-0.013315758978421854,-0.09214407205581665,-0.018813371658325195,-5.646841367479283e-05,thumbs_down
0.0,0.0,0.0,-0.03218358755111694,0.07990831136703491,-0.013001600879903208,-0.08447319269180298,0.1468917727470398,-0.01847731940793551,-0.12634333968162537,0.19623538851737976,-0.027315751317615877,-0.15294191241264343,0.2365928292274475,-0.03234983668076552,-0.13608181476593018,0.09125649929046631,0.017521926533703436,-0.17372524738311768,0.11359632015228271,-0.00831175748604096,-0.1347740888595581,0.10998255014419556,-0.022599653009052645,-0.11346390843391418,0.09709751605987549,-0.02805313527929343,-0.13666149973869324,0.047599583864212036,0.012554433528606523,-0.17150861024856567,0.06765061616897583,-0.015784863982077013,-0.12013044953346252,0.06970393657684326,-0.022469342354412447,-0.1070505678653717,0.05542990565299988,-0.018795390281553637,-0.12879741191864014,0.0035828351974487305,0.0015652237751453413,-0.15885591506958008,0.022386014461517334,-0.026810235012050043,-0.11106184124946594,0.02803054451942444,-0.017537855211372744,-0.09840157628059387,0.014154762029647827,-0.0025608750467256414,-0.11646118760108948,-0.040956318378448486,-0.010916971269722353,-0.13996276259422302,-0.0195675790309906,-0.023007613274927508,-0.10631373524665833,-0.008539944887161255,-0.01102548525082625,-0.09402135014533997,-0.019271761178970337,0.0022636105830713404,thumbs_down
0.0,0.0,0.0,-0.03218871355056763,0.07999780774116516,-0.013143630513980042,-0.08419650793075562,0.1470082402229309,-0.018711783738865506,-0.1264098882675171,0.19654637575149536,-0.027670127155317914,-0.15283110737800598,0.2370145320892334,-0.03257671632064785,-0.13625484704971313,0.09181714057922363,0.017521328477130282,-0.174690842628479,0.11367666721343994,-0.008747867124213826,-0.13439831137657166,0.11008450388908386,-0.022729645298852574,-0.11356323957443237,0.09741491079330444,-0.027819103376998555,-0.1365393102169037,0.04798617959022522,0.012698762303159583,-0.17169222235679626,0.06739002466201782,-0.016461885349883687,-0.11952728033065796,0.0697655975818634,-0.022825722398295056,-0.10763382911682129,0.055672526359558105,-0.0186855185796162,-0.12857455015182495,0.004165053367614746,0.0017580100781628971,-0.15839296579360962,0.02229893207550049,-0.027273977922334325,-0.11016124486923218,0.028364837169647217,-0.01762437895132507,-0.09855112433433533,0.01447230577468872,-0.002172210302262556,-0.1165723204612732,-0.039995014667510986,-0.010682834127976548,-0.1401187777519226,-0.01942703127861023,-0.02267249934567417,-0.10633212327957153,-0.008071959018707275,-0.010446885416342866,-0.09451445937156677,-0.01894441246986389,0.0030842262301007395,thumbs_down
0.0,0.0,0.0,-0.03003990650177002,0.08220162987709045,-0.01382832158097358,-0.07937920093536377,0.15123236179351807,-0.01949868932106824,-0.12081527709960938,0.20184892416000366,-0.028075065684703304,-0.14588508009910583,0.24288398027420044,-0.03313446253278585,-0.13031500577926636,0.09852424263954163,0.015993699210497425,-0.16981270909309387,0.12020176649093628,-0.009595348720637276,-0.13458630442619324,0.11689865589141846,-0.024994995665934994,-0.11275073885917664,0.10433894395828247,-0.03151151746251912,-0.1318393051624298,0.0550573468208313,0.011430909636231945,-0.16932374238967896,0.07248637080192566,-0.0164699184123549,-0.12099632620811462,0.07410290837287903,-0.02415422185995908,-0.10460945963859558,0.061412662267684937,-0.021586809528258755,-0.1250547170639038,0.011160880327224731,0.0009639702740003031,-0.15731000900268555,0.026816487312316895,-0.02638512871899934,-0.11143484711647034,0.03220319747924805,-0.018200688285020306,-0.09613463282585144,0.02070385217666626,-0.004501710401115133,-0.1130504310131073,-0.033706456422805786,-0.011133492213872387,-0.1360558569431305,-0.014799743890762329,-0.02322505809107156,-0.10331648588180542,-0.005030840635299683,-0.012297205847886516,-0.0904131829738617,-0.014184296131134033,-0.00011919174258423482,thumbs_down
0.0,0.0,0.0,-0.03146094083786011,0.08103948831558228,-0.013032230790429367,-0.08065378665924072,0.15052157640457153,-0.017785622048847927,-0.12081554532051086,0.20203179121017456,-0.025742568317525638,-0.14687901735305786,0.24188029766082764,-0.030188335347645534,-0.13210603594779968,0.09905567765235901,0.019644718375332104,-0.17009806632995605,0.12091347575187683,-0.005369929372989191,-0.13585561513900757,0.11663851141929626,-0.02105816664146687,-0.11387071013450623,0.10362482070922852,-0.02777130180942322,-0.1342320740222931,0.0550229549407959,0.014715714138276326,-0.17061561346054077,0.07234463095664978,-0.012435141261391891,-0.12277248501777649,0.07375949621200562,-0.020977493617408527,-0.10656625032424927,0.06188264489173889,-0.019046902898423923,-0.12749600410461426,0.010364532470703125,0.0037735784335950484,-0.1582443118095398,0.02644401788711548,-0.02318138653384949,-0.11334645748138428,0.031609803438186646,-0.01590115414904858,-0.09842726588249207,0.019894301891326904,-0.0027550482281526456,-0.11524820327758789,-0.03457893431186676,-0.008742802086942447,-0.13832128047943115,-0.015271693468093872,-0.020558336991541637,-0.10575580596923828,-0.00541609525680542,-0.00973627647357489,-0.09254875779151917,-0.015006214380264282,0.0024173534384885897,thumbs_down
0.0,0.0,0.0,-0.029473185539245605,0.08143523335456848,-0.014683976762256634,-0.07818162441253662,0.15160539746284485,-0.019670564674100888,-0.11860385537147522,0.20321431756019592,-0.027287660159430516,-0.14388930797576904,0.24313369393348694,-0.031088476993403447,-0.12998494505882263,0.10202530026435852,0.017077989883460987,-0.1695234477519989,0.12161451578140259,-0.008138162076733124,-0.1333467960357666,0.1151500940322876,-0.023153869428000462,-0.11162304878234863,0.1026160717010498,-0.029368886716923726,-0.1328381896018982,0.0580601692199707,0.01330675930503844,-0.16991376876831055,0.07411235570907593,-0.014527503393850338,-0.12048262357711792,0.07283827662467957,-0.022323414676151287,-0.10430750250816345,0.06116202473640442,-0.01962349563117982,-0.1271481215953827,0.013470500707626343,0.0034892750044548393,-0.15945634245872498,0.02750527858734131,-0.0241872537809229,-0.11294904351234436,0.030840426683425903,-0.01642099208410741,-0.09742748737335205,0.02046230435371399,-0.0026653911846494793,-0.11602923274040222,-0.03176909685134888,-0.00798391456928016,-0.13832855224609375,-0.013894915580749512,-0.020400330417118084,-0.10506504774093628,-0.005358189344406128,-0.009855367236099255,-0.09266233444213867,-0.013955503702163696,0.002294058220201123,thumbs_down
0.0,0.0,0.0,-0.029635608196258545,0.08144903182983398,-0.01477734268223685,-0.07705944776535034,0.15186813473701477,-0.020136599322313486,-0.116413414478302,0.2036016285419464,-0.028151542773002802,-0.14298775792121887,0.2434271275997162,-0.03241783835505885,-0.1304505169391632,0.10326787829399109,0.017359732756858648,-0.16867318749427795,0.12165197730064392,-0.007976212432140528,-0.13258904218673706,0.11623871326446533,-0.023635231783146082,-0.11056402325630188,0.10451334714889526,-0.03038747132336539,-0.13333365321159363,0.058721303939819336,0.01313907570624906,-0.17107999324798584,0.07484373450279236,-0.015094519486183344,-0.12159863114356995,0.07441398501396179,-0.023795486321205317,-0.10460063815116882,0.06326165795326233,-0.021683865120166956,-0.12748175859451294,0.013844668865203857,0.002930072941353501,-0.15926826000213623,0.026845276355743408,-0.02535321087157172,-0.11256319284439087,0.031006455421447754,-0.01784282818948668,-0.09628385305404663,0.0214788019657135,-0.004113961835855662,-0.11622676253318787,-0.031339436769485474,-0.008913153675848662,-0.13981351256370544,-0.015404075384140015,-0.021781257247084795,-0.10550588369369507,-0.0058120787143707275,-0.010745331538373648,-0.09143054485321045,-0.012834548950195312,0.0018587569841201912,thumbs_down
0.0,0.0,0.0,-0.028669297695159912,0.08162984251976013,-0.015591313047423228,-0.07731401920318604,0.15306678414344788,-0.020357684148564203,-0.11850130558013916,0.2059062123298645,-0.027816568417563303,-0.14444571733474731,0.24621263146400452,-0.031125665558590754,-0.13122451305389404,0.10286378860473633,0.01991320502935423,-0.17194190621376038,0.12385281920433044,-0.004871924789711102,-0.13580557703971863,0.11731943488121033,-0.019778623161926134,-0.11357083916664124,0.10467639565467834,-0.0258343898785256,-0.13499653339385986,0.05918726325035095,0.0168318479227878,-0.17310044169425964,0.07604819536209106,-0.010973109779968127,-0.12291473150253296,0.07405436038970947,-0.01926487210215555,-0.10668066143989563,0.06271171569824219,-0.016551694749011858,-0.12965619564056396,0.014872044324874878,0.007434183815405504,-0.16324234008789062,0.02936694025993347,-0.02046561512173639,-0.11605581641197205,0.03209930658340454,-0.01294290079744087,-0.09974890947341919,0.0216311514377594,0.0010573592408604782,-0.11888623237609863,-0.031107336282730103,-0.003723367033614977,-0.142601877450943,-0.01251441240310669,-0.016331204129471644,-0.10881981253623962,-0.003690183162689209,-0.005901408298029764,-0.09563592076301575,-0.012455403804779053,0.006439185319379703,thumbs_down
0.0,0.0,0.0,-0.028711557388305664,0.08033570647239685,-0.015611456391837919,-0.07872354984283447,0.15315043926239014,-0.02049919838222536,-0.11999854445457458,0.20666509866714478,-0.02807222554596933,-0.1463027000427246,0.2473025918006897,-0.03135859096559557,-0.13334056735038757,0.10514387488365173,0.01938331065562693,-0.17309537529945374,0.12547779083251953,-0.0051775473742452505,-0.13605517148971558,0.1186104416847229,-0.01963681044193777,-0.11388728022575378,0.1062338650226593,-0.025450952967133844,-0.13726776838302612,0.06066998839378357,0.01626450506833521,-0.17493993043899536,0.07689681649208069,-0.010869380702700937,-0.12382775545120239,0.07487982511520386,-0.018290406709041918,-0.10915106534957886,0.06427356600761414,-0.015188843627896631,-0.13189730048179626,0.015740036964416504,0.006835661678138649,-0.16337496042251587,0.02983313798904419,-0.020812139531102503,-0.11578342318534851,0.03258758783340454,-0.012719317955401266,-0.10105541348457336,0.02247607707977295,0.0014639144889372346,-0.1214311420917511,-0.02993631362915039,-0.00432952415334853,-0.1459437608718872,-0.012857526540756226,-0.016566245501365984,-0.11156180500984192,-0.003647416830062866,-0.005373217315849388,-0.09816515445709229,-0.011658966541290283,0.007419361116859591,thumbs_down
0.0,0.0,0.0,-0.02828824520111084,0.08320072293281555,-0.01616280423152716,-0.07511639595031738,0.1555660367012024,-0.022123726919772935,-0.1154017448425293,0.20949190855026245,-0.030818234101417374,-0.14098802208900452,0.2508084774017334,-0.035240686402204346,-0.12848374247550964,0.10800054669380188,0.01686709476959436,-0.1702522337436676,0.1284008026123047,-0.009307893828037095,-0.13227450847625732,0.12063568830490112,-0.02464422108280928,-0.10993000864982605,0.10846534371376038,-0.03077871435928614,-0.1324823498725891,0.06341376900672913,0.013781276627895522,-0.17231541872024536,0.08032739162445068,-0.015040523276212525,-0.1207970380783081,0.0774928629398346,-0.023027921930435014,-0.10592678189277649,0.06604543328285217,-0.020202104837181878,-0.12794378399848938,0.018710553646087646,0.0044639321076545,-0.16298764944076538,0.03228729963302612,-0.024171722025158715,-0.11471027135848999,0.03521054983139038,-0.01574270696985991,-0.0988197922706604,0.02489030361175537,-0.0010964143057492493,-0.11822468042373657,-0.02681329846382141,-0.006653241251143527,-0.14343008399009705,-0.010362803936004639,-0.01931316675293715,-0.10938060283660889,-0.001003652811050415,-0.008060591198983502,-0.0954689085483551,-0.009059786796569824,0.004894033636418271,thumbs_down
0.0,0.0,0.0,-0.028279364109039307,0.08460196852684021,-0.013953093442040654,-0.07259827852249146,0.1558610200881958,-0.019153652715402814,-0.11153003573417664,0.20998576283454895,-0.02767883986504671,-0.13664188981056213,0.25126582384109497,-0.03249299526484606,-0.12608057260513306,0.10735869407653809,0.01798914186386469,-0.16835764050483704,0.12984395027160645,-0.008104348557907315,-0.13259181380271912,0.12099683284759521,-0.0240540616241276,-0.10961449146270752,0.10754883289337158,-0.030501676726061078,-0.13071420788764954,0.06369641423225403,0.013785960150045184,-0.1717446744441986,0.08232805132865906,-0.01477431692453024,-0.12230685353279114,0.07672852277755737,-0.023490373047906132,-0.10328420996665955,0.06390565633773804,-0.02116060257228014,-0.12704944610595703,0.018677860498428345,0.0036330870325684828,-0.16347447037696838,0.034241825342178345,-0.024338481950479718,-0.11613383889198303,0.03412136435508728,-0.016594478863197537,-0.09647771716117859,0.023092329502105713,-0.002376469786184998,-0.11743706464767456,-0.028205931186676025,-0.00813104957612154,-0.14499837160110474,-0.010167747735977173,-0.020564269277173253,-0.1114116907119751,-0.002681255340576172,-0.00954757631095049,-0.09523019194602966,-0.011024951934814453,0.0032477087779909652,thumbs_down
0.0,0.0,0.0,-0.02788388729095459,0.08263623714447021,-0.014345068087010304,-0.07416516542434692,0.1556224524974823,-0.019404873785703103,-0.11294451355934143,0.20957612991333008,-0.027644880649773995,-0.13806909322738647,0.2507729232311249,-0.031925721627800385,-0.12855353951454163,0.10847505927085876,0.018022875699074348,-0.17041274905204773,0.12993115186691284,-0.008058752467064778,-0.1339464783668518,0.11930915713310242,-0.023627188590495507,-0.11078318953514099,0.10672584176063538,-0.02973456920418016,-0.13359010219573975,0.06431308388710022,0.014026623616786082,-0.17360883951187134,0.08237418532371521,-0.01465978526803724,-0.12286922335624695,0.07571181654930115,-0.02326206171247236,-0.10501289367675781,0.06483414769172668,-0.02067385294768087,-0.12983104586601257,0.019141584634780884,0.004038516363920053,-0.16410812735557556,0.03432086110115051,-0.024534628329007546,-0.11524775624275208,0.03332361578941345,-0.016552443218557755,-0.09667512774467468,0.023467332124710083,-0.0019144016067969005,-0.12030631303787231,-0.027266398072242737,-0.007504575953959147,-0.14719048142433167,-0.009363830089569092,-0.019986101028649728,-0.11223363876342773,-0.0020109713077545166,-0.008302720797388474,-0.09630203247070312,-0.009430646896362305,0.00511045979973801,thumbs_down
0.0,0.0,0.0,-0.026158034801483154,0.08303442597389221,-0.015220811630570097,-0.06879299879074097,0.1564815640449524,-0.02180226989366929,-0.10647222399711609,0.21279144287109375,-0.03129800133683602,-0.12976616621017456,0.25494125485420227,-0.03672044448831002,-0.12432467937469482,0.11070570349693298,0.015263939236319857,-0.1660846769809723,0.1330902874469757,-0.01178803857692401,-0.12817978858947754,0.12294691801071167,-0.027588094624661608,-0.10591170191764832,0.10985103249549866,-0.03385898940541665,-0.12976297736167908,0.06643655896186829,0.011731675785995321,-0.16902202367782593,0.08596634864807129,-0.017384725662850542,-0.11763042211532593,0.07919570803642273,-0.025161500128888292,-0.10232087969779968,0.06730794906616211,-0.02229706481375615,-0.12673863768577576,0.02116626501083374,0.00215604385084589,-0.16190999746322632,0.03738710284233093,-0.026526837649726076,-0.11344099044799805,0.03628548979759216,-0.017674394923233194,-0.09702551364898682,0.025469988584518433,-0.0027916932413063478,-0.11799469590187073,-0.025144606828689575,-0.009090600575291319,-0.14375704526901245,-0.007106974720954895,-0.021818202960275812,-0.10924854874610901,-0.000529855489730835,-0.010352922643505735,-0.09496492147445679,-0.009164363145828247,0.0027613488091446925,thumbs_down
0.0,0.0,0.0,-0.026803195476531982,0.08241033554077148,-0.014978535201606746,-0.07083737850189209,0.1551538109779358,-0.020970900271294113,-0.10825639963150024,0.21074149012565613,-0.030097563479301925,-0.13261768221855164,0.2531186640262604,-0.03532553343868017,-0.1270093321800232,0.10867816209793091,0.017067929070236687,-0.1679379642009735,0.13213247060775757,-0.010246735725758072,-0.1315804123878479,0.1214095950126648,-0.026735954646227356,-0.10864213109016418,0.10737025737762451,-0.03334677471613645,-0.13265851140022278,0.0648648738861084,0.01296950810754538,-0.17267295718193054,0.08470273017883301,-0.016815182481167312,-0.1216404139995575,0.0768357515335083,-0.025763443399426933,-0.10394254326820374,0.06423389911651611,-0.02319173767065763,-0.12922924757003784,0.01947304606437683,0.002788431515710954,-0.1636197865009308,0.03499308228492737,-0.026644135553596016,-0.11502617597579956,0.033062130212783813,-0.01844833484685182,-0.09704837203025818,0.02246224880218506,-0.0034463083913749415,-0.11978670954704285,-0.027293995022773743,-0.00903303800916433,-0.14716026186943054,-0.009957119822502136,-0.022029370729086395,-0.11228615045547485,-0.0032029151916503906,-0.010196900654790397,-0.09675374627113342,-0.010758787393569946,0.003434404071214203,thumbs_down
0.0,0.0,0.0,-0.024000704288482666,0.08276975154876709,-0.015247043804009763,-0.06461507081985474,0.15664058923721313,-0.022579982527275888,-0.09934240579605103,0.21461543440818787,-0.03297235595502457,-0.12127184867858887,0.2578558027744293,-0.03931489365615448,-0.12307074666023254,0.1112833023071289,0.014977325103501471,-0.16323664784431458,0.13613232970237732,-0.012627710238774625,-0.12467923760414124,0.1245851218700409,-0.029046453186055032,-0.10187503695487976,0.10993778705596924,-0.03560976462878784,-0.12993863224983215,0.06786298751831055,0.011200338951567801,-0.16868355870246887,0.08870658278465271,-0.019029026501556245,-0.11642932891845703,0.08053326606750488,-0.027519823633809892,-0.10009023547172546,0.06730952858924866,-0.024636562564154474,-0.12783214449882507,0.02268281579017639,0.0014311586276392063,-0.16219383478164673,0.040252685546875,-0.02758648211576542,-0.11335724592208862,0.03751203417778015,-0.01897413062371811,-0.09684053063392639,0.025592058897018433,-0.003940428257664053,-0.11965876817703247,-0.023647591471672058,-0.01002668275006613,-0.14431273937225342,-0.005124539136886597,-0.0225249711654385,-0.11022645235061646,9.298324584960938e-05,-0.011066006147046892,-0.09698706865310669,-0.009524136781692505,0.0021425340094367584,thumbs_down
0.0,0.0,0.0,-0.02552664279937744,0.08079096674919128,-0.014958723024676601,-0.06581765413284302,0.15289658308029175,-0.022495579482267658,-0.10015493631362915,0.2105875015258789,-0.033356335521887104,-0.12368938326835632,0.2534032464027405,-0.04030873304719762,-0.12374985218048096,0.10824057459831238,0.01483022277687951,-0.1656513512134552,0.13323986530303955,-0.013084672899196903,-0.1281299889087677,0.12341922521591187,-0.02983006699497537,-0.10474488139152527,0.10878914594650269,-0.03659987872953252,-0.12989526987075806,0.06523782014846802,0.010696862316478928,-0.17029353976249695,0.08558285236358643,-0.019146444783757488,-0.11945116519927979,0.07889878749847412,-0.027864836664150516,-0.10230693221092224,0.06612986326217651,-0.02534703029806451,-0.12755167484283447,0.019944339990615845,0.0005468623873525758,-0.16326496005058289,0.03770864009857178,-0.027970199049661915,-0.11546990275382996,0.036486804485321045,-0.019511936740229885,-0.09784653782844543,0.024936556816101074,-0.004745645025025169,-0.11917692422866821,-0.026954829692840576,-0.011333630928049843,-0.14694327116012573,-0.006904900074005127,-0.023695901544044773,-0.11315268278121948,-0.0001296401023864746,-0.012150487438987057,-0.0979415774345398,-0.009345024824142456,0.0010447641413406927,thumbs_down
0.0,0.0,0.0,-0.024936199188232422,0.08107641339302063,-0.015282599642375772,-0.06505376100540161,0.15373969078063965,-0.023031290076175992,-0.09920009970664978,0.21203896403312683,-0.03391058874825603,-0.12183061242103577,0.25509849190711975,-0.04072254655460483,-0.12367576360702515,0.10956564545631409,0.014474853486319716,-0.16532564163208008,0.1346791684627533,-0.013186935722330873,-0.12726235389709473,0.12430641055107117,-0.029812286994854276,-0.10378813743591309,0.10966315865516663,-0.036507529593507115,-0.1299925446510315,0.06649413704872131,0.010735781476398643,-0.16959312558174133,0.08714962005615234,-0.01891529691914684,-0.11861935257911682,0.07949402928352356,-0.027518839962283437,-0.10191258788108826,0.06632447242736816,-0.024978205017248456,-0.12747010588645935,0.021364539861679077,0.0010303345830493527,-0.16241177916526794,0.03880810737609863,-0.02707458419303066,-0.11475732922554016,0.03708711266517639,-0.018559052995840375,-0.09769052267074585,0.02549615502357483,-0.0038811561329907818,-0.11898508667945862,-0.025258511304855347,-0.010422733999291722,-0.14585402607917786,-0.006050288677215576,-0.022228398747245137,-0.11220186948776245,0.0007996857166290283,-0.01063004081646568,-0.0975656509399414,-0.008044764399528503,0.0024991958258056,thumbs_down
0.0,0.0,0.0,-0.02072817087173462,0.08136647939682007,-0.0159848649525145,-0.059280574321746826,0.15837928652763367,-0.024664070504258007,-0.09052819013595581,0.21935969591140747,-0.035862185108015865,-0.11135819554328918,0.26319026947021484,-0.042887445586274,-0.1211862862110138,0.11850214004516602,0.010438838926603466,-0.16137465834617615,0.14229345321655273,-0.01778658670420441,-0.12292775511741638,0.1274925172328949,-0.03475518901879582,-0.09929400682449341,0.11297833919525146,-0.04169681300456318,-0.12884771823883057,0.07413315773010254,0.007180733093520075,-0.1666882038116455,0.09375891089439392,-0.022964537190745204,-0.11512807011604309,0.08216878771781921,-0.03159503270919117,-0.09749448299407959,0.07140174508094788,-0.029125034856150478,-0.12746340036392212,0.02769586443901062,-0.0018009711527327,-0.16123872995376587,0.045334041118621826,-0.029757605912635654,-0.11325332522392273,0.039479196071624756,-0.021226443397353023,-0.09612110257148743,0.029363244771957397,-0.006771406205842823,-0.1199277937412262,-0.019552290439605713,-0.012475823099265426,-0.14536181092262268,-0.000482708215713501,-0.02440379192168507,-0.11166048049926758,0.0027226805686950684,-0.01304838159168753,-0.09810277819633484,-0.005497202277183533,-0.0001247071229215635,thumbs_down
0.0,0.0,0.0,-0.024781107902526855,0.08200275897979736,-0.01411660927885805,-0.06435000896453857,0.15737119317054749,-0.020889714170039042,-0.09465181827545166,0.21662798523902893,-0.03091401401513849,-0.11507076025009155,0.2612644135951996,-0.03722449559325014,-0.12335339188575745,0.11455985903739929,0.01505330410248007,-0.16427373886108398,0.14034020900726318,-0.01078257597589527,-0.12892377376556396,0.12808921933174133,-0.02735135498994623,-0.10513493418693542,0.11260324716567993,-0.034427085701167925,-0.130415678024292,0.07184010744094849,0.010812828507482664,-0.17152687907218933,0.09235057234764099,-0.018211357105315074,-0.12294134497642517,0.082064688205719,-0.028274720344484194,-0.1011856198310852,0.06873151659965515,-0.02678350712710653,-0.12897989153862,0.026480525732040405,0.0010410000842284717,-0.1654455065727234,0.04447045922279358,-0.02557656522446905,-0.12014755606651306,0.0393013060092926,-0.01876647192591463,-0.09899404644966125,0.027653217315673828,-0.0055307464634779535,-0.1212853193283081,-0.02037683129310608,-0.010359885912180289,-0.1514299511909485,-0.0009069144725799561,-0.021610593233049258,-0.11965891718864441,0.0030487775802612305,-0.010858132313728674,-0.10308191180229187,-0.005916297435760498,0.0014476547522690453,thumbs_down
0.0,0.0,0.0,-0.017577707767486572,0.08471280336380005,-0.016246767993379763,-0.05540555715560913,0.1658373773097992,-0.024436297173906496,-0.08631497621536255,0.22952863574028015,-0.035228353272486856,-0.10425424575805664,0.276052325963974,-0.04176370082359426,-0.11737748980522156,0.1288803517818451,0.01126252086896784,-0.15893059968948364,0.1545884907245636,-0.017115794400979212,-0.11966529488563538,0.13508281111717224,-0.034209382067729166,-0.0955289900302887,0.11899244785308838,-0.041068598906804255,-0.12648168206214905,0.08535900712013245,0.008332865965257952,-0.1658552885055542,0.10616058111190796,-0.02266294909577482,-0.1144368052482605,0.08952954411506653,-0.03188441721658819,-0.09560734033584595,0.07834264636039734,-0.029353628213812044,-0.1273466944694519,0.039394646883010864,-0.00036855002917945967,-0.16137689352035522,0.057363361120224,-0.028694125171114138,-0.11366567015647888,0.047057658433914185,-0.020489141623784235,-0.09591463208198547,0.03655433654785156,-0.005883401538540056,-0.12254789471626282,-0.00829043984413147,-0.010840661171187094,-0.14945253729820251,0.010413289070129395,-0.022631159331012896,-0.1155022382736206,0.010293751955032349,-0.011200188937891653,-0.10098123550415039,0.002186104655265808,0.0019094422000307532,thumbs_down
0.0,0.0,0.0,-0.021506428718566895,0.08443135023117065,-0.01468567848650082,-0.057160139083862305,0.16185051202774048,-0.0226745486303912,-0.08613082766532898,0.22322413325309753,-0.033910501007710536,-0.10478907823562622,0.270893931388855,-0.04170380458680256,-0.11658856272697449,0.12524133920669556,0.011868751417125623,-0.15926238894462585,0.15340062975883484,-0.015553840626751025,-0.12626683712005615,0.13804692029953003,-0.03351317644563778,-0.10151201486587524,0.1207108199596405,-0.04141397327629193,-0.1255580484867096,0.0827932059764862,0.00746496188941137,-0.16860440373420715,0.10361739993095398,-0.022598169003401836,-0.12084856629371643,0.08960658311843872,-0.03332489282337292,-0.09692448377609253,0.0762072205543518,-0.032513014231597026,-0.12652337551116943,0.03744208812713623,-0.0023920225955293972,-0.16516131162643433,0.055346906185150146,-0.02956597619203194,-0.12042537331581116,0.04644644260406494,-0.022620086748872836,-0.09760218858718872,0.03456854820251465,-0.009467696961735328,-0.12127256393432617,-0.009711146354675293,-0.01396607812938555,-0.15299227833747864,0.008721679449081421,-0.025926334042821964,-0.12143641710281372,0.009845644235610962,-0.015130222034429153,-0.10406631231307983,0.0016775727272033691,-0.00287070307393833,thumbs_down
0.0,0.0,0.0,-0.017976999282836914,0.08340486884117126,-0.016085047455050017,-0.05179429054260254,0.16222485899925232,-0.024624567659117247,-0.08024147152900696,0.22654592990875244,-0.03600626456878331,-0.0969747006893158,0.2752346992492676,-0.043370064528204466,-0.11117583513259888,0.12844696640968323,0.01046240591116998,-0.15485411882400513,0.15749937295913696,-0.017149195255257155,-0.11774104833602905,0.14041924476623535,-0.034253448428131605,-0.09334370493888855,0.12367746233940125,-0.041647058160521055,-0.12135356664657593,0.08688119053840637,0.006903854484193062,-0.16387221217155457,0.11077767610549927,-0.023101449192978407,-0.11496976017951965,0.09529775381088257,-0.0325851703002229,-0.09395712614059448,0.08213949203491211,-0.031054750265099074,-0.12349897623062134,0.042353659868240356,-0.002326290536217357,-0.16256624460220337,0.06255355477333069,-0.029347945184923674,-0.11742255091667175,0.05309516191482544,-0.02132447454474118,-0.09709295630455017,0.04159754514694214,-0.007698829931683804,-0.1195865273475647,-0.004272535443305969,-0.013467217975772883,-0.14966851472854614,0.014252901077270508,-0.025165090517617728,-0.11772313714027405,0.015430957078933716,-0.014453223155356909,-0.10132503509521484,0.007960408926010132,-0.002457345084764029,thumbs_down
0.0,0.0,0.0,-0.01707535982131958,0.08426043391227722,-0.014432247529128972,-0.04849666357040405,0.16318535804748535,-0.02248091137627739,-0.07511672377586365,0.22626543045043945,-0.0335814177862801,-0.09203287959098816,0.273679256439209,-0.04125763176600117,-0.10842612385749817,0.13085883855819702,0.011627419119378146,-0.1494395136833191,0.16163459420204163,-0.014401162775556031,-0.1169072687625885,0.14597386121749878,-0.0316399082414307,-0.09316372871398926,0.12836164236068726,-0.0394020423165955,-0.11828827857971191,0.08870884776115417,0.007510728867401895,-0.16008582711219788,0.11396464705467224,-0.020964824395576898,-0.11440294981002808,0.09874698519706726,-0.03125410600225109,-0.09169963002204895,0.08415383100509644,-0.03062675966540951,-0.12048184871673584,0.04354524612426758,-0.0019190633076675567,-0.15896674990653992,0.06515386700630188,-0.0275425694755711,-0.11616569757461548,0.05576249957084656,-0.021092126878301087,-0.09441986680030823,0.04352438449859619,-0.008873389834860745,-0.11704552173614502,-0.004307836294174194,-0.013016691232422772,-0.14770323038101196,0.0176926851272583,-0.024205147089759294,-0.11700278520584106,0.018280863761901855,-0.014091661000946942,-0.09981963038444519,0.009706079959869385,-0.0027016238647945556,thumbs_down
0.0,0.0,0.0,-0.018589019775390625,0.08323350548744202,-0.014450937752485515,-0.05125701427459717,0.16123872995376587,-0.021536782626867534,-0.07713976502418518,0.22366490960121155,-0.031855600197673084,-0.09540843963623047,0.2700667083263397,-0.03853368597185636,-0.10962414741516113,0.1263308823108673,0.012713106106161831,-0.15262803435325623,0.1566486954689026,-0.013316685576796772,-0.11860740184783936,0.14036446809768677,-0.030176207666158916,-0.0940379798412323,0.12303498387336731,-0.03761843802487874,-0.11964088678359985,0.08520150184631348,0.008655015136241673,-0.16300055384635925,0.10923555493354797,-0.020184463132977726,-0.11655372381210327,0.09489202499389648,-0.030486129467249157,-0.09376329183578491,0.08115631341934204,-0.029656322915911915,-0.12203755974769592,0.04039880633354187,-0.000845059762582423,-0.1618170142173767,0.06143292784690857,-0.026447009538173916,-0.11869722604751587,0.05268445611000061,-0.019660191853404285,-0.09700101613998413,0.04062545299530029,-0.00703097112557316,-0.11846229434013367,-0.0071380287408828735,-0.012116948385596515,-0.15071722865104675,0.0135975182056427,-0.022857386861801388,-0.12034043669700623,0.015372514724731445,-0.0124663014531734,-0.10298314690589905,0.006870269775390625,-0.0008597822844649272,thumbs_down
0.0,0.0,0.0,-0.01678156852722168,0.08264994621276855,-0.015522760493325904,-0.04774510860443115,0.161139577627182,-0.02402438890712233,-0.07456433773040771,0.22612392902374268,-0.03534179103152724,-0.09188249707221985,0.27321657538414,-0.04287276339309187,-0.10734593868255615,0.13017341494560242,0.010843012327683255,-0.14947086572647095,0.16203466057777405,-0.015994009716081337,-0.114956796169281,0.14523065090179443,-0.03324280601518126,-0.09103384613990784,0.12749892473220825,-0.04087486785428496,-0.11770787835121155,0.08853369951248169,0.007449064715189024,-0.16012924909591675,0.11477059125900269,-0.022040895340609268,-0.11325830221176147,0.09783709049224854,-0.03214269426243277,-0.09127017855644226,0.0831288993358612,-0.031074474719929412,-0.12019625306129456,0.043522417545318604,-0.0013636830641132747,-0.1589781641960144,0.06523799896240234,-0.02760332186298342,-0.1154051423072815,0.055199503898620605,-0.02041365314798327,-0.09397295117378235,0.04309454560279846,-0.007404598561691955,-0.11713346838951111,-0.004279583692550659,-0.01195940670149298,-0.1475941240787506,0.017637252807617188,-0.023306441647577003,-0.11674255132675171,0.017854362726211548,-0.013009021212923244,-0.10013604164123535,0.008959144353866577,-0.0013156376458880459,thumbs_down
0.0,0.0,0.0,-0.01898205280303955,0.08188262581825256,-0.014820592195292193,-0.051381707191467285,0.15961408615112305,-0.02262073820133992,-0.07702046632766724,0.22268220782279968,-0.033489384405811506,-0.09494832158088684,0.2691667973995209,-0.04053118889828511,-0.10972079634666443,0.12715449929237366,0.011095880813400072,-0.15382903814315796,0.1577042043209076,-0.015108328030009943,-0.11944931745529175,0.14137127995491028,-0.031896249108513075,-0.09438398480415344,0.12413603067398071,-0.03924588551421948,-0.12006303668022156,0.08600333333015442,0.007400961409757656,-0.16471821069717407,0.10973241925239563,-0.021583082803090292,-0.11798030138015747,0.09493857622146606,-0.03164882650276013,-0.09465932846069336,0.08209645748138428,-0.030635992713769156,-0.12272274494171143,0.04115977883338928,-0.0015957506341237604,-0.16341805458068848,0.06135556101799011,-0.027056541942556578,-0.12019142508506775,0.052311837673187256,-0.0198203089614708,-0.09743949770927429,0.04072943329811096,-0.006897115797301012,-0.11963152885437012,-0.006141528487205505,-0.012381061628957468,-0.15233337879180908,0.014359086751937866,-0.02293172543545552,-0.12186703085899353,0.016052991151809692,-0.01230562170644589,-0.1038183867931366,0.007862821221351624,-0.0005230072504218697,thumbs_down
0.0,0.0,0.0,-0.018300652503967285,0.08307524025440216,-0.014313684410495853,-0.049906134605407715,0.1616619974374771,-0.021208762756629085,-0.07607662677764893,0.2248321920633316,-0.031232675171537494,-0.09371420741081238,0.27011920511722565,-0.03729637861911783,-0.1098080575466156,0.126614049077034,0.014168303825812245,-0.15230345726013184,0.15395255386829376,-0.012017912796778774,-0.11584073305130005,0.1384820193052292,-0.028321602947158908,-0.09150397777557373,0.12205581367015839,-0.035103710002346133,-0.11957064270973206,0.08684428036212921,0.01045698057200184,-0.1613045334815979,0.1116022914648056,-0.018014391518278217,-0.11383384466171265,0.09665139019489288,-0.027231365076346492,-0.0936768651008606,0.0828423947095871,-0.025516025356097316,-0.12230533361434937,0.043059900403022766,0.001041204801680351,-0.16078132390975952,0.06504742801189423,-0.02437899597649107,-0.11706522107124329,0.05546276271343231,-0.01704045721058378,-0.09806284308433533,0.0432920902967453,-0.003968813090665435,-0.11913210153579712,-0.004056200385093689,-0.010171551822764968,-0.1493411660194397,0.017092421650886536,-0.020485330007119273,-0.11843127012252808,0.017944738268852234,-0.01023836024765501,-0.10316908359527588,0.009125247597694397,0.0013069537402259357,thumbs_down
0.0,0.0,0.0,-0.017566204071044922,0.08267158269882202,-0.014206410201580866,-0.048790812492370605,0.16148194670677185,-0.021344335565657957,-0.07450184226036072,0.22465601563453674,-0.031522823313565596,-0.09216159582138062,0.2698243260383606,-0.03786571864256416,-0.10703745484352112,0.12764683365821838,0.012172162716893808,-0.15095490217208862,0.1578494906425476,-0.01382747367242132,-0.11595913767814636,0.1418977975845337,-0.030179079437942846,-0.09149608016014099,0.1254681646823883,-0.03713654149541412,-0.11717259883880615,0.08699411153793335,0.008392377940623419,-0.16001176834106445,0.11249315738677979,-0.019046731109114035,-0.11457553505897522,0.0978516936302185,-0.028185365537495954,-0.09396970272064209,0.08502238988876343,-0.02703021634587799,-0.11995822191238403,0.042478740215301514,-0.0008577317836113707,-0.1603681445121765,0.06536084413528442,-0.024914920145960195,-0.11819016933441162,0.05642792582511902,-0.017471652293892248,-0.0982334315776825,0.045071423053741455,-0.005044181647093637,-0.11691772937774658,-0.005182594060897827,-0.011907459983916624,-0.1479073464870453,0.017281770706176758,-0.021654182860942228,-0.11783450841903687,0.01863384246826172,-0.011334178785176618,-0.10192081332206726,0.010026335716247559,-0.00011527619571438663,thumbs_down
0.0,0.0,0.0,-0.019085168838500977,0.08239632844924927,-0.014314935595450606,-0.05116617679595947,0.1610303819179535,-0.021257079259214606,-0.07635363936424255,0.22463470697402954,-0.03136914694374582,-0.09418439865112305,0.2701873183250427,-0.037578546494899,-0.10899487137794495,0.1265699863433838,0.012897375918271337,-0.15376338362693787,0.1570928990840912,-0.0130593088052251,-0.11923903226852417,0.14124777913093567,-0.029503512249050345,-0.0946798324584961,0.12429320812225342,-0.03653394901817819,-0.1187480092048645,0.08615472912788391,0.009057802095355783,-0.16278719902038574,0.11127126216888428,-0.01889031106298944,-0.11743003129959106,0.09676724672317505,-0.028490598366317954,-0.09608525037765503,0.0835009515285492,-0.027397922293005195,-0.12142530083656311,0.041673243045806885,-0.00031436504838211476,-0.1623726785182953,0.06416770815849304,-0.024748823658285346,-0.1204603910446167,0.05547058582305908,-0.017603618145642486,-0.09987661242485046,0.04388102889060974,-0.005092019733694997,-0.11827495694160461,-0.0059434473514556885,-0.011534791492579188,-0.15105509757995605,0.01607292890548706,-0.02138018147712728,-0.12127506732940674,0.01796954870223999,-0.011072221264896598,-0.10431382060050964,0.009539425373077393,0.0002491263784918374,thumbs_down
0.0,0.0,0.0,-0.017428696155548096,0.0822003185749054,-0.016341400255015515,-0.04886430501937866,0.16211578249931335,-0.025287696082642697,-0.07625854015350342,0.22495821118354797,-0.03698251481776538,-0.09674829244613647,0.2704572379589081,-0.04463173161869349,-0.11037194728851318,0.12816721200942993,0.008098668496558048,-0.15378987789154053,0.15417495369911194,-0.021485886458805226,-0.1172046959400177,0.137881338596344,-0.03928433816557231,-0.09174326062202454,0.12106099724769592,-0.0463939801943809,-0.11971095204353333,0.08641991019248962,0.0043741809981554525,-0.16363325715065002,0.10993120074272156,-0.027188478891304158,-0.11391597986221313,0.09535351395606995,-0.036551204432299755,-0.09168139100074768,0.08151233196258545,-0.03414091553216281,-0.12185639142990112,0.041782528162002563,-0.0051597174411028845,-0.161382794380188,0.06283766031265259,-0.03408365036969485,-0.1150866448879242,0.054013222455978394,-0.026367894296100758,-0.09406369924545288,0.04163837432861328,-0.011850974444797657,-0.11826440691947937,-0.005478978157043457,-0.016477904204776905,-0.14984789490699768,0.015479892492294312,-0.029318774972608708,-0.11798089742660522,0.01700606942176819,-0.01874709400956931,-0.10069531202316284,0.008910268545150757,-0.006133234516283892,thumbs_down
0.0,0.0,0.0,-0.01974344253540039,0.08405303955078125,-0.013638773177973462,-0.05051952600479126,0.1616448163986206,-0.021235241730920507,-0.07592076063156128,0.22295743227005005,-0.03210348001610441,-0.09415078163146973,0.26837748289108276,-0.03948136157285376,-0.10791638493537903,0.12607556581497192,0.011036613779850768,-0.15047985315322876,0.15397214889526367,-0.01480641326796217,-0.11685901880264282,0.1384003758430481,-0.03179486579190893,-0.09196379780769348,0.12096589803695679,-0.03937455004941626,-0.11749079823493958,0.0844419002532959,0.006685223254152106,-0.16037675738334656,0.10818278789520264,-0.021362093453518582,-0.1154523491859436,0.09449273347854614,-0.03144075087200804,-0.09213879704475403,0.07964858412742615,-0.030890043069831563,-0.11991310119628906,0.039550185203552246,-0.002836544941402508,-0.15938478708267212,0.06061983108520508,-0.02754280640672846,-0.11779335141181946,0.05298727750778198,-0.02082189096998377,-0.09549292922019958,0.040568530559539795,-0.008633154620639516,-0.11626464128494263,-0.00767594575881958,-0.014054603119603826,-0.14911562204360962,0.01338416337966919,-0.024288146932832433,-0.1191544234752655,0.016317933797836304,-0.013824687515608503,-0.10043981671333313,0.008350163698196411,-0.0023925988369057904,thumbs_down
0.0,0.0,0.0,-0.017823755741119385,0.08441880345344543,-0.014994609780671908,-0.05044353008270264,0.16401812434196472,-0.02234234442568095,-0.07813060283660889,0.2239333689212799,-0.03276903895294936,-0.09817567467689514,0.26849374175071716,-0.039484850741985156,-0.11110389232635498,0.12605199217796326,0.012087925657567666,-0.15253198146820068,0.15195417404174805,-0.01594585334515841,-0.11615121364593506,0.13571110367774963,-0.03352845800674231,-0.09026998281478882,0.11857309937477112,-0.04068709505355628,-0.12076523900032043,0.08581224083900452,0.007978707872268842,-0.16425833106040955,0.11068117618560791,-0.022970089368584468,-0.11480799317359924,0.09550479054450989,-0.03327347306168349,-0.09108859300613403,0.07977381348609924,-0.03131930125510962,-0.1233241856098175,0.04192659258842468,-0.0018595030122128264,-0.1633213758468628,0.06417316198348999,-0.030528181843521907,-0.11714750528335571,0.05465453863143921,-0.024178515799405886,-0.09457844495773315,0.041008442640304565,-0.010357579827370955,-0.12002444267272949,-0.005185335874557495,-0.013334626011612727,-0.15212967991828918,0.016712427139282227,-0.02645027419185908,-0.12000575661659241,0.01810017228126526,-0.016631545178654505,-0.1013781726360321,0.009327679872512817,-0.004416607465657307,thumbs_down
0.0,0.0,0.0,-0.017439424991607666,0.08423537015914917,-0.01423502256534448,-0.047853708267211914,0.1620880365371704,-0.021775051107624677,-0.07514235377311707,0.2215709090232849,-0.032423195516685155,-0.09586042165756226,0.2655007243156433,-0.039627549326041844,-0.10832098126411438,0.12531828880310059,0.01237138817646155,-0.14967286586761475,0.15416499972343445,-0.01389548750034919,-0.11565828323364258,0.1382284164428711,-0.03158274022302976,-0.08972355723381042,0.12100347876548767,-0.03941423547826162,-0.11836615204811096,0.08404937386512756,0.008084836328407619,-0.16124185919761658,0.10932654142379761,-0.020552677189925816,-0.11487701535224915,0.09505128860473633,-0.03150433403811803,-0.09084033966064453,0.08123785257339478,-0.031119176274160054,-0.12053370475769043,0.03954288363456726,-0.0015340045504217414,-0.16086342930793762,0.06144899129867554,-0.02760058184526315,-0.11708319187164307,0.053432613611221313,-0.02168894288502088,-0.09375080466270447,0.04226183891296387,-0.009470325982192662,-0.1164008378982544,-0.008215188980102539,-0.012760701676825192,-0.14826440811157227,0.014286518096923828,-0.024499009450892117,-0.11714410781860352,0.01665043830871582,-0.014644311828533318,-0.09837746620178223,0.00957709550857544,-0.0031502354834174184,thumbs_down
0.0,0.0,0.0,-0.014346301555633545,0.08474746346473694,-0.01723469171014358,-0.04580557346343994,0.16670089960098267,-0.025974204123883737,-0.0750352144241333,0.22348320484161377,-0.03684165451016952,-0.09635549783706665,0.2673100233078003,-0.044189398468404306,-0.10961198806762695,0.1361413300037384,0.006078312347710835,-0.15232354402542114,0.15846490859985352,-0.02249257388797332,-0.11916559934616089,0.1385897994041443,-0.04152896005001594,-0.09095889329910278,0.12139111757278442,-0.04964544746366073,-0.12115281820297241,0.09178632497787476,0.002649720699594127,-0.1653946340084076,0.1106700599193573,-0.027361673594384683,-0.11841604113578796,0.094260573387146,-0.0383075078138404,-0.08946084976196289,0.08307012915611267,-0.03753953176823188,-0.12442749738693237,0.044727981090545654,-0.006283830211430086,-0.16834723949432373,0.0625801682472229,-0.03439905244198371,-0.12311699986457825,0.052273333072662354,-0.028772575140862955,-0.09466519951820374,0.043036460876464844,-0.01603632170048286,-0.12027567625045776,-0.00490143895149231,-0.016917747736840738,-0.15608477592468262,0.01329699158668518,-0.03199556219664146,-0.125545471906662,0.01132965087890625,-0.023156124458580507,-0.10442900657653809,0.004613935947418213,-0.011399889656274809,thumbs_down
0.0,0.0,0.0,-0.013134121894836426,0.08651074767112732,-0.01862468632768355,-0.04147672653198242,0.16817864775657654,-0.027563606080519776,-0.07312542200088501,0.22293007373809814,-0.03878369617174826,-0.09574428200721741,0.26796233654022217,-0.0463379143447753,-0.10991767048835754,0.1404496729373932,0.008889564621341606,-0.1564575433731079,0.1603071689605713,-0.017993605387317757,-0.13067284226417542,0.1419597566127777,-0.03817637699555121,-0.10213926434516907,0.1252419352531433,-0.04724494430135451,-0.1230405867099762,0.09588658809661865,0.00599986019645371,-0.17285573482513428,0.1152336597442627,-0.02245074200342856,-0.13328006863594055,0.09901371598243713,-0.03608747261475287,-0.09973806142807007,0.08640354871749878,-0.037536174681889634,-0.12840205430984497,0.048933058977127075,-0.0026926041291233105,-0.17809534072875977,0.06678727269172668,-0.029126058024274926,-0.14066028594970703,0.057749807834625244,-0.027733293053614716,-0.10726410150527954,0.047754108905792236,-0.018071888637649636,-0.12633869051933289,-0.0016886591911315918,-0.013459128950643162,-0.16985848546028137,0.015389323234558105,-0.028748948750006775,-0.14499086141586304,0.016295552253723145,-0.023324136313902954,-0.11722937226295471,0.012884706258773804,-0.014023229171442608,thumbs_down
0.0,0.0,0.0,-0.014487981796264648,0.08754867315292358,-0.017921574912719507,-0.04396939277648926,0.17032182216644287,-0.026364168651156206,-0.07533624768257141,0.2269124686717987,-0.037345821536831636,-0.09905791282653809,0.27219098806381226,-0.04455397514229276,-0.11235576868057251,0.1397969126701355,0.00902930410975955,-0.1600748896598816,0.16509070992469788,-0.017690307028345842,-0.1325785219669342,0.14769959449768066,-0.03730653090005376,-0.10418310761451721,0.12929847836494446,-0.04604823750977971,-0.12553200125694275,0.0971476137638092,0.0058562042790129,-0.1769700050354004,0.11966156959533691,-0.022318970910959024,-0.13617604970932007,0.10383173823356628,-0.035087330765776414,-0.1032763123512268,0.08935511112213135,-0.03599712488775708,-0.13103288412094116,0.05114564299583435,-0.003068605238325972,-0.18175354599952698,0.07279214262962341,-0.02817528185968854,-0.14388921856880188,0.06359410285949707,-0.02586044979815938,-0.11146825551986694,0.0506722629070282,-0.016002553082756776,-0.12941840291023254,0.0005059540271759033,-0.014203269533567209,-0.17376568913459778,0.019783973693847656,-0.028348677359275598,-0.1491900384426117,0.02171093225479126,-0.022615734986715097,-0.12178683280944824,0.016187578439712524,-0.013402486718945283,thumbs_down
0.0,0.0,0.0,-0.011254072189331055,0.08624926209449768,-0.018970004039744026,-0.0392458438873291,0.16971203684806824,-0.027344877588490135,-0.07113179564476013,0.2294270396232605,-0.038097525703648216,-0.09480860829353333,0.27379363775253296,-0.04459664108131278,-0.1135917603969574,0.14042171835899353,0.01044310094889056,-0.1660212278366089,0.1659502387046814,-0.014931734408179409,-0.14459890127182007,0.1550734043121338,-0.03337525458906043,-0.11767581105232239,0.1379179060459137,-0.0410505037185942,-0.12650755047798157,0.09707698225975037,0.008350214232763165,-0.18381750583648682,0.12016618251800537,-0.018187061640361435,-0.14951562881469727,0.10912376642227173,-0.03014007838342536,-0.1184748113155365,0.09389421343803406,-0.030244054960945732,-0.13192886114120483,0.0518399178981781,8.681090125151059e-05,-0.18453553318977356,0.0716036856174469,-0.023051128479579575,-0.15335297584533691,0.06830710172653198,-0.02223680796001304,-0.12342551350593567,0.057163894176483154,-0.013517154137531406,-0.13149112462997437,0.0007038414478302002,-0.010689586157837994,-0.18048837780952454,0.01810312271118164,-0.02238842168722499,-0.16225889325141907,0.025473445653915405,-0.01815173284981597,-0.13697588443756104,0.024197816848754883,-0.010447214114407188,thumbs_down
0.0,0.0,0.0,-0.01282590627670288,0.08719146251678467,-0.019005278590952912,-0.04022204875946045,0.17146533727645874,-0.02831871295336441,-0.07253533601760864,0.23059701919555664,-0.0398541339671965,-0.09839639067649841,0.2742347717285156,-0.04708407307032303,-0.11299005150794983,0.14208480715751648,0.006370805204028329,-0.16715431213378906,0.17015117406845093,-0.020033034030234376,-0.143841952085495,0.1576530933380127,-0.03903696546319679,-0.11613616347312927,0.14028704166412354,-0.04720077151421265,-0.12684738636016846,0.09860309958457947,0.0036380980164949506,-0.1862449049949646,0.12235942482948303,-0.023180321324502984,-0.15257227420806885,0.10997018218040466,-0.03519168728951172,-0.1214790940284729,0.09600809216499329,-0.03591777989629463,-0.13293522596359253,0.05295360088348389,-0.004962739068901101,-0.1880849003791809,0.0729188621044159,-0.027567273471390763,-0.1574646234512329,0.06723067164421082,-0.025769172701870957,-0.12783274054527283,0.056392520666122437,-0.01709389360610203,-0.13255232572555542,0.0020050108432769775,-0.016110895667111436,-0.18194237351417542,0.018251359462738037,-0.027066318783795396,-0.164748877286911,0.023273050785064697,-0.021844661328827897,-0.14105355739593506,0.021508753299713135,-0.013915213290488282,thumbs_down
0.0,0.0,0.0,-0.01356208324432373,0.08676531910896301,-0.01805668405994254,-0.04197859764099121,0.16693121194839478,-0.027481586558664617,-0.07322919368743896,0.22396188974380493,-0.03914117894872504,-0.10060697793960571,0.2664479613304138,-0.04772583104475814,-0.1167847216129303,0.13799497485160828,0.006478368418370906,-0.1712559163570404,0.16380903124809265,-0.019874696506107625,-0.16743409633636475,0.1670283079147339,-0.041220021320427236,-0.1438712477684021,0.15642881393432617,-0.05083850107892829,-0.12941548228263855,0.09514161944389343,0.0030745252706907422,-0.1908840835094452,0.11579108238220215,-0.024567746443594274,-0.17221760749816895,0.11586478352546692,-0.04091763950690108,-0.13851478695869446,0.10473364591598511,-0.044747103823269185,-0.13455665111541748,0.05024030804634094,-0.005859563944781598,-0.1911453902721405,0.06594040989875793,-0.02872422605558711,-0.17196860909461975,0.06979450583457947,-0.03320178098782378,-0.14069920778274536,0.06183820962905884,-0.029107044337237653,-0.13304340839385986,-0.0008231401443481445,-0.01723537862106639,-0.18388089537620544,0.011902987957000732,-0.03046837530835944,-0.17430329322814941,0.02111116051673889,-0.029895753486002263,-0.1499525010585785,0.020878076553344727,-0.025117418615067777,thumbs_down
0.0,0.0,0.0,-0.014929771423339844,0.08769041299819946,-0.017704356676262023,-0.04309225082397461,0.1675814986228943,-0.027016651099842193,-0.07439497113227844,0.2240132987499237,-0.03879655919067204,-0.10097968578338623,0.2659764587879181,-0.04751269540778935,-0.11868211627006531,0.13573962450027466,0.007324176160324214,-0.1723930835723877,0.15992018580436707,-0.018551722383421065,-0.16942277550697327,0.164485365152359,-0.039498068606775405,-0.1474786400794983,0.1564439833164215,-0.04900250605336964,-0.1304289996623993,0.09308168292045593,0.0036248613797909,-0.19224530458450317,0.11312222480773926,-0.02437993533007443,-0.17268627882003784,0.11350801587104797,-0.040645651733797195,-0.13868489861488342,0.10224959254264832,-0.0442084448694402,-0.13502377271652222,0.048272162675857544,-0.005595117090564372,-0.1915494203567505,0.06325039267539978,-0.028831064915578963,-0.17204272747039795,0.0688340961933136,-0.033804264134090545,-0.14012032747268677,0.06190609931945801,-0.029764587274115684,-0.13322710990905762,-0.0028689205646514893,-0.017218975564759376,-0.1846713423728943,0.00916793942451477,-0.030176114505451324,-0.17564556002616882,0.02141505479812622,-0.02988882384292424,-0.1503814160823822,0.02416461706161499,-0.025329942098181846,thumbs_down
0.0,0.0,0.0,-0.014459550380706787,0.08635571599006653,-0.01878714448614005,-0.04222029447555542,0.1653066873550415,-0.0294564336429346,-0.07326871156692505,0.2217375934123993,-0.04226023032171611,-0.10208523273468018,0.2633437216281891,-0.05194239391786937,-0.11582055687904358,0.13639715313911438,0.0038460678995591024,-0.17343759536743164,0.16017740964889526,-0.024030879874061384,-0.17046239972114563,0.16546469926834106,-0.04652105345232371,-0.14506110548973083,0.15681153535842896,-0.056492470938991346,-0.1273215115070343,0.09387609362602234,0.0006577598622072856,-0.19068413972854614,0.11468404531478882,-0.0282846547554243,-0.17391681671142578,0.11562895774841309,-0.04596678240997676,-0.13922631740570068,0.10383462905883789,-0.05069927572114352,-0.13204658031463623,0.04905778169631958,-0.00802927630795125,-0.1902225911617279,0.06563767790794373,-0.03207422866327647,-0.17346152663230896,0.07085195183753967,-0.03873488380415324,-0.14131048321723938,0.06255266070365906,-0.03605774118406657,-0.1309129297733307,-0.001583874225616455,-0.019057872508000173,-0.18257513642311096,0.010516822338104248,-0.03370554818613414,-0.1743738055229187,0.02047315239906311,-0.03473941682679538,-0.14873021841049194,0.01977100968360901,-0.03093904889030341,thumbs_down
0.0,0.0,0.0,-0.01427382230758667,0.08876478672027588,-0.018284258789961427,-0.041750192642211914,0.1681714951992035,-0.027819778196160883,-0.0737450122833252,0.22403541207313538,-0.039770746029560655,-0.10221514105796814,0.26481035351753235,-0.048606579549257845,-0.11667782068252563,0.1379174292087555,0.007186442256326586,-0.17290273308753967,0.15947338938713074,-0.019417266718690485,-0.16920733451843262,0.16267740726470947,-0.04124107713217029,-0.14577114582061768,0.15450042486190796,-0.05124365294689426,-0.12844517827033997,0.0946664810180664,0.0037349233090679945,-0.1907411515712738,0.11466515064239502,-0.024608237094824403,-0.17259112000465393,0.11348843574523926,-0.0420342659425188,-0.1389451026916504,0.10144984722137451,-0.046636958963816255,-0.13307732343673706,0.04974907636642456,-0.0053286695700336395,-0.1899205446243286,0.0650905966758728,-0.02915272431785354,-0.17199808359146118,0.06876194477081299,-0.03526650125498065,-0.14031043648719788,0.06060025095939636,-0.03207992146128902,-0.13154438138008118,-0.0013886094093322754,-0.016779682956283182,-0.18341225385665894,0.01096123456954956,-0.030904353953545183,-0.17479676008224487,0.02117091417312622,-0.03143411258572826,-0.1491120159626007,0.022001296281814575,-0.02735921496862659,thumbs_down
0.0,0.0,0.0,-0.014313578605651855,0.08919793367385864,-0.018619258200615718,-0.04223674535751343,0.16864857077598572,-0.028047017996996715,-0.07470858097076416,0.2245364785194397,-0.03983434872874625,-0.10329630970954895,0.265799880027771,-0.04844267876991637,-0.11753487586975098,0.13803666830062866,0.007857278676837609,-0.17306169867515564,0.1596432626247406,-0.01864042157480128,-0.16949540376663208,0.1626400649547577,-0.040422963222354724,-0.14641892910003662,0.1541231870651245,-0.050396615883201434,-0.1291900873184204,0.09480008482933044,0.004611544998496697,-0.1911521852016449,0.11480814218521118,-0.02397884080359347,-0.17283779382705688,0.11375194787979126,-0.04161554040560134,-0.13915684819221497,0.10138896107673645,-0.046170993020623996,-0.1336575746536255,0.04991805553436279,-0.0043277882615626595,-0.19018340110778809,0.06467312574386597,-0.028515734022349193,-0.17219093441963196,0.06875395774841309,-0.03496275680312522,-0.14052832126617432,0.06055384874343872,-0.03176642047414191,-0.13200810551643372,-0.0013900697231292725,-0.015667665993660762,-0.1837255358695984,0.01096770167350769,-0.029996458684891536,-0.1752665638923645,0.021430879831314087,-0.03077055538246043,-0.14977115392684937,0.022271573543548584,-0.026742706319183185,thumbs_down
0.0,0.0,0.0,-0.01331186294555664,0.08556196093559265,-0.01968592129622948,-0.04191994667053223,0.16505137085914612,-0.0304903099683429,-0.07433813810348511,0.2210577130317688,-0.04303976245199692,-0.10513916611671448,0.26070040464401245,-0.05225821308766854,-0.11867502331733704,0.13558757305145264,0.0040413187446688426,-0.1752261221408844,0.15839549899101257,-0.022991643324246525,-0.17272400856018066,0.16395145654678345,-0.04545511774693978,-0.1474704146385193,0.15575042366981506,-0.05572272561465752,-0.13000240921974182,0.09221667051315308,0.001388041498387338,-0.1930452287197113,0.11183133721351624,-0.02639846041773808,-0.17818710207939148,0.11398720741271973,-0.044303783252587436,-0.14371925592422485,0.10393232107162476,-0.04968081884061348,-0.1337481141090393,0.047065943479537964,-0.006804669312884926,-0.1920364797115326,0.06267920136451721,-0.02977440416788113,-0.17806154489517212,0.06860411167144775,-0.036969733461489795,-0.14662772417068481,0.06111407279968262,-0.03519709132586968,-0.13148653507232666,-0.00436827540397644,-0.017459264993419765,-0.1836869716644287,0.007684290409088135,-0.03194638811027062,-0.177907794713974,0.018678784370422363,-0.03370661012803566,-0.15308499336242676,0.019736528396606445,-0.030659762248149036,thumbs_down
0.0,0.0,0.0,-0.013204634189605713,0.08661463856697083,-0.01886336049608417,-0.04260808229446411,0.16611629724502563,-0.028883240284244494,-0.07561492919921875,0.22143715620040894,-0.04101498527995773,-0.10549658536911011,0.261444091796875,-0.04997886447779365,-0.11882269382476807,0.13552197813987732,0.005502984760482832,-0.17544469237327576,0.15816527605056763,-0.02080493150822349,-0.17425879836082458,0.16350817680358887,-0.04253354399077125,-0.15061166882514954,0.15541714429855347,-0.05240261285177894,-0.130325585603714,0.09265115857124329,0.002383150294576808,-0.19364503026008606,0.11245900392532349,-0.025033493624846415,-0.17898133397102356,0.11441338062286377,-0.04250106690994926,-0.1446567177772522,0.10366001725196838,-0.04744736208192535,-0.13449889421463013,0.04780492186546326,-0.006227309448490814,-0.19234910607337952,0.06391486525535583,-0.028949990035812334,-0.17828035354614258,0.07015717029571533,-0.035984267579237894,-0.14661657810211182,0.061929941177368164,-0.03392571686379142,-0.13279375433921814,-0.0036104023456573486,-0.01728300666979976,-0.18494603037834167,0.00965583324432373,-0.03141690521113105,-0.17952194809913635,0.02181646227836609,-0.033031036244551615,-0.1541297435760498,0.022901594638824463,-0.029819081635992006,thumbs_down
0.0,0.0,0.0,-0.013570070266723633,0.08508747816085815,-0.019956865977960092,-0.04307502508163452,0.16252875328063965,-0.03083907410176323,-0.07592421770095825,0.21714523434638977,-0.04345899231405781,-0.10708168148994446,0.2554568350315094,-0.052743469994979364,-0.12053361535072327,0.12920540571212769,0.0038373417439885316,-0.17866697907447815,0.1513388454914093,-0.023049736094193918,-0.17643314599990845,0.15872323513031006,-0.045850516926961404,-0.15032300353050232,0.15200728178024292,-0.05638534731836842,-0.13128319382667542,0.08679425716400146,0.0013115057474948344,-0.19552037119865417,0.10563760995864868,-0.02561952888639496,-0.1840118169784546,0.11128944158554077,-0.04417152486415432,-0.14952120184898376,0.10327586531639099,-0.05052114061685131,-0.134994775056839,0.04240584373474121,-0.006758104708509904,-0.19469445943832397,0.058296650648117065,-0.028333855491595727,-0.18491226434707642,0.06709286570549011,-0.036474907469468576,-0.1540319323539734,0.06081429123878479,-0.035987475585656625,-0.13323572278022766,-0.008173137903213501,-0.017446309026794893,-0.185898095369339,0.0031933188438415527,-0.03139427087874935,-0.1833229660987854,0.016699910163879395,-0.03411137841315792,-0.15909773111343384,0.01974424719810486,-0.03200626901956127,thumbs_down
0.0,0.0,0.0,-0.012643873691558838,0.08573374152183533,-0.019099529415882444,-0.04159301519393921,0.16410765051841736,-0.029129081920302724,-0.07563793659210205,0.21730110049247742,-0.04128641593507609,-0.10673794150352478,0.25462743639945984,-0.0502173859184154,-0.11859861016273499,0.1323719322681427,0.006483471437775279,-0.1758432388305664,0.1545979380607605,-0.01874407897940955,-0.17202019691467285,0.15975621342658997,-0.039515301168478345,-0.1474793553352356,0.15139439702033997,-0.049042649150408124,-0.1305190920829773,0.09044748544692993,0.0034865310391865023,-0.19449478387832642,0.11026504635810852,-0.02277397695235095,-0.17762362957000732,0.11281660199165344,-0.03960621687821231,-0.14331793785095215,0.1024014949798584,-0.04430398303321681,-0.13490673899650574,0.0464213490486145,-0.0050932895881601326,-0.19290173053741455,0.06324464082717896,-0.026868063539779996,-0.1769249141216278,0.07085749506950378,-0.03369613695195994,-0.14537367224693298,0.06387823820114136,-0.03181366953305087,-0.13343244791030884,-0.004311621189117432,-0.01616754713705859,-0.18493837118148804,0.008826285600662231,-0.029338122860110616,-0.178014874458313,0.021222054958343506,-0.030605258003390645,-0.15242502093315125,0.022350281476974487,-0.027511480778969144,thumbs_down
0.0,0.0,0.0,-0.01217186450958252,0.08640405535697937,-0.01855405099736629,-0.042022883892059326,0.16581466794013977,-0.02787651173817096,-0.07705891132354736,0.2194802463054657,-0.03939903765963493,-0.10800144076347351,0.2581222951412201,-0.04771543905185638,-0.11858469247817993,0.13291004300117493,0.006926664560566564,-0.17625492811203003,0.15476226806640625,-0.01804968953179298,-0.17396706342697144,0.15984097123146057,-0.038514225334395746,-0.15071702003479004,0.15218624472618103,-0.047808772474994043,-0.13050970435142517,0.09089648723602295,0.0037331804069680175,-0.19489985704421997,0.11051517724990845,-0.02274917304562507,-0.17789185047149658,0.11251404881477356,-0.039434234202374796,-0.1433667540550232,0.10219615697860718,-0.043826295584906916,-0.13500025868415833,0.04706832766532898,-0.004936689567287544,-0.19283342361450195,0.06403297185897827,-0.02668754249857841,-0.17650029063224792,0.07067552208900452,-0.03313120320486007,-0.14471665024757385,0.06316938996315002,-0.0308190608029264,-0.13371127843856812,-0.0035319626331329346,-0.016075337827672342,-0.1855926811695099,0.010050356388092041,-0.02901939541148124,-0.17852729558944702,0.022304505109786987,-0.029980939403642992,-0.1527060866355896,0.023437410593032837,-0.026601493880619387,thumbs_down
0.0,0.0,0.0,-0.01618790626525879,0.0893486738204956,-0.016843159299270383,-0.04558372497558594,0.16746515035629272,-0.02600982467450308,-0.08108317852020264,0.21984636783599854,-0.03829005415357756,-0.11223745346069336,0.25748002529144287,-0.04691681320585417,-0.11709952354431152,0.13340389728546143,0.009299972478373775,-0.17318964004516602,0.1615661084651947,-0.016545432235972157,-0.15439307689666748,0.1563805341720581,-0.03663156236328291,-0.1263774037361145,0.14028623700141907,-0.04569552148498701,-0.12950634956359863,0.09315195679664612,0.005059879191293248,-0.19194477796554565,0.11820760369300842,-0.021489671047703496,-0.16181635856628418,0.11222276091575623,-0.035766568582431546,-0.12894055247306824,0.09644034504890442,-0.03837385455884146,-0.13501235842704773,0.05006423592567444,-0.004883251234815589,-0.1927880346775055,0.07239153981208801,-0.027256547089592686,-0.16557970643043518,0.07283076643943787,-0.029372452374474278,-0.13358280062675476,0.05966949462890625,-0.023554277222530118,-0.13479921221733093,0.0004614591598510742,-0.017313952173964253,-0.18591713905334473,0.01740327477455139,-0.02972632701315092,-0.1725846529006958,0.028683483600616455,-0.027676040854231587,-0.14666667580604553,0.027167141437530518,-0.021933187346832028,thumbs_down
0.0,0.0,0.0,-0.01608264446258545,0.08931994438171387,-0.016125265785944976,-0.04689270257949829,0.16825246810913086,-0.024390073770177878,-0.08249169588088989,0.2210363745689392,-0.036010060736430205,-0.11294633150100708,0.2611997723579407,-0.0441117624728804,-0.11835962533950806,0.13436126708984375,0.01125477785478779,-0.17514854669570923,0.16275522112846375,-0.014846151040387667,-0.15929850935935974,0.15755152702331543,-0.03511926932026199,-0.13144075870513916,0.14140450954437256,-0.044045772680533446,-0.13048720359802246,0.093727707862854,0.00696049928899356,-0.1925925612449646,0.11853840947151184,-0.020375544482362784,-0.163004070520401,0.11195230484008789,-0.03558265445519737,-0.12906906008720398,0.09667104482650757,-0.03857351867247871,-0.13597604632377625,0.050743818283081055,-0.003113402330768622,-0.1943323016166687,0.07362383604049683,-0.025788197570932425,-0.1672947108745575,0.0734831690788269,-0.028742322975290335,-0.1347026824951172,0.060840606689453125,-0.023372782671344794,-0.13612964749336243,0.0005400180816650391,-0.015587364600492037,-0.18730351328849792,0.017603635787963867,-0.027891518825185813,-0.17391842603683472,0.028623580932617188,-0.02641546940196804,-0.1480015516281128,0.027875959873199463,-0.0211348107992535,thumbs_down
0.0,0.0,0.0,-0.01853269338607788,0.08930361270904541,-0.014712004899280373,-0.049596309661865234,0.16855794191360474,-0.022696225880878274,-0.0862622857093811,0.22055387496948242,-0.034308114066021744,-0.11845150589942932,0.2593461275100708,-0.04209983812202722,-0.11912813782691956,0.1328747570514679,0.011631126538617309,-0.17219355702400208,0.1626082956790924,-0.015112834028201405,-0.1438193917274475,0.14961928129196167,-0.034563560947077576,-0.11430513858795166,0.12904292345046997,-0.042939138575690095,-0.13169679045677185,0.09244605898857117,0.006546497833681997,-0.1892818808555603,0.1183164119720459,-0.02024741934170038,-0.1487775444984436,0.10673338174819946,-0.032310423418181244,-0.1174384355545044,0.08979657292366028,-0.03308054523100168,-0.13717344403266907,0.04887738823890686,-0.004234919301467244,-0.19220176339149475,0.07308691740036011,-0.027064566477434937,-0.15579119324684143,0.06782656908035278,-0.024320558621781174,-0.12578850984573364,0.05235874652862549,-0.014801161340670888,-0.13651421666145325,-0.0005695819854736328,-0.017282423540251557,-0.18554648756980896,0.019957929849624634,-0.028552350565092866,-0.16353154182434082,0.02677464485168457,-0.02213037849892885,-0.13776913285255432,0.020651638507843018,-0.01304692586441547,thumbs_down
0.0,0.0,0.0,-0.01586371660232544,0.08873900771141052,-0.0149647115914604,-0.045922696590423584,0.16935980319976807,-0.022922881618001156,-0.08251011371612549,0.2213073968887329,-0.03417738966629713,-0.11521217226982117,0.2581808567047119,-0.04149163953945845,-0.11726430058479309,0.13658097386360168,0.011476332582674331,-0.16956284642219543,0.16543179750442505,-0.013756376430251294,-0.14405512809753418,0.15262454748153687,-0.03244607962653845,-0.11562338471412659,0.1329442262649536,-0.0405553958563587,-0.13006123900413513,0.0956164002418518,0.00686959156780631,-0.18652945756912231,0.12052235007286072,-0.018538069650389843,-0.1486434042453766,0.10839706659317017,-0.030472232699253254,-0.11736080050468445,0.09241452813148499,-0.03136394612477034,-0.13568007946014404,0.05158209800720215,-0.003302148748048239,-0.1890609860420227,0.07476720213890076,-0.025137613266565495,-0.1549481749534607,0.06860265135765076,-0.023198707699634724,-0.12535688281059265,0.054141461849212646,-0.014478749334671193,-0.13515204191207886,0.001690596342086792,-0.015684918239571743,-0.18330463767051697,0.0214768648147583,-0.026612774208047085,-0.1630915403366089,0.02738627791404724,-0.020799954160906964,-0.1381487250328064,0.022201836109161377,-0.012253391295530491,thumbs_down
0.0,0.0,0.0,-0.017719388008117676,0.08853685855865479,-0.015114940974171986,-0.048301637172698975,0.16694125533103943,-0.023989969204421868,-0.0851360559463501,0.22000813484191895,-0.036128347079511514,-0.12014532089233398,0.25308695435523987,-0.04427095250343882,-0.11724984645843506,0.13226351141929626,0.009537929397765765,-0.1645752489566803,0.15896639227867126,-0.018657676215525498,-0.12906324863433838,0.1401229202747345,-0.03825726480340563,-0.09883841872215271,0.12101462483406067,-0.04675416023587786,-0.12907138466835022,0.09018531441688538,0.005413763419483075,-0.17705854773521423,0.11324095726013184,-0.02279883370852076,-0.13082247972488403,0.09609323740005493,-0.0340841797099074,-0.1023169457912445,0.08347898721694946,-0.03454189495300852,-0.13378560543060303,0.04465782642364502,-0.004211106143202414,-0.18362367153167725,0.06682467460632324,-0.029687001641150346,-0.1415773332118988,0.056339532136917114,-0.023826218481417527,-0.11309021711349487,0.04518976807594299,-0.01199002963608109,-0.13162440061569214,-0.004598349332809448,-0.01575251975214087,-0.1756272315979004,0.01578459143638611,-0.028938184763546815,-0.14649707078933716,0.0168779194355011,-0.01974525981700026,-0.12133041024208069,0.010694950819015503,-0.008234686489458909,thumbs_down
0.0,0.0,0.0,-0.016659200191497803,0.08811017870903015,-0.015966919425693504,-0.04846674203872681,0.16773468255996704,-0.02426533884164428,-0.08567938208580017,0.22038662433624268,-0.03548878541943168,-0.1172352135181427,0.2564805746078491,-0.04237400105949973,-0.11774277687072754,0.13121715188026428,0.009949280705484398,-0.16555678844451904,0.15489768981933594,-0.017899933446017258,-0.1289554238319397,0.13796329498291016,-0.03701764828321075,-0.09863469004631042,0.12086403369903564,-0.04500419012066459,-0.128670334815979,0.08853182196617126,0.006434665817948826,-0.17636489868164062,0.10753956437110901,-0.021708871412840836,-0.1295124888420105,0.09250253438949585,-0.03249779454228019,-0.10167628526687622,0.08223223686218262,-0.032212366524902336,-0.13219821453094482,0.04301255941390991,-0.002769686223757617,-0.18174895644187927,0.06162738800048828,-0.02774305566009616,-0.14023041725158691,0.05211764574050903,-0.021672903735009186,-0.11285793781280518,0.04226061701774597,-0.00952768343296384,-0.12895467877388,-0.006051301956176758,-0.014018901798692696,-0.17368793487548828,0.010867923498153687,-0.026364143181410782,-0.1459629237651825,0.012764424085617065,-0.017159617680874817,-0.1218896210193634,0.00839167833328247,-0.005577848002133123,thumbs_down
0.0,0.0,0.0,-0.018568038940429688,0.08521956205368042,-0.015275366303171722,-0.05009883642196655,0.16139760613441467,-0.023805828463878242,-0.08653086423873901,0.21506839990615845,-0.035528037395920364,-0.1203441321849823,0.24817627668380737,-0.042912464287724106,-0.11547482013702393,0.12634384632110596,0.010223678614352139,-0.1632530689239502,0.15311294794082642,-0.018639905077066032,-0.12650898098945618,0.13888400793075562,-0.03699998527451953,-0.09825852513313293,0.12110099196434021,-0.04430790215417346,-0.12542778253555298,0.08298817276954651,0.006643820855174454,-0.17086637020111084,0.10317859053611755,-0.021900776472534744,-0.12357673048973083,0.09036591649055481,-0.03095576136990985,-0.10100722312927246,0.07929745316505432,-0.02948130078300437,-0.12904733419418335,0.037729412317276,-0.0028026783155610246,-0.17446541786193848,0.05595669150352478,-0.02821564457997283,-0.13137933611869812,0.048563152551651,-0.02002013258322677,-0.10831642150878906,0.038543760776519775,-0.006484393660571186,-0.1264820396900177,-0.010616779327392578,-0.014278914478268234,-0.1667650043964386,0.007901906967163086,-0.025669386309232323,-0.13597199320793152,0.011142075061798096,-0.014639991965736954,-0.11399847269058228,0.00481492280960083,-0.001944350941698758,thumbs_down
0.0,0.0,0.0,-0.01807260513305664,0.08460354804992676,-0.01538144082005033,-0.049929916858673096,0.161709725856781,-0.023201139943552107,-0.08598408102989197,0.215070903301239,-0.03398839041764745,-0.11854514479637146,0.24786844849586487,-0.040472399743151755,-0.1149737536907196,0.12415793538093567,0.011011522894847303,-0.16127228736877441,0.14965137839317322,-0.01729293011302957,-0.12499338388442993,0.13579604029655457,-0.035577766897034735,-0.09787291288375854,0.11903506517410278,-0.04303036660130033,-0.12499427795410156,0.081169992685318,0.007671686520922094,-0.1697741448879242,0.10094130039215088,-0.020318426491570563,-0.1235189139842987,0.08882978558540344,-0.029504208193969816,-0.10151603817939758,0.07829460501670837,-0.02828044101769933,-0.12854281067848206,0.03615984320640564,-0.0015619992715016906,-0.17426371574401855,0.05392351746559143,-0.026582785250496954,-0.1315036416053772,0.047166645526885986,-0.018570756839466185,-0.1088484525680542,0.03759905695915222,-0.005279041195166201,-0.12573936581611633,-0.012216240167617798,-0.012874520683539004,-0.16588592529296875,0.005651623010635376,-0.024440577553463072,-0.13532251119613647,0.009493023157119751,-0.013928630689036936,-0.11374515295028687,0.003690570592880249,-0.001628303152386934,thumbs_down
0.0,0.0,0.0,-0.01817011833190918,0.08426859974861145,-0.015544341708789489,-0.049858689308166504,0.16188549995422363,-0.02347106097198548,-0.08547791838645935,0.21602696180343628,-0.034126603807578704,-0.11829102039337158,0.24827665090560913,-0.0405810864821774,-0.11335363984107971,0.1228686273097992,0.010403731074859479,-0.1604241132736206,0.14767003059387207,-0.016732625494967124,-0.12479045987129211,0.13512110710144043,-0.03446610441363873,-0.09761744737625122,0.12007912993431091,-0.04191244935549321,-0.12394994497299194,0.08008411526679993,0.00731934018500624,-0.1702183485031128,0.09966501593589783,-0.019720420073042533,-0.12520098686218262,0.08896395564079285,-0.02892876772142472,-0.10246917605400085,0.07985037565231323,-0.02798926254666867,-0.12745359539985657,0.0350337028503418,-0.0014466882630017608,-0.17408892512321472,0.05302846431732178,-0.025561764667997977,-0.13269904255867004,0.04615211486816406,-0.017887594010005614,-0.10973900556564331,0.03706848621368408,-0.00518012635342302,-0.12430781126022339,-0.012965947389602661,-0.012245366181502959,-0.16394272446632385,0.004781544208526611,-0.023697648029099128,-0.1345316767692566,0.007357209920883179,-0.013609865512023589,-0.11371827125549316,0.0008930563926696777,-0.001819542324426493,thumbs_down
0.0,0.0,0.0,-0.01788032054901123,0.08477935194969177,-0.015931387658838503,-0.05147373676300049,0.16323420405387878,-0.022936080809358828,-0.08820167183876038,0.21863913536071777,-0.032647482346419565,-0.11843562126159668,0.2552343010902405,-0.03760125045073437,-0.11501339077949524,0.12240278720855713,0.012978759367342718,-0.1580122411251068,0.1502140760421753,-0.013660463731412165,-0.117023766040802,0.13643473386764526,-0.028804430033687822,-0.0937555730342865,0.12032565474510193,-0.034630886505965464,-0.12526679039001465,0.08040216565132141,0.010085474472816713,-0.1664588451385498,0.10280713438987732,-0.016636264737371675,-0.11668601632118225,0.09169918298721313,-0.02278496254575657,-0.10256153345108032,0.08092904090881348,-0.01956613291395115,-0.12766748666763306,0.03557690978050232,0.0010570759245638328,-0.16728216409683228,0.05584883689880371,-0.024331036250714533,-0.12141022086143494,0.048131734132766724,-0.013964586186830275,-0.1058349609375,0.03651911020278931,0.0007089588384587842,-0.12404507398605347,-0.01274174451828003,-0.01006274227393078,-0.15696561336517334,0.007334887981414795,-0.02178711001170086,-0.12341222167015076,0.010485827922821045,-0.010163387510601751,-0.10695040225982666,0.0014705955982208252,0.0027724900342036563,thumbs_down
0.0,0.0,0.0,-0.018359839916229248,0.08215150237083435,-0.01652867567796079,-0.05326038599014282,0.16037127375602722,-0.02403721620399324,-0.0889793336391449,0.21742233633995056,-0.03416217711824743,-0.1158791184425354,0.25686800479888916,-0.03944507834572164,-0.11700314283370972,0.1179317831993103,0.012635136609191022,-0.15765222907066345,0.14714819192886353,-0.013178050863331237,-0.11670607328414917,0.1345941126346588,-0.02674298209208814,-0.09631714224815369,0.11790457367897034,-0.031845873567050376,-0.12643051147460938,0.07709011435508728,0.009904925366157613,-0.16418927907943726,0.10091668367385864,-0.016714537861531653,-0.11374521255493164,0.09024456143379211,-0.021364702257102408,-0.10518285632133484,0.07743287086486816,-0.01703343202430574,-0.12787097692489624,0.033219873905181885,0.0009229361351970056,-0.16342520713806152,0.05417117476463318,-0.024410609501188674,-0.11776578426361084,0.04792025685310364,-0.012961930940633692,-0.10803911089897156,0.03525048494338989,0.002231274618992529,-0.12390220165252686,-0.01386028528213501,-0.010248522619491496,-0.15244579315185547,0.007073581218719482,-0.02099300955492822,-0.11905869841575623,0.011254549026489258,-0.008697967390304484,-0.1071830689907074,0.0010219216346740723,0.004383789961451612,thumbs_down
0.0,0.0,0.0,-0.01780003309249878,0.0817689299583435,-0.01703703624582431,-0.053201258182525635,0.160611093044281,-0.025090594193102334,-0.08934110403060913,0.2178235650062561,-0.03558724222159526,-0.11473634839057922,0.25853508710861206,-0.04136935470080516,-0.11556598544120789,0.1198490560054779,0.011414457695423152,-0.15709689259529114,0.1461440920829773,-0.015095561159910176,-0.11701780557632446,0.1331808865070343,-0.0291203282532706,-0.09589362144470215,0.11852777004241943,-0.0344182833788409,-0.12560135126113892,0.07726079225540161,0.008708862239359405,-0.163993239402771,0.0990428626537323,-0.017802164306999657,-0.11420506238937378,0.08849117159843445,-0.022539105614782784,-0.10482212901115417,0.07803228497505188,-0.018421236774088356,-0.1275935173034668,0.03207746148109436,-0.00028351103458135185,-0.16338878870010376,0.05209314823150635,-0.025674203759194825,-0.11817800998687744,0.0450361967086792,-0.014115799566866372,-0.10798993706703186,0.033780813217163086,0.0010345764466137553,-0.12387782335281372,-0.016075581312179565,-0.011473798541487668,-0.15231993794441223,0.004850298166275024,-0.022447156136990998,-0.11885452270507812,0.007811248302459717,-0.009897501556338284,-0.10654303431510925,-0.0014013051986694336,0.003304558923332479,thumbs_down
0.0,0.0,0.0,-0.014599800109863281,0.08247873187065125,-0.017272842616534945,-0.05011868476867676,0.16355496644973755,-0.024389713571167704,-0.0867510735988617,0.2216181457042694,-0.033742405042744394,-0.11080488562583923,0.26259085536003113,-0.037949956522083994,-0.11257898807525635,0.12548094987869263,0.01266786871781278,-0.15393704175949097,0.15186136960983276,-0.013551475048757311,-0.11284330487251282,0.13762179017066956,-0.027107778505182978,-0.09238889813423157,0.12357991933822632,-0.03211931096086573,-0.12316852807998657,0.08295682072639465,0.010527625180088762,-0.15971189737319946,0.10463953018188477,-0.016492874861455675,-0.11026701331138611,0.09235644340515137,-0.02122209550509524,-0.10254824161529541,0.08296498656272888,-0.016865873277879473,-0.125477135181427,0.038040995597839355,0.001967278507777337,-0.1580100953578949,0.0573999285697937,-0.02303457030723166,-0.11383068561553955,0.04953962564468384,-0.011584556230104681,-0.10647070407867432,0.0396060049533844,0.0034149379592918194,-0.12294915318489075,-0.00963813066482544,-0.008874356315232035,-0.14732098579406738,0.010318964719772339,-0.018442786798573252,-0.11521801352500916,0.012592494487762451,-0.006097230628824946,-0.1064947247505188,0.0038327276706695557,0.006650385412626747,thumbs_down
0.0,0.0,0.0,-0.016744554042816162,0.08319377899169922,-0.016342930867409677,-0.04952692985534668,0.16223758459091187,-0.023666041343545885,-0.0850209891796112,0.21901381015777588,-0.033702863751983614,-0.110770583152771,0.25959551334381104,-0.03917939811859128,-0.11190223693847656,0.12344363331794739,0.014178637043499975,-0.1534312665462494,0.15128272771835327,-0.011353317088520498,-0.11598169803619385,0.13833260536193848,-0.025395315512156458,-0.09475630521774292,0.12252920866012573,-0.03073971196923253,-0.1221475601196289,0.08115845918655396,0.011430258491003542,-0.1609472930431366,0.10333395004272461,-0.014342088623976679,-0.11210885643959045,0.09270882606506348,-0.019719321652388544,-0.10172009468078613,0.08243942260742188,-0.016132727637028665,-0.12459200620651245,0.03667619824409485,0.0024097825874775936,-0.1609150767326355,0.05624648928642273,-0.02242483794603345,-0.1162874698638916,0.04945862293243408,-0.011496281622981996,-0.10460105538368225,0.03847876191139221,0.0032602218919635106,-0.12176504731178284,-0.010859519243240356,-0.008772754482066603,-0.1498415768146515,0.008939266204833984,-0.019248182325696916,-0.11710214614868164,0.012048572301864624,-0.006832146457469435,-0.10453459620475769,0.0031804144382476807,0.006232587714606552,thumbs_down
0.0,0.0,0.0,-0.013814151287078857,0.08229747414588928,-0.018419848300027297,-0.04769706726074219,0.16522547602653503,-0.026759027979778693,-0.08324569463729858,0.2246735692024231,-0.03737254209022467,-0.1069888174533844,0.266787588596344,-0.04274869478444998,-0.11267882585525513,0.12968367338180542,0.011645860493672444,-0.1529444456100464,0.1568431556224823,-0.014837759091960834,-0.11225762963294983,0.14276540279388428,-0.027755131490039275,-0.09132632613182068,0.12792754173278809,-0.03202395281891768,-0.12314632534980774,0.08700859546661377,0.009605890594912125,-0.15865829586982727,0.10805284976959229,-0.01651733323137705,-0.1080421507358551,0.09589612483978271,-0.019588998995232032,-0.10117447376251221,0.08745071291923523,-0.014116202026116298,-0.12578612565994263,0.04165652394294739,0.000867112296191408,-0.159296452999115,0.060806214809417725,-0.02424455761115496,-0.11412853002548218,0.05270770192146301,-0.011452623188006328,-0.10553401708602905,0.042989104986190796,0.004550100293499781,-0.12297114729881287,-0.0063780248165130615,-0.01030579908888285,-0.1489482820034027,0.012615591287612915,-0.0206119003812546,-0.1162271797657013,0.014896601438522339,-0.007645387678849147,-0.10570824146270752,0.006744742393493652,0.005841997441393687,thumbs_down
0.0,0.0,0.0,-0.015249431133270264,0.08416149020195007,-0.01611296962150277,-0.049896061420440674,0.16642984747886658,-0.023075160935007943,-0.08607470989227295,0.22485756874084473,-0.032865657835685624,-0.10985571146011353,0.26757052540779114,-0.03793984222360791,-0.11341077089309692,0.1282101571559906,0.014822408192372905,-0.15364736318588257,0.1582982838153839,-0.010291808649384393,-0.11523178219795227,0.1452997624874115,-0.023576208754860772,-0.09430846571922302,0.12849557399749756,-0.028403845980250253,-0.12398844957351685,0.08669206500053406,0.011976403750992404,-0.16075512766838074,0.11021146178245544,-0.01263904049196185,-0.1116054356098175,0.0983538031578064,-0.01647833864339532,-0.10371905565261841,0.0869942307472229,-0.011937084972345247,-0.12678241729736328,0.04218018054962158,0.0027068132614260776,-0.16161513328552246,0.06415748596191406,-0.020921276315533532,-0.11715826392173767,0.05671456456184387,-0.008961786880576028,-0.10766774415969849,0.04438817501068115,0.006113354217774258,-0.1244727373123169,-0.005877882242202759,-0.008843888893210305,-0.15139523148536682,0.01637968420982361,-0.018453485696994676,-0.11873531341552734,0.01934388279914856,-0.005667046077036275,-0.10751485824584961,0.009166836738586426,0.007482445899910317,thumbs_down
0.0,0.0,0.0,-0.014760971069335938,0.08337768912315369,-0.017716343898797504,-0.04628032445907593,0.16506433486938477,-0.02714270298602628,-0.08016133308410645,0.225744366645813,-0.039171846036339275,-0.10277751088142395,0.26992881298065186,-0.04653788116993951,-0.11138090491294861,0.1291426718235016,0.010637970257079132,-0.15287142992019653,0.15761256217956543,-0.017495979939127437,-0.11513742804527283,0.1451122760772705,-0.03264966738643693,-0.09218576550483704,0.12892034649848938,-0.0380607968312745,-0.1220349669456482,0.08668407797813416,0.008069806348061093,-0.1597670316696167,0.10989606380462646,-0.018975512508774273,-0.11062458157539368,0.09760606288909912,-0.02361581419827985,-0.10089254379272461,0.08723193407058716,-0.019167702097917072,-0.12525448203086853,0.0411372184753418,-0.001012299244763426,-0.1618535816669464,0.06262579560279846,-0.026413434569263927,-0.11705797910690308,0.05465453863143921,-0.014338598970795147,-0.1055033802986145,0.04360118508338928,0.001403666066465803,-0.12299811840057373,-0.007538557052612305,-0.012431490619206897,-0.15235018730163574,0.013074666261672974,-0.02291756627383279,-0.11993038654327393,0.01575946807861328,-0.00992875305237817,-0.10739502310752869,0.0072367191314697266,0.003750850993668564,thumbs_down
0.0,0.0,0.0,-0.015454113483428955,0.08437973260879517,-0.01737317119994941,-0.04787641763687134,0.16612261533737183,-0.0259790295110065,-0.08123022317886353,0.22746992111206055,-0.03730000791409793,-0.10300278663635254,0.2725675702095032,-0.04401981321433368,-0.1115480363368988,0.12811687588691711,0.012589839722124907,-0.15233290195465088,0.1593407690525055,-0.013488526952357915,-0.11503508687019348,0.14593717455863953,-0.028004063789637712,-0.09283247590065002,0.12878283858299255,-0.03360639375904384,-0.12251582741737366,0.0865531861782074,0.010147768507806632,-0.16090628504753113,0.11058434844017029,-0.015652038653286127,-0.11229518055915833,0.09771502017974854,-0.02072857742467704,-0.10163214802742004,0.08619213104248047,-0.01702927288869205,-0.12555915117263794,0.04193228483200073,0.001397555546930107,-0.1623532772064209,0.06284165382385254,-0.02299923313120189,-0.11801382899284363,0.05466547608375549,-0.011529926706941751,-0.10526949167251587,0.04294082522392273,0.0033675264260750737,-0.12313434481620789,-0.0057600438594818115,-0.009688008141608861,-0.15256822109222412,0.013977736234664917,-0.019674761717112688,-0.12006750702857971,0.017093420028686523,-0.006970535063089756,-0.10665351152420044,0.008605211973190308,0.006103822465149733,thumbs_down
0.0,0.0,0.0,-0.01237720251083374,0.08272388577461243,-0.018898478485112946,-0.04498952627182007,0.16636332869529724,-0.027706705741053383,-0.07773754000663757,0.2299695611000061,-0.038670166171556275,-0.0962754487991333,0.275507390499115,-0.04436058435535983,-0.11095955967903137,0.13289859890937805,0.010607643276983936,-0.15075361728668213,0.16123124957084656,-0.016738106272583764,-0.10989940166473389,0.14629852771759033,-0.03040188062882976,-0.08942785859107971,0.13157367706298828,-0.0352879825601633,-0.12169021368026733,0.09103423357009888,0.008717776500219543,-0.15498703718185425,0.11258554458618164,-0.01808364946342067,-0.10554403066635132,0.09832477569580078,-0.021744251958494942,-0.09943243861198425,0.08971905708312988,-0.016975364423757355,-0.1250537633895874,0.045805513858795166,3.532905824954469e-05,-0.15693578124046326,0.0642663836479187,-0.025421949810748856,-0.1135009229183197,0.05515933036804199,-0.013471416904991429,-0.10626444220542908,0.045812755823135376,0.0017278178041522096,-0.12345156073570251,-0.002028822898864746,-0.01109302766568021,-0.1475583016872406,0.01664826273918152,-0.021212228349810403,-0.11622887849807739,0.017367005348205566,-0.008965099006360333,-0.10753753781318665,0.009041428565979004,0.0037499647499714683,thumbs_down
0.0,0.0,0.0,-0.013007640838623047,0.08375167846679688,-0.017640948614570107,-0.045361340045928955,0.1666128933429718,-0.026259314587804283,-0.07792183756828308,0.2282244861125946,-0.0373378771753039,-0.09684830904006958,0.2737949788570404,-0.043632872721644844,-0.11166757345199585,0.13124382495880127,0.011134632544127498,-0.152779221534729,0.16041547060012817,-0.015481581299098934,-0.11411011219024658,0.1463095247745514,-0.029548865130635704,-0.09210008382797241,0.13013038039207458,-0.034699287584516014,-0.12230640649795532,0.08976277709007263,0.008769653418568168,-0.15791112184524536,0.1118479073047638,-0.01661402577767035,-0.10926550626754761,0.0981631875038147,-0.020668857118579353,-0.10056930780410767,0.0884179174900055,-0.0165401514084067,-0.12584275007247925,0.04506602883338928,-0.0001039105543156893,-0.1603793501853943,0.06497630476951599,-0.024301551601382698,-0.11677482724189758,0.05589446425437927,-0.012706481239291634,-0.10639604926109314,0.045280516147613525,0.001953103144188617,-0.12425988912582397,-0.002638787031173706,-0.011311367473098244,-0.15146613121032715,0.01778995990753174,-0.021261420419904198,-0.11929690837860107,0.018625736236572266,-0.008824323622974362,-0.10738566517829895,0.009675830602645874,0.003979374801275526,thumbs_down
0.0,0.0,0.0,-0.013681292533874512,0.08416709303855896,-0.015760266448978655,-0.04735320806503296,0.1649676263332367,-0.023412623669628374,-0.07708624005317688,0.223618745803833,-0.03337672282350468,-0.09097349643707275,0.27032679319381714,-0.039491362165335886,-0.10890859365463257,0.1337895393371582,0.006856742088075407,-0.15158826112747192,0.15311464667320251,-0.01925948191774296,-0.11964920163154602,0.13710004091262817,-0.035201418440465204,-0.09744271636009216,0.12519332766532898,-0.04188855294478344,-0.11795306205749512,0.08932515978813171,0.003603314055453666,-0.15558835864067078,0.10140120983123779,-0.020819046761516802,-0.11644306778907776,0.0895431637763977,-0.028090822737340204,-0.10077962279319763,0.08467641472816467,-0.027372858713988535,-0.12074106931686401,0.0426713228225708,-0.005203203525070421,-0.15629473328590393,0.0547906756401062,-0.027342726703409426,-0.1200304627418518,0.04748952388763428,-0.0195489351112883,-0.10479402542114258,0.04234936833381653,-0.008703832741502993,-0.117921382188797,-0.005479335784912109,-0.015952821116570703,-0.14891067147254944,0.010280966758728027,-0.024323213141087763,-0.1208566427230835,0.010887205600738525,-0.012905555072848074,-0.10549548268318176,0.006253451108932495,-0.0017285685694332642,thumbs_down
0.0,0.0,0.0,-0.013459980487823486,0.08265343308448792,-0.014574566436948544,-0.045836567878723145,0.16404438018798828,-0.02125640357846237,-0.07460439205169678,0.22367480397224426,-0.030607005162181622,-0.09083718061447144,0.26948434114456177,-0.036408440722169644,-0.10722547769546509,0.12997180223464966,0.011448110872862571,-0.14969077706336975,0.1535205841064453,-0.013854477135481602,-0.11822515726089478,0.13972747325897217,-0.03033012668603874,-0.09483835101127625,0.12487936019897461,-0.037527633411826855,-0.11778828501701355,0.08762696385383606,0.007736550131795639,-0.15699437260627747,0.10719931125640869,-0.016415871260704762,-0.11844545602798462,0.0957244336605072,-0.025111579848470456,-0.10075020790100098,0.08625659346580505,-0.025196332065405613,-0.12193506956100464,0.042572736740112305,-0.0016398514155469002,-0.15762954950332642,0.06043708324432373,-0.022475203080119854,-0.1223040223121643,0.053100645542144775,-0.015338997868838078,-0.10648369789123535,0.045584261417388916,-0.005044057080539233,-0.12032997608184814,-0.004460781812667847,-0.013020967645587689,-0.15071958303451538,0.015899181365966797,-0.020338199613632924,-0.12345796823501587,0.015000522136688232,-0.009207785641791588,-0.10868847370147705,0.008113563060760498,0.0014653426594861685,thumbs_down
0.0,0.0,0.0,-0.014305174350738525,0.08007767796516418,-0.017864332485288514,-0.043842196464538574,0.15956607460975647,-0.02721236175605668,-0.07215848565101624,0.21988585591316223,-0.03865405260333432,-0.09244853258132935,0.261930376291275,-0.04568716599354161,-0.11034023761749268,0.12939250469207764,0.005896259148329364,-0.14947229623794556,0.14977172017097473,-0.021852570536822213,-0.11544540524482727,0.1328587830066681,-0.03778585879811658,-0.09273263812065125,0.11878010630607605,-0.04401373578915013,-0.11872383952140808,0.08521699905395508,0.0033632254253177507,-0.15515518188476562,0.10198858380317688,-0.02339154011318101,-0.11006554961204529,0.0877561867237091,-0.03009285493502034,-0.09525182843208313,0.08118754625320435,-0.02781002125450982,-0.12135428190231323,0.038888007402420044,-0.005115694782972469,-0.15658944845199585,0.052733421325683594,-0.03106256848880662,-0.11449503898620605,0.045441240072250366,-0.022669737178176774,-0.0977717936038971,0.039149969816207886,-0.009512115220815076,-0.1179940402507782,-0.008440524339675903,-0.015547590281158818,-0.14799940586090088,0.007424652576446533,-0.026776942375391855,-0.118053138256073,0.009806185960769653,-0.015815564382165803,-0.10221448540687561,0.005366086959838867,-0.003693351938665046,thumbs_down
0.0,0.0,0.0,-0.013882994651794434,0.07903234660625458,-0.019089427804573234,-0.046756088733673096,0.16102157533168793,-0.02757760792039221,-0.07570743560791016,0.2220415621995926,-0.037754989257081206,-0.09583801031112671,0.26506610214710236,-0.04309647812507933,-0.11281168460845947,0.129779651761055,0.008886871831492726,-0.15343040227890015,0.1554039865732193,-0.018164717620237525,-0.11670440435409546,0.14009420573711395,-0.03376221938989943,-0.0944107174873352,0.12554658949375153,-0.039999197265132125,-0.12342953681945801,0.0866713672876358,0.007155894739554469,-0.16005349159240723,0.10495580732822418,-0.018954687779768165,-0.11337673664093018,0.09215326607227325,-0.025587706854565795,-0.10064512491226196,0.08559148013591766,-0.0233809864427883,-0.1259465217590332,0.04087372124195099,-0.000919146549421157,-0.1623782515525818,0.05473993718624115,-0.025703192716463263,-0.11938655376434326,0.048199668526649475,-0.01654024704359358,-0.10450717806816101,0.04227153956890106,-0.0033294875454146222,-0.12236344814300537,-0.006713941693305969,-0.011229791706426795,-0.15209686756134033,0.009679451584815979,-0.021717683440073188,-0.12068960070610046,0.011339977383613586,-0.01038222576491421,-0.10621684789657593,0.006595179438591003,0.0017036504298459931,thumbs_down
0.0,0.0,0.0,-0.015423357486724854,0.08034868538379669,-0.018188980453061276,-0.04816991090774536,0.16166459023952484,-0.02740433909778517,-0.07708555459976196,0.22410748898983002,-0.03861080952768248,-0.09783810377120972,0.2681722193956375,-0.04524939977412146,-0.1126038134098053,0.12882839143276215,0.0071139805499740305,-0.1566224992275238,0.1560397893190384,-0.021036741368817502,-0.11951106786727905,0.14032311737537384,-0.03813351788406294,-0.09492310881614685,0.12409771978855133,-0.04535959013585966,-0.12354958057403564,0.08575506508350372,0.004650114059103316,-0.16554898023605347,0.1060471385717392,-0.023837541275071317,-0.11851972341537476,0.09260295331478119,-0.03238117792491835,-0.10150298476219177,0.08344139158725739,-0.030980641998695546,-0.12647947669029236,0.04019196331501007,-0.003731891557919198,-0.166881263256073,0.05551777780056,-0.028887213252829724,-0.12418714165687561,0.04834364354610443,-0.0200458961058132,-0.10715356469154358,0.041090115904808044,-0.006903302900838071,-0.12335312366485596,-0.00755821168422699,-0.014321288138972932,-0.15616565942764282,0.007752850651741028,-0.024639627941297704,-0.12517571449279785,0.009880796074867249,-0.01324842874740284,-0.109646737575531,0.0055545419454574585,-0.001228563532578164,thumbs_down
0.0,0.0,0.0,-0.015805721282958984,0.08108165860176086,-0.017525191073417545,-0.049410462379455566,0.16274622082710266,-0.02605840436100948,-0.07875770330429077,0.22544628381729126,-0.03676684818148601,-0.09951600432395935,0.2694026231765747,-0.04279206565499294,-0.11417940258979797,0.12841567397117615,0.008490452888310074,-0.1583060324192047,0.1565466821193695,-0.019212591116428257,-0.11969819664955139,0.141595721244812,-0.03565063944935787,-0.09518921375274658,0.1251826286315918,-0.04241305834531772,-0.12493816018104553,0.08521348237991333,0.005923034503013014,-0.1668822169303894,0.10692164301872253,-0.02247558779001224,-0.11874648928642273,0.09419435262680054,-0.030313822095394016,-0.10221463441848755,0.08409368991851807,-0.02821839100599277,-0.12739691138267517,0.039314210414886475,-0.0025854130546747456,-0.16739651560783386,0.05655911564826965,-0.027507508759498478,-0.12422758340835571,0.04972487688064575,-0.018030819137692333,-0.10820072889328003,0.04098442196846008,-0.00434076285839069,-0.12385684251785278,-0.008801102638244629,-0.013289441940486313,-0.157143235206604,0.008261263370513916,-0.02319539210677135,-0.1259172260761261,0.010974079370498657,-0.011404741210043312,-0.11071446537971497,0.004935503005981445,0.0009664589267970314,thumbs_down
0.0,0.0,0.0,-0.015592634677886963,0.08152016997337341,-0.01786972963293465,-0.04707306623458862,0.16193479299545288,-0.027614483694037517,-0.07736420631408691,0.22413790225982666,-0.03947711185594471,-0.10077273845672607,0.2677164673805237,-0.04660520152231129,-0.11075344681739807,0.12824994325637817,0.006004088474014679,-0.1573619544506073,0.15550878643989563,-0.02292140395422848,-0.1177835464477539,0.138494610786438,-0.03968192086597355,-0.09248995780944824,0.12220841646194458,-0.04630695850630673,-0.12195819616317749,0.0843011736869812,0.0037784817717465558,-0.16564619541168213,0.10537242889404297,-0.02529441014905842,-0.11680430173873901,0.09154728055000305,-0.03272884161253842,-0.09900352358818054,0.08222085237503052,-0.03038489454468163,-0.12485742568969727,0.038399726152420044,-0.004306609360924085,-0.16677314043045044,0.05580723285675049,-0.029768398115834316,-0.1225387454032898,0.0481487512588501,-0.01941300191958817,-0.10498279333114624,0.03972357511520386,-0.004984485535374006,-0.12200433015823364,-0.009558141231536865,-0.01452834540089043,-0.156385600566864,0.008456170558929443,-0.024561399678191265,-0.12430232763290405,0.011003345251083374,-0.012156585315665325,-0.1078309416770935,0.0046426355838775635,0.0007583721629771389,thumbs_down
0.0,0.0,0.0,-0.015255451202392578,0.0806041955947876,-0.017300161189467644,-0.04590499401092529,0.16114747524261475,-0.026959004468352532,-0.07594645023345947,0.22326883673667908,-0.03887124977174494,-0.09985557198524475,0.2661861777305603,-0.04611409700575564,-0.11105126142501831,0.12833985686302185,0.006055773113786245,-0.15749484300613403,0.15703237056732178,-0.022735214448601937,-0.11878252029418945,0.1416538953781128,-0.03968453279796336,-0.0932268500328064,0.12448510527610779,-0.04652622587147448,-0.12206956744194031,0.08451327681541443,0.003297935117899442,-0.16639864444732666,0.10597020387649536,-0.025674228212864136,-0.11809447407722473,0.09287205338478088,-0.033245402044684624,-0.09990552067756653,0.08255362510681152,-0.031031564465791917,-0.12503808736801147,0.0385516881942749,-0.00524624961528275,-0.16757550835609436,0.05574315786361694,-0.030428769654662347,-0.12373456358909607,0.048473209142684937,-0.02015291026893351,-0.10570630431175232,0.03961557149887085,-0.005890627513707614,-0.12195298075675964,-0.009733617305755615,-0.015946828416616654,-0.1572251319885254,0.0071718692779541016,-0.025976403272778725,-0.12535417079925537,0.010304421186447144,-0.013644133350879883,-0.10837337374687195,0.004606142640113831,-0.0008388600601563212,thumbs_down
0.0,0.0,0.0,-0.016186296939849854,0.08325131237506866,-0.01665680499658606,-0.046083927154541016,0.16355787217617035,-0.025405267420268274,-0.07524475455284119,0.22516115009784698,-0.03647394681260607,-0.09685978293418884,0.26807595789432526,-0.043587101790166116,-0.1120796799659729,0.13066183030605316,0.008949942720079207,-0.15405619144439697,0.15605942904949188,-0.017524203452325082,-0.1213369369506836,0.14071209728717804,-0.0348022041647198,-0.0966651439666748,0.12422223389148712,-0.04247922653243563,-0.12207213044166565,0.08633299171924591,0.005697698165619158,-0.16227129101753235,0.10668574273586273,-0.02158740552053473,-0.11830121278762817,0.09185852110385895,-0.031243758442855096,-0.09743085503578186,0.08081059157848358,-0.030856354328847146,-0.12477502226829529,0.039828673005104065,-0.003186285429677582,-0.1636696755886078,0.05567188560962677,-0.027760040181732393,-0.12328889966011047,0.046938225626945496,-0.020684588867283082,-0.10342198610305786,0.03825177252292633,-0.008757083843505598,-0.12117430567741394,-0.008787378668785095,-0.014039757828271604,-0.15257439017295837,0.008416980504989624,-0.024457717481112695,-0.12300524115562439,0.008867979049682617,-0.013943294229960657,-0.10670724511146545,0.0032638758420944214,-0.002546994647985912,thumbs_down
0.0,0.0,0.0,-0.01649552583694458,0.08159208297729492,-0.01727755346175286,-0.047222137451171875,0.16143149137496948,-0.026286540337167708,-0.07640790939331055,0.2212580144405365,-0.03743703269239518,-0.10019022226333618,0.26307669281959534,-0.044397275679074255,-0.11173355579376221,0.12862181663513184,0.0071613562588765944,-0.1556338369846344,0.15375497937202454,-0.02016182594772431,-0.12227880954742432,0.13853684067726135,-0.03786950536843392,-0.09636983275413513,0.12208816409111023,-0.04562831648465249,-0.12225779891014099,0.08441904187202454,0.0040810799521580066,-0.164751797914505,0.10438388586044312,-0.023139791347347227,-0.12209516763687134,0.09091481566429138,-0.03279942625042054,-0.10081762075424194,0.08087426424026489,-0.0326435377525911,-0.12530863285064697,0.03801336884498596,-0.004696417849771706,-0.16601181030273438,0.05289885401725769,-0.028456469781957594,-0.1268632411956787,0.04564112424850464,-0.021357984997592894,-0.10633176565170288,0.038116127252578735,-0.009794405445717302,-0.12197929620742798,-0.010494053363800049,-0.015605509065352408,-0.15567731857299805,0.005905747413635254,-0.025572430126629797,-0.12742766737937927,0.007545262575149536,-0.015256651461385218,-0.11020344495773315,0.0028747618198394775,-0.004209491674117771,thumbs_down
0.0,0.0,0.0,-0.015824735164642334,0.08128282427787781,-0.01664767900118136,-0.04658788442611694,0.16155901551246643,-0.025694959998219247,-0.076617032289505,0.22262558341026306,-0.03714718969175124,-0.10034406185150146,0.2635354995727539,-0.044183819756000275,-0.1139356791973114,0.12849372625350952,0.008601477168411975,-0.15793931484222412,0.15335959196090698,-0.019578053817241425,-0.12168535590171814,0.13683751225471497,-0.03664632813641333,-0.09601980447769165,0.11994913220405579,-0.04346083776661658,-0.12387779355049133,0.08402878046035767,0.0055161065272102405,-0.16481393575668335,0.10264280438423157,-0.022578583300202126,-0.11726665496826172,0.08713153004646301,-0.0307572364957025,-0.09936514496803284,0.0778643786907196,-0.02877829150864386,-0.1263749599456787,0.03726273775100708,-0.003417267665355439,-0.16591912508010864,0.051916033029556274,-0.02917727568754458,-0.12231811881065369,0.042666852474212646,-0.020431068927138085,-0.10414823889732361,0.03502267599105835,-0.006745068557648892,-0.12270548939704895,-0.011600762605667114,-0.014276112631051774,-0.15486091375350952,0.004482537508010864,-0.025218938678591485,-0.12277549505233765,0.005775928497314453,-0.013632910527377362,-0.10633370280265808,0.0011874586343765259,-0.0009562183670652757,thumbs_down
0.0,0.0,0.0,-0.017455995082855225,0.0800258219242096,-0.017721734106714848,-0.048748910427093506,0.15984585881233215,-0.027699490174825314,-0.07907578349113464,0.22133615612983704,-0.039950211629445675,-0.10416185855865479,0.2631750702857971,-0.047666118577296857,-0.11511984467506409,0.12388145923614502,0.006492852601979848,-0.16088607907295227,0.1485765278339386,-0.022433069631631497,-0.12376987934112549,0.13408076763153076,-0.04015788911300433,-0.09735462069511414,0.11735871434211731,-0.047439810916955594,-0.12489563226699829,0.07980477809906006,0.0038792366588609184,-0.16798493266105652,0.099026620388031,-0.025248485714371327,-0.12061190605163574,0.0854925811290741,-0.03402748806792033,-0.10178127884864807,0.074888676404953,-0.03253021939116252,-0.1274060308933258,0.03386273980140686,-0.004573955763305548,-0.16873803734779358,0.04858940839767456,-0.03004662050324214,-0.12620192766189575,0.04167303442955017,-0.021145568326289776,-0.10739445686340332,0.03330284357070923,-0.007602739710534934,-0.12399202585220337,-0.013878241181373596,-0.01515690805780423,-0.15914595127105713,0.001752704381942749,-0.02546190945821536,-0.12821805477142334,0.004449307918548584,-0.013728594504470948,-0.11101022362709045,-0.0008058845996856689,-0.0011968603163836633,thumbs_down
0.0,0.0,0.0,-0.015169322490692139,0.08073374629020691,-0.017060542222708364,-0.0468902587890625,0.15971973538398743,-0.02738113861963143,-0.07731005549430847,0.22037115693092346,-0.03995916780516495,-0.1012495756149292,0.26190200448036194,-0.04788815018221726,-0.11422786116600037,0.1238912045955658,0.0035786987518520164,-0.16288027167320251,0.1494501233100891,-0.026200357568114896,-0.1247628927230835,0.13519248366355896,-0.0438963041870295,-0.09758517146110535,0.11904576420783997,-0.0509092861084639,-0.12303301692008972,0.07929697632789612,0.0008416061409377562,-0.16604679822921753,0.09730446338653564,-0.028327028941959043,-0.11785143613815308,0.08402952551841736,-0.035964729007929463,-0.09880685806274414,0.07477152347564697,-0.033878123131245275,-0.12480732798576355,0.03336828947067261,-0.007579024159014125,-0.1669054925441742,0.0473560094833374,-0.03241299253389229,-0.12338697910308838,0.0409528911113739,-0.02239165615722527,-0.10432901978492737,0.03380337357521057,-0.008435427886098523,-0.12079691886901855,-0.014593586325645447,-0.018130387854427,-0.15650683641433716,-0.00027877092361450195,-0.02815892521724095,-0.12526080012321472,0.003521472215652466,-0.016136634838431974,-0.1074969470500946,-0.00045871734619140625,-0.003454676572829385,thumbs_down
0.0,0.0,0.0,-0.017825841903686523,0.08158552646636963,-0.016447293612600333,-0.050168633460998535,0.1608787477016449,-0.026015113148332603,-0.08083215355873108,0.22112023830413818,-0.03800786756301022,-0.10535493493080139,0.26269832253456116,-0.045642995316029555,-0.11679625511169434,0.1252322494983673,0.0059915468623330526,-0.1643982231616974,0.15039721131324768,-0.02249000318670369,-0.12845119833946228,0.13586246967315674,-0.04038657345199681,-0.10112956166267395,0.11864766478538513,-0.04787641860866643,-0.1261567771434784,0.0807131826877594,0.002947294345631235,-0.16987097263336182,0.09903907775878906,-0.025361687916756637,-0.12339222431182861,0.08534404635429382,-0.03400910742902852,-0.10267695784568787,0.07404813170433044,-0.03274810038828946,-0.12805050611495972,0.034230947494506836,-0.005684303160251147,-0.17194104194641113,0.04733040928840637,-0.02989974156344033,-0.12975868582725525,0.04124131798744202,-0.021176659542561538,-0.10877972841262817,0.03341582417488098,-0.00814793821746207,-0.12360209226608276,-0.01427304744720459,-0.016381434205413825,-0.1594356894493103,-0.0003863871097564697,-0.026123234111310012,-0.12914401292800903,0.004066824913024902,-0.014752016443253524,-0.11101704835891724,0.0002266913652420044,-0.002649165730417735,thumbs_down
0.0,0.0,0.0,-0.017148137092590332,0.08208492398262024,-0.016102998712597127,-0.04820901155471802,0.15971288084983826,-0.026551672452626462,-0.0790291428565979,0.2190563678741455,-0.03954016157382512,-0.10279136896133423,0.2611934542655945,-0.04814937450879597,-0.11327323317527771,0.12224876880645752,0.0036399742033950133,-0.16281026601791382,0.1470664143562317,-0.026419357591805692,-0.12422305345535278,0.13280120491981506,-0.0447231095373013,-0.09554624557495117,0.11714974045753479,-0.05219025277489209,-0.12254443764686584,0.07716497778892517,0.0001904897885083301,-0.16744381189346313,0.09561082720756531,-0.029362942287264104,-0.1192169189453125,0.08376458287239075,-0.037684378409323926,-0.09803131222724915,0.07536628842353821,-0.03623722606295132,-0.12453922629356384,0.03076997399330139,-0.008723644734857317,-0.1680516004562378,0.045192837715148926,-0.03363689892881894,-0.12431758642196655,0.039771318435668945,-0.02351837904149079,-0.10374268889427185,0.03330308198928833,-0.00961568132930779,-0.12045910954475403,-0.017311304807662964,-0.019697535046873327,-0.1573878526687622,-0.0028240084648132324,-0.029449424901542898,-0.12577325105667114,0.0018832683563232422,-0.016831117877302404,-0.106800377368927,-0.0015032291412353516,-0.003900862028388019,thumbs_down
0.0,0.0,0.0,-0.0174524188041687,0.08139891922473907,-0.017269390888770886,-0.0503351092338562,0.1612541228532791,-0.02732192098375208,-0.08183938264846802,0.22111175954341888,-0.039531992070635624,-0.10620394349098206,0.2629048079252243,-0.0472934406923855,-0.11628293991088867,0.12392176687717438,0.0040458456871306225,-0.16429835557937622,0.14751465618610382,-0.02522252991076357,-0.12693393230438232,0.1329888552427292,-0.04327425851698763,-0.09921354055404663,0.11687605082988739,-0.050877430729826756,-0.1257081925868988,0.07861502468585968,0.0009846819822882935,-0.17018282413482666,0.09658084809780121,-0.028325598009189434,-0.12278345227241516,0.08356522023677826,-0.03699616833802111,-0.10164180397987366,0.07348619401454926,-0.03566049157853968,-0.12744766473770142,0.0318024605512619,-0.00768230089198596,-0.17128470540046692,0.045067861676216125,-0.0328722011971081,-0.12840288877487183,0.03915010392665863,-0.02372348613317854,-0.10743963718414307,0.03218282759189606,-0.010305893861016102,-0.12283390760421753,-0.016731545329093933,-0.018456313081344433,-0.15861189365386963,-0.0026923567056655884,-0.028948269106706448,-0.12765678763389587,0.0015158206224441528,-0.01734090528663046,-0.10938835144042969,-0.0017382651567459106,-0.005019404247661896,thumbs_down
0.0,0.0,0.0,-0.018429338932037354,0.0830049216747284,-0.016307774344085146,-0.049672722816467285,0.16072502732276917,-0.02661563769876807,-0.08004710078239441,0.21854305267333984,-0.03938477241396754,-0.10521003603935242,0.25930172204971313,-0.04792221018075793,-0.11660191416740417,0.1191152036190033,0.0039963686190560566,-0.16371172666549683,0.14355289936065674,-0.02530541025996058,-0.1261499524116516,0.13104981184005737,-0.043774956250189234,-0.09776881337165833,0.11500218510627747,-0.05153708287477343,-0.12506914138793945,0.07414606213569641,0.0005864916070379422,-0.16927701234817505,0.09242719411849976,-0.02862998598217814,-0.12149614095687866,0.08160775899887085,-0.03739672281741946,-0.09927123785018921,0.0710420310497284,-0.03621528052687495,-0.1261478066444397,0.027950674295425415,-0.008248427295683314,-0.16978344321250916,0.04191586375236511,-0.03288496785759776,-0.12644201517105103,0.03803178668022156,-0.023578687915204455,-0.10420960187911987,0.03060966730117798,-0.010205342778561999,-0.12091773748397827,-0.020069599151611328,-0.019147583627699305,-0.1577930748462677,-0.005510643124580383,-0.029121137568353106,-0.12659141421318054,0.0006778240203857422,-0.017104094260929514,-0.10676851868629456,-0.002677604556083679,-0.004527252046017338,thumbs_down
0.0,0.0,0.0,-0.01735132932662964,0.08250923454761505,-0.016825536604443414,-0.04982459545135498,0.16152603924274445,-0.02688104134372793,-0.08132892847061157,0.22000278532505035,-0.03928459097019754,-0.10617896914482117,0.2599552720785141,-0.04731311310402475,-0.11681294441223145,0.12064214050769806,0.0042427830738631656,-0.16393837332725525,0.1442774385213852,-0.025455758314052446,-0.12569332122802734,0.130337193608284,-0.043635029684224946,-0.0978793203830719,0.11449508368968964,-0.05096234042517267,-0.12498271465301514,0.07530508935451508,0.0011894840389174988,-0.16894251108169556,0.0928872674703598,-0.02887788076273523,-0.12051418423652649,0.08027265965938568,-0.03760201145283304,-0.09929722547531128,0.07016147673130035,-0.0358461368488463,-0.12597978115081787,0.028973862528800964,-0.007405963599154575,-0.16903099417686462,0.04187817871570587,-0.03294783119432054,-0.12537363171577454,0.03674905002117157,-0.023698846216717584,-0.10430890321731567,0.029896065592765808,-0.00984757986239515,-0.12093725800514221,-0.01895640790462494,-0.01805283721856199,-0.15719911456108093,-0.005206942558288574,-0.028282095085302217,-0.12569943070411682,-0.00017364323139190674,-0.016241226683774812,-0.10666760802268982,-0.0031656622886657715,-0.0033759138206335138,thumbs_down
0.0,0.0,0.0,-0.01750171184539795,0.08230027556419373,-0.016925044466773898,-0.04957616329193115,0.16124480962753296,-0.026817921658079058,-0.08123120665550232,0.21823373436927795,-0.039016509537617594,-0.10799434781074524,0.2564601004123688,-0.04691914293638888,-0.1158122718334198,0.12123936414718628,0.004333651049961418,-0.16342779994010925,0.14371460676193237,-0.025219485272685915,-0.1267279088497162,0.1301480233669281,-0.04392533946506205,-0.09853017330169678,0.11429542303085327,-0.05174059990517321,-0.12460559606552124,0.07531669735908508,0.0008878241134482323,-0.1702888309955597,0.09137299656867981,-0.028743110706130892,-0.12311810255050659,0.08022451400756836,-0.03789139736167613,-0.10066226124763489,0.07074004411697388,-0.03661912131778422,-0.12624025344848633,0.02869275212287903,-0.008152963702599436,-0.17095577716827393,0.04038986563682556,-0.0332598184394044,-0.1274963617324829,0.035655587911605835,-0.024146746953050524,-0.10526171326637268,0.029125362634658813,-0.010605747920493513,-0.12131685018539429,-0.019452527165412903,-0.01936159852616015,-0.15813788771629333,-0.007518991827964783,-0.029798505936781794,-0.12675273418426514,-0.002352774143218994,-0.017879886661688715,-0.1073099672794342,-0.004898548126220703,-0.005188664064775139,thumbs_down
0.0,0.0,0.0,-0.017293989658355713,0.08247801661491394,-0.016837905302736544,-0.04962801933288574,0.16114643216133118,-0.026619193285796428,-0.08125847578048706,0.2179519236087799,-0.03872502516219356,-0.1073485016822815,0.25714120268821716,-0.04654695387193897,-0.11638417840003967,0.12069490551948547,0.004522987965401626,-0.16361457109451294,0.14323297142982483,-0.024613498851749682,-0.1264958679676056,0.12995243072509766,-0.042806423410866046,-0.09822812676429749,0.11411675810813904,-0.0503082826287482,-0.1249268651008606,0.07492157816886902,0.0010452725439336064,-0.17025965452194214,0.0916302502155304,-0.028594606697652125,-0.12259620428085327,0.07997128367424011,-0.0376478462965224,-0.10030335187911987,0.06972703337669373,-0.03617460946747997,-0.12640249729156494,0.028407245874404907,-0.007978415258321547,-0.17014560103416443,0.04077047109603882,-0.03315702374288776,-0.12631186842918396,0.03551250696182251,-0.02403802904495933,-0.1044715940952301,0.02855697274208069,-0.010427380122337127,-0.12147653102874756,-0.019803941249847412,-0.019119455620739245,-0.15824228525161743,-0.006722837686538696,-0.029437543034646296,-0.12659546732902527,-0.002066671848297119,-0.017364115595910334,-0.10742619633674622,-0.005269348621368408,-0.004559975259098792,thumbs_down
0.0,0.0,0.0,-0.0176888108253479,0.08352771401405334,-0.016686632445271243,-0.04915976524353027,0.16231650114059448,-0.026561490407402744,-0.08234533667564392,0.21705126762390137,-0.03877433683555864,-0.11060044169425964,0.25390660762786865,-0.04683861803096079,-0.11731508374214172,0.12226840853691101,0.004727934805487166,-0.16295278072357178,0.14296483993530273,-0.024879052451069583,-0.12592574954032898,0.12854406237602234,-0.04396247040313028,-0.09632834792137146,0.11212921142578125,-0.05174086909573816,-0.12600111961364746,0.07644006609916687,0.001329679360424052,-0.17138439416885376,0.09342196583747864,-0.028789748585040797,-0.12317469716072083,0.08266270160675049,-0.038330859651978244,-0.09739804267883301,0.07167592644691467,-0.036741665711815585,-0.12728869915008545,0.029947489500045776,-0.007638994751687278,-0.17116779088974,0.042582571506500244,-0.03349225144665979,-0.12751632928848267,0.039427608251571655,-0.025595114713723888,-0.10305702686309814,0.03192716836929321,-0.012113184815461864,-0.12214872241020203,-0.018673941493034363,-0.018625795057232608,-0.1605505645275116,-0.0046120285987854,-0.029659371039088,-0.1297261118888855,0.001853346824645996,-0.0184390797821834,-0.10835552215576172,-0.001042097806930542,-0.005739747693951358,thumbs_down
0.0,0.0,0.0,-0.017691195011138916,0.08430355787277222,-0.016974586787085855,-0.049066007137298584,0.163826584815979,-0.02707516567633661,-0.08208134770393372,0.21917879581451416,-0.039498714523773515,-0.11077186465263367,0.25688037276268005,-0.04783670397327455,-0.11692586541175842,0.12310820817947388,0.005164182951290286,-0.16209393739700317,0.14463341236114502,-0.02451679834948095,-0.12580889463424683,0.12955158948898315,-0.0441514679961017,-0.09606748819351196,0.11222463846206665,-0.05246094779894861,-0.1258966624736786,0.07768839597702026,0.0015742685381212596,-0.17123708128929138,0.09496617317199707,-0.028628032448153817,-0.1241251528263092,0.08321750164031982,-0.039171037989120805,-0.09821727871894836,0.0721430778503418,-0.03840449990556749,-0.12760087847709656,0.03147861361503601,-0.007609066347043836,-0.17094948887825012,0.04450252652168274,-0.03340860621855768,-0.1281754970550537,0.0397777259349823,-0.026153297888498628,-0.10395634174346924,0.0323253870010376,-0.013344668576877439,-0.12281891703605652,-0.016801774501800537,-0.018859222324948632,-0.15976980328559875,-0.002578139305114746,-0.030106272342067086,-0.12935206294059753,0.0021735727787017822,-0.01928601393328222,-0.10898855328559875,-0.0007766485214233398,-0.0070411495663336154,thumbs_down
0.0,0.0,0.0,-0.021878421306610107,0.08645573258399963,-0.013826647200744446,-0.053881943225860596,0.16352194547653198,-0.021219200813334282,-0.08910733461380005,0.21333879232406616,-0.03192203993455678,-0.12108728289604187,0.24636498093605042,-0.039429591396014985,-0.11911535263061523,0.12073296308517456,0.012859661704737846,-0.16269975900650024,0.14044365286827087,-0.013276214138727482,-0.13238495588302612,0.12726172804832458,-0.03300645703927785,-0.1020316481590271,0.11104649305343628,-0.04180123040930539,-0.12834736704826355,0.07621446251869202,0.008401427990634147,-0.17350667715072632,0.09252327680587769,-0.019296105378430184,-0.1300409436225891,0.08239686489105225,-0.03230705986277371,-0.09897181391716003,0.07215160131454468,-0.03357010836259633,-0.12966305017471313,0.030444175004959106,-0.0013018266857898197,-0.17431825399398804,0.044336795806884766,-0.02609552758292466,-0.13342490792274475,0.040517598390579224,-0.022652895548503693,-0.10330834984779358,0.03410413861274719,-0.012150222794275578,-0.12425374984741211,-0.018748968839645386,-0.01267484145716935,-0.16545355319976807,-0.0035504698753356934,-0.025029803984921273,-0.13791188597679138,0.0017285048961639404,-0.01670352498547345,-0.11342290043830872,0.0007455945014953613,-0.005785368741612729,thumbs_down
0.0,0.0,0.0,-0.021691083908081055,0.08677789568901062,-0.014487118550306377,-0.054949402809143066,0.16439184546470642,-0.021934920080667553,-0.0905272364616394,0.21429741382598877,-0.03257136335290056,-0.1223013699054718,0.2479802668094635,-0.039859729909068164,-0.12006217241287231,0.12288901209831238,0.0126450601064505,-0.16344106197357178,0.14154177904129028,-0.013867555276220855,-0.13276854157447815,0.12725085020065308,-0.033783267342215595,-0.10218492150306702,0.11128291487693787,-0.04264064794099909,-0.12962287664413452,0.07806193828582764,0.008384757585162106,-0.17423611879348755,0.09326323866844177,-0.019464588814145145,-0.1307201385498047,0.08247292041778564,-0.032484646045332966,-0.09957951307296753,0.07267054915428162,-0.033697790556317386,-0.13111084699630737,0.03182542324066162,-0.0012488823586238595,-0.17477521300315857,0.044502079486846924,-0.02623831955409628,-0.1338808536529541,0.04015988111495972,-0.02281557870722395,-0.10363051295280457,0.034133464097976685,-0.01223212768948656,-0.12550145387649536,-0.01734793186187744,-0.012648601175015983,-0.16628524661064148,-0.003386884927749634,-0.02517237802661043,-0.13899070024490356,0.0013990402221679688,-0.016906001695161876,-0.11440950632095337,0.0006865561008453369,-0.0059459741196690175,thumbs_down
0.0,0.0,0.0,-0.021190285682678223,0.08480969071388245,-0.016589785725329875,-0.052619099617004395,0.16095492243766785,-0.0248482420896039,-0.09192675352096558,0.2102155089378357,-0.03582676573142862,-0.12975332140922546,0.236192524433136,-0.04292816741809702,-0.11591356992721558,0.12159344553947449,0.012968149236883164,-0.1668614149093628,0.14035171270370483,-0.010856108539258003,-0.14249113202095032,0.12910273671150208,-0.029760173321221828,-0.11312198638916016,0.11641868948936462,-0.03847949279889917,-0.12493139505386353,0.07761189341545105,0.010117467693532944,-0.1777058243751526,0.0945996344089508,-0.014342346027945041,-0.1439448595046997,0.08531102538108826,-0.0286476842914567,-0.1121443510055542,0.07766282558441162,-0.03190102128729677,-0.12743881344795227,0.03195059299468994,0.0017718828427746303,-0.17990821599960327,0.04814925789833069,-0.02023480719373083,-0.1485564112663269,0.04440996050834656,-0.020237722233389377,-0.11731040477752686,0.0385892391204834,-0.013083557397578716,-0.12355268001556396,-0.017691895365715027,-0.008594237067256927,-0.16859117150306702,-0.0017513930797576904,-0.02087579554364538,-0.14895188808441162,0.003242790699005127,-0.016394694135044574,-0.12362945079803467,0.002108663320541382,-0.008745541595374107,thumbs_down
0.0,0.0,0.0,-0.022221744060516357,0.08467072248458862,-0.016766084846466356,-0.05432635545730591,0.1603914499282837,-0.024885144573062234,-0.09433180093765259,0.21010088920593262,-0.035803797211855226,-0.1324957311153412,0.23621729016304016,-0.04267778110167342,-0.11671116948127747,0.12100359797477722,0.012320852350086398,-0.16949117183685303,0.14121165871620178,-0.01221590537986117,-0.141696959733963,0.1296432912349701,-0.030643418919652277,-0.11220517754554749,0.11657384037971497,-0.038989933696001344,-0.12644463777542114,0.07757973670959473,0.009367263387531466,-0.1813364326953888,0.09533137083053589,-0.016500125196188264,-0.1439889669418335,0.0857279896736145,-0.029961955290644937,-0.11204513907432556,0.07680940628051758,-0.032175334658830934,-0.12945899367332458,0.032129913568496704,0.0008264774578776724,-0.1825663447380066,0.04870164394378662,-0.022468923148124986,-0.14889585971832275,0.04557904601097107,-0.021687595662086778,-0.11761343479156494,0.039017677307128906,-0.013567826267689043,-0.12625688314437866,-0.017478659749031067,-0.00976048738172608,-0.1722620129585266,-0.0013263225555419922,-0.022642901655643755,-0.1512424349784851,0.004425495862960815,-0.017831204947441393,-0.12528347969055176,0.0030522048473358154,-0.009780196030050092,thumbs_down
0.0,0.0,0.0,-0.02028113603591919,0.08146244287490845,-0.019087000832854528,-0.05368167161941528,0.15546470880508423,-0.02822943691998603,-0.09437242150306702,0.20253294706344604,-0.03933945958405616,-0.1335945427417755,0.22834068536758423,-0.046715515748559255,-0.12134730815887451,0.11929985880851746,0.008362109690011721,-0.17697373032569885,0.14103886485099792,-0.013704566367863436,-0.17102479934692383,0.13549229502677917,-0.030616956845818777,-0.15049615502357483,0.12265843152999878,-0.03813388858824851,-0.13056647777557373,0.07475012540817261,0.00635450325071929,-0.19008228182792664,0.08829590678215027,-0.017273462460337896,-0.16410326957702637,0.08025002479553223,-0.029402745039163847,-0.13339555263519287,0.07096248865127563,-0.030805387617050428,-0.13207858800888062,0.029377520084381104,-0.0011192459743085692,-0.18640291690826416,0.0395052433013916,-0.02185464938074233,-0.1603826880455017,0.03860768675804138,-0.021579842166005392,-0.13046196103096008,0.03364023566246033,-0.01455594793796422,-0.1269914209842682,-0.02011781930923462,-0.011024716393052358,-0.17566519975662231,-0.01264120638370514,-0.02268334765821578,-0.16005775332450867,-0.003756880760192871,-0.01881555569261195,-0.13419753313064575,-0.0004909932613372803,-0.011868862518070955,thumbs_down
0.0,0.0,0.0,-0.021553874015808105,0.08291807770729065,-0.0190534804496707,-0.05549192428588867,0.15732872486114502,-0.029048894393795877,-0.09604498744010925,0.2051507532596588,-0.04101206069027796,-0.13696327805519104,0.22840732336044312,-0.04948621695076838,-0.12403202056884766,0.11804035305976868,0.007400216207301469,-0.18121275305747986,0.14036130905151367,-0.016286852631324678,-0.177318274974823,0.13624778389930725,-0.034828827578181176,-0.15694019198417664,0.12295413017272949,-0.04350872789656535,-0.13278883695602417,0.0728701651096344,0.0048666984293816995,-0.19319450855255127,0.08677700161933899,-0.020565249818915277,-0.1688523292541504,0.07958322763442993,-0.034473133135193734,-0.13765284419059753,0.07060810923576355,-0.037351303595656304,-0.13400718569755554,0.026726186275482178,-0.0031648975346030284,-0.1889040470123291,0.03838801383972168,-0.025128411922210603,-0.16434353590011597,0.03822129964828491,-0.026001891914361863,-0.13416621088981628,0.03387385606765747,-0.019975828799957185,-0.12890303134918213,-0.02366296947002411,-0.013617663506025224,-0.17755132913589478,-0.014848440885543823,-0.026586494270318894,-0.16268980503082275,-0.005537867546081543,-0.023642514694088845,-0.137019544839859,-0.0019595324993133545,-0.01746104923223868,thumbs_down
0.0,0.0,0.0,-0.029239356517791748,0.08758914470672607,-0.0197943998333443,-0.061415672302246094,0.16052982211112976,-0.027519593929909547,-0.10354942083358765,0.20486482977867126,-0.03546198548939117,-0.1442796289920807,0.2291974127292633,-0.040579476377033075,-0.1299470067024231,0.11769625544548035,0.009057983772791545,-0.1730957329273224,0.14048412442207336,-0.0033924707509953578,-0.1945386528968811,0.14702919125556946,-0.019593236019872506,-0.2096632719039917,0.15131926536560059,-0.031493083557151635,-0.1416184902191162,0.07349538803100586,0.009035918878353755,-0.18898090720176697,0.08862927556037903,-0.0016948715616393883,-0.20724090933799744,0.09395715594291687,-0.016707311367653688,-0.2091878056526184,0.0957389771938324,-0.02773323560323604,-0.14256298542022705,0.02712881565093994,0.0041553727518390815,-0.19228804111480713,0.03460073471069336,-0.011067833734713872,-0.20241525769233704,0.03924664855003357,-0.021549665352367242,-0.1871185600757599,0.04306232929229736,-0.02643366994526275,-0.13725921511650085,-0.0214119553565979,-0.0030803491659838755,-0.18351489305496216,-0.02357029914855957,-0.01789916398193725,-0.1924721598625183,-0.01212453842163086,-0.024016962369941552,-0.17670607566833496,-0.00023981928825378418,-0.02582431117262729,thumbs_down
0.0,0.0,0.0,-0.02887517213821411,0.08799463510513306,-0.019803423484987093,-0.059298813343048096,0.1596495807170868,-0.027079358747428728,-0.10260134935379028,0.20182248950004578,-0.03419755776805289,-0.14208468794822693,0.22802719473838806,-0.03861246263069518,-0.12884372472763062,0.1213582456111908,0.011437877030843424,-0.17118752002716064,0.14233440160751343,0.0023104792421548837,-0.19090211391448975,0.14817792177200317,-0.012326465970105005,-0.20762479305267334,0.15378901362419128,-0.024048415994471384,-0.13937494158744812,0.0760418176651001,0.011927825348251986,-0.18605804443359375,0.09063541889190674,0.004278232758665013,-0.20422595739364624,0.09492790699005127,-0.010692132687395883,-0.21033668518066406,0.09971654415130615,-0.02255604234916575,-0.13959968090057373,0.028901100158691406,0.007711484512114453,-0.18794715404510498,0.03591984510421753,-0.005393714694506002,-0.19887495040893555,0.03870570659637451,-0.016547292521423174,-0.1875039041042328,0.04415205121040344,-0.022688595628565622,-0.13383892178535461,-0.021176517009735107,0.0012825740927695506,-0.17917683720588684,-0.019637733697891235,-0.012025128169184995,-0.18684303760528564,-0.010398954153060913,-0.017643651044195963,-0.17280259728431702,0.0009250342845916748,-0.019681008583134485,thumbs_down
0.0,0.0,0.0,-0.031720638275146484,0.08718746900558472,-0.020612895098906847,-0.06206071376800537,0.1553354561328888,-0.026493418571931215,-0.10603225231170654,0.1988602876663208,-0.032003176940065714,-0.14486831426620483,0.22466042637825012,-0.03469766823707232,-0.13212022185325623,0.11290386319160461,0.014013380202072767,-0.17612230777740479,0.13603007793426514,0.006733075174111036,-0.197668194770813,0.1421424150466919,-0.0068005608221710645,-0.21884629130363464,0.1482340693473816,-0.018419941497427317,-0.14361894130706787,0.06894731521606445,0.015469829010385183,-0.19141647219657898,0.08251053094863892,0.008703318814355043,-0.2112807035446167,0.08643093705177307,-0.007041471154821011,-0.21957677602767944,0.09025982022285461,-0.01960558591542849,-0.1441958248615265,0.022950977087020874,0.012018823454695848,-0.19183772802352905,0.028587818145751953,-0.0012470276154772364,-0.20676934719085693,0.03342550992965698,-0.014900443685633036,-0.1965918242931366,0.03880816698074341,-0.022369160858374926,-0.13947400450706482,-0.02559107542037964,0.006258127203750519,-0.1843339502811432,-0.024902135133743286,-0.007842314971071573,-0.19802570343017578,-0.014915883541107178,-0.016539223102313372,-0.1888190507888794,-0.0034770071506500244,-0.020535945502501818,thumbs_down
0.0,0.0,0.0,-0.03306078910827637,0.0897493064403534,-0.01998362377608487,-0.0632864236831665,0.1589079201221466,-0.025354818108922927,-0.10873830318450928,0.20232200622558594,-0.03040597647751042,-0.14741230010986328,0.22688233852386475,-0.03250999249840447,-0.13246053457260132,0.11658415198326111,0.016303970810525925,-0.17780333757400513,0.1393740177154541,0.009847741906099827,-0.1994946002960205,0.14594784379005432,-0.0035926898880518365,-0.22089827060699463,0.15250837802886963,-0.015218478295452087,-0.1447204053401947,0.07235696911811829,0.017865131941192658,-0.1942230761051178,0.08729416131973267,0.01257909401928714,-0.2140558958053589,0.09110283851623535,-0.0031158445807761836,-0.2223988175392151,0.09509459137916565,-0.015936567116028755,-0.14587798714637756,0.02657821774482727,0.014563294459634335,-0.1944698691368103,0.032429635524749756,0.00270500835640064,-0.20947155356407166,0.037337690591812134,-0.010805586952216117,-0.197666198015213,0.04111713171005249,-0.018305816355592697,-0.14172545075416565,-0.023390427231788635,0.008889379311852963,-0.18641501665115356,-0.022197186946868896,-0.003857534978038757,-0.20192375779151917,-0.011115789413452148,-0.012312029156333892,-0.19375336170196533,0.00013241171836853027,-0.016201561916119545,thumbs_down
0.0,0.0,0.0,-0.03444492816925049,0.08959120512008667,-0.019902784796698825,-0.06591254472732544,0.15804657340049744,-0.025704168202622668,-0.1116761565208435,0.20179104804992676,-0.031137826340540187,-0.15063661336898804,0.22732487320899963,-0.03364008520756556,-0.13689953088760376,0.11679849028587341,0.014948051934794648,-0.1827135682106018,0.13882827758789062,0.007844299589947923,-0.20347470045089722,0.14570963382720947,-0.006053221365704076,-0.22253090143203735,0.15415436029434204,-0.017800709652050273,-0.14795511960983276,0.07169234752655029,0.016256229532615407,-0.19801753759384155,0.08391991257667542,0.010369239886955484,-0.21733173727989197,0.08772769570350647,-0.0055443956053693455,-0.22297728061676025,0.09415000677108765,-0.018145256163819568,-0.14828068017959595,0.025097370147705078,0.012823022482649549,-0.19697657227516174,0.029771894216537476,0.0008687095713924009,-0.21354514360427856,0.03490826487541199,-0.012629138725145594,-0.202185720205307,0.041289448738098145,-0.01992469322894408,-0.14332252740859985,-0.023960888385772705,0.007043577776954635,-0.18837076425552368,-0.02357850968837738,-0.005873534782125489,-0.2051510214805603,-0.011595815420150757,-0.014241050416870848,-0.1974627673625946,0.0016321539878845215,-0.017763793887837664,thumbs_down
0.0,0.0,0.0,-0.03571295738220215,0.08996462821960449,-0.018326881171105924,-0.06643664836883545,0.15813574194908142,-0.02303943300330502,-0.11241480708122253,0.20055314898490906,-0.027619910255907598,-0.1513265073299408,0.22478041052818298,-0.029266130939959112,-0.13678821921348572,0.11726278066635132,0.018911565824510035,-0.1823357343673706,0.138075053691864,0.013518681920231757,-0.2030981183052063,0.14489898085594177,0.00014892528588461573,-0.2222614884376526,0.15329450368881226,-0.011597010136483732,-0.14818298816680908,0.07285171747207642,0.020042806102992472,-0.19869685173034668,0.084326833486557,0.015330042860568938,-0.21782684326171875,0.0873498022556305,-0.0009729539783620567,-0.22382068634033203,0.09322169423103333,-0.014272931792675081,-0.14883452653884888,0.028036504983901978,0.016478977336646494,-0.19807219505310059,0.03080916404724121,0.005547932519675669,-0.2141616940498352,0.035298824310302734,-0.008787722156284872,-0.2019726037979126,0.04068371653556824,-0.017151993528841558,-0.14383363723754883,-0.021632671356201172,0.010697642511786398,-0.18776538968086243,-0.022867023944854736,-0.0012589469010890753,-0.2057117223739624,-0.011266440153121948,-0.010340190322040144,-0.20038992166519165,0.0021608471870422363,-0.014945858918963495,thumbs_down
0.0,0.0,0.0,-0.02380472421646118,0.08369418978691101,-0.01773149676252217,-0.06024199724197388,0.1534554660320282,-0.026300262358077475,-0.10274404287338257,0.1963268518447876,-0.03668873168159337,-0.14236629009246826,0.22107121348381042,-0.04324019483853192,-0.13094764947891235,0.11495152115821838,0.010228621143809846,-0.18819332122802734,0.13414216041564941,-0.009409130249210307,-0.18433576822280884,0.13223201036453247,-0.02637799799073548,-0.16224977374076843,0.12243223190307617,-0.03403569914031834,-0.14037078619003296,0.07094433903694153,0.008783274631909421,-0.2024242877960205,0.08014926314353943,-0.008588920977004477,-0.1874113380908966,0.0787772536277771,-0.021347691934593627,-0.15862822532653809,0.0742025077342987,-0.02550824515152783,-0.14199969172477722,0.02646777033805847,0.0021286220978566917,-0.2006034553050995,0.03286081552505493,-0.012560832012482592,-0.1870833933353424,0.03613853454589844,-0.01593038037050576,-0.1602473258972168,0.03249523043632507,-0.01385894853252978,-0.13687670230865479,-0.02257467806339264,-0.006940319366790959,-0.18870553374290466,-0.0181158185005188,-0.015548316460140654,-0.18333137035369873,-0.00728529691696167,-0.014025472734161326,-0.16086602210998535,-0.003357440233230591,-0.00978737014908404,thumbs_down
0.0,0.0,0.0,-0.023598790168762207,0.08426392078399658,-0.018303163694596947,-0.060213565826416016,0.1555255651473999,-0.027182720946527184,-0.10263299942016602,0.1996050775051117,-0.038128182636953056,-0.14248302578926086,0.22506746649742126,-0.0452762175075776,-0.13196414709091187,0.11438769102096558,0.010498385531448662,-0.18573588132858276,0.13463741540908813,-0.010933220731473625,-0.1816045343875885,0.13305199146270752,-0.02919754420445031,-0.16219955682754517,0.12133479118347168,-0.03797773306295937,-0.14209020137786865,0.07030308246612549,0.00827102980538541,-0.20354509353637695,0.08166208863258362,-0.013669653209305466,-0.18431001901626587,0.08043256402015686,-0.027723748581863106,-0.153507262468338,0.07298964262008667,-0.03148791228458947,-0.1437206268310547,0.0254194438457489,0.0006075276803159113,-0.2021171748638153,0.0335974395275116,-0.018332988368726433,-0.18595361709594727,0.03939202427864075,-0.021883458244062126,-0.15655827522277832,0.035391390323638916,-0.018307665707922638,-0.13816624879837036,-0.024170517921447754,-0.009557917127764881,-0.1911020278930664,-0.020069599151611328,-0.020940464334941566,-0.18724247813224792,-0.0059413909912109375,-0.020324722277379692,-0.16445833444595337,0.0007762908935546875,-0.015983341606712997,thumbs_down
0.0,0.0,0.0,-0.02754533290863037,0.08635252714157104,-0.016243848586555032,-0.06380105018615723,0.15685871243476868,-0.02471255660998395,-0.10687237977981567,0.19903379678726196,-0.036867186064000634,-0.1470443606376648,0.2205994725227356,-0.044436171287770776,-0.1269802451133728,0.1147400438785553,0.01345794963640401,-0.18164682388305664,0.131342351436615,-0.013031335184450654,-0.14747509360313416,0.12159335613250732,-0.03156042807745507,-0.11595478653907776,0.10686808824539185,-0.03922122308063081,-0.1362113654613495,0.07149502635002136,0.009608272826199027,-0.19592797756195068,0.08672237396240234,-0.01783335731374791,-0.15268868207931519,0.08136546611785889,-0.029920972520585565,-0.11974895000457764,0.07056352496147156,-0.030326416352863816,-0.1389141082763672,0.026966780424118042,-0.0002121064760558511,-0.19380217790603638,0.040243178606033325,-0.02389279716658166,-0.1562865972518921,0.04076433181762695,-0.021181674311037568,-0.12432003021240234,0.0314193069934845,-0.01119870563047698,-0.13539239764213562,-0.02052062749862671,-0.012401067288692502,-0.18564409017562866,-0.010022640228271484,-0.02382696011113694,-0.16481003165245056,0.0005331933498382568,-0.017557646716113595,-0.13775160908699036,-7.987022399902344e-06,-0.008340611690755395,thumbs_down
0.0,0.0,0.0,-0.025266289710998535,0.08377084136009216,-0.01791525312856379,-0.06303167343139648,0.15540942549705505,-0.02670300805166903,-0.10617759823799133,0.1981898546218872,-0.038762428398882776,-0.14712285995483398,0.2186264991760254,-0.046076331820046335,-0.12574627995491028,0.11352431774139404,0.011311507251406283,-0.18085342645645142,0.13027498126029968,-0.016386062439238458,-0.14739516377449036,0.12056654691696167,-0.03502215125755015,-0.1159120500087738,0.10711261630058289,-0.04228150897816363,-0.13487929105758667,0.06885406374931335,0.008381691228890986,-0.1934639811515808,0.08280381560325623,-0.020450532968794732,-0.14966005086898804,0.07685455679893494,-0.03225198068813029,-0.11748912930488586,0.068036288022995,-0.03193464555934611,-0.13687968254089355,0.023287475109100342,-0.0006998990515114656,-0.19089531898498535,0.03532537817955017,-0.02577256278291884,-0.15238526463508606,0.03540909290313721,-0.022612860958730607,-0.12114274501800537,0.028079330921173096,-0.011828247058844,-0.13275352120399475,-0.025070562958717346,-0.012184991102373033,-0.1829942762851715,-0.0149708092212677,-0.0242479914535636,-0.1624279022216797,-0.0038419365882873535,-0.017875910337721734,-0.13661226630210876,-0.002101689577102661,-0.00831827574566546,thumbs_down
0.0,0.0,0.0,-0.025908231735229492,0.08746394515037537,-0.014805176095762818,-0.06227606534957886,0.1585288643836975,-0.022192642824450104,-0.1066598892211914,0.20014530420303345,-0.033623291911283104,-0.1480931043624878,0.21721014380455017,-0.04103381446162757,-0.12384375929832458,0.11529305577278137,0.01797986143668595,-0.17161768674850464,0.13078483939170837,-0.009915496954420178,-0.13655775785446167,0.11677160859107971,-0.03038763886848983,-0.10312619805335999,0.10108429193496704,-0.03893049693266448,-0.1326727569103241,0.0710550844669342,0.013784428326687248,-0.1823379099369049,0.0853114128112793,-0.015233256654539673,-0.13636231422424316,0.07619521021842957,-0.028897526474395363,-0.10308641195297241,0.06658786535263062,-0.029859282808104126,-0.1352555751800537,0.025673717260360718,0.003543280031806262,-0.18175426125526428,0.03696909546852112,-0.023287719847360222,-0.13915470242500305,0.03446948528289795,-0.02031068577031192,-0.10721564292907715,0.02831941843032837,-0.008996614055433838,-0.13130751252174377,-0.022592395544052124,-0.008684847304323284,-0.17694851756095886,-0.011791527271270752,-0.022445645915070145,-0.14945480227470398,-0.005648016929626465,-0.014518089392879574,-0.12137123942375183,-0.006312012672424316,-0.003089043810689418,thumbs_down
0.0,0.0,0.0,-0.025651991367340088,0.08424267172813416,-0.016658635557064372,-0.06219130754470825,0.15588077902793884,-0.0238931716684192,-0.10545960068702698,0.19827407598495483,-0.03465468411184247,-0.1465621292591095,0.21537527441978455,-0.041613213464984256,-0.12337079644203186,0.11318987607955933,0.017961478113761586,-0.1694728434085846,0.12784802913665771,-0.00991050314939912,-0.13609755039215088,0.11383122205734253,-0.03075430144406255,-0.10390618443489075,0.09857150912284851,-0.03951380376554425,-0.13220065832138062,0.06817692518234253,0.014822152696183366,-0.18044403195381165,0.08091127872467041,-0.014585771344968634,-0.1345207393169403,0.07196992635726929,-0.028780335307487803,-0.10151517391204834,0.06332260370254517,-0.029689423486956912,-0.13443830609321594,0.022389262914657593,0.005386681548884553,-0.18127518892288208,0.03360024094581604,-0.022458394736418086,-0.13815727829933167,0.030933886766433716,-0.02002611358500417,-0.105929434299469,0.025074869394302368,-0.008516714655229407,-0.12991949915885925,-0.026618212461471558,-0.006064761642733174,-0.17524117231369019,-0.015088677406311035,-0.021166557193168956,-0.14684253931045532,-0.00936669111251831,-0.01378360458500083,-0.11870396137237549,-0.009783029556274414,-0.0022428536120742137,thumbs_down
0.0,0.0,0.0,-0.025677263736724854,0.08219221234321594,-0.015929534404534706,-0.0629652738571167,0.1538463532924652,-0.023666075735349068,-0.10624930262565613,0.19729289412498474,-0.03483729374315203,-0.1474188268184662,0.21303820610046387,-0.04198321264888705,-0.12167131900787354,0.11002156138420105,0.015293996476572147,-0.16824829578399658,0.12481451034545898,-0.013023971884507546,-0.13385438919067383,0.11213123798370361,-0.032858076809901604,-0.10215616226196289,0.09785434603691101,-0.04077432241942347,-0.12920531630516052,0.06464597582817078,0.012193001502197376,-0.1758398413658142,0.07611453533172607,-0.017709880440492043,-0.12882891297340393,0.06771528720855713,-0.030402566610831627,-0.09855994582176208,0.05951809883117676,-0.03025789496209086,-0.1305202841758728,0.019240230321884155,0.003118094217967382,-0.17539820075035095,0.02773362398147583,-0.0241644562473482,-0.13117343187332153,0.02636381983757019,-0.019576388715762505,-0.10173016786575317,0.02227887511253357,-0.006880208223122963,-0.1257287561893463,-0.02880960702896118,-0.007814021154302964,-0.16875755786895752,-0.018811076879501343,-0.020405547066587815,-0.13945072889328003,-0.01057744026184082,-0.01082877752091349,-0.11374703049659729,-0.008506983518600464,0.0017215116396585017,thumbs_down
0.0,0.0,0.0,-0.024891018867492676,0.08192142844200134,-0.016727328592281765,-0.0626521110534668,0.15365678071975708,-0.0247899408576302,-0.10527512431144714,0.1966838240623474,-0.03605725459132714,-0.1457958221435547,0.21285134553909302,-0.04322376317654175,-0.1216920018196106,0.11046665906906128,0.013440388894338184,-0.16730529069900513,0.12348341941833496,-0.015834063583355373,-0.1320277750492096,0.11064621806144714,-0.03587332210813088,-0.1000155508518219,0.09722435474395752,-0.043732671358924335,-0.12905478477478027,0.06439456343650818,0.010374663105864101,-0.17497962713241577,0.07487979531288147,-0.01993156812463326,-0.12723329663276672,0.06643849611282349,-0.0319551437285952,-0.09693104028701782,0.058948665857315063,-0.031259386160712666,-0.1304442584514618,0.018311232328414917,0.001153048767406517,-0.17510110139846802,0.026769936084747314,-0.026702456468086666,-0.1303672194480896,0.02479839324951172,-0.021517360874753422,-0.10086753964424133,0.02067708969116211,-0.008349605196457333,-0.12530380487442017,-0.029970601201057434,-0.010017428838949627,-0.16833710670471191,-0.0207710862159729,-0.02332187473152203,-0.13856813311576843,-0.012890249490737915,-0.0136756061700396,-0.11256569623947144,-0.010431617498397827,-0.0009387714097499611,thumbs_down
0.0,0.0,0.0,-0.02380502223968506,0.08178150653839111,-0.016307202988571134,-0.06035029888153076,0.15361186861991882,-0.023988868930644003,-0.10224348306655884,0.19839584827423096,-0.035076139384216276,-0.1424466073513031,0.21287000179290771,-0.04209694814056775,-0.1196143627166748,0.10988512635231018,0.01597948383420089,-0.16455715894699097,0.12305653095245361,-0.01353019930542132,-0.12877053022384644,0.11043593287467957,-0.03392316948742291,-0.09699097275733948,0.09709426760673523,-0.0419732983049812,-0.12739500403404236,0.06393885612487793,0.01299429789065698,-0.17211869359016418,0.0744609534740448,-0.01801849704355618,-0.12358218431472778,0.06575903296470642,-0.030506521352833715,-0.0938258171081543,0.058577388525009155,-0.02975931193799397,-0.12903636693954468,0.017819464206695557,0.0037179141014007655,-0.17137637734413147,0.026381731033325195,-0.024621764087385145,-0.12600231170654297,0.02395150065422058,-0.01939983096093556,-0.0977787971496582,0.02007317543029785,-0.005872283020323721,-0.12410995364189148,-0.030713945627212524,-0.007480105740285126,-0.16525274515151978,-0.021593213081359863,-0.02053568687409779,-0.1344527304172516,-0.014087408781051636,-0.010571256169384924,-0.10960203409194946,-0.011606335639953613,0.0024734813428608504,thumbs_down
0.0,0.0,0.0,-0.0230715274810791,0.08008730411529541,-0.017619445987037352,-0.05993044376373291,0.1520264744758606,-0.026007700778535536,-0.10204192996025085,0.19765499234199524,-0.03736465803532951,-0.1425102949142456,0.2120380997657776,-0.04460357136278503,-0.1195986270904541,0.10826477408409119,0.013938051581391164,-0.16405367851257324,0.12226247787475586,-0.01632720424979084,-0.12859377264976501,0.11018231511116028,-0.036808721788219145,-0.09720635414123535,0.09691259264945984,-0.04481906823068016,-0.12708935141563416,0.06286424398422241,0.011518051780768701,-0.17169615626335144,0.07397165894508362,-0.02006715170293205,-0.12315189838409424,0.06628349423408508,-0.032378632642320326,-0.09336289763450623,0.05908051133155823,-0.031364314325145415,-0.12865117192268372,0.016920506954193115,0.0026960833259010997,-0.17132246494293213,0.026003241539001465,-0.026666019178918532,-0.12579944729804993,0.024686723947525024,-0.02176065935938709,-0.09715676307678223,0.020711302757263184,-0.00810582476853483,-0.12384539842605591,-0.031359702348709106,-0.008035476386538676,-0.16438889503479004,-0.020331084728240967,-0.022264577515414885,-0.13340014219284058,-0.012694388628005981,-0.012858958981922797,-0.10820293426513672,-0.011318862438201904,0.00011780002958516889,thumbs_down
0.0,0.0,0.0,-0.023721396923065186,0.08176001906394958,-0.015794751701349696,-0.06109023094177246,0.15391257405281067,-0.022918352392906627,-0.10324510931968689,0.19822394847869873,-0.033209997696275195,-0.14265650510787964,0.21475622057914734,-0.03937442181765505,-0.11881709098815918,0.10897207260131836,0.015309696550076524,-0.16451215744018555,0.12356290221214294,-0.013018126135165176,-0.12886005640029907,0.11050429940223694,-0.03244337020575472,-0.09811374545097351,0.09638595581054688,-0.0401844675666041,-0.12657985091209412,0.06357625126838684,0.012303285765057126,-0.1720314621925354,0.07437941431999207,-0.017701081467265567,-0.12397646903991699,0.06558385491371155,-0.029671141413444957,-0.09589952230453491,0.0572257936000824,-0.028903854546541652,-0.12756502628326416,0.018380969762802124,0.0032911200528644713,-0.17055648565292358,0.02638775110244751,-0.023888324854368648,-0.12622791528701782,0.025531619787216187,-0.018487201539272746,-0.09949448704719543,0.021932780742645264,-0.005373378751272639,-0.12221062183380127,-0.029226958751678467,-0.00756755517929264,-0.1620970368385315,-0.020158156752586365,-0.019663735759849033,-0.13167953491210938,-0.011014461517333984,-0.00949413562327095,-0.10786870121955872,-0.008005768060684204,0.0032780370661669167,thumbs_down
0.0,0.0,0.0,-0.02345675230026245,0.08114030957221985,-0.01692640051987837,-0.061328768730163574,0.1543067991733551,-0.024564424686104758,-0.1039486825466156,0.1996619701385498,-0.03515576400604914,-0.14420542120933533,0.21526846289634705,-0.041543008916050894,-0.11973464488983154,0.11036235094070435,0.013887849479942815,-0.16562503576278687,0.12418851256370544,-0.015490845002204878,-0.12982183694839478,0.11109301447868347,-0.035171443752915366,-0.09880942106246948,0.09750735759735107,-0.04285568945851992,-0.1273648738861084,0.06447982788085938,0.011374642916052835,-0.17277562618255615,0.07557031512260437,-0.019521674297720892,-0.1242935061454773,0.06691792607307434,-0.03135176949945162,-0.09534227848052979,0.05913347005844116,-0.030325718380481703,-0.12866747379302979,0.018403857946395874,0.002670665580808418,-0.17226046323776245,0.027206331491470337,-0.02576691114154528,-0.12705391645431519,0.02584412693977356,-0.020249661214620573,-0.09894582629203796,0.021818101406097412,-0.006648569524259074,-0.12370166182518005,-0.030126452445983887,-0.007907687842816813,-0.1645130217075348,-0.019271478056907654,-0.02130400405076216,-0.13337337970733643,-0.011083364486694336,-0.011417136684030993,-0.10824820399284363,-0.009231239557266235,0.0015314047523133922,thumbs_down
0.0,0.0,0.0,-0.024393439292907715,0.08144867420196533,-0.015332885636127003,-0.062358558177948,0.15463405847549438,-0.02228558770391942,-0.10405272245407104,0.19901925325393677,-0.03233168794784547,-0.14370650053024292,0.2155975103378296,-0.03843592255387307,-0.12058249115943909,0.11116170883178711,0.015035376334452621,-0.1659351885318756,0.12621203064918518,-0.013129042079782494,-0.1313677430152893,0.11346828937530518,-0.03291269539866448,-0.09989207983016968,0.09933623671531677,-0.040993308266735085,-0.1284322738647461,0.06514853239059448,0.011613630140089981,-0.17425325512886047,0.07637003064155579,-0.018077805256581314,-0.127200186252594,0.06812754273414612,-0.030448928093647964,-0.09739014506340027,0.060498982667922974,-0.030197837939596184,-0.1290869116783142,0.018846631050109863,0.002345427321159832,-0.1733725666999817,0.027608096599578857,-0.02452402709994317,-0.12917229533195496,0.026537030935287476,-0.019234709059929855,-0.10074445605278015,0.023258835077285767,-0.0064638458100318985,-0.12310659885406494,-0.02979898452758789,-0.008724732874071606,-0.16376248002052307,-0.019626885652542114,-0.021369663616752632,-0.13288456201553345,-0.01123771071434021,-0.011413043914473064,-0.10820221900939941,-0.008725613355636597,0.001194524261990182,thumbs_down
0.0,0.0,0.0,-0.023777782917022705,0.08148780465126038,-0.01579334409080957,-0.061802685260772705,0.1554621160030365,-0.023135520602693305,-0.10385176539421082,0.2004760503768921,-0.03368313991569494,-0.14390712976455688,0.2163560390472412,-0.04008482777618383,-0.12148183584213257,0.11202716827392578,0.014345072124967828,-0.1669062376022339,0.12601333856582642,-0.01509435762756084,-0.13046002388000488,0.1132533848285675,-0.03473691278242086,-0.09898048639297485,0.09927695989608765,-0.04229552679800008,-0.1288611888885498,0.06583666801452637,0.01111323191679503,-0.1732606291770935,0.07682725787162781,-0.020046120594372496,-0.12390530109405518,0.06834587454795837,-0.03181348004483198,-0.09474104642868042,0.060378819704055786,-0.030614053915371642,-0.12999016046524048,0.01940736174583435,0.0017980212894030956,-0.1728108823299408,0.028914809226989746,-0.026777938093175635,-0.12650197744369507,0.02672642469406128,-0.020850943486323104,-0.09836360812187195,0.02189338207244873,-0.006927308245678887,-0.12492495775222778,-0.029407978057861328,-0.009303907948662982,-0.16582268476486206,-0.018134206533432007,-0.022692440162529692,-0.13357436656951904,-0.01051381230354309,-0.01229638987325643,-0.10830214619636536,-0.009318530559539795,0.0010781468906202463,thumbs_down
0.0,0.0,0.0,-0.024090170860290527,0.08191046118736267,-0.01562754663831356,-0.06076490879058838,0.15519210696220398,-0.023351977050367623,-0.10265141725540161,0.20093464851379395,-0.03418390493101242,-0.14279595017433167,0.21738076210021973,-0.04102187643951538,-0.11967545747756958,0.11148181557655334,0.013989806704159946,-0.16562658548355103,0.12642744183540344,-0.014681038849118977,-0.13042008876800537,0.11402037739753723,-0.034485392674866944,-0.0988621711730957,0.10040393471717834,-0.04254678677028778,-0.1275617480278015,0.0654296875,0.010734510205622882,-0.17344561219215393,0.07696512341499329,-0.01985209847993019,-0.12583056092262268,0.06885504722595215,-0.03232613991207245,-0.09611630439758301,0.06156200170516968,-0.03201965655392769,-0.12863561511039734,0.019207864999771118,0.0016950474287682482,-0.17245882749557495,0.02797946333885193,-0.02599080878502491,-0.12764868140220642,0.026567518711090088,-0.0204252511561549,-0.09943830966949463,0.023147553205490112,-0.0072517995089924625,-0.12332227826118469,-0.029392629861831665,-0.009115113347831993,-0.16369009017944336,-0.01910260319709778,-0.02214212942129734,-0.13228601217269897,-0.011464715003967285,-0.01191236025846365,-0.10771897435188293,-0.00946691632270813,0.0010216514979788371,thumbs_down
0.0,0.0,0.0,-0.024203121662139893,0.08116129040718079,-0.015997689470054866,-0.06141310930252075,0.15470227599143982,-0.023622438564302684,-0.10333847999572754,0.20104894042015076,-0.0343809409731648,-0.14349257946014404,0.21681639552116394,-0.04093863654077268,-0.12099623680114746,0.11074820160865784,0.014644034885463952,-0.166302889585495,0.12502026557922363,-0.014355311422946215,-0.12971636652946472,0.11221352219581604,-0.033940812825562716,-0.09854981303215027,0.09857189655303955,-0.04171392905652738,-0.12861591577529907,0.06478089094161987,0.011711768553254842,-0.17293965816497803,0.07574573159217834,-0.01917472879529214,-0.12386253476142883,0.0675446093082428,-0.031217770903708697,-0.09509223699569702,0.060140639543533325,-0.030450191601516963,-0.12979218363761902,0.018718421459197998,0.0027628873741605275,-0.17207059264183044,0.027047932147979736,-0.025372807189228297,-0.12634003162384033,0.025552034378051758,-0.019587813197972537,-0.09882375597953796,0.021451622247695923,-0.00601668681144929,-0.124837726354599,-0.029516786336898804,-0.007996945894660712,-0.164541095495224,-0.01973786950111389,-0.02088555718898988,-0.13261237740516663,-0.011614829301834106,-0.010544257491233111,-0.10813596844673157,-0.009930610656738281,0.0025603235500284427,thumbs_down
0.0,0.0,0.0,-0.02478814125061035,0.0826265811920166,-0.014193034861733622,-0.062203288078308105,0.1555653214454651,-0.02078534582679481,-0.10386887192726135,0.19966557621955872,-0.03076314101045341,-0.14325302839279175,0.21666210889816284,-0.036910577808072276,-0.1208794116973877,0.11154937744140625,0.016293956767270856,-0.16537123918533325,0.12646490335464478,-0.010855212938537306,-0.13103890419006348,0.11425939202308655,-0.030029473025848574,-0.10031139850616455,0.10015791654586792,-0.03788473749582977,-0.12838205695152283,0.06575357913970947,0.012504037338743501,-0.17321571707725525,0.07710108160972595,-0.01630330750768394,-0.12657657265663147,0.0690247118473053,-0.02845591226642341,-0.09729623794555664,0.06072157621383667,-0.02823091218297691,-0.12894600629806519,0.019822239875793457,0.0030227383686849407,-0.17205801606178284,0.02825343608856201,-0.023146155421187586,-0.12813380360603333,0.027437448501586914,-0.017979332376768298,-0.09989774227142334,0.02382025122642517,-0.005469779149194665,-0.12306547164916992,-0.028628110885620117,-0.00816203946297378,-0.16328167915344238,-0.01864396035671234,-0.020240114201357073,-0.13258954882621765,-0.010034129023551941,-0.01019868826543302,-0.10771292448043823,-0.00759848952293396,0.0023589756893613867,thumbs_down
0.0,0.0,0.0,-0.023966670036315918,0.08160653710365295,-0.015155864963759313,-0.060845017433166504,0.1555802822113037,-0.021964596668709646,-0.10279420018196106,0.20098096132278442,-0.03220302433751954,-0.14262381196022034,0.21702361106872559,-0.0383601580657853,-0.12010976672172546,0.1122850775718689,0.01679920210457908,-0.1654495894908905,0.12545990943908691,-0.011977503160466085,-0.1303187608718872,0.1128549873828888,-0.03146039144181145,-0.09972357749938965,0.09921693801879883,-0.03899794266604317,-0.12781742215156555,0.06654861569404602,0.013505792160998453,-0.17216619849205017,0.0762738287448883,-0.01721936659001244,-0.12335062026977539,0.06802511215209961,-0.0292060953476323,-0.09493008255958557,0.06047511100769043,-0.028159758160342108,-0.12926256656646729,0.020927131175994873,0.004073643972645868,-0.1711861789226532,0.028296619653701782,-0.024350609714616667,-0.12529802322387695,0.02658367156982422,-0.01888328240298165,-0.09786882996559143,0.022202908992767334,-0.005147860935409199,-0.1245259940624237,-0.02740219235420227,-0.007092927666832338,-0.16478091478347778,-0.01783972978591919,-0.019892145032514463,-0.1330006718635559,-0.010113269090652466,-0.009530920619596372,-0.10842344164848328,-0.008497312664985657,0.003736527552376856,thumbs_down
0.0,0.0,0.0,-0.025144755840301514,0.08172458410263062,-0.014280754301722709,-0.06225880980491638,0.15387552976608276,-0.021231707345719997,-0.1037718653678894,0.198715478181839,-0.031592501487608615,-0.14344793558120728,0.21580907702445984,-0.03803274237739629,-0.12050685286521912,0.11069867014884949,0.016089517462972935,-0.16490432620048523,0.12656950950622559,-0.012032182116087142,-0.13011470437049866,0.11462503671646118,-0.03183023088800496,-0.09916761517524719,0.10060194134712219,-0.03988117926942891,-0.12762603163719177,0.06511503458023071,0.012546599682394799,-0.17123094201087952,0.07607820630073547,-0.017447391685124103,-0.12370666861534119,0.06810754537582397,-0.02990735897051877,-0.09431594610214233,0.060145169496536255,-0.029650936063404743,-0.12784749269485474,0.019286692142486572,0.0032698696739714705,-0.17052891850471497,0.02786436676979065,-0.02365056068825311,-0.1262088418006897,0.027204573154449463,-0.018392270591135684,-0.09782454371452332,0.023371726274490356,-0.005496251091386739,-0.1219123899936676,-0.028944343328475952,-0.007693449661161367,-0.16159051656723022,-0.018393367528915405,-0.019922312509294215,-0.13086149096488953,-0.00958116352558136,-0.009853540148611728,-0.10633483529090881,-0.007731810212135315,0.0028946281671267116,thumbs_down
0.0,0.0,0.0,-0.02439570426940918,0.08059576153755188,-0.015571520855502285,-0.061603426933288574,0.15423184633255005,-0.022895144490377106,-0.10250264406204224,0.19983619451522827,-0.03344910424746672,-0.14214876294136047,0.21669542789459229,-0.03995050695337454,-0.12142005562782288,0.11118844151496887,0.015301026212199531,-0.16534805297851562,0.1264648735523224,-0.013685988454000153,-0.13044250011444092,0.1135064959526062,-0.03347747233308951,-0.09936553239822388,0.09860482811927795,-0.04124160316385428,-0.12895894050598145,0.06562083959579468,0.012195922242625556,-0.17185208201408386,0.07649785280227661,-0.018663421464935936,-0.12336224317550659,0.06702733039855957,-0.03071097489990393,-0.09398624300956726,0.05766034126281738,-0.029725244460479416,-0.1297701895236969,0.019714325666427612,0.003054980928226314,-0.1701526641845703,0.02835521101951599,-0.025174575118199982,-0.12476956844329834,0.025998026132583618,-0.019865863216892876,-0.0967368483543396,0.02053418755531311,-0.006341956281886496,-0.12425696849822998,-0.02872982621192932,-0.007837427040414013,-0.16312268376350403,-0.017494142055511475,-0.020651519490257897,-0.1319626271724701,-0.010036200284957886,-0.010512576630191006,-0.10788804292678833,-0.009672597050666809,0.0025832376388450484,thumbs_down
0.0,0.0,0.0,-0.024438917636871338,0.0810568630695343,-0.015061739451681433,-0.060608118772506714,0.15388217568397522,-0.02265056277761346,-0.10156026482582092,0.1997683048248291,-0.03343732896397,-0.1407182216644287,0.21764075756072998,-0.04033614936420804,-0.11925852298736572,0.11073687672615051,0.014534435615445318,-0.16345956921577454,0.12563815712928772,-0.01364248580435401,-0.12973040342330933,0.11362472176551819,-0.033287766009067354,-0.09923163056373596,0.09972280263900757,-0.041299863337968645,-0.12675678730010986,0.06521615386009216,0.01131794919123763,-0.17024242877960205,0.07647374272346497,-0.01853875312158948,-0.12343341112136841,0.06785818934440613,-0.030631637751554308,-0.09484949707984924,0.05959254503250122,-0.030280240430926142,-0.12749487161636353,0.019586384296417236,0.002345518123860302,-0.16928917169570923,0.027893543243408203,-0.024716459765528498,-0.12556445598602295,0.026373445987701416,-0.019310884728525934,-0.09812319278717041,0.02237844467163086,-0.006407836537306366,-0.1219567358493805,-0.028410345315933228,-0.00835009533116704,-0.1614454984664917,-0.018381357192993164,-0.02052338476428872,-0.13104578852653503,-0.01073351502418518,-0.010276634796952067,-0.10734784603118896,-0.009278684854507446,0.0024575934824895285,thumbs_down
0.0,0.0,0.0,-0.024288713932037354,0.08018913865089417,-0.01662725246094965,-0.0612713098526001,0.1546679139137268,-0.024314465360276927,-0.10199674963951111,0.20152759552001953,-0.0349476005747249,-0.14163416624069214,0.21803200244903564,-0.041562304259770144,-0.11999070644378662,0.11232104897499084,0.014724640747971307,-0.16323474049568176,0.12594327330589294,-0.01444904542111658,-0.12913578748703003,0.11278679966926575,-0.0344639275088241,-0.098711758852005,0.09881353378295898,-0.04247224366807245,-0.12750065326690674,0.06636306643486023,0.012078248536653291,-0.16988295316696167,0.07665279507637024,-0.018591603623264064,-0.12234586477279663,0.06726488471031189,-0.03083204513930582,-0.09421521425247192,0.05942016839981079,-0.03024726583205961,-0.1285434067249298,0.02023935317993164,0.0032474923548022616,-0.1694439947605133,0.028254657983779907,-0.025213485942714442,-0.12488254904747009,0.025900274515151978,-0.020157678411834468,-0.09766948223114014,0.021832585334777832,-0.006933973995529641,-0.12321266531944275,-0.027920261025428772,-0.007385973711990346,-0.16189926862716675,-0.017083436250686646,-0.020478120432727565,-0.13105562329292297,-0.010580256581306458,-0.010560170175068606,-0.10760736465454102,-0.009982913732528687,0.00227441276840068,thumbs_down
0.0,0.0,0.0,-0.024274826049804688,0.081461101770401,-0.015374895505345876,-0.06125393509864807,0.15605339407920837,-0.022428134776390607,-0.10237991809844971,0.2027672827243805,-0.03255274737600189,-0.1418062150478363,0.21998614072799683,-0.03856897944930893,-0.11972638964653015,0.11370712518692017,0.015456971392296737,-0.1635371446609497,0.128689706325531,-0.01223779874268871,-0.12935253977775574,0.1159994900226593,-0.031375216640270764,-0.09923604130744934,0.10170885920524597,-0.03908571074131828,-0.12726059556007385,0.06843560934066772,0.012532201275490706,-0.17112421989440918,0.07983288168907166,-0.017004492081440503,-0.12451121211051941,0.07039985060691833,-0.02877941759649616,-0.09587854146957397,0.0614035427570343,-0.02811062181714874,-0.12783241271972656,0.022962093353271484,0.003717774205171054,-0.17008575797080994,0.03162983059883118,-0.023099353857077176,-0.12667298316955566,0.029715120792388916,-0.01783452587548595,-0.09870561957359314,0.025037795305252075,-0.004981808218843753,-0.12233304977416992,-0.02500322461128235,-0.006874262675381715,-0.1614370048046112,-0.014258265495300293,-0.01904147336605888,-0.13133016228675842,-0.00649029016494751,-0.009313969261683042,-0.10723528265953064,-0.005636096000671387,0.0030700179341067724,thumbs_down
0.0,0.0,0.0,-0.024548768997192383,0.08139479160308838,-0.01509773707513773,-0.06090199947357178,0.15553420782089233,-0.022330552102374668,-0.10181993246078491,0.20216363668441772,-0.03277372917656862,-0.14125332236289978,0.2197156548500061,-0.039096381278085346,-0.1201520562171936,0.1132209300994873,0.01525433478380478,-0.16459086537361145,0.12785160541534424,-0.012803827175247307,-0.1298200786113739,0.11544778943061829,-0.03191149211053812,-0.09925565123558044,0.10119009017944336,-0.03946107229714357,-0.12750953435897827,0.06752896308898926,0.012099519609165554,-0.17105361819267273,0.07847753167152405,-0.018387153507518406,-0.12332886457443237,0.06921643018722534,-0.03038866794233286,-0.09454110264778137,0.060406237840652466,-0.029605969549464817,-0.12833750247955322,0.021908313035964966,0.003127951877814894,-0.16955462098121643,0.030702948570251465,-0.0244049390268799,-0.1252737045288086,0.02821171283721924,-0.01884725666170084,-0.09768542647361755,0.02281436324119568,-0.005503620715188617,-0.12329050898551941,-0.025984585285186768,-0.0075555632313069054,-0.16222813725471497,-0.01480819284915924,-0.019674727456020946,-0.13164901733398438,-0.007923096418380737,-0.00932270916675293,-0.10814681649208069,-0.008245974779129028,0.003645911817130809,thumbs_down
0.0,0.0,0.0,-0.0242769718170166,0.0818735659122467,-0.014072855059453104,-0.059779196977615356,0.15579375624656677,-0.021176056061335657,-0.10013964772224426,0.202650785446167,-0.03157178970093355,-0.13914451003074646,0.2200762927532196,-0.037912993748136614,-0.11864671111106873,0.11359292268753052,0.015033826175681497,-0.16356584429740906,0.12963205575942993,-0.012169005405553435,-0.1282576322555542,0.11735540628433228,-0.030695152525254343,-0.09801572561264038,0.10322356224060059,-0.03809744777197466,-0.126426100730896,0.06842321157455444,0.011559418346337225,-0.1708136796951294,0.0809217095375061,-0.0180867752623044,-0.12345093488693237,0.07224997878074646,-0.02989845449144468,-0.09515714645385742,0.0634634792804718,-0.029301338885375117,-0.12731319665908813,0.02299654483795166,0.0026124985325850503,-0.16924217343330383,0.03253456950187683,-0.024019136149831866,-0.12505236268043518,0.030392348766326904,-0.01813252741510496,-0.09772324562072754,0.02514582872390747,-0.004938954543717955,-0.12208110094070435,-0.024605989456176758,-0.00793219456488714,-0.16166895627975464,-0.012791082262992859,-0.019473285470553492,-0.13087782263755798,-0.0058679282665252686,-0.008737186026223753,-0.10725849866867065,-0.006238490343093872,0.004278608541540052,thumbs_down
0.0,0.0,0.0,-0.02361881732940674,0.08212518692016602,-0.014325909828926342,-0.05828288197517395,0.15610191226005554,-0.021628671838129776,-0.09852460026741028,0.20259743928909302,-0.032179219229306,-0.13769525289535522,0.21953034400939941,-0.03880003611573102,-0.11800867319107056,0.1135224997997284,0.014762963587259037,-0.1620791256427765,0.12852269411087036,-0.01321157398649575,-0.1280922293663025,0.11645185947418213,-0.03262591878899457,-0.09767574071884155,0.10212847590446472,-0.04054372902044179,-0.12586325407028198,0.06797033548355103,0.0111937694715607,-0.16944706439971924,0.07887062430381775,-0.018641613004888313,-0.12258830666542053,0.07060882449150085,-0.030637563718642014,-0.09381362795829773,0.06204807758331299,-0.03026187005468728,-0.12686920166015625,0.022142350673675537,0.001992312911738736,-0.1681920886039734,0.030586332082748413,-0.02488934206792237,-0.12433880567550659,0.028904587030410767,-0.019178743986572044,-0.09697484970092773,0.023720622062683105,-0.006157323299134987,-0.12151551246643066,-0.02588142454624176,-0.008879215037609356,-0.16025075316429138,-0.015032753348350525,-0.020879232837046402,-0.12926477193832397,-0.007611468434333801,-0.010369799612249153,-0.10550135374069214,-0.0074713826179504395,0.002514764387001378,thumbs_down
0.0,0.0,0.0,-0.02132272720336914,0.08177453279495239,-0.01660221575124865,-0.05478388071060181,0.15746331214904785,-0.024734939842659287,-0.09411221742630005,0.20677179098129272,-0.035739415719348244,-0.1327124834060669,0.2262631058692932,-0.04260827733500605,-0.11695146560668945,0.11633488535881042,0.01489371860103006,-0.1602449119091034,0.1335069239139557,-0.013013163975614361,-0.12582901120185852,0.12083160877227783,-0.032319629027682595,-0.09665057063102722,0.10595104098320007,-0.04032575099094515,-0.12544408440589905,0.07153123617172241,0.012448845037084766,-0.16768905520439148,0.08364841341972351,-0.01742141640110617,-0.12021291255950928,0.07384398579597473,-0.029380641340452485,-0.09333762526512146,0.06474784016609192,-0.028924507483083062,-0.12680178880691528,0.026266247034072876,0.00400563848839397,-0.1668471097946167,0.03537994623184204,-0.023330620884138398,-0.12247675657272339,0.03248605132102966,-0.017689383982855134,-0.09634217619895935,0.027204155921936035,-0.004614360093313508,-0.12176594138145447,-0.021529540419578552,-0.006308491270232253,-0.15903401374816895,-0.010199397802352905,-0.01875423772557383,-0.1274854838848114,-0.0037178099155426025,-0.008578743248421006,-0.10460573434829712,-0.003889143466949463,0.0041131349995851,thumbs_down
0.0,0.0,0.0,-0.021870970726013184,0.08179166913032532,-0.01596653020976646,-0.05470886826515198,0.15640541911125183,-0.024294129824625088,-0.09343418478965759,0.20544171333312988,-0.0355783321618901,-0.13185399770736694,0.22439956665039062,-0.042836110359417034,-0.11651185154914856,0.1140284538269043,0.013627675110114978,-0.15966099500656128,0.13199838995933533,-0.014537999658273293,-0.12459474802017212,0.11901283264160156,-0.03380522063969238,-0.09513664245605469,0.10362622141838074,-0.04177187687753303,-0.12468668818473816,0.06925645470619202,0.010843964973105358,-0.16724860668182373,0.08268070220947266,-0.01929266124068363,-0.11939960718154907,0.07221296429634094,-0.030980824744688107,-0.09210032224655151,0.06187009811401367,-0.030381475827084614,-0.12596890330314636,0.023981600999832153,0.0022543680198623406,-0.1660405695438385,0.03451785445213318,-0.02514733492432697,-0.12136685848236084,0.03119635581970215,-0.019104448398934437,-0.09492510557174683,0.024771779775619507,-0.005817841524617506,-0.12107425928115845,-0.023656576871871948,-0.008136609821008278,-0.1576002836227417,-0.01113419234752655,-0.020545820957408978,-0.12588083744049072,-0.0048662275075912476,-0.010161476461576058,-0.10317903757095337,-0.006212890148162842,0.0026226406727118956,thumbs_down
0.0,0.0,0.0,-0.01741945743560791,0.08121442794799805,-0.018710872743639584,-0.04923909902572632,0.1593787968158722,-0.027923081655416127,-0.08701908588409424,0.21107324957847595,-0.03934623732081377,-0.12387090921401978,0.23439833521842957,-0.04629075585714304,-0.11290350556373596,0.12397101521492004,0.01059237343409336,-0.15659204125404358,0.14139926433563232,-0.01886252372375452,-0.12097269296646118,0.12538489699363708,-0.03829217760673487,-0.09221470355987549,0.11049395799636841,-0.04614575265756571,-0.12262848019599915,0.07805919647216797,0.008904712620761757,-0.16451990604400635,0.09089624881744385,-0.022227146316680546,-0.11667656898498535,0.07753264904022217,-0.033868417729053135,-0.09079518914222717,0.06969168782234192,-0.03311250789872133,-0.12552088499069214,0.03229239583015442,0.0011126416470972345,-0.16518718004226685,0.04225057363510132,-0.027466694478306408,-0.12038397789001465,0.03571873903274536,-0.02119956969133341,-0.09537956118583679,0.03092077374458313,-0.0075823833498986914,-0.12204226851463318,-0.01519918441772461,-0.00867124053499424,-0.15843534469604492,-0.004183486104011536,-0.02204274817219698,-0.12646332383155823,-0.0006744414567947388,-0.011756562281760807,-0.1044018566608429,-0.0009499192237854004,0.0011457528421772167,thumbs_down
0.0,0.0,0.0,-0.018896281719207764,0.08063003420829773,-0.017746633948348745,-0.04992407560348511,0.15779894590377808,-0.02646708963956712,-0.08715596795082092,0.20965754985809326,-0.037660055892132505,-0.12482112646102905,0.23123490810394287,-0.0443906459077823,-0.11418968439102173,0.12215512990951538,0.012635033479369895,-0.15756607055664062,0.14064282178878784,-0.016269938187264188,-0.12194386124610901,0.12510457634925842,-0.03566914154734491,-0.09265449643135071,0.1096416711807251,-0.04357121987786172,-0.12362396717071533,0.07686415314674377,0.010600075958706157,-0.165442556142807,0.09136167168617249,-0.020359492959045156,-0.11713111400604248,0.07751482725143433,-0.03227051450457452,-0.09079161286354065,0.06799745559692383,-0.03165166555490373,-0.12621986865997314,0.03132420778274536,0.00250881364982547,-0.1666509509086609,0.042688965797424316,-0.025970607162975057,-0.12138375639915466,0.03645014762878418,-0.019950362952016576,-0.09559094905853271,0.03037959337234497,-0.006410005600713475,-0.1226080060005188,-0.016261190176010132,-0.007474962254576667,-0.1587907373905182,-0.003254026174545288,-0.02082540756609319,-0.12617096304893494,0.0005644857883453369,-0.010690362291001065,-0.10383924841880798,-0.0012253522872924805,0.002168886963687555,thumbs_down
0.0,0.0,0.0,-0.013980686664581299,0.08191248774528503,-0.01888531880618416,-0.04314619302749634,0.16316181421279907,-0.02846820155323826,-0.07799720764160156,0.21891653537750244,-0.040109145140064584,-0.11298707127571106,0.2441440224647522,-0.0471608477288612,-0.1100134551525116,0.13185524940490723,0.009295891354071273,-0.15361419320106506,0.1506546139717102,-0.020049522315872537,-0.11845341324806213,0.1318804919719696,-0.039123016094578134,-0.08971115946769714,0.11580696702003479,-0.04671444991768681,-0.1209462583065033,0.08604797720909119,0.0076122762060037985,-0.16312545537948608,0.1015617847442627,-0.023225391899956094,-0.11546555161476135,0.08454835414886475,-0.03419853622258984,-0.08930563926696777,0.0752781331539154,-0.032893600558651315,-0.12475079298019409,0.03999820351600647,-0.000120036105414556,-0.16413921117782593,0.0523340106010437,-0.028524637838614808,-0.11948803067207336,0.04277464747428894,-0.022050509845627175,-0.09448766708374023,0.036774665117263794,-0.008175444474233018,-0.12217575311660767,-0.008427485823631287,-0.009781240170610772,-0.15866851806640625,0.005428820848464966,-0.02281169282437645,-0.12715739011764526,0.00704723596572876,-0.012266861891163217,-0.10544058680534363,0.005295351147651672,0.0008808092919423416,thumbs_down
0.0,0.0,0.0,-0.014845788478851318,0.08155903220176697,-0.01750187268609693,-0.04308575391769409,0.16162532567977905,-0.026852252615043426,-0.07720407843589783,0.2167801558971405,-0.038440554124662185,-0.11230731010437012,0.24302175641059875,-0.04559513805563142,-0.1102997362613678,0.13092434406280518,0.008916167820444798,-0.15465709567070007,0.1517370641231537,-0.01935409447307279,-0.11909592151641846,0.13340216875076294,-0.03812092421705415,-0.08976182341575623,0.11594676971435547,-0.04583633570129564,-0.12121298909187317,0.08577001094818115,0.006608520912578797,-0.16388443112373352,0.1021474301815033,-0.02367659537250688,-0.11618155241012573,0.08532056212425232,-0.034979569447585845,-0.08906736969947815,0.0743992030620575,-0.03422536580021074,-0.12473723292350769,0.03972563147544861,-0.00132039708680054,-0.16524124145507812,0.053296416997909546,-0.028707819712707305,-0.12082061171531677,0.04418721795082092,-0.02255672840530565,-0.09459298849105835,0.03699791431427002,-0.009434540477940345,-0.12207719683647156,-0.008751481771469116,-0.011049627979645038,-0.15786021947860718,0.006479859352111816,-0.023928547931262756,-0.12596839666366577,0.00840073823928833,-0.013780560997673774,-0.103569895029068,0.005680575966835022,-0.0011578116811676864,thumbs_down
0.0,0.0,0.0,-0.013305306434631348,0.08297950029373169,-0.01757590537744136,-0.04013645648956299,0.1643964648246765,-0.026920635903650236,-0.07314655184745789,0.22107243537902832,-0.03842196864860625,-0.1050821840763092,0.2510947287082672,-0.04548969743626685,-0.1085662841796875,0.13405731320381165,0.00882948124927907,-0.151557058095932,0.15694430470466614,-0.019546436796360922,-0.11603400111198425,0.13670778274536133,-0.038445508758002234,-0.0875934362411499,0.11876440048217773,-0.04630810646193595,-0.12061667442321777,0.08944839239120483,0.006306606625742006,-0.16323044896125793,0.10760721564292908,-0.02433441085594268,-0.11554133892059326,0.08932387828826904,-0.03556620953457923,-0.08915099501609802,0.07848912477493286,-0.034700127968960714,-0.12507939338684082,0.043931156396865845,-0.0018653063554552318,-0.16592901945114136,0.05823826789855957,-0.0295770826734838,-0.1215275228023529,0.04795634746551514,-0.023060333634191466,-0.09600365161895752,0.040649473667144775,-0.009625389891141367,-0.12318822741508484,-0.003916159272193909,-0.01189231751340003,-0.15873783826828003,0.011509865522384644,-0.024713498259359312,-0.12660101056098938,0.012302041053771973,-0.014126998091512633,-0.10478097200393677,0.008947864174842834,-0.001206024152622831,thumbs_down
0.0,0.0,0.0,-0.012717664241790771,0.08311623334884644,-0.016756996004801294,-0.03941476345062256,0.16437140107154846,-0.02574293264649441,-0.07183116674423218,0.22079932689666748,-0.03705050000451138,-0.10379394888877869,0.25140196084976196,-0.04411625438831379,-0.1074451208114624,0.13437306880950928,0.008178201080340841,-0.15089914202690125,0.15978670120239258,-0.019980430095415613,-0.11574873328208923,0.14032921195030212,-0.03858580016992619,-0.08750388026237488,0.12132194638252258,-0.04626891711257031,-0.1197451651096344,0.09015586972236633,0.005130690098781088,-0.16286230087280273,0.10994333028793335,-0.024602818726521036,-0.1164461076259613,0.09274947643280029,-0.0354935633530431,-0.0904727578163147,0.08088776469230652,-0.034643228589516184,-0.12463074922561646,0.0443955659866333,-0.003433482912328145,-0.16535329818725586,0.06032922863960266,-0.030139803378801844,-0.12179240584373474,0.050196707248687744,-0.02385556274555256,-0.09678253531455994,0.041849881410598755,-0.011019330895464918,-0.12296748161315918,-0.0040023475885391235,-0.013819061643403074,-0.15854346752166748,0.012531012296676636,-0.026484664021950266,-0.126854807138443,0.013502448797225952,-0.016346917911391756,-0.10498809814453125,0.009666457772254944,-0.003919996279250881,thumbs_down
0.0,0.0,0.0,-0.012261807918548584,0.08320185542106628,-0.01743393658699688,-0.038278281688690186,0.16578787565231323,-0.02660037285687622,-0.07054677605628967,0.22287270426750183,-0.037979519805332984,-0.10219931602478027,0.25479501485824585,-0.04498791216911968,-0.1085813045501709,0.13608798384666443,0.008571280287185346,-0.1515670120716095,0.16113677620887756,-0.01980374462010559,-0.11553162336349487,0.14073720574378967,-0.03834646462502178,-0.08698165416717529,0.12104743719100952,-0.04580050229134258,-0.12106767296791077,0.09177899360656738,0.005773791698345576,-0.16324198246002197,0.1116834282875061,-0.024739726325890388,-0.11520224809646606,0.09316226840019226,-0.035589358648678626,-0.08861047029495239,0.07981935143470764,-0.03419452427925762,-0.12592282891273499,0.04601427912712097,-0.002726829490086402,-0.1655353605747223,0.062474578619003296,-0.030592006510516967,-0.12066227197647095,0.051532864570617676,-0.024305214053413238,-0.0952448844909668,0.041726917028427124,-0.010785813322684135,-0.12426641583442688,-0.002609342336654663,-0.013031339152178134,-0.1594965159893036,0.015411078929901123,-0.026301377332231368,-0.12698620557785034,0.015512168407440186,-0.015970966658017005,-0.10494545102119446,0.009835779666900635,-0.0029887590747534887,thumbs_down
0.0,0.0,0.0,-0.012596726417541504,0.0839308351278305,-0.017193417245465525,-0.038110315799713135,0.16625918447971344,-0.026363752031642207,-0.06957608461380005,0.22327519953250885,-0.03787550441356302,-0.10124406218528748,0.25506414473056793,-0.045145561167913684,-0.10848838090896606,0.13578809797763824,0.009084585873466722,-0.15094393491744995,0.16193030774593353,-0.018919649714547404,-0.11586001515388489,0.14236997067928314,-0.03770182020397783,-0.08704105019569397,0.1224110871553421,-0.045414933184105166,-0.12071967124938965,0.09176461398601532,0.006109539704453937,-0.1626441478729248,0.112614706158638,-0.023953666159826525,-0.1160021722316742,0.09454821050167084,-0.03535696602793337,-0.08906471729278564,0.08077029883861542,-0.03455957136483789,-0.12561368942260742,0.04627735912799835,-0.0025149611234098757,-0.16460615396499634,0.0629303902387619,-0.029810057202297457,-0.12088644504547119,0.05225957930088043,-0.024189119407850512,-0.09526562690734863,0.04244135320186615,-0.011393149563986071,-0.12412267923355103,-0.002095356583595276,-0.012966111482995757,-0.15915611386299133,0.015774205327033997,-0.025978704163748034,-0.12758508324623108,0.01580233871936798,-0.016017428779917964,-0.10572731494903564,0.010189533233642578,-0.0034665523040473545,thumbs_down
0.0,0.0,0.0,-0.013828873634338379,0.08671455085277557,-0.015492688934187981,-0.04158484935760498,0.16728417575359344,-0.023166975076179597,-0.07381629943847656,0.22211281955242157,-0.03354746669052133,-0.10238438844680786,0.2584516853094101,-0.040132040227632615,-0.10953310132026672,0.13390709459781647,0.01077241722973099,-0.15243971347808838,0.16054709255695343,-0.01591330587385187,-0.11914435029029846,0.1422412246465683,-0.03449012904880533,-0.08976233005523682,0.12236548960208893,-0.042262552375774476,-0.12163761258125305,0.0898350328207016,0.007065881439615396,-0.1642652451992035,0.11039380729198456,-0.021488834242205712,-0.11961057782173157,0.0934707373380661,-0.03335538699744234,-0.0911211371421814,0.07957620918750763,-0.03323420702932367,-0.12659025192260742,0.04424424469470978,-0.002072303858454916,-0.16545531153678894,0.06049494445323944,-0.027848329464774224,-0.1241132915019989,0.05100075900554657,-0.023593323374967667,-0.09757024049758911,0.04142142832279205,-0.012166112731080148,-0.1251847743988037,-0.004619315266609192,-0.012929157423656079,-0.16100811958312988,0.013921841979026794,-0.025245390902142617,-0.13161778450012207,0.014189407229423523,-0.016063036466817948,-0.10927778482437134,0.0086449533700943,-0.004351328196804616,thumbs_down
0.0,0.0,0.0,-0.013216018676757812,0.08511419594287872,-0.01665339625125739,-0.04152178764343262,0.16746608912944794,-0.025112427833136053,-0.07434266805648804,0.22373248636722565,-0.03592989972477767,-0.10410040616989136,0.25904490053653717,-0.04255342489724967,-0.11102068424224854,0.13556881248950958,0.009263064650241404,-0.15397995710372925,0.1607031375169754,-0.0186142512286267,-0.11792001128196716,0.14112459123134613,-0.03723664960509154,-0.08894363045692444,0.12189911305904388,-0.044866476270016165,-0.12311440706253052,0.09098909795284271,0.006073009626362591,-0.16571971774101257,0.11104695498943329,-0.023642415242846937,-0.11842858791351318,0.09342898428440094,-0.03469881049042556,-0.09113091230392456,0.08048777282238007,-0.03379030904417846,-0.12759855389595032,0.04490439593791962,-0.002700120738353462,-0.1680557131767273,0.06196095049381256,-0.02968410967534396,-0.12389868497848511,0.05181761085987091,-0.023710040437634916,-0.09748363494873047,0.04246099293231964,-0.010781666325982542,-0.12560924887657166,-0.004250526428222656,-0.013253890039976568,-0.16156569123268127,0.014620363712310791,-0.02615746675675723,-0.12970367074012756,0.015251800417900085,-0.016001569169219465,-0.10698854923248291,0.00993277132511139,-0.003346112851630778,thumbs_down
0.0,0.0,0.0,-0.014713466167449951,0.0877731442451477,-0.015263944317382538,-0.0433887243270874,0.1685536801815033,-0.023187512916308606,-0.07545381784439087,0.2229880392551422,-0.033773577225190365,-0.10079199075698853,0.2630364000797272,-0.040544724476319516,-0.110117107629776,0.13506025075912476,0.00962853393258456,-0.15280306339263916,0.15860092639923096,-0.017820386600476468,-0.11813110113143921,0.13990068435668945,-0.03701642380354997,-0.08860155940055847,0.12165427207946777,-0.04520688803194162,-0.12205296754837036,0.08989599347114563,0.005796119186300075,-0.16459500789642334,0.10896053910255432,-0.02339502276180383,-0.11885631084442139,0.09264007210731506,-0.03502764032481309,-0.09010124206542969,0.08047062158584595,-0.035040641587954724,-0.12636390328407288,0.04357481002807617,-0.0033644478887140394,-0.16777080297470093,0.05942434072494507,-0.02923228816388246,-0.12502500414848328,0.05069667100906372,-0.023439312738162243,-0.0970388650894165,0.041957348585128784,-0.011196366895717347,-0.12427696585655212,-0.005113691091537476,-0.014302258764189446,-0.16089481115341187,0.011766016483306885,-0.026265669998508656,-0.13002824783325195,0.013774573802947998,-0.01600419954655763,-0.10633009672164917,0.009685039520263672,-0.0037455686021417023,thumbs_down
0.0,0.0,0.0,-0.013973534107208252,0.08735519647598267,-0.015450948934699227,-0.04250526428222656,0.1687873899936676,-0.023387999359215428,-0.07453453540802002,0.22395309805870056,-0.03392752547904365,-0.10018014907836914,0.26383528113365173,-0.04057849113985412,-0.109978586435318,0.13539555668830872,0.009554302234505485,-0.1524842083454132,0.16014954447746277,-0.017906126651610066,-0.11754530668258667,0.14145058393478394,-0.0369350827221524,-0.08844056725502014,0.12290024757385254,-0.04496926729723327,-0.12192291021347046,0.09071260690689087,0.005969055842911075,-0.16391131281852722,0.10984194278717041,-0.023179831999982525,-0.11782371997833252,0.09357884526252747,-0.03466956232830398,-0.08993270993232727,0.08132335543632507,-0.034509423274244,-0.12642031908035278,0.044621944427490234,-0.002987878016824652,-0.1673372983932495,0.06042426824569702,-0.028805698353494336,-0.1243196427822113,0.051942676305770874,-0.02315540527149551,-0.09707438945770264,0.043189018964767456,-0.010963503356720139,-0.12465330958366394,-0.00403931736946106,-0.013719034466589619,-0.16109853982925415,0.012937813997268677,-0.025688936087931324,-0.1300036609172821,0.015325218439102173,-0.0156878261749398,-0.10654088854789734,0.011475563049316406,-0.003558030437375237,thumbs_down
0.0,0.0,0.0,-0.01476222276687622,0.08916318416595459,-0.014524367261770976,-0.04614132642745972,0.171382337808609,-0.021259508650842918,-0.07818830013275146,0.22736433148384094,-0.030926512178126586,-0.10023441910743713,0.27090415358543396,-0.03701564818257452,-0.11175701022148132,0.13491731882095337,0.012115186456497895,-0.15386688709259033,0.15691342949867249,-0.014681781265977634,-0.12002390623092651,0.13841179013252258,-0.033637636896315826,-0.09017905592918396,0.11942082643508911,-0.04165997132295729,-0.12377887964248657,0.0891045331954956,0.007895723361428963,-0.16648676991462708,0.10676556825637817,-0.021235761787835372,-0.1206561028957367,0.09122642874717712,-0.033017525073233855,-0.09112945199012756,0.07752418518066406,-0.03284286856288077,-0.12790247797966003,0.042123228311538696,-0.0017001804393714792,-0.16829252243041992,0.0562262237071991,-0.02759427725905539,-0.12498065829277039,0.04846513271331787,-0.022112765904608978,-0.09690600633621216,0.038586825132369995,-0.009787885096017135,-0.12576550245285034,-0.0071808695793151855,-0.013004262555483592,-0.16275084018707275,0.008733391761779785,-0.024209698286000503,-0.1319756805896759,0.011779874563217163,-0.01364391259485842,-0.10896265506744385,0.00701633095741272,-0.0012107399255967266,thumbs_down
0.0,0.0,0.0,-0.014157652854919434,0.08806358277797699,-0.015537292800786418,-0.04514402151107788,0.1706983596086502,-0.023409023985209387,-0.07660704851150513,0.22768916189670563,-0.033913543552102965,-0.0982109010219574,0.2710561901330948,-0.040607066929283064,-0.11153945326805115,0.13475023210048676,0.008933376416621286,-0.15492087602615356,0.16010762751102448,-0.01879032897943489,-0.12062877416610718,0.14214085042476654,-0.037675248563232344,-0.09151613712310791,0.12353931367397308,-0.04554012987011902,-0.12321460247039795,0.08968843519687653,0.005081069551465589,-0.1666017770767212,0.10915721952915192,-0.024435091867985648,-0.12139159440994263,0.09337042272090912,-0.035917846590223235,-0.09318745136260986,0.08045776188373566,-0.03555659401411049,-0.1274322271347046,0.043248251080513,-0.004117848455848616,-0.16772502660751343,0.058567360043525696,-0.0298501403182172,-0.12545907497406006,0.05023263394832611,-0.024326549947204512,-0.09862810373306274,0.041173532605171204,-0.01221950548881523,-0.12531602382659912,-0.005387216806411743,-0.015118397876562994,-0.16226258873939514,0.011102035641670227,-0.026500064983906668,-0.13225138187408447,0.013099178671836853,-0.01641981127852432,-0.10963395237922668,0.008753851056098938,-0.004421754378768128,thumbs_down
0.0,0.0,0.0,-0.017396748065948486,0.09047138690948486,-0.014940210048621339,-0.04913175106048584,0.1701795756816864,-0.022518684518104237,-0.07989630103111267,0.2255403995513916,-0.03324302042699401,-0.10020184516906738,0.2701035439968109,-0.04051387811875884,-0.11444169282913208,0.12890490889549255,0.011412554989988166,-0.15622752904891968,0.1526944935321808,-0.016453073721891087,-0.12122830748558044,0.13475117087364197,-0.03641313443756644,-0.09174272418022156,0.11560678482055664,-0.04515814537978713,-0.12572172284126282,0.08367142081260681,0.0070247925924604715,-0.16898798942565918,0.10123854875564575,-0.023666027363901776,-0.12144389748573303,0.08692574501037598,-0.036197734427219075,-0.09209734201431274,0.07337397336959839,-0.03650754819489066,-0.12868022918701172,0.03686252236366272,-0.0027559202989095866,-0.17144298553466797,0.05108305811882019,-0.029471242230897587,-0.12697643041610718,0.0446489155292511,-0.02368575836396758,-0.09824177622795105,0.03450414538383484,-0.011187428970401925,-0.125187486410141,-0.012024521827697754,-0.014363345120614213,-0.16351497173309326,0.002103060483932495,-0.02612113523161952,-0.13214081525802612,0.006829887628555298,-0.015492758144205254,-0.10853651165962219,0.0027693510055541992,-0.003039980669086617,thumbs_down
0.0,0.0,0.0,-0.015558600425720215,0.08884334564208984,-0.016552919252148968,-0.047280967235565186,0.16913169622421265,-0.025302557004920345,-0.07867419719696045,0.22562992572784424,-0.036794826118580204,-0.09921181201934814,0.27042752504348755,-0.044513445077768665,-0.11327171325683594,0.12913775444030762,0.009062675097652573,-0.15711674094200134,0.15429183840751648,-0.019174679844013554,-0.12259116768836975,0.13718000054359436,-0.038707308201423984,-0.0940672755241394,0.11900728940963745,-0.04711221876584659,-0.12421095371246338,0.08426505327224731,0.0053637030438267175,-0.16838499903678894,0.1026555597782135,-0.024955993248454433,-0.12222117185592651,0.0881396234035492,-0.03698515492521892,-0.09506192803382874,0.07555919885635376,-0.03695727857791553,-0.1275901198387146,0.037915319204330444,-0.003867498096383315,-0.1699783205986023,0.05233889818191528,-0.03004209670268665,-0.12729743123054504,0.04582974314689636,-0.024487517504326206,-0.10069006681442261,0.037009865045547485,-0.012363519249788624,-0.1247032880783081,-0.010536044836044312,-0.0150834552108563,-0.1622624397277832,0.003824889659881592,-0.02652777518176208,-0.13248372077941895,0.008126705884933472,-0.01643813747011791,-0.11019545793533325,0.004791855812072754,-0.004462688425860506,thumbs_down
0.0,0.0,0.0,-0.017637550830841064,0.08848446607589722,-0.01503799850439691,-0.052454233169555664,0.1683964729309082,-0.022694272867795462,-0.08409669995307922,0.2258930802345276,-0.033485572732445235,-0.10183992981910706,0.2737530469894409,-0.04067562887763643,-0.11743676662445068,0.12869909405708313,0.011898609862271314,-0.16128700971603394,0.15259334444999695,-0.016114870033618445,-0.12562242150306702,0.13602694869041443,-0.0354632399449315,-0.09697359800338745,0.11796748638153076,-0.04371270159577989,-0.1285753846168518,0.08406314253807068,0.007597207610103851,-0.17370787262916565,0.1005721390247345,-0.02347286040281915,-0.12506553530693054,0.08680996298789978,-0.035746365732904906,-0.09687462449073792,0.07422739267349243,-0.03537421295737886,-0.13128253817558289,0.037509918212890625,-0.0020951211391206925,-0.17244142293930054,0.049826472997665405,-0.028969988174196715,-0.1274314522743225,0.043762147426605225,-0.023060694284197325,-0.10040512681007385,0.03489190340042114,-0.010230980760809416,-0.12777775526046753,-0.011354684829711914,-0.01358480559980535,-0.1661781668663025,0.0011300146579742432,-0.024730034119841093,-0.13436207175254822,0.006276160478591919,-0.013751989177819723,-0.11147484183311462,0.0035989582538604736,-0.001036751264166469,thumbs_down
0.0,0.0,0.0,-0.018456757068634033,0.08940166234970093,-0.01486395318292466,-0.053108930587768555,0.16957038640975952,-0.0226832611509451,-0.08528941869735718,0.22687649726867676,-0.03375300597630826,-0.10335081815719604,0.2745611071586609,-0.04130475428186742,-0.11822041869163513,0.12920349836349487,0.011379553747843829,-0.16255506873130798,0.1538248360157013,-0.016840199197162065,-0.1269654929637909,0.13740244507789612,-0.03637010809265462,-0.09822794795036316,0.11905047297477722,-0.044753851557601365,-0.12900972366333008,0.0842614471912384,0.006771342640291778,-0.17446568608283997,0.10161349177360535,-0.02397214453898755,-0.12640729546546936,0.08811300992965698,-0.035952801073420915,-0.09801262617111206,0.07490766048431396,-0.035610085541833314,-0.13167178630828857,0.03727853298187256,-0.0032713687536158886,-0.1745086908340454,0.05070918798446655,-0.029846474716890725,-0.1297491490840912,0.044915735721588135,-0.02382798511766282,-0.10174363851547241,0.03548741340637207,-0.011091216655898961,-0.12785908579826355,-0.011744529008865356,-0.015167146178413304,-0.16702285408973694,0.0017840266227722168,-0.026490684787262353,-0.1355753242969513,0.0070982277393341064,-0.01573666390262929,-0.11191290616989136,0.0035284757614135742,-0.0032016590260752764,thumbs_down
0.0,0.0,0.0,-0.02040839195251465,0.08728891611099243,-0.01493096516853143,-0.05759438872337341,0.16430151462554932,-0.02279260547285844,-0.08895516395568848,0.22202375531196594,-0.03417690636044313,-0.10388156771659851,0.2716696560382843,-0.04191164465075303,-0.12233540415763855,0.12312501668930054,0.013501292304937351,-0.1657036542892456,0.1464294195175171,-0.01567452938681413,-0.12678492069244385,0.1305515170097351,-0.03554689304357339,-0.09838393330574036,0.11382678151130676,-0.044037064327056896,-0.1322290599346161,0.07819163799285889,0.008995934599880684,-0.17514687776565552,0.09426257014274597,-0.022602816833313,-0.12443974614143372,0.08250707387924194,-0.03467572273140718,-0.09834009408950806,0.07194271683692932,-0.03436555133586694,-0.13365888595581055,0.031139403581619263,-0.001243271887432229,-0.1759026050567627,0.04433673620223999,-0.028418533293660175,-0.1291157603263855,0.040221214294433594,-0.021189519925172817,-0.10303989052772522,0.03186929225921631,-0.007606956897433292,-0.12889012694358826,-0.017871439456939697,-0.013401224067564499,-0.16677451133728027,-0.005014002323150635,-0.0241006033254223,-0.13383319973945618,0.0013259649276733398,-0.012219748249407303,-0.11189872026443481,-0.0023373663425445557,0.001015070570502985,thumbs_down
0.0,0.0,0.0,-0.020782828330993652,0.08644774556159973,-0.01531527336817362,-0.057804882526397705,0.16523200273513794,-0.024084469826334498,-0.08846467733383179,0.2238643765449524,-0.03596162103247025,-0.10284435749053955,0.27363675832748413,-0.04433597304057457,-0.1210620105266571,0.12588989734649658,0.00903208594638727,-0.16622349619865417,0.14926773309707642,-0.01956153899561741,-0.12935003638267517,0.13255378603935242,-0.03903734736275055,-0.10108420252799988,0.11568576097488403,-0.04745996423196175,-0.13114550709724426,0.07993367314338684,0.004803136865234592,-0.17557284235954285,0.09613344073295593,-0.025633456708305857,-0.12815779447555542,0.08256104588508606,-0.03725939296316483,-0.10129177570343018,0.07152599096298218,-0.03708269871901848,-0.13322481513023376,0.03185179829597473,-0.004764040989243767,-0.17645978927612305,0.04531598091125488,-0.030360321105831645,-0.13280904293060303,0.03972172737121582,-0.02375111781191208,-0.1057957112789154,0.03171277046203613,-0.011191514843517325,-0.12895411252975464,-0.017282575368881226,-0.01625064812731125,-0.16701143980026245,-0.0036804676055908203,-0.026620878429525874,-0.13625499606132507,0.0012728571891784668,-0.01562371995430567,-0.11386969685554504,-0.002068161964416504,-0.003290875406378291,thumbs_down
0.0,0.0,0.0,-0.020810961723327637,0.08520036935806274,-0.017270273234089473,-0.05980336666107178,0.16362297534942627,-0.025754767175158122,-0.09054607152938843,0.22479894757270813,-0.03725305077000485,-0.10540556907653809,0.2756398320198059,-0.04469355073138104,-0.12585434317588806,0.12398499250411987,0.0132520937515892,-0.16925767064094543,0.1457362174987793,-0.01566086214347706,-0.1297515332698822,0.1303691565990448,-0.0350348266617857,-0.10210147500038147,0.11500847339630127,-0.0434029462592207,-0.13572585582733154,0.07910022139549255,0.009957483333209893,-0.1778775453567505,0.09373557567596436,-0.0214425145493351,-0.12648677825927734,0.08255007863044739,-0.03295351069732533,-0.10224896669387817,0.07307952642440796,-0.0322109821097456,-0.13664117455482483,0.031322985887527466,0.0005860339190348895,-0.17855948209762573,0.04347258806228638,-0.026962645988305667,-0.13149690628051758,0.039384543895721436,-0.01974425901039467,-0.10683399438858032,0.03155505657196045,-0.006113249979307511,-0.131244957447052,-0.018168270587921143,-0.010909922126074889,-0.1682867407798767,-0.006041586399078369,-0.022276027764519313,-0.13482758402824402,0.0006925463676452637,-0.010879721197625258,-0.11365246772766113,-0.0030540823936462402,0.0021336889515168878,thumbs_down
0.0,0.0,0.0,-0.022180795669555664,0.08507910370826721,-0.015289837812247242,-0.06079396605491638,0.16341638565063477,-0.023795328420760598,-0.09106495976448059,0.22537440061569214,-0.03553373677766558,-0.10399317741394043,0.2772897779941559,-0.043585620206954445,-0.12515825033187866,0.12456843256950378,0.012650134655473266,-0.16970005631446838,0.1474326252937317,-0.015133091566326584,-0.13230246305465698,0.1330336332321167,-0.03462811498081919,-0.10369470715522766,0.11726391315460205,-0.043306018543603386,-0.1347777247428894,0.08005553483963013,0.008723843524990116,-0.17784851789474487,0.09560707211494446,-0.0205120177391791,-0.12921494245529175,0.08308935165405273,-0.032063420248391594,-0.10326912999153137,0.07251602411270142,-0.03209721235668894,-0.13608980178833008,0.032487720251083374,-0.0007808355998122352,-0.17903929948806763,0.04564574360847473,-0.02525614140665766,-0.13487929105758667,0.04047402739524841,-0.01849187476670977,-0.10882088541984558,0.03262647986412048,-0.006206188203009333,-0.13090160489082336,-0.01670306921005249,-0.012315132972958054,-0.16890114545822144,-0.0036278963088989258,-0.02165277054643866,-0.13751721382141113,0.0024265646934509277,-0.010417274517180886,-0.11578118801116943,-0.0007694363594055176,0.001813175304619108,thumbs_down
0.0,0.0,0.0,-0.024016141891479492,0.08579248189926147,-0.015075554085939302,-0.06420907378196716,0.16284897923469543,-0.02359781315740861,-0.09542405605316162,0.224319726228714,-0.0356130366605214,-0.10838314890861511,0.2779856026172638,-0.04415546259102143,-0.12823382019996643,0.12340620160102844,0.013849451260597334,-0.17226248979568481,0.14814653992652893,-0.01441595511701621,-0.13616299629211426,0.13355955481529236,-0.03458850732263841,-0.10786756873130798,0.11608853936195374,-0.04370299255666055,-0.13751980662345886,0.07903224229812622,0.009418728815347777,-0.18165940046310425,0.09454497694969177,-0.02018778672632493,-0.13280701637268066,0.0830780565738678,-0.03224658867534913,-0.10634899139404297,0.07191035151481628,-0.03258322825845994,-0.13785365223884583,0.031653761863708496,-0.0006974871545537553,-0.18179741501808167,0.04394811391830444,-0.026360944790809526,-0.13648808002471924,0.04071614146232605,-0.02014409652170457,-0.10910281538963318,0.032713115215301514,-0.007898331565826311,-0.13145586848258972,-0.017535865306854248,-0.01276744896736659,-0.1696556806564331,-0.00489768385887146,-0.023125435171692743,-0.13746613264083862,0.002883225679397583,-0.012182258015542402,-0.11469250917434692,0.000295102596282959,1.8204092469886746e-05,thumbs_down
0.0,0.0,0.0,-0.024258553981781006,0.08657637238502502,-0.01530270649391241,-0.0643337070941925,0.16348528861999512,-0.023828011921523284,-0.09569421410560608,0.2246692180633545,-0.03580516109514065,-0.10828402638435364,0.27762481570243835,-0.044107838517902564,-0.12851431965827942,0.12295982241630554,0.013940947146238614,-0.1721179187297821,0.1463792622089386,-0.014624783753333759,-0.13226398825645447,0.13196226954460144,-0.034198223597286415,-0.10398697853088379,0.1152542233467102,-0.04274606982517071,-0.137556254863739,0.07804879546165466,0.009803210401059914,-0.18033552169799805,0.09313854575157166,-0.020788633248685073,-0.12872529029846191,0.08176824450492859,-0.03235366100716419,-0.10352528095245361,0.07050725817680359,-0.031938928163526725,-0.13787329196929932,0.030322492122650146,-8.679234315422946e-05,-0.18076592683792114,0.042686790227890015,-0.026289417392490577,-0.13380113244056702,0.039517492055892944,-0.018961164153097343,-0.10803276300430298,0.0312822163105011,-0.005686759467153024,-0.13176488876342773,-0.018943220376968384,-0.011955376698551845,-0.16956987977027893,-0.006051927804946899,-0.021773348546503257,-0.13618847727775574,0.001375049352645874,-0.009807521461425495,-0.11471089720726013,-0.002789437770843506,0.0032058712254183774,thumbs_down
0.0,0.0,0.0,-0.024204611778259277,0.08698335289955139,-0.013692927393549326,-0.06341654062271118,0.16359469294548035,-0.02213760450058544,-0.0949658751487732,0.22475102543830872,-0.03428383715026939,-0.10646706819534302,0.27885183691978455,-0.043254086594515684,-0.12435272336006165,0.1210092306137085,0.012532643195754645,-0.17123368382453918,0.14531227946281433,-0.014349802243941667,-0.13539612293243408,0.13169658184051514,-0.033782785605126264,-0.10636520385742188,0.11497092247009277,-0.042788324724369886,-0.1335439383983612,0.07658734917640686,0.007681639552629349,-0.18079227209091187,0.09344696998596191,-0.020819740216666105,-0.13358348608016968,0.08281567692756653,-0.03267675064080322,-0.10580086708068848,0.0709717869758606,-0.0333954224693116,-0.13420435786247253,0.029749423265457153,-0.0023212510491248395,-0.18044397234916687,0.04280027747154236,-0.025762449796729925,-0.13706845045089722,0.04047390818595886,-0.01917051881127918,-0.10877826809883118,0.03251367807388306,-0.007511472641908767,-0.1283329725265503,-0.01854071021080017,-0.014280103925102594,-0.16786575317382812,-0.006692558526992798,-0.023070787857705,-0.1373838186264038,0.0017418265342712402,-0.011894151415162924,-0.11404189467430115,-0.0005372464656829834,-0.00016461316363347578,thumbs_down
0.0,0.0,0.0,-0.02392399311065674,0.08617740869522095,-0.014151389694660566,-0.06318312883377075,0.16114109754562378,-0.022142380460053346,-0.09417223930358887,0.22095263004302979,-0.033895526065379045,-0.1070394217967987,0.27288490533828735,-0.042216170563250444,-0.1255846619606018,0.11747521162033081,0.013896134697944262,-0.17109358310699463,0.14251112937927246,-0.014189238644092939,-0.1333009898662567,0.13042083382606506,-0.03390606863692369,-0.10447171330451965,0.11379945278167725,-0.042612075789719484,-0.13414883613586426,0.07315024733543396,0.009083308295458892,-0.1795002818107605,0.08943912386894226,-0.021020747705250642,-0.13070574402809143,0.08023461699485779,-0.03284282980754938,-0.1039632260799408,0.06817260384559631,-0.03278544543579187,-0.1344721019268036,0.02626359462738037,-0.0013093494185056898,-0.18001538515090942,0.03973928093910217,-0.0262732654650506,-0.13550114631652832,0.03810146450996399,-0.01935213988915052,-0.10822799801826477,0.02915424108505249,-0.006731887797712943,-0.1284215748310089,-0.022696614265441895,-0.013750329597741029,-0.16799429059028625,-0.01036602258682251,-0.023366237043290994,-0.13683509826660156,-0.001678466796875,-0.012080674043744466,-0.11410596966743469,-0.005825608968734741,0.00026867985573630904,thumbs_down
0.0,0.0,0.0,-0.02301323413848877,0.08524036407470703,-0.015325180597898225,-0.06250631809234619,0.16078823804855347,-0.023836717352565984,-0.09392353892326355,0.22179096937179565,-0.035765722737011174,-0.10793143510818481,0.27312135696411133,-0.043924253776964406,-0.1273857057094574,0.1192348301410675,0.013229443348649284,-0.1722961664199829,0.1426321268081665,-0.01477734220057414,-0.13325631618499756,0.13038837909698486,-0.03396565128892348,-0.10507610440254211,0.1142740547657013,-0.042334191844162206,-0.1363069713115692,0.07508891820907593,0.009301645338240405,-0.18080341815948486,0.0910302996635437,-0.020589204848107556,-0.13093942403793335,0.08144998550415039,-0.03173815493315146,-0.10603797435760498,0.06995296478271484,-0.0311578683260052,-0.13629165291786194,0.02830749750137329,-0.00026048722170912697,-0.1810285747051239,0.04086896777153015,-0.025395578116473416,-0.13570064306259155,0.03904995322227478,-0.017955957323607663,-0.10981231927871704,0.03068581223487854,-0.004829667385962466,-0.12984859943389893,-0.02046521008014679,-0.011909085668918351,-0.1692255735397339,-0.008982747793197632,-0.021466641098555783,-0.1378510296344757,0.00012767314910888672,-0.009952273562845448,-0.11608847975730896,-0.0029883086681365967,0.0026785630096526347,thumbs_down
0.0,0.0,0.0,-0.023779094219207764,0.08507189154624939,-0.014619409070860456,-0.06291395425796509,0.1593136489391327,-0.022700192370962213,-0.09421181678771973,0.2198094129562378,-0.03446503911311538,-0.10800191760063171,0.2705686688423157,-0.04252346787745864,-0.12792226672172546,0.11672022938728333,0.014857395587910105,-0.17208808660507202,0.14124923944473267,-0.013415483722042154,-0.1320357322692871,0.1289764642715454,-0.03264758173520477,-0.10398209095001221,0.11231249570846558,-0.04086465571219833,-0.13631832599639893,0.07287329435348511,0.010643762572158266,-0.1803949475288391,0.08949995040893555,-0.020127659627746652,-0.1295052170753479,0.08034828305244446,-0.03151290673906715,-0.10475417971611023,0.06831634044647217,-0.030658252501439165,-0.13589534163475037,0.026383250951766968,0.0007340041114503038,-0.18011069297790527,0.03934288024902344,-0.025251625069927286,-0.13394597172737122,0.03832396864891052,-0.017735272610138964,-0.1085989773273468,0.029563307762145996,-0.004080007282595943,-0.12912452220916748,-0.022472381591796875,-0.011172643826853346,-0.16860482096672058,-0.010235875844955444,-0.020754445308398317,-0.13653147220611572,-0.0007246732711791992,-0.008832254411231588,-0.1151202917098999,-0.004835069179534912,0.004308898503381897,thumbs_down
0.0,0.0,0.0,-0.023402750492095947,0.08605515956878662,-0.01553370665956777,-0.0620955228805542,0.16282066702842712,-0.024280087577295717,-0.09312832355499268,0.22386384010314941,-0.03638306029338878,-0.10660776495933533,0.275580495595932,-0.044768506216001924,-0.12644141912460327,0.11950436234474182,0.012330204693483893,-0.17113444209098816,0.1420404016971588,-0.015424342380953249,-0.13212290406227112,0.12945348024368286,-0.034367823528242525,-0.10390686988830566,0.11354836821556091,-0.04265793554682773,-0.1350509226322174,0.07491955161094666,0.008432357085752074,-0.18000942468643188,0.09021395444869995,-0.022110754178953584,-0.1299418807029724,0.08094632625579834,-0.03355652235646289,-0.10369828343391418,0.06933832168579102,-0.03298323370714229,-0.1346004605293274,0.02792862057685852,-0.000992256819387194,-0.17908495664596558,0.039678722620010376,-0.026610955150914606,-0.13392624258995056,0.038259804248809814,-0.01974592127103847,-0.10707727074623108,0.030151426792144775,-0.006777364781243023,-0.12789985537528992,-0.020652279257774353,-0.012435593197238859,-0.16754403710365295,-0.009755462408065796,-0.02221352748770755,-0.13696783781051636,-0.00023162364959716797,-0.011089783648145612,-0.11486068367958069,-0.0030546486377716064,0.001329984378884319,thumbs_down
0.0,0.0,0.0,-0.023208677768707275,0.08611273765563965,-0.01592552308616746,-0.06171882152557373,0.1623411774635315,-0.024826305179573183,-0.0927053689956665,0.22324907779693604,-0.03710750137148011,-0.10647448897361755,0.2753051519393921,-0.04571135733900178,-0.12661686539649963,0.11992937326431274,0.012599395395540114,-0.1714819073677063,0.1433531641960144,-0.015947036637641077,-0.13326799869537354,0.13061195611953735,-0.035604063613988046,-0.10434195399284363,0.11384475231170654,-0.04408024270711053,-0.13519501686096191,0.07572868466377258,0.00869120358797204,-0.1807054877281189,0.09127461910247803,-0.022161536111212854,-0.13089999556541443,0.08113428950309753,-0.03386459891376603,-0.1041908860206604,0.06860706210136414,-0.033275358571387414,-0.134904682636261,0.028869301080703735,-0.0009220213575247271,-0.18017080426216125,0.04068857431411743,-0.027084550081468706,-0.1349792182445526,0.038376837968826294,-0.020396460040188913,-0.10757973790168762,0.029530465602874756,-0.007290749071813707,-0.12823808193206787,-0.019724607467651367,-0.01259990428266633,-0.1680212914943695,-0.008600682020187378,-0.02279718053219426,-0.1371513307094574,5.072355270385742e-05,-0.011673290474988107,-0.11469954252243042,-0.0033702850341796875,0.0009333961464506046,thumbs_down
0.0,0.0,0.0,-0.02407538890838623,0.08663526177406311,-0.013568506889583887,-0.06189155578613281,0.16164210438728333,-0.021421528734805406,-0.09277167916297913,0.21966511011123657,-0.033120709784867586,-0.10796570777893066,0.2688261866569519,-0.04145095063054782,-0.1261100471019745,0.11682704091072083,0.013263333275375544,-0.17162978649139404,0.14194238185882568,-0.014460129976811231,-0.13419854640960693,0.12997135519981384,-0.033797282107713045,-0.10500839352607727,0.11254614591598511,-0.04217187998497707,-0.1346932351589203,0.07322940230369568,0.0080820533106305,-0.18173769116401672,0.09084588289260864,-0.02172916320765239,-0.13311561942100525,0.08203509449958801,-0.033092498161437334,-0.10531845688819885,0.06837308406829834,-0.03249428359472972,-0.13457298278808594,0.02673494815826416,-0.0025295636957309853,-0.1821543574333191,0.04088360071182251,-0.02720920307243091,-0.1379261314868927,0.039531320333480835,-0.020410863064768137,-0.10988810658454895,0.029649674892425537,-0.007625014834644617,-0.12757152318954468,-0.022131487727165222,-0.015124473102929414,-0.16952991485595703,-0.009911030530929565,-0.024728720389845193,-0.13962605595588684,-0.0003959238529205322,-0.013747406505586923,-0.11645007133483887,-0.00416409969329834,-0.0014459488089926253,thumbs_down
0.0,0.0,0.0,-0.024172663688659668,0.08672550320625305,-0.013894843214700359,-0.06275415420532227,0.16261255741119385,-0.0218168388097979,-0.09406527876853943,0.2219509780406952,-0.03345642080302014,-0.1074037253856659,0.27267998456954956,-0.04162042801971211,-0.12613838911056519,0.11773872375488281,0.01342489449535833,-0.17173442244529724,0.1405075192451477,-0.014257497431287902,-0.1330975592136383,0.1286064088344574,-0.033150716030547756,-0.10454791784286499,0.11261016130447388,-0.04128494327659382,-0.13467147946357727,0.07358658313751221,0.008576514853587014,-0.1814587116241455,0.08931660652160645,-0.021623838970015186,-0.1315043568611145,0.08116036653518677,-0.032780221009204524,-0.10467755794525146,0.06938308477401733,-0.03191381906862034,-0.13439229130744934,0.02683505415916443,-0.0017237818544231231,-0.18093785643577576,0.0394417941570282,-0.02696350989634766,-0.13556718826293945,0.03871321678161621,-0.019783845448444026,-0.10845065116882324,0.030212044715881348,-0.006557429952124494,-0.12754526734352112,-0.022105276584625244,-0.013950786830434936,-0.1690838634967804,-0.01073041558265686,-0.023391915762374538,-0.13818427920341492,-0.0008440911769866943,-0.011886853070507186,-0.11556074023246765,-0.0039029717445373535,0.0007997416099101429,thumbs_down
0.0,0.0,0.0,-0.023274004459381104,0.08700937032699585,-0.014275011055417508,-0.06145429611206055,0.16314980387687683,-0.02248604168022439,-0.09347781538963318,0.22233840823173523,-0.03430171255791947,-0.10848629474639893,0.27251186966896057,-0.04260828290904328,-0.12485778331756592,0.1203012764453888,0.012788381047300845,-0.17023181915283203,0.14337727427482605,-0.014810910828657597,-0.13306504487991333,0.1295398771762848,-0.03400843162859246,-0.10469996929168701,0.11276304721832275,-0.04240146969283387,-0.13397708535194397,0.07568156719207764,0.00832574310874179,-0.1800391674041748,0.09128645062446594,-0.021303880408652276,-0.1315222978591919,0.08014604449272156,-0.0327878700646238,-0.10470253229141235,0.06833040714263916,-0.032516933426506966,-0.1343270242214203,0.028934061527252197,-0.0015004342731685938,-0.18005478382110596,0.04071354866027832,-0.02630347330892846,-0.13577094674110413,0.03782320022583008,-0.019534594759591073,-0.10829290747642517,0.029939234256744385,-0.006866115059949607,-0.1282438337802887,-0.01957017183303833,-0.013255720407016724,-0.16883409023284912,-0.009075850248336792,-0.022587773770339936,-0.13893163204193115,-0.0005449354648590088,-0.011403361715622395,-0.11657512187957764,-0.0023497343063354492,0.0009147476793600617,thumbs_down
0.0,0.0,0.0,-0.02336597442626953,0.08733654022216797,-0.014398117675227695,-0.060832440853118896,0.16219383478164673,-0.022603792263907962,-0.09305763244628906,0.22041842341423035,-0.03448819474760967,-0.10850685834884644,0.27004697918891907,-0.042876151515883976,-0.12429454922676086,0.11804944276809692,0.013580925637143082,-0.1701754331588745,0.14167866110801697,-0.014476875900072628,-0.1329364776611328,0.12839189171791077,-0.034124174280805164,-0.10406127572059631,0.1116151213645935,-0.04267719121162372,-0.13316476345062256,0.0734834372997284,0.00901833350326342,-0.17985445261001587,0.08931967616081238,-0.0210280484843679,-0.13123005628585815,0.07966908812522888,-0.03285630153004604,-0.10402876138687134,0.06825730204582214,-0.032727432562751346,-0.13342353701591492,0.026690810918807983,-0.0010701788214646513,-0.1795879602432251,0.039334386587142944,-0.026231651319903904,-0.1352556347846985,0.037257641553878784,-0.019343617497725063,-0.10778960585594177,0.02883473038673401,-0.0064678347061999375,-0.12728416919708252,-0.022091001272201538,-0.013138876422090107,-0.16830241680145264,-0.010547563433647156,-0.022509780837935978,-0.1381397247314453,-0.0019337236881256104,-0.010974267623168998,-0.11569127440452576,-0.005010753870010376,0.001644019494051463,thumbs_down
0.0,0.0,0.0,-0.02235478162765503,0.08718252182006836,-0.014825167504170622,-0.05982029438018799,0.1633092164993286,-0.02284368071428844,-0.09188354015350342,0.22114530205726624,-0.03431932199470111,-0.10767391324043274,0.26948031783103943,-0.0420967334853799,-0.12528115510940552,0.11899355053901672,0.013276602703115259,-0.17000427842140198,0.14089009165763855,-0.014485213344016756,-0.13179832696914673,0.1269626021385193,-0.03358142766825267,-0.1036938726902008,0.11053857207298279,-0.04186261761657306,-0.13424113392829895,0.07413268089294434,0.008961720953664098,-0.17936760187149048,0.08937323093414307,-0.021504774128118243,-0.12987419962882996,0.07937425374984741,-0.03300700280539104,-0.10385620594024658,0.06795933842658997,-0.032398476635137285,-0.13428393006324768,0.02694416046142578,-0.0009232395883032041,-0.179027259349823,0.03876259922981262,-0.026547053267279352,-0.13424336910247803,0.03676697611808777,-0.01962456050983974,-0.10815432667732239,0.028610289096832275,-0.006527055890330757,-0.12792283296585083,-0.022209256887435913,-0.012798698988774504,-0.1683335304260254,-0.010990113019943237,-0.0225092912065179,-0.13747143745422363,-0.0020295679569244385,-0.011117869426527704,-0.11536741256713867,-0.005041778087615967,0.0015424681855051858,thumbs_down
0.0,0.0,0.0,-0.022063016891479492,0.08780109882354736,-0.014596640137625627,-0.05953866243362427,0.16440799832344055,-0.022756688302052908,-0.09171000123023987,0.22190675139427185,-0.034380545844925336,-0.10714364051818848,0.27118250727653503,-0.04241140373576968,-0.12398061156272888,0.12077867984771729,0.011756617570625849,-0.17013365030288696,0.14396074414253235,-0.015987040480268888,-0.13312581181526184,0.13065484166145325,-0.035222860058439664,-0.10447552800178528,0.11429640650749207,-0.04361333512295573,-0.1329531967639923,0.07594487071037292,0.007284775836723156,-0.18009978532791138,0.09133392572402954,-0.022641068329704694,-0.1316671371459961,0.08117249608039856,-0.03401993774403422,-0.10429078340530396,0.06987711787223816,-0.03362159617770999,-0.13317537307739258,0.029240518808364868,-0.0025838918570855185,-0.18006980419158936,0.04085943102836609,-0.027484588330281667,-0.13613957166671753,0.038673222064971924,-0.020724603911531858,-0.10817372798919678,0.03094199299812317,-0.008081580517483644,-0.1270548403263092,-0.019290834665298462,-0.014449425978256158,-0.16812670230865479,-0.009119093418121338,-0.024121297528637342,-0.1384945809841156,-0.0003305375576019287,-0.013224741449249677,-0.11568963527679443,-0.0020453333854675293,-0.0010982424771839305,thumbs_down
0.0,0.0,0.0,-0.0224456787109375,0.08789938688278198,-0.015393947069469505,-0.05991464853286743,0.16573360562324524,-0.02353359181893211,-0.09285750985145569,0.22312256693840027,-0.03501406293821674,-0.11068099737167358,0.2715011537075043,-0.042844038275006824,-0.12611690163612366,0.1205579936504364,0.013278730395313687,-0.17068403959274292,0.14146217703819275,-0.014704023306194358,-0.1337185800075531,0.12823083996772766,-0.03462636080098491,-0.10457471013069153,0.11251765489578247,-0.04353269916487079,-0.13521450757980347,0.07506537437438965,0.00890522934037108,-0.1808042824268341,0.08924609422683716,-0.021421780628088527,-0.13216370344161987,0.08029094338417053,-0.033687334326032214,-0.10446247458457947,0.06974753737449646,-0.033901080307487064,-0.1355614960193634,0.027362167835235596,-0.0011453253030140331,-0.18124419450759888,0.038728922605514526,-0.026931496155384593,-0.1365264356136322,0.03699970245361328,-0.020569402542832904,-0.10853281617164612,0.029341906309127808,-0.008059294712666087,-0.12913084030151367,-0.021861910820007324,-0.013267497350398116,-0.169306218624115,-0.010832011699676514,-0.023980464604619556,-0.1380549967288971,-0.0022915303707122803,-0.013167731282237582,-0.11474260687828064,-0.005145639181137085,-0.0008963541406501463,thumbs_down
0.0,0.0,0.0,-0.022391080856323242,0.08942356705665588,-0.01356136572746891,-0.05831485986709595,0.16723215579986572,-0.02129374590901989,-0.09080395102500916,0.22374960780143738,-0.0325930971392836,-0.10854104161262512,0.2706635892391205,-0.040447119224950256,-0.12321382761001587,0.1220758855342865,0.013096325497940597,-0.16892901062965393,0.1446007788181305,-0.014060270574077549,-0.1330442726612091,0.13144460320472717,-0.03374245350448746,-0.10335797071456909,0.11575636267662048,-0.042559135306760254,-0.13215291500091553,0.0768575370311737,0.008137664224818764,-0.1792164444923401,0.09204995632171631,-0.02122360241799015,-0.131827712059021,0.08184537291526794,-0.03320866038291115,-0.10263568162918091,0.07087424397468567,-0.03334036802141327,-0.13249853253364563,0.029766947031021118,-0.0021025650875117208,-0.17894408106803894,0.04129186272621155,-0.02645398077754635,-0.13520413637161255,0.03848865628242493,-0.02008621913580555,-0.10591128468513489,0.031072288751602173,-0.007847712908073845,-0.12607648968696594,-0.018971964716911316,-0.014283774022146645,-0.16644743084907532,-0.00825396180152893,-0.024242965106054726,-0.13626202940940857,-0.00020748376846313477,-0.013550065059348526,-0.11287009716033936,-0.0020337700843811035,-0.0015148235924016262,thumbs_down
0.0,0.0,0.0,-0.022646307945251465,0.0876970887184143,-0.015489943465041733,-0.0586543083190918,0.16488811373710632,-0.02439884762262068,-0.09090125560760498,0.22120314836502075,-0.036599273932921506,-0.10991713404655457,0.268049031496048,-0.04517271290515623,-0.12490341067314148,0.11900541186332703,0.011257371725690746,-0.1700906753540039,0.1401418149471283,-0.017236012173640347,-0.1347629427909851,0.12670880556106567,-0.038010909361588574,-0.10480239987373352,0.11069199442863464,-0.04745186786149702,-0.13351070880889893,0.07388317584991455,0.00684692882950344,-0.1796075701713562,0.08816316723823547,-0.023346125287758923,-0.13254889845848083,0.07841795682907104,-0.035968433273779965,-0.10367566347122192,0.06759670376777649,-0.03669873173330984,-0.13395851850509644,0.0271073579788208,-0.0031559629364039665,-0.18025973439216614,0.037459343671798706,-0.028573907119977093,-0.13702958822250366,0.03533926606178284,-0.02284697364066801,-0.10780757665634155,0.028067290782928467,-0.010995979560362912,-0.12771636247634888,-0.020660400390625,-0.01528492583875618,-0.16814452409744263,-0.011335253715515137,-0.026261254353272534,-0.13803339004516602,-0.0027213990688323975,-0.01624399344419203,-0.11390805244445801,-0.0036436617374420166,-0.004613793128925181,thumbs_down
0.0,0.0,0.0,-0.022706031799316406,0.08804801106452942,-0.014294044100154224,-0.05833768844604492,0.16554796695709229,-0.022607307866621795,-0.09095293283462524,0.22190147638320923,-0.03431980310421068,-0.1094738245010376,0.2683826684951782,-0.04257218538265306,-0.12273123860359192,0.11947354674339294,0.011636447175931153,-0.1691754162311554,0.1425172984600067,-0.01578986084501821,-0.1343640387058258,0.12885800004005432,-0.03574145583849031,-0.10486432909965515,0.11198049783706665,-0.0447262376401909,-0.13146185874938965,0.07431793212890625,0.007017457872223076,-0.17977109551429749,0.08963444828987122,-0.02231667748134214,-0.13355302810668945,0.07928311824798584,-0.03436545653681833,-0.1045331358909607,0.06766432523727417,-0.03462630508880693,-0.13166993856430054,0.027628034353256226,-0.0028962127253748804,-0.179052472114563,0.03921627998352051,-0.026929927975345436,-0.1367412805557251,0.0362420380115509,-0.020629277438331428,-0.10787338018417358,0.028330504894256592,-0.008578333989191833,-0.1250227391719818,-0.020638510584831238,-0.014842287622798267,-0.166263610124588,-0.0097750723361969,-0.024477286249805275,-0.13693997263908386,-0.001805812120437622,-0.013812910750914398,-0.1134331226348877,-0.0036435723304748535,-0.0019428939413614899,thumbs_down
0.0,0.0,0.0,-0.022252798080444336,0.08763352036476135,-0.014989256414963847,-0.05701589584350586,0.16428446769714355,-0.024142380359961635,-0.08896708488464355,0.22025156021118164,-0.03650816671867574,-0.10900869965553284,0.26530152559280396,-0.04542457454223836,-0.12255290150642395,0.11776649951934814,0.008857206885323876,-0.1690157651901245,0.14177733659744263,-0.01942015953679288,-0.13475710153579712,0.12798693776130676,-0.03987432040591443,-0.10492151975631714,0.11040878295898438,-0.04907648779769147,-0.1313396692276001,0.07236689329147339,0.0042620617678323924,-0.179529070854187,0.08726239204406738,-0.0255806627901336,-0.13353076577186584,0.07764384150505066,-0.03784749798793996,-0.10424032807350159,0.06605991721153259,-0.03831797607560361,-0.13170957565307617,0.025661766529083252,-0.005571600071533567,-0.17761704325675964,0.03625801205635071,-0.03007951334436143,-0.1356249451637268,0.034865111112594604,-0.024285910207225925,-0.10711675882339478,0.027583777904510498,-0.01261757269818986,-0.1252988576889038,-0.02239874005317688,-0.017449048835231906,-0.16578838229179382,-0.01274937391281128,-0.027608589756681567,-0.1370161771774292,-0.003940284252166748,-0.017306759509637004,-0.11363840103149414,-0.005050688982009888,-0.005639051109000093,thumbs_down
0.0,0.0,0.0,-0.02132236957550049,0.08784320950508118,-0.015260386443372909,-0.056824326515197754,0.16494622826576233,-0.024069798341628257,-0.08965206146240234,0.22069716453552246,-0.03603028242909545,-0.1091417670249939,0.26622554659843445,-0.04450639446699256,-0.12255904078483582,0.11910286545753479,0.009577575908366498,-0.16916102170944214,0.14264324307441711,-0.018485763272877875,-0.13420042395591736,0.1287209689617157,-0.038622808805342856,-0.10472524166107178,0.11133518815040588,-0.047657032659884635,-0.13150814175605774,0.07341572642326355,0.005157401622597035,-0.17989957332611084,0.08803984522819519,-0.024775847023960296,-0.13327744603157043,0.07816895842552185,-0.0368904594095909,-0.10430648922920227,0.06684905290603638,-0.03708822389566535,-0.13182422518730164,0.02651199698448181,-0.004578263661500159,-0.1782723069190979,0.03736075758934021,-0.02935243134820098,-0.13570982217788696,0.03538528084754944,-0.02325778191411132,-0.1073952317237854,0.028190553188323975,-0.011233197687801066,-0.12530434131622314,-0.02198253571987152,-0.016376107162471953,-0.16600704193115234,-0.01191762089729309,-0.0268205173077547,-0.13665485382080078,-0.0035587847232818604,-0.01638514657938117,-0.11332449316978455,-0.00474509596824646,-0.004512839647617284,thumbs_down
0.0,0.0,0.0,-0.022271335124969482,0.08775338530540466,-0.015123612263579389,-0.05861091613769531,0.16528990864753723,-0.023748025314290544,-0.09228476881980896,0.22028714418411255,-0.03564292007811787,-0.11181005835533142,0.2665719985961914,-0.04398664647467854,-0.12553349137306213,0.11771100759506226,0.01105560267589567,-0.1707209050655365,0.13792243599891663,-0.01682935842998745,-0.134954035282135,0.12515264749526978,-0.036978406847794076,-0.10507747530937195,0.1093629002571106,-0.04610645213850262,-0.1342906355857849,0.07194837927818298,0.006531921664844731,-0.18067842721939087,0.08536267280578613,-0.023670757205564996,-0.13282743096351624,0.07647615671157837,-0.036078842372972986,-0.1038927435874939,0.0657666027545929,-0.0364798885000539,-0.13462138175964355,0.025127559900283813,-0.0033875678361994233,-0.17949563264846802,0.03491729497909546,-0.02855244280524971,-0.13564950227737427,0.0333961546421051,-0.022533932716925165,-0.10719659924507141,0.026442140340805054,-0.010480637678284666,-0.128210186958313,-0.02290549874305725,-0.015369644404728433,-0.16838732361793518,-0.014070868492126465,-0.025821788252670785,-0.13809272646903992,-0.005110383033752441,-0.015303027832288763,-0.11470663547515869,-0.005664080381393433,-0.0033711390731525626,thumbs_down
0.0,0.0,0.0,-0.021487057209014893,0.08861732482910156,-0.015261529507057503,-0.05819672346115112,0.16808900237083435,-0.023474134067015484,-0.0922783613204956,0.2236996591091156,-0.034720321679429844,-0.11223545670509338,0.2690527141094208,-0.04229270436795218,-0.12527641654014587,0.12118616700172424,0.010690398020727798,-0.1710195541381836,0.1425863802433014,-0.016682838583307102,-0.13453876972198486,0.12917575240135193,-0.036066630417423085,-0.10497331619262695,0.11292886734008789,-0.04475509517820342,-0.13429224491119385,0.07485371828079224,0.0063423849363459794,-0.18198084831237793,0.08882027864456177,-0.023633766481594876,-0.13362544775009155,0.07900813221931458,-0.0353566906693743,-0.10482758283615112,0.0680825412273407,-0.03504394137294753,-0.13435840606689453,0.02761581540107727,-0.0033499414845721276,-0.17944607138633728,0.037778884172439575,-0.028385985204891995,-0.1354181468486786,0.03535112738609314,-0.021860723877267674,-0.10742637515068054,0.028294235467910767,-0.009330273168103531,-0.1274782121181488,-0.021019145846366882,-0.015082734199182823,-0.16726356744766235,-0.011008620262145996,-0.025458981776552037,-0.13696414232254028,-0.00317952036857605,-0.014714411022083596,-0.11452534794807434,-0.0046291351318359375,-0.0025692079495058806,thumbs_down
0.0,0.0,0.0,-0.022946596145629883,0.08838909864425659,-0.014070242728081439,-0.059419214725494385,0.16589918732643127,-0.02230410100051472,-0.09210038185119629,0.22124722599983215,-0.03396629550584862,-0.11128091812133789,0.2671193778514862,-0.042251855219689105,-0.12510377168655396,0.11705496907234192,0.010447165844055917,-0.17093366384506226,0.13848793506622314,-0.017082193951097224,-0.13544431328773499,0.12553361058235168,-0.0370164141906173,-0.10479959845542908,0.10899141430854797,-0.04601960637697289,-0.13349756598472595,0.07157468795776367,0.005512535487326886,-0.18059876561164856,0.08560788631439209,-0.024118885482636188,-0.13327431678771973,0.07647299766540527,-0.03618359574207375,-0.10383161902427673,0.06501668691635132,-0.03655890756377289,-0.13344413042068481,0.02500268816947937,-0.004594096067336295,-0.17927142977714539,0.03444555401802063,-0.029073059643593524,-0.13576257228851318,0.03307288885116577,-0.023043293590632175,-0.10676446557044983,0.026039451360702515,-0.011241732249942515,-0.12648555636405945,-0.02254202961921692,-0.016670011068669055,-0.16690018773078918,-0.013953238725662231,-0.026864692653504108,-0.13733577728271484,-0.004944652318954468,-0.016455199654188846,-0.11398100852966309,-0.005693227052688599,-0.004743419206675981,thumbs_down
0.0,0.0,0.0,-0.02227163314819336,0.08879110217094421,-0.013878900631652868,-0.0593302845954895,0.16677388548851013,-0.021654442957924402,-0.09256511926651001,0.22191694378852844,-0.03280986573486189,-0.11170566082000732,0.26715973019599915,-0.04061271350769857,-0.1251058280467987,0.11725756525993347,0.011019610725952589,-0.17123335599899292,0.13987410068511963,-0.016066719851778544,-0.13539373874664307,0.12717866897583008,-0.035470497868345774,-0.1051950752735138,0.11052492260932922,-0.044186287633465327,-0.13330432772636414,0.07176166772842407,0.005974600949002706,-0.1813834309577942,0.08663836121559143,-0.023511412627385653,-0.1336742639541626,0.0775793194770813,-0.03525807063965658,-0.10466316342353821,0.06591635942459106,-0.03515434365658621,-0.1331062912940979,0.025175094604492188,-0.004237808361040152,-0.17902761697769165,0.03580924868583679,-0.028603219501064814,-0.1353154182434082,0.034366220235824585,-0.02229173209457258,-0.10717129707336426,0.02717745304107666,-0.010175074524568117,-0.12598657608032227,-0.023015648126602173,-0.01640634898035387,-0.16620004177093506,-0.013005226850509644,-0.026506005860255755,-0.1363382339477539,-0.004352360963821411,-0.015880459062145746,-0.11369478702545166,-0.005555510520935059,-0.003962469361113108,thumbs_down
0.0,0.0,0.0,-0.02238452434539795,0.08804914355278015,-0.014382439747777198,-0.05905306339263916,0.1662711799144745,-0.022453182459202026,-0.09173095226287842,0.22312656044960022,-0.03378038395973704,-0.11168748140335083,0.2681884765625,-0.041632658884253715,-0.1245788037776947,0.11711040139198303,0.010052701376054074,-0.1726652979850769,0.14144214987754822,-0.016931270331468795,-0.13746830821037292,0.12909016013145447,-0.03600121577116511,-0.10780590772628784,0.11249127984046936,-0.04455983181330225,-0.13356372714042664,0.07185354828834534,0.005291007842544104,-0.18334463238716125,0.08762943744659424,-0.02371665005418322,-0.13659632205963135,0.07911640405654907,-0.03514040176602862,-0.10807183384895325,0.06813526153564453,-0.03503755395146868,-0.13383996486663818,0.025250017642974854,-0.004634277977373813,-0.1804005205631256,0.03703954815864563,-0.028430928558435653,-0.13763830065727234,0.035400062799453735,-0.02189900827440283,-0.1103476881980896,0.028011202812194824,-0.009925040498700355,-0.12691932916641235,-0.023070871829986572,-0.01659089241954348,-0.16756927967071533,-0.012225687503814697,-0.02644385126265547,-0.1380729079246521,-0.003913164138793945,-0.015815275803532813,-0.11563929915428162,-0.005579739809036255,-0.004050729412909959,thumbs_down
0.0,0.0,0.0,-0.02219337224960327,0.0884479284286499,-0.01473530411405477,-0.05845904350280762,0.16686105728149414,-0.023363210555743308,-0.09116333723068237,0.2239367961883545,-0.035118442323636145,-0.1112426221370697,0.26916569471359253,-0.04327079683227453,-0.12411558628082275,0.11842864751815796,0.008558341007102399,-0.17292821407318115,0.1417095959186554,-0.018652715083788962,-0.13692349195480347,0.12926578521728516,-0.037676103707980246,-0.10681122541427612,0.11308997869491577,-0.04614016443176183,-0.1330338418483734,0.07279878854751587,0.004053907639701038,-0.1832755208015442,0.08817300200462341,-0.02478934108896169,-0.13634294271469116,0.07941490411758423,-0.03580829530639562,-0.10764956474304199,0.0691397488117218,-0.03558298229856405,-0.1332012414932251,0.02610763907432556,-0.005550994366984696,-0.18096822500228882,0.037507444620132446,-0.029016373973917098,-0.1380937397480011,0.035441428422927856,-0.021999609020184607,-0.11018559336662292,0.02846050262451172,-0.009877656881343455,-0.126248300075531,-0.021967530250549316,-0.017224418294262023,-0.1674605906009674,-0.011674255132675171,-0.026922699358891578,-0.13786068558692932,-0.003472566604614258,-0.01609909750206384,-0.11490651965141296,-0.004737198352813721,-0.004256922115217776,thumbs_down
0.0,0.0,0.0,-0.02239096164703369,0.08762311935424805,-0.015296721848557127,-0.059415221214294434,0.16691461205482483,-0.02376874258638395,-0.09256163239479065,0.22412654757499695,-0.035364228318343294,-0.11317738890647888,0.26944711804389954,-0.043226155470023286,-0.126592755317688,0.11936235427856445,0.01008264904945122,-0.17367219924926758,0.1416284143924713,-0.017904558236608636,-0.13690820336341858,0.12765437364578247,-0.03761280981720461,-0.10665899515151978,0.11067137122154236,-0.0463188057941295,-0.1352364420890808,0.07322141528129578,0.005884627328356373,-0.18354880809783936,0.08827385306358337,-0.024045466462979448,-0.1354067325592041,0.07782858610153198,-0.03573585582793726,-0.1067669689655304,0.06666615605354309,-0.03562202213228716,-0.13519906997680664,0.025867223739624023,-0.003677023126641643,-0.18200421333312988,0.036960095167160034,-0.028340728039751184,-0.13796371221542358,0.03427603840827942,-0.021519728953848016,-0.10978293418884277,0.027109354734420776,-0.009056163969347608,-0.12817353010177612,-0.022988691926002502,-0.015312627906808984,-0.16917279362678528,-0.012029707431793213,-0.025401418114910257,-0.13845157623291016,-0.003982961177825928,-0.014465211908230913,-0.11533382534980774,-0.005525082349777222,-0.0023082951259709716,thumbs_down
0.0,0.0,0.0,-0.02227187156677246,0.08827382326126099,-0.015231590045061694,-0.05977290868759155,0.16784247756004333,-0.023713729602661715,-0.09317207336425781,0.22535210847854614,-0.03534892692920266,-0.11281856894493103,0.2714610695838928,-0.04325407862421571,-0.1266861855983734,0.11976313591003418,0.009942275213632001,-0.17429783940315247,0.1422860324382782,-0.01811362176891862,-0.1370769441127777,0.12823694944381714,-0.03773199513312875,-0.10677269101142883,0.1113850474357605,-0.0463758607184559,-0.13532671332359314,0.0737588107585907,0.005720971359494342,-0.18411001563072205,0.08933156728744507,-0.024176654664245234,-0.13574418425559998,0.07867488265037537,-0.035702825782266245,-0.10738968849182129,0.06740248203277588,-0.03551345810052453,-0.1352635622024536,0.02647346258163452,-0.003844806018662439,-0.18246489763259888,0.03786417841911316,-0.02837641283628045,-0.1382819414138794,0.03502807021141052,-0.021333067936268435,-0.11025795340538025,0.027806460857391357,-0.008811226372984038,-0.12831443548202515,-0.022295042872428894,-0.015496145260897265,-0.169094055891037,-0.011327862739562988,-0.02538937821742593,-0.13833141326904297,-0.0032566189765930176,-0.01433821979668437,-0.11549285054206848,-0.004820972681045532,-0.0021818464411467176,thumbs_down
0.0,0.0,0.0,-0.021927714347839355,0.08853533864021301,-0.014776980503285131,-0.05765831470489502,0.1684248149394989,-0.02310064807423373,-0.09075194597244263,0.22479084134101868,-0.03456373885163089,-0.11134696006774902,0.2692333459854126,-0.042459852992379865,-0.12525394558906555,0.12110015749931335,0.009421565571045676,-0.17146173119544983,0.14294728636741638,-0.0180516410607936,-0.13422530889511108,0.12987923622131348,-0.03729871660360118,-0.10375052690505981,0.11369699239730835,-0.04577828571089526,-0.1341257393360138,0.07428577542304993,0.004952876364058056,-0.18077975511550903,0.08995965123176575,-0.024331640451038083,-0.13350826501846313,0.07981449365615845,-0.0356529019761922,-0.10442039370536804,0.06874710321426392,-0.0355618298042657,-0.13465574383735657,0.02636134624481201,-0.004758543333792886,-0.18053430318832397,0.03895920515060425,-0.028917999937021932,-0.13716530799865723,0.03546559810638428,-0.022134315221393308,-0.10882723331451416,0.02765515446662903,-0.009923429227256975,-0.12811368703842163,-0.0229949951171875,-0.016476768999183378,-0.16857826709747314,-0.009881287813186646,-0.0265279002476575,-0.13852134346961975,-0.0032256245613098145,-0.015742342918002805,-0.11538466811180115,-0.006489157676696777,-0.003726614405223927,thumbs_down
0.0,0.0,0.0,-0.021926522254943848,0.089150071144104,-0.01534863704139866,-0.05671173334121704,0.16912886500358582,-0.02420600273902096,-0.08928406238555908,0.22663775086402893,-0.03606520177120842,-0.11013326048851013,0.27165642380714417,-0.044357355248877184,-0.12246641516685486,0.1217847466468811,0.008406156177869661,-0.17049351334571838,0.1445583999156952,-0.01902164475316681,-0.13488724827766418,0.13158968091011047,-0.03839410797948517,-0.10448065400123596,0.1151340901851654,-0.04715289877051987,-0.1319362223148346,0.07555049657821655,0.0040070251256736356,-0.18167191743850708,0.09129253029823303,-0.025334514242359774,-0.13497042655944824,0.08170342445373535,-0.03695024133915581,-0.10588008165359497,0.07040843367576599,-0.03709302426571526,-0.13287252187728882,0.02829769253730774,-0.0056012864529577655,-0.1790280044078827,0.03995966911315918,-0.029735575926252977,-0.136534184217453,0.03753820061683655,-0.023313303974219934,-0.10885947942733765,0.03014761209487915,-0.011425436970540659,-0.1266787350177765,-0.020329713821411133,-0.01726877273316063,-0.16690349578857422,-0.008690506219863892,-0.02704491236502804,-0.13781577348709106,-0.0010327696800231934,-0.016351619300195352,-0.11551538109779358,-0.0029433369636535645,-0.004641021166690962,thumbs_down
0.0,0.0,0.0,-0.01964724063873291,0.08794406056404114,-0.01649590321446226,-0.053633034229278564,0.1683971881866455,-0.025024191668279627,-0.08768752217292786,0.2249717116355896,-0.036290538689144114,-0.11021748185157776,0.26821547746658325,-0.04350305833483503,-0.12248903512954712,0.12445050477981567,0.009548421757273218,-0.1696169674396515,0.14436671137809753,-0.017864220967538813,-0.13262856006622314,0.12932568788528442,-0.03689589091206358,-0.1033460795879364,0.11317169666290283,-0.0453727070298271,-0.1323876678943634,0.07788664102554321,0.00602633580004408,-0.1797172725200653,0.09187254309654236,-0.023765779292233447,-0.13215571641921997,0.08093246817588806,-0.035274350276239375,-0.10386404395103455,0.07131072878837585,-0.035159983864076594,-0.13356390595436096,0.03035515546798706,-0.003017331199743012,-0.18009161949157715,0.040816426277160645,-0.027961873641260127,-0.13700753450393677,0.03704488277435303,-0.02150197066927717,-0.10936436057090759,0.030386686325073242,-0.009243294788547018,-0.12781363725662231,-0.01907452940940857,-0.014183685375400046,-0.1686384677886963,-0.00760495662689209,-0.024774336447961787,-0.1387508511543274,-0.0010805130004882812,-0.014527320122368792,-0.11596271395683289,-0.0030558109283447266,-0.0027930754758642706,thumbs_down
0.0,0.0,0.0,-0.020597338676452637,0.08837947249412537,-0.015503918354454527,-0.05349463224411011,0.16861489415168762,-0.023721148793640623,-0.08644509315490723,0.22512760758399963,-0.034917048712316046,-0.10987922549247742,0.26724478602409363,-0.042404245187583456,-0.1219867467880249,0.12336990237236023,0.010594630080220213,-0.16885098814964294,0.14690080285072327,-0.016530043979230413,-0.13465124368667603,0.13249969482421875,-0.03603339528018523,-0.10477408766746521,0.1144014298915863,-0.04477131699496795,-0.13201123476028442,0.07754239439964294,0.006443991723415365,-0.18040025234222412,0.09427767992019653,-0.022823173155131826,-0.13548636436462402,0.08422136306762695,-0.035258359809461126,-0.10583105683326721,0.07285475730895996,-0.035731747348847875,-0.1336618959903717,0.030403941869735718,-0.0031418198003052566,-0.17851316928863525,0.0428062379360199,-0.02781433572346259,-0.13737285137176514,0.03958982229232788,-0.02298708592826415,-0.10954123735427856,0.03159970045089722,-0.01173096855455924,-0.1281658411026001,-0.01916593313217163,-0.014726373900714407,-0.16797590255737305,-0.0054811835289001465,-0.025395614628735075,-0.13944530487060547,0.0008481442928314209,-0.015964621280375013,-0.11663180589675903,-0.0022857189178466797,-0.0047771135094194506,thumbs_down
0.0,0.0,0.0,-0.020122766494750977,0.08959051966667175,-0.015339137716296136,-0.052943527698516846,0.16906070709228516,-0.023376787742677152,-0.085826575756073,0.22472962737083435,-0.03452766566545051,-0.10936033725738525,0.26728731393814087,-0.04215444504291099,-0.12175774574279785,0.12227559089660645,0.011109678344723761,-0.16803637146949768,0.14577311277389526,-0.015826224079432905,-0.1346951723098755,0.1323414444923401,-0.03557775049478096,-0.10461387038230896,0.11465850472450256,-0.04457443087369484,-0.13148152828216553,0.07628723978996277,0.006676009660509408,-0.1794808804988861,0.09318295121192932,-0.02236210807234329,-0.1347159445285797,0.0833016037940979,-0.03499609856874031,-0.10456529259681702,0.07139208912849426,-0.035740396669211805,-0.1331929862499237,0.028927505016326904,-0.0032330143359331487,-0.17889153957366943,0.04171633720397949,-0.027764160847368657,-0.13775289058685303,0.03860419988632202,-0.023199007576408803,-0.1091601550579071,0.03048357367515564,-0.012250953083935201,-0.12781909108161926,-0.02111130952835083,-0.015186830153766095,-0.16849744319915771,-0.00747150182723999,-0.026243299907150686,-0.1402500569820404,-0.0006515085697174072,-0.01708488791257423,-0.11672553420066833,-0.003251016139984131,-0.006045867884608924,thumbs_down
0.0,0.0,0.0,-0.019372165203094482,0.08973124623298645,-0.015262309330893231,-0.05234205722808838,0.17024776339530945,-0.02373584253658123,-0.08494007587432861,0.2267092764377594,-0.03528630999792881,-0.10821422934532166,0.26949790120124817,-0.04337390033472843,-0.12064588069915771,0.12249961495399475,0.00986997982542448,-0.16771376132965088,0.14814147353172302,-0.017592673058999253,-0.1340169608592987,0.13346362113952637,-0.03739146036971874,-0.10392850637435913,0.1152670681476593,-0.046295101623428536,-0.13044843077659607,0.07648643851280212,0.00543556841145687,-0.1781022548675537,0.09502249956130981,-0.024244635234964562,-0.13294395804405212,0.08381244540214539,-0.03701428962816067,-0.10344299674034119,0.07178428769111633,-0.037654462139499856,-0.13256877660751343,0.029263406991958618,-0.004336699246806575,-0.17663878202438354,0.043574362993240356,-0.029141680206549836,-0.134921133518219,0.03910723328590393,-0.024255211334121896,-0.10740023851394653,0.030775398015975952,-0.013016794677270127,-0.12768211960792542,-0.020641714334487915,-0.016080452929628564,-0.16652825474739075,-0.005444973707199097,-0.026972859035623742,-0.13763734698295593,-3.904104232788086e-05,-0.017313365693581773,-0.11534079909324646,-0.003403604030609131,-0.00590612586532302,thumbs_down
0.0,0.0,0.0,-0.02002483606338501,0.08962246775627136,-0.01666667344460393,-0.05349469184875488,0.1713760495185852,-0.025178892858718882,-0.0876741111278534,0.22709006071090698,-0.03658559391686822,-0.11229225993156433,0.26860201358795166,-0.044162856735681544,-0.12493017315864563,0.12418809533119202,0.011702147923017492,-0.17086514830589294,0.1481400430202484,-0.016812639631723414,-0.13577136397361755,0.13270506262779236,-0.03749659875819589,-0.10546934604644775,0.11369460821151733,-0.046708042122816096,-0.13484904170036316,0.0764596164226532,0.00794781339874362,-0.18024161458015442,0.0928792655467987,-0.0233798887063017,-0.13188999891281128,0.08101624250411987,-0.0367728679854622,-0.10216391086578369,0.06873926520347595,-0.03713151658365632,-0.1361946165561676,0.028110742568969727,-0.001566043211539636,-0.17950397729873657,0.040728747844696045,-0.02852287734339143,-0.13534122705459595,0.03674551844596863,-0.023686871253346453,-0.10696142911911011,0.028270065784454346,-0.01157726006994153,-0.1300995945930481,-0.022845640778541565,-0.013106801867877493,-0.16817691922187805,-0.008959174156188965,-0.025530269690250407,-0.13698160648345947,-0.0027018189430236816,-0.015879785962795268,-0.11382055282592773,-0.005639910697937012,-0.0038135506626417737,thumbs_down
0.0,0.0,0.0,-0.020364761352539062,0.09063720703125,-0.015548718460365762,-0.053882062435150146,0.17091116309165955,-0.02380020201252364,-0.0882929265499115,0.22599327564239502,-0.03522705130325221,-0.11337131261825562,0.26734185218811035,-0.043018563017710676,-0.1243562400341034,0.12313756346702576,0.01204163644416667,-0.17073148488998413,0.14741775393486023,-0.015799906403287878,-0.13704365491867065,0.1336662769317627,-0.036186190620526304,-0.10647997260093689,0.11468732357025146,-0.04527152545796298,-0.133894145488739,0.0763126015663147,0.007659744638488064,-0.18141499161720276,0.09315332770347595,-0.022539669946297636,-0.1354394555091858,0.0829990804195404,-0.03555489920125865,-0.10466623306274414,0.06993770599365234,-0.035991533026560774,-0.13494181632995605,0.028572887182235718,-0.002367300279900064,-0.17971456050872803,0.0411834716796875,-0.028144929856523504,-0.13749444484710693,0.038321614265441895,-0.02373296983586215,-0.10842669010162354,0.029373884201049805,-0.012253540866538515,-0.12878328561782837,-0.021998092532157898,-0.014396719933017721,-0.1686694622039795,-0.007746100425720215,-0.02620329737709426,-0.13959312438964844,-0.0009683370590209961,-0.01699800819204711,-0.11592185497283936,-0.004504144191741943,-0.005500281062438717,thumbs_down
0.0,0.0,0.0,-0.02038419246673584,0.09073948860168457,-0.015555692304474178,-0.05654710531234741,0.17318850755691528,-0.02328219490925676,-0.09207466244697571,0.22819674015045166,-0.0342801664290846,-0.11655879020690918,0.27012568712234497,-0.04137754107694036,-0.12932747602462769,0.12326270341873169,0.012389278571504292,-0.1770305335521698,0.1457655131816864,-0.01656631979028589,-0.1394149363040924,0.13253015279769897,-0.03664781938175565,-0.10809394717216492,0.11457791924476624,-0.04514566103796369,-0.13789916038513184,0.07528367638587952,0.007820670093792614,-0.18446213006973267,0.09162217378616333,-0.023446605008643928,-0.13418349623680115,0.08206456899642944,-0.035698842656415763,-0.10433724522590637,0.06977373361587524,-0.035023846131366554,-0.13831380009651184,0.026625603437423706,-0.0026243954697520167,-0.1830768883228302,0.040392160415649414,-0.029376658078831497,-0.13655948638916016,0.03835448622703552,-0.023242867019575897,-0.1078794002532959,0.02961641550064087,-0.010178469520610633,-0.13132253289222717,-0.025480270385742188,-0.015081186246675315,-0.171004980802536,-0.010175317525863647,-0.026757456761401954,-0.13841721415519714,-0.0018957257270812988,-0.016078634586733642,-0.11476770043373108,-0.0048868656158447266,-0.0033214331405133635,thumbs_down
0.0,0.0,0.0,-0.02178037166595459,0.09154319763183594,-0.014977265333044443,-0.05574828386306763,0.171816885471344,-0.023711631258237276,-0.09068664908409119,0.2265273928642273,-0.03584864940236798,-0.11695894598960876,0.26691561937332153,-0.04433020036410085,-0.12658175826072693,0.12157127261161804,0.010560791755807486,-0.17635494470596313,0.144842267036438,-0.017903555368292245,-0.14097687602043152,0.1314038634300232,-0.03842874821017972,-0.10885980725288391,0.11375445127487183,-0.047375856151091966,-0.1354575753211975,0.07397875189781189,0.005831899403375473,-0.1845468282699585,0.090361088514328,-0.024491351281511697,-0.1376800537109375,0.08105126023292542,-0.03731894325207463,-0.10623794794082642,0.06990933418273926,-0.037641087730634126,-0.13660094141960144,0.025646984577178955,-0.004380239823120746,-0.18268942832946777,0.038729339838027954,-0.02941436525176755,-0.1396476924419403,0.036424338817596436,-0.023976693113553438,-0.11010321974754333,0.028625845909118652,-0.012058819827842626,-0.1305069625377655,-0.025368303060531616,-0.016619567011701974,-0.1711236834526062,-0.011251389980316162,-0.02735304850827447,-0.14117714762687683,-0.0038341879844665527,-0.017010282908785257,-0.11701276898384094,-0.0066735148429870605,-0.004862137788194332,thumbs_down
0.0,0.0,0.0,-0.021960020065307617,0.09302747249603271,-0.014131265860498843,-0.05838090181350708,0.1762843132019043,-0.02164305483967155,-0.09492963552474976,0.23087921738624573,-0.03278179576665252,-0.12120074033737183,0.27120307087898254,-0.04009910782843917,-0.13053032755851746,0.12406665086746216,0.012696056458651128,-0.1800919771194458,0.14851334691047668,-0.015965146180690226,-0.14221909642219543,0.13421335816383362,-0.03619421383410781,-0.11027979850769043,0.11545875668525696,-0.04490694886118263,-0.1392495334148407,0.07527464628219604,0.007389365992992225,-0.18854397535324097,0.09291234612464905,-0.02364943658977836,-0.1380673050880432,0.08338367938995361,-0.036144581791461405,-0.10716560482978821,0.07102048397064209,-0.03582070505291313,-0.13976749777793884,0.025935620069503784,-0.0035315313660362335,-0.18707823753356934,0.040278106927871704,-0.029740878548921046,-0.14055392146110535,0.03884431719779968,-0.02361744565934032,-0.11044442653656006,0.03036251664161682,-0.010773515496850905,-0.1328730583190918,-0.026560962200164795,-0.016399498265684542,-0.17380088567733765,-0.011472493410110474,-0.02803062757521957,-0.1415778398513794,-0.002415299415588379,-0.017433838155568537,-0.11701342463493347,-0.005045026540756226,-0.004790906031132636,thumbs_down
0.0,0.0,0.0,-0.021844029426574707,0.09310376644134521,-0.015103834808485317,-0.05639392137527466,0.1743423342704773,-0.023957184643165874,-0.09230577945709229,0.22879403829574585,-0.03620107205273371,-0.11945450305938721,0.2693367600440979,-0.04465046258331995,-0.12924659252166748,0.1226118803024292,0.009560603521151734,-0.17925754189491272,0.1460704505443573,-0.019327615515010166,-0.14253634214401245,0.13188788294792175,-0.039908480957763004,-0.1102743148803711,0.1137935221195221,-0.048890893474833774,-0.13803842663764954,0.07407522201538086,0.004517659883333636,-0.1896289587020874,0.09053164720535278,-0.026563580275194454,-0.14130628108978271,0.08064538240432739,-0.03916989000202875,-0.10965216159820557,0.06875303387641907,-0.03918843822242479,-0.13822564482688904,0.025182902812957764,-0.005934542637930917,-0.18660873174667358,0.03661048412322998,-0.03159251914979677,-0.14218106865882874,0.03500819206237793,-0.02550259338380556,-0.11202037334442139,0.027691364288330078,-0.013005964585261154,-0.1311432421207428,-0.02620936930179596,-0.01844998182417612,-0.1737080216407776,-0.014191418886184692,-0.029511409938947963,-0.14345386624336243,-0.005349278450012207,-0.018772606865184116,-0.11885648965835571,-0.006888300180435181,-0.006275465839223671,thumbs_down
0.0,0.0,0.0,-0.021935343742370605,0.09278467297554016,-0.0162573854914001,-0.05657583475112915,0.17538529634475708,-0.02508740383294139,-0.09228792786598206,0.23113757371902466,-0.03700738470163856,-0.12016499042510986,0.2711578607559204,-0.044905119343667366,-0.1286504864692688,0.1239871084690094,0.009567748987109326,-0.17984062433242798,0.148702472448349,-0.01955265249219451,-0.14303895831108093,0.1343269944190979,-0.04000047291722808,-0.11094129085540771,0.11538979411125183,-0.04881252790895019,-0.1382775604724884,0.07492509484291077,0.005084835224778317,-0.19171983003616333,0.09223759174346924,-0.02665026555862937,-0.14286109805107117,0.0821002721786499,-0.03902388061490569,-0.11105015873908997,0.06881636381149292,-0.03843304957356963,-0.13900956511497498,0.02549642324447632,-0.005055970280437805,-0.18821647763252258,0.03759795427322388,-0.031421434833674766,-0.1434098482131958,0.03563091158866882,-0.02523922058847461,-0.11316132545471191,0.026782214641571045,-0.012258849806158878,-0.13214921951293945,-0.026673167943954468,-0.017363932683139183,-0.17448210716247559,-0.013571232557296753,-0.02892692457047019,-0.14380788803100586,-0.0050878822803497314,-0.018409932731657364,-0.11930853128433228,-0.00799030065536499,-0.005850053626119234,thumbs_down
0.0,0.0,0.0,-0.02167123556137085,0.09370383620262146,-0.014417557486268606,-0.05595284700393677,0.17576980590820312,-0.022444485195848074,-0.09244316816329956,0.23008498549461365,-0.03393575965699824,-0.12000185251235962,0.2698742151260376,-0.04166592329082164,-0.12743332982063293,0.12288850545883179,0.010639748095599089,-0.17875191569328308,0.1477043628692627,-0.017858922921988096,-0.14228680729866028,0.13421866297721863,-0.03812595500883731,-0.10971218347549438,0.11597928404808044,-0.0469068069690195,-0.1370387077331543,0.07435908913612366,0.0054425020022961235,-0.19029486179351807,0.09152445197105408,-0.025429228761169043,-0.1417115032672882,0.08168122172355652,-0.037779249691340056,-0.10983449220657349,0.06913205981254578,-0.03749993860063228,-0.13784447312355042,0.025224626064300537,-0.005147451975318518,-0.18674886226654053,0.037056028842926025,-0.030491922491165724,-0.14252915978431702,0.03516966104507446,-0.024332184784981337,-0.11271026730537415,0.027122706174850464,-0.011755948395403948,-0.13126304745674133,-0.02669145166873932,-0.017759932645532217,-0.17412161827087402,-0.014115601778030396,-0.02841997935709628,-0.14433133602142334,-0.005635857582092285,-0.01761048703727397,-0.12054023146629333,-0.007961511611938477,-0.005122303937497463,thumbs_down
0.0,0.0,0.0,-0.022082507610321045,0.09501177072525024,-0.017369809335264108,-0.058546602725982666,0.17957448959350586,-0.02586708847263708,-0.09528848528862,0.2374928891658783,-0.03735628235915556,-0.12173852324485779,0.28079119324684143,-0.04462043452838316,-0.1314496099948883,0.12613773345947266,0.011759398730305293,-0.18273407220840454,0.1505012810230255,-0.016409170588644884,-0.14572679996490479,0.1367030143737793,-0.03656427819112196,-0.11384117603302002,0.11867222189903259,-0.04551459733227148,-0.14115411043167114,0.07695001363754272,0.007986749747601607,-0.19410383701324463,0.09404656291007996,-0.023455719238313577,-0.144281268119812,0.08384254574775696,-0.03635591152885809,-0.11294862627983093,0.07110980153083801,-0.03625107068398847,-0.14187398552894592,0.027822762727737427,-0.0016310167342226123,-0.190218985080719,0.03914797306060791,-0.027952580487522027,-0.14486992359161377,0.03762814402580261,-0.022221482133659265,-0.11468079686164856,0.02948141098022461,-0.009627066327425382,-0.13542503118515015,-0.024081796407699585,-0.013541593922468564,-0.17734217643737793,-0.01231616735458374,-0.025001636481079004,-0.14648211002349854,-0.0032616853713989258,-0.01484150789508476,-0.12248119711875916,-0.004973173141479492,-0.002660121543499372,thumbs_down
0.0,0.0,0.0,-0.02219158411026001,0.09645417332649231,-0.015154026129636122,-0.05788254737854004,0.17853492498397827,-0.02378927139321263,-0.09543114900588989,0.23448824882507324,-0.035982725822719885,-0.12156060338020325,0.27822035551071167,-0.04432539796212609,-0.12965738773345947,0.1248452365398407,0.011106153337863134,-0.18208631873130798,0.14932167530059814,-0.017986371794137312,-0.14515569806098938,0.13590598106384277,-0.038830259495767905,-0.11253830790519714,0.11823046207427979,-0.04811614161113198,-0.13930204510688782,0.07588863372802734,0.005917908477243827,-0.19365084171295166,0.09338706731796265,-0.02574229581037457,-0.14414185285568237,0.08309093117713928,-0.03859984284022744,-0.11243319511413574,0.0709947943687439,-0.038774044865164115,-0.1399836540222168,0.02682328224182129,-0.004799154733660771,-0.19088444113731384,0.03831031918525696,-0.030681406760010077,-0.14601153135299683,0.036435097455978394,-0.024112578162345244,-0.11570587754249573,0.029190540313720703,-0.01137054027745421,-0.13343772292137146,-0.02475552260875702,-0.017685288244280173,-0.17737168073654175,-0.013694748282432556,-0.028614984506162955,-0.14685431122779846,-0.004568606615066528,-0.017509532773289038,-0.12223944067955017,-0.005126655101776123,-0.004915199854764296,thumbs_down
0.0,0.0,0.0,-0.02173447608947754,0.09646674990653992,-0.016267021330719444,-0.05866372585296631,0.1804654598236084,-0.02452140595269725,-0.09651303291320801,0.23841899633407593,-0.03619273486984298,-0.12408614158630371,0.28164201974868774,-0.0437189016069226,-0.13158529996871948,0.12677571177482605,0.012595276204223183,-0.1844916045665741,0.15207543969154358,-0.016339437248831246,-0.14673075079917908,0.1371716856956482,-0.036970046492939446,-0.11366599798202515,0.11854329705238342,-0.04597579050314948,-0.14179322123527527,0.07761290669441223,0.008075860184902695,-0.1959238052368164,0.0959184467792511,-0.023609071182733032,-0.1453622579574585,0.08521297574043274,-0.036626388462906334,-0.11322569847106934,0.07257771492004395,-0.036478133084898445,-0.14298570156097412,0.02791517972946167,-0.002251756055926535,-0.19275295734405518,0.040229201316833496,-0.028676872285728905,-0.14647117257118225,0.0382765531539917,-0.022519943448429558,-0.11581116914749146,0.030414998531341553,-0.009545389706914875,-0.1367044448852539,-0.024995774030685425,-0.0148039182226114,-0.17989209294319153,-0.012490987777709961,-0.026281322496657822,-0.14844155311584473,-0.003497093915939331,-0.015481691020255539,-0.12362140417098999,-0.004968196153640747,-0.002713066669826958,thumbs_down
0.0,0.0,0.0,-0.02182871103286743,0.09618943929672241,-0.015015426648915309,-0.05833917856216431,0.1789393424987793,-0.02345972377634098,-0.09624236822128296,0.2355564534664154,-0.035482712647080916,-0.12278088927268982,0.27964577078819275,-0.04365846570408394,-0.13054317235946655,0.12490770220756531,0.011097432488440973,-0.1832144856452942,0.14983364939689636,-0.018486597200990218,-0.14504170417785645,0.13572871685028076,-0.03915268238461067,-0.11182758212089539,0.11744925379753113,-0.0481078332272773,-0.1407909095287323,0.07591378688812256,0.00576344495812009,-0.1952001452445984,0.09389963746070862,-0.026646107992291945,-0.14366978406906128,0.08265358209609985,-0.03907948415553619,-0.11174127459526062,0.06982755661010742,-0.038544938525319594,-0.14177736639976501,0.026115208864212036,-0.00512054618275215,-0.19256627559661865,0.03798562288284302,-0.03172962795770218,-0.14589008688926697,0.03523296117782593,-0.02455319892442276,-0.11586612462997437,0.027815580368041992,-0.01107957735484888,-0.1351323425769806,-0.02607479691505432,-0.018097192606091994,-0.17905107140541077,-0.014448732137680054,-0.02925781775093128,-0.14716419577598572,-0.0057333409786224365,-0.017546427061915892,-0.12283101677894592,-0.006754323840141296,-0.004323579462379712,thumbs_down
0.0,0.0,0.0,-0.021480917930603027,0.09684325754642487,-0.0159487311692601,-0.05972939729690552,0.18189461529254913,-0.023787576422250822,-0.09857189655303955,0.2396104782819748,-0.0350227017851239,-0.12557527422904968,0.2829381078481674,-0.04195800767854507,-0.13380807638168335,0.12837110459804535,0.012789066232585355,-0.18721216917037964,0.15239958465099335,-0.01606488944605644,-0.14778468012809753,0.13710831105709076,-0.03616861598209198,-0.11512312293052673,0.11870740354061127,-0.04484245897845085,-0.1436850130558014,0.07801397144794464,0.008212085164927885,-0.19748497009277344,0.09442959725856781,-0.02336776973322685,-0.14519068598747253,0.08354051411151886,-0.035903021410263136,-0.11398431658744812,0.07217831909656525,-0.035441431865251616,-0.14484074711799622,0.027805283665657043,-0.00217435224556084,-0.1935742199420929,0.03894324600696564,-0.028725538119829253,-0.14611545205116272,0.037043675780296326,-0.02209787601248081,-0.11636734008789062,0.030011728405952454,-0.00880764023975189,-0.13862016797065735,-0.025587335228919983,-0.014718903876996592,-0.18198120594024658,-0.013970762491226196,-0.026059196978962973,-0.14971470832824707,-0.0053071528673172,-0.014895994864559725,-0.12536409497261047,-0.006416156888008118,-0.0019055857054581793,thumbs_down
0.0,0.0,0.0,-0.02236276865005493,0.09781524538993835,-0.01414944342502622,-0.06003302335739136,0.18147554993629456,-0.02221037185915975,-0.09842762351036072,0.23713847994804382,-0.03412084764966039,-0.12469297647476196,0.28152063488960266,-0.04226519278415708,-0.13295471668243408,0.12713775038719177,0.011953336939427572,-0.18476176261901855,0.15104073286056519,-0.01722593343981771,-0.1458013951778412,0.13610726594924927,-0.03818870446809797,-0.11203449964523315,0.11824998259544373,-0.04745183996089963,-0.14291086792945862,0.07723277807235718,0.0062536604779097615,-0.19634318351745605,0.09451991319656372,-0.02533920033999948,-0.14511165022850037,0.08344650268554688,-0.03822621441611318,-0.11239853501319885,0.0716659426689148,-0.03838764614590673,-0.1439034342765808,0.02644294500350952,-0.004872702240731996,-0.19443365931510925,0.03865501284599304,-0.030689467854585928,-0.1478498876094818,0.03558030724525452,-0.023826847962823194,-0.11681464314460754,0.028505712747573853,-0.010862224913921636,-0.1372181475162506,-0.026529043912887573,-0.018054523683872503,-0.1824820637702942,-0.015127956867218018,-0.028843577198472303,-0.1506471335887909,-0.006281167268753052,-0.017157369471874517,-0.12478229403495789,-0.006440684199333191,-0.00408772676416902,thumbs_down
0.0,0.0,0.0,-0.02206522226333618,0.0963253527879715,-0.014935193580924988,-0.06008267402648926,0.1800815910100937,-0.022798389193951607,-0.09768345952033997,0.23647679388523102,-0.034381367263733864,-0.12483710050582886,0.2797287255525589,-0.042143974450766564,-0.13273859024047852,0.12546353042125702,0.012007423678994655,-0.18584230542182922,0.15011052787303925,-0.016953289506375313,-0.14844194054603577,0.13550417125225067,-0.037951435891329766,-0.11430931091308594,0.11712945997714996,-0.0471824333047266,-0.14263424277305603,0.07522918283939362,0.006537872369051456,-0.19755291938781738,0.09173716604709625,-0.024860128757893563,-0.1478472352027893,0.08187331259250641,-0.03831616043800068,-0.11406552791595459,0.07061339914798737,-0.03868147730582905,-0.1438649296760559,0.024647846817970276,-0.004521878899424792,-0.19420412182807922,0.035466477274894714,-0.030564799902379036,-0.1486646831035614,0.03390519320964813,-0.02517982013279152,-0.11697086691856384,0.027244582772254944,-0.01297417934739542,-0.13760459423065186,-0.0286569744348526,-0.01767723820859146,-0.18214601278305054,-0.01771990954875946,-0.029291708019911766,-0.1515134572982788,-0.00889885425567627,-0.018924096596776963,-0.12558674812316895,-0.009128943085670471,-0.006552587726503134,thumbs_down
0.0,0.0,0.0,-0.022287428379058838,0.09624980390071869,-0.015420349005012213,-0.06038022041320801,0.17961351573467255,-0.023789335663764177,-0.0984099805355072,0.23526011407375336,-0.035764368872492014,-0.12661141157150269,0.2781897038221359,-0.04385667170151919,-0.13318884372711182,0.12517903745174408,0.011362556677909197,-0.1854754090309143,0.14921997487545013,-0.018076204385010897,-0.1475713551044464,0.13478045165538788,-0.039137697468845545,-0.11369365453720093,0.11685232818126678,-0.048280234138815104,-0.1431463658809662,0.07496200501918793,0.006020631485284866,-0.1977941393852234,0.0909743458032608,-0.02551633740529269,-0.14817607402801514,0.08132241666316986,-0.0387316333757326,-0.11486071348190308,0.07074590027332306,-0.03896928827032298,-0.14423733949661255,0.024238362908363342,-0.005001538123337923,-0.19510328769683838,0.03545241057872772,-0.03092259789571017,-0.15033414959907532,0.033621832728385925,-0.02534807163044661,-0.1194392740726471,0.027446910738945007,-0.013127905006854235,-0.1378037929534912,-0.02861703932285309,-0.018164637188760935,-0.18338900804519653,-0.017535805702209473,-0.029379429917185007,-0.15335959196090698,-0.008865728974342346,-0.018807404364793,-0.12790042161941528,-0.009114310145378113,-0.0064020456442221985,thumbs_down
0.0,0.0,0.0,-0.01999145746231079,0.09655922651290894,-0.016242136669291085,-0.05913311243057251,0.1812496781349182,-0.02464296245290143,-0.0990447998046875,0.23819279670715332,-0.03635217198444707,-0.1262187957763672,0.28188765048980713,-0.04392813840223653,-0.13241735100746155,0.12782159447669983,0.010554893451796943,-0.18681120872497559,0.15138652920722961,-0.019382835787666863,-0.14791390299797058,0.13544905185699463,-0.040332227435840196,-0.11375841498374939,0.11758863925933838,-0.04935965636087758,-0.1422291100025177,0.07648065686225891,0.005848307206349546,-0.19526126980781555,0.09103116393089294,-0.026301558551324433,-0.14393064379692078,0.07932847738265991,-0.03955387273146016,-0.11218038201332092,0.07024118304252625,-0.039801317688954896,-0.14407005906105042,0.025651991367340088,-0.004602225919200009,-0.19250285625457764,0.03470149636268616,-0.03144370341016156,-0.14598500728607178,0.032022327184677124,-0.02515442432178361,-0.11649966239929199,0.02733132243156433,-0.012373685327304429,-0.13871419429779053,-0.027635321021080017,-0.017205018040669984,-0.18147814273834229,-0.018548578023910522,-0.0288280616076122,-0.149740070104599,-0.010945409536361694,-0.017706812781227654,-0.1256120502948761,-0.009834915399551392,-0.004866992545260018,thumbs_down
0.0,0.0,0.0,-0.021842658519744873,0.09713760018348694,-0.015512968782104508,-0.06130993366241455,0.18196579813957214,-0.023739541318036572,-0.10047668218612671,0.2379125952720642,-0.035421854253627316,-0.12789279222488403,0.2817326486110687,-0.04318125769100334,-0.135827898979187,0.12776413559913635,0.011695192758224948,-0.1872192919254303,0.15054035186767578,-0.017805606495358006,-0.14877033233642578,0.13543209433555603,-0.03887701630196716,-0.11451444029808044,0.11841332912445068,-0.04804408028326179,-0.14557647705078125,0.07665896415710449,0.006547270439796193,-0.1977120339870453,0.09158658981323242,-0.02514177783928062,-0.1457623541355133,0.0806785523891449,-0.038292179252721326,-0.11324551701545715,0.07114672660827637,-0.03850816413364555,-0.1465180516242981,0.025087565183639526,-0.00426417253515865,-0.1964554488658905,0.03441157937049866,-0.03097182735405113,-0.14920955896377563,0.03213399648666382,-0.024854615699268834,-0.11879977583885193,0.027246028184890747,-0.01215935907862331,-0.13971877098083496,-0.027767181396484375,-0.01711035742960121,-0.18376988172531128,-0.018343523144721985,-0.028679309781409756,-0.15110361576080322,-0.009462445974349976,-0.017379373680569188,-0.12600603699684143,-0.008330374956130981,-0.004381077266998545,thumbs_down
0.0,0.0,0.0,-0.02192169427871704,0.09656587243080139,-0.016767835595260294,-0.06222212314605713,0.18238326907157898,-0.025140084676991137,-0.10306167602539062,0.2391147017478943,-0.036873616628895434,-0.13029134273529053,0.2842349708080292,-0.04453584214354578,-0.13601991534233093,0.12872818112373352,0.011969027690042822,-0.1899888515472412,0.15193971991539001,-0.017999878503928812,-0.1522083282470703,0.1370612382888794,-0.039463807248125704,-0.11758127808570862,0.1193854808807373,-0.04879448597932878,-0.1461060643196106,0.07675817608833313,0.007204435415019361,-0.19996950030326843,0.09175962209701538,-0.02528506179953638,-0.14963993430137634,0.081017404794693,-0.03950723668242517,-0.11639732122421265,0.07096734642982483,-0.04018899833465639,-0.14774250984191895,0.024981766939163208,-0.00344882987121764,-0.19732949137687683,0.03471764922142029,-0.030999955140600832,-0.15117844939231873,0.03267955780029297,-0.025954584010492,-0.11990880966186523,0.027131587266921997,-0.013617554098914297,-0.14206737279891968,-0.028636544942855835,-0.01623678801263395,-0.18531161546707153,-0.01745426654815674,-0.02850042877400938,-0.15360301733016968,-0.009269148111343384,-0.017966973014722498,-0.1281002163887024,-0.009407684206962585,-0.005278735306660565,thumbs_down
0.0,0.0,0.0,-0.022456228733062744,0.09694552421569824,-0.0168245244056493,-0.06314200162887573,0.18214425444602966,-0.025832725244811172,-0.10351040959358215,0.23774394392967224,-0.03823305808310806,-0.13095912337303162,0.283243328332901,-0.04665083207493126,-0.13768717646598816,0.12796691060066223,0.009809626710364228,-0.19004371762275696,0.15025952458381653,-0.020850995111516113,-0.15134382247924805,0.13597747683525085,-0.04239440106158554,-0.11661583185195923,0.11891701817512512,-0.051658605712702865,-0.14730924367904663,0.07601770758628845,0.004851005018451815,-0.200442373752594,0.09160596132278442,-0.02825071618264019,-0.14915156364440918,0.08062681555747986,-0.041875032264044876,-0.11590173840522766,0.06963074207305908,-0.04208409555559456,-0.1483699381351471,0.02388569712638855,-0.005889393410882349,-0.19897204637527466,0.03395989537239075,-0.0336095555902034,-0.15230095386505127,0.031505852937698364,-0.027877080741575355,-0.12084570527076721,0.02541673183441162,-0.015050704146972294,-0.1420668661594391,-0.029332265257835388,-0.018775140422633285,-0.18632155656814575,-0.018333733081817627,-0.030685334953716392,-0.15505355596542358,-0.009588927030563354,-0.01964115120773613,-0.12963995337486267,-0.009773999452590942,-0.00661892306362688,thumbs_down
0.0,0.0,0.0,-0.022012054920196533,0.09683778882026672,-0.016635891352962062,-0.06318998336791992,0.18150117993354797,-0.025000268896292255,-0.10440531373023987,0.23755893111228943,-0.03682641529030661,-0.13220682740211487,0.282755047082901,-0.04438615434355597,-0.13748103380203247,0.12842273712158203,0.011551405931641057,-0.1929309368133545,0.15009433031082153,-0.01797884360439639,-0.15397611260414124,0.1348871886730194,-0.038758298685024783,-0.11877363920211792,0.1180666983127594,-0.04766798981017928,-0.14662107825279236,0.07612606883049011,0.006783920037378266,-0.2006205916404724,0.09059274196624756,-0.024958459963272617,-0.1503239870071411,0.07944703102111816,-0.038520423998306796,-0.11681100726127625,0.06971704959869385,-0.03897275619692664,-0.1476866602897644,0.02429923415184021,-0.003840646310891316,-0.19853535294532776,0.03350147604942322,-0.031133141671489284,-0.15197420120239258,0.03149023652076721,-0.025923187215994403,-0.11945658922195435,0.02629941701889038,-0.013572930661212013,-0.14151158928871155,-0.029690921306610107,-0.01659113757796149,-0.18463504314422607,-0.019049614667892456,-0.02953981452174048,-0.1532686948776245,-0.010426819324493408,-0.019576454837988422,-0.12683594226837158,-0.010012075304985046,-0.007123004947970912,thumbs_down
0.0,0.0,0.0,-0.022870540618896484,0.09714648127555847,-0.01699439652173851,-0.06387382745742798,0.1823650300502777,-0.02598952159195278,-0.10563760995864868,0.2378997504711151,-0.03842463746576641,-0.1345614790916443,0.28260916471481323,-0.04647195368914936,-0.1385314166545868,0.1286923885345459,0.010366517753311655,-0.19186002016067505,0.14869651198387146,-0.020522907673409918,-0.15208777785301208,0.13360393047332764,-0.0422565492978606,-0.11676791310310364,0.11628803610801697,-0.05160652875810001,-0.14751046895980835,0.07596945762634277,0.005514612589934131,-0.20135998725891113,0.0897018313407898,-0.027387332468322256,-0.15056690573692322,0.07870480418205261,-0.04098117753773067,-0.11673614382743835,0.0681016743183136,-0.04136655509381626,-0.14785203337669373,0.02359187602996826,-0.00524875737636421,-0.19984769821166992,0.031899601221084595,-0.032815568446210364,-0.15328514575958252,0.029920727014541626,-0.02693377092390392,-0.12031868100166321,0.024341106414794922,-0.014066423586598376,-0.14097610116004944,-0.02989599108695984,-0.01825048431663845,-0.18588510155677795,-0.020203381776809692,-0.030317796691349486,-0.15534323453903198,-0.010385602712631226,-0.01955726772456501,-0.1287691295146942,-0.009691208600997925,-0.006706800143263081,thumbs_down
0.0,0.0,0.0,-0.023602008819580078,0.09780561923980713,-0.017235865935390393,-0.06515473127365112,0.18230700492858887,-0.025933124243920247,-0.10623466968536377,0.23812958598136902,-0.038035676002209584,-0.1353898048400879,0.2831398546695709,-0.045931153118317525,-0.13959935307502747,0.12731137871742249,0.011452351577872832,-0.1935426890850067,0.147985577583313,-0.019092293575113217,-0.15501737594604492,0.13278332352638245,-0.04112989839882175,-0.11896893382072449,0.11557638645172119,-0.05077870947093288,-0.1486678123474121,0.07457566261291504,0.006505520429755052,-0.20278340578079224,0.08819028735160828,-0.026007022827570836,-0.15237370133399963,0.07768046855926514,-0.04021900531620304,-0.11797848343849182,0.0679052472114563,-0.04103975009888927,-0.1490856409072876,0.022111564874649048,-0.004483043335085313,-0.20110824704170227,0.030369579792022705,-0.03238302853674213,-0.1546517014503479,0.028618335723876953,-0.027421053617899815,-0.12174564599990845,0.023680388927459717,-0.015150562978988091,-0.14168739318847656,-0.03209346532821655,-0.01768298272759239,-0.18571901321411133,-0.02219375967979431,-0.030874319493477742,-0.15444234013557434,-0.01290467381477356,-0.020821189626758496,-0.12798920273780823,-0.011897385120391846,-0.00832201645494024,thumbs_down
0.0,0.0,0.0,-0.023604929447174072,0.09750083088874817,-0.017926410089557976,-0.06481969356536865,0.18240544199943542,-0.027063325296467156,-0.10632342100143433,0.2378915250301361,-0.03957426386637053,-0.1367497742176056,0.2820826470851898,-0.047706505532687515,-0.1405830979347229,0.1274230182170868,0.010989970278615147,-0.19321617484092712,0.14695972204208374,-0.020385129626220078,-0.15379494428634644,0.1322147250175476,-0.04275362032217345,-0.11796078085899353,0.11493554711341858,-0.05237035664481482,-0.14932331442832947,0.07390150427818298,0.006371210545921713,-0.20225229859352112,0.0860467255115509,-0.027406433846181244,-0.1512088179588318,0.07583761215209961,-0.041902302082007736,-0.116853266954422,0.06603184342384338,-0.04255035730761847,-0.14937081933021545,0.020961642265319824,-0.004401189989721388,-0.20067620277404785,0.027412593364715576,-0.033026119943087906,-0.1543794870376587,0.026359468698501587,-0.02824720578951201,-0.12158253788948059,0.02222958207130432,-0.015704175706332535,-0.14191964268684387,-0.03292421996593475,-0.017415238793319077,-0.186926931142807,-0.024432212114334106,-0.030215045686190933,-0.15643775463104248,-0.014200285077095032,-0.020026862870281548,-0.1298806071281433,-0.012155145406723022,-0.007314146279668421,thumbs_down
0.0,0.0,0.0,-0.025442183017730713,0.0984046459197998,-0.016901596295440413,-0.0673404335975647,0.1823529303073883,-0.025707290353977896,-0.10865136981010437,0.23614144325256348,-0.03798879015704415,-0.13989895582199097,0.27931636571884155,-0.04614546600242875,-0.14180263876914978,0.12451803684234619,0.010969902542626642,-0.1951690912246704,0.14464128017425537,-0.019226929950320937,-0.15662100911140442,0.13160964846611023,-0.04106907624264977,-0.12034428119659424,0.11543011665344238,-0.05064440596362374,-0.15019583702087402,0.07114538550376892,0.0058843071248588785,-0.20461344718933105,0.08446818590164185,-0.026249955254399993,-0.1548253893852234,0.07556489109992981,-0.04045301381012223,-0.11989057064056396,0.06539779901504517,-0.04143785763045571,-0.15003079175949097,0.018128931522369385,-0.005129941119605519,-0.20304721593856812,0.026188522577285767,-0.032387857171499945,-0.1574035882949829,0.025774270296096802,-0.027721798824870802,-0.12378653883934021,0.02061101794242859,-0.015846003624403693,-0.1422121524810791,-0.036234065890312195,-0.018332864003980376,-0.18736135959625244,-0.02596774697303772,-0.03114057223757527,-0.15725529193878174,-0.015605807304382324,-0.021408243882262923,-0.13043630123138428,-0.014793068170547485,-0.009259364413821913,thumbs_down
0.0,0.0,0.0,-0.02510005235671997,0.09768056869506836,-0.0173567400335628,-0.06707924604415894,0.18150106072425842,-0.02651705565148177,-0.10910031199455261,0.23564526438713074,-0.03903949791782679,-0.1402096450328827,0.27946963906288147,-0.047356916314299724,-0.14120149612426758,0.12500637769699097,0.010204267965320923,-0.194549560546875,0.14420264959335327,-0.02009174758785548,-0.15416914224624634,0.13040444254875183,-0.041192026531632564,-0.11864927411079407,0.1144510805606842,-0.050206625556882045,-0.14982572197914124,0.07133913040161133,0.00561933805948911,-0.20392918586730957,0.08371740579605103,-0.027527512705262325,-0.15209904313087463,0.07449889183044434,-0.0412473992466289,-0.1180543303489685,0.06503793597221375,-0.04156198511117282,-0.14949485659599304,0.018557250499725342,-0.004840403518016956,-0.2026025354862213,0.0254402756690979,-0.03323975736492457,-0.1557348370552063,0.024661600589752197,-0.028006342893775127,-0.12272951006889343,0.0197584331035614,-0.015285732878680847,-0.14191663265228271,-0.03515295684337616,-0.017365131249960086,-0.1867932379245758,-0.024247080087661743,-0.030250109454925678,-0.156174898147583,-0.014116674661636353,-0.020009841492708347,-0.1303352415561676,-0.013680309057235718,-0.007336871421273372,thumbs_down
0.0,0.0,0.0,-0.0262911319732666,0.09786729514598846,-0.016867932190962165,-0.06865566968917847,0.1817530244588852,-0.02534369218892607,-0.11101189255714417,0.2357160598039627,-0.03732094194538149,-0.1429213583469391,0.27825333178043365,-0.04505213375932726,-0.14236515760421753,0.12345628440380096,0.012337961906723649,-0.19636836647987366,0.14225666224956512,-0.0178476779515222,-0.15899702906608582,0.12942548096179962,-0.03975374650008234,-0.12290811538696289,0.11341704428195953,-0.049330566337175696,-0.15079551935195923,0.07034258544445038,0.0072956213002726145,-0.20581573247909546,0.08250494301319122,-0.02460289027339968,-0.1571059226989746,0.07402177155017853,-0.03898327450997385,-0.12231940031051636,0.06443275511264801,-0.0400924573445991,-0.15057650208473206,0.01776115596294403,-0.0038364448378160887,-0.20372194051742554,0.024680987000465393,-0.031244976704783767,-0.15928208827972412,0.025050625205039978,-0.027372418230243056,-0.12579461932182312,0.020447328686714172,-0.01587474558300528,-0.1425909399986267,-0.03625166416168213,-0.01714671615309271,-0.1873202621936798,-0.026033326983451843,-0.030270690357156127,-0.1584574282169342,-0.015521988272666931,-0.021354457622237533,-0.13204362988471985,-0.014585882425308228,-0.009695288052625983,thumbs_down
0.0,0.0,0.0,-0.025219500064849854,0.0982188880443573,-0.016967942267115177,-0.06741845607757568,0.18256530165672302,-0.025754482745583118,-0.11103522777557373,0.23646414279937744,-0.0378765438491655,-0.14321395754814148,0.279227614402771,-0.045864993035252155,-0.14103752374649048,0.12375947833061218,0.010903740041499077,-0.19557875394821167,0.14351153373718262,-0.01957130365019566,-0.15694749355316162,0.13047650456428528,-0.04109719887321717,-0.12072569131851196,0.1141146719455719,-0.050335404723341526,-0.14965876936912537,0.07002177834510803,0.006040306035970389,-0.20473957061767578,0.08209213614463806,-0.026690651922876896,-0.15372812747955322,0.0721902847290039,-0.04045620679801232,-0.11955350637435913,0.06235921382904053,-0.04090235874002701,-0.1491091549396515,0.01729881763458252,-0.004742615185136856,-0.20301371812820435,0.024031639099121094,-0.03273832172101265,-0.15693268179893494,0.022886455059051514,-0.027331642135436596,-0.12411385774612427,0.01815888285636902,-0.014706926680560173,-0.14078563451766968,-0.0366864949464798,-0.017619951888377727,-0.18567582964897156,-0.02589184045791626,-0.030625651850755276,-0.15505492687225342,-0.01632225513458252,-0.020249308347160877,-0.12927895784378052,-0.01584237813949585,-0.007526351399178566,thumbs_down
0.0,0.0,0.0,-0.026877224445343018,0.09826979041099548,-0.01711799938658487,-0.06946563720703125,0.18192031979560852,-0.025027515259182564,-0.11278983950614929,0.23691701889038086,-0.03661011148670923,-0.1445786952972412,0.2796861529350281,-0.04371605057696115,-0.14312371611595154,0.12315517663955688,0.0156085417749523,-0.19882845878601074,0.14205873012542725,-0.014511341121590249,-0.1587861180305481,0.12911701202392578,-0.03624374781230699,-0.12230050563812256,0.11377257108688354,-0.0456986128208996,-0.15092185139656067,0.06955477595329285,0.010863654422962554,-0.20577585697174072,0.08139234781265259,-0.022334188115394227,-0.15356659889221191,0.07318761944770813,-0.03726192553023111,-0.11930590867996216,0.06493216753005981,-0.038190401983058564,-0.15014982223510742,0.016970962285995483,-0.00018583001821070866,-0.2032718062400818,0.02363675832748413,-0.029063094299829118,-0.15566489100456238,0.02432909607887268,-0.024405298647081963,-0.12243878841400146,0.020564913749694824,-0.01182640798816692,-0.1416623592376709,-0.03798505663871765,-0.013394471150434129,-0.1859910786151886,-0.02828201651573181,-0.026968071129715554,-0.1539853811264038,-0.017088770866394043,-0.017059052255547158,-0.12745612859725952,-0.015394791960716248,-0.004438264187967889,thumbs_down
0.0,0.0,0.0,-0.027460694313049316,0.09813790023326874,-0.016370430044446493,-0.06889885663986206,0.1816350668668747,-0.024603384933982397,-0.11207646131515503,0.23491178452968597,-0.03653719780555775,-0.1437063217163086,0.27711211144924164,-0.044321404225740935,-0.1428910493850708,0.12132154405117035,0.013885820828761553,-0.19611459970474243,0.13895876705646515,-0.015977033800993468,-0.15871122479438782,0.12824954092502594,-0.03788419944754651,-0.12225756049156189,0.11276374757289886,-0.04750446362010052,-0.15062105655670166,0.0679277628660202,0.008829242162789797,-0.20491236448287964,0.07891996204853058,-0.023357662759337927,-0.1556049883365631,0.07166756689548492,-0.03796983269563725,-0.1203223168849945,0.06203879415988922,-0.03912206871024182,-0.1494939923286438,0.015540912747383118,-0.0023168822895627272,-0.20243772864341736,0.02065052092075348,-0.03002686185351422,-0.15798309445381165,0.02227945625782013,-0.026501761205111052,-0.12407383322715759,0.018060997128486633,-0.015069959140930678,-0.14078515768051147,-0.03851895034313202,-0.015555650382850672,-0.18526721000671387,-0.029491618275642395,-0.028461666233454253,-0.15715596079826355,-0.017838940024375916,-0.019730841196690108,-0.1309514045715332,-0.016217604279518127,-0.008181461520109679,thumbs_down
0.0,0.0,0.0,-0.029034972190856934,0.0973217785358429,-0.018233188043240034,-0.07142573595046997,0.1810111701488495,-0.02738106119156214,-0.11634930968284607,0.23427054286003113,-0.039726572657826864,-0.15092158317565918,0.27595144510269165,-0.047761047805551016,-0.14301913976669312,0.1195618212223053,0.011783769738968886,-0.19743001461029053,0.13592112064361572,-0.018482149193886244,-0.160117506980896,0.12444394826889038,-0.040796550537351095,-0.12362578511238098,0.10983484983444214,-0.050898137117627584,-0.1506151258945465,0.06545931100845337,0.007558695425387896,-0.20510292053222656,0.07627895474433899,-0.024905369232300245,-0.15545639395713806,0.06831464171409607,-0.039963612879517996,-0.11998957395553589,0.059518963098526,-0.04174771773338648,-0.1490899622440338,0.01252603530883789,-0.0027851239655944937,-0.20191115140914917,0.017881274223327637,-0.031108037183884107,-0.15719124674797058,0.01923316717147827,-0.027487692038420164,-0.12271097302436829,0.01602904498577118,-0.01612711752474638,-0.1399831771850586,-0.04193560779094696,-0.015306985552314245,-0.18437322974205017,-0.03284211456775665,-0.029273838351372206,-0.1555679440498352,-0.02118276059627533,-0.020628689403537237,-0.12869083881378174,-0.018545478582382202,-0.009146220597330057,thumbs_down
