0.0,0.0,0.0,-0.056922852993011475,-0.057181715965270996,-0.012129201872653539,-0.0871242880821228,-0.1475011706352234,-0.021647971442348535,-0.06791538000106812,-0.21747148036956787,-0.03666405225396829,-0.03109663724899292,-0.2607683539390564,-0.05045762131214815,-0.07367610931396484,-0.26888507604599,-0.003644675335294778,-0.09606719017028809,-0.3744032680988312,-0.019588608613616998,-0.10776853561401367,-0.43403834104537964,-0.027848586758977945,-0.1169930100440979,-0.484764039516449,-0.03194071198106485,-0.028735220432281494,-0.2695038914680481,-0.015535715354985768,-0.013696730136871338,-0.39566659927368164,-0.03481884518862444,-0.008880317211151123,-0.470902681350708,-0.04674733275771814,-0.0038919448852539062,-0.5277915000915527,-0.05081919798851686,0.011646926403045654,-0.24529039859771729,-0.030235551616556222,-0.0013619661331176758,-0.29588884115219116,-0.060899848437315995,-0.022422611713409424,-0.23055624961853027,-0.06422276268006044,-0.029754161834716797,-0.17632383108139038,-0.05522388065458017,0.04602479934692383,-0.20977216958999634,-0.0460438265860148,0.02771824598312378,-0.2543143033981323,-0.06371669689417558,0.0038095712661743164,-0.21214747428894043,-0.05617608720660883,-0.008774816989898682,-0.17025351524353027,-0.04493558624983507,victory
0.0,0.0,0.0,-0.057057321071624756,-0.05580401420593262,-0.013356434341687873,-0.08799958229064941,-0.1461024284362793,-0.02301731535436602,-0.06794339418411255,-0.216000497341156,-0.0378278327846715,-0.03035569190979004,-0.26003432273864746,-0.05135152318717928,-0.07464975118637085,-0.26729291677474976,-0.0038874202148804216,-0.09711241722106934,-0.37217575311660767,-0.01948912085236998,-0.10852992534637451,-0.4319503605365753,-0.027472946953196242,-0.11716967821121216,-0.4830654263496399,-0.031288800921458915,-0.029980063438415527,-0.26791393756866455,-0.014869510356504634,-0.015223801136016846,-0.39247041940689087,-0.03359552302600832,-0.009714186191558838,-0.4669293165206909,-0.044897483822126105,-0.003943204879760742,-0.5232677757740021,-0.048443408843297675,0.010017871856689453,-0.2435646653175354,-0.028810164120216086,-0.003072798252105713,-0.2909427881240845,-0.05960028448345156,-0.024287819862365723,-0.22350502014160156,-0.06255980038287134,-0.031786203384399414,-0.1690537929534912,-0.053029405113477424,0.04383718967437744,-0.2080337405204773,-0.04390248113514872,0.026118457317352295,-0.25277841091156006,-0.061530726190824225,0.002976655960083008,-0.20912450551986694,-0.053405443366784766,-0.008954823017120361,-0.1669735312461853,-0.04162335225584002,victory
0.0,0.0,0.0,-0.056356847286224365,-0.055646538734436035,-0.011686055637085246,-0.08617693185806274,-0.14635944366455078,-0.020632330975615787,-0.06696587800979614,-0.2163364291191101,-0.03500065458484869,-0.03172135353088379,-0.26012784242630005,-0.04840329167910795,-0.07317173480987549,-0.26706433296203613,-0.0038067611820338243,-0.09602242708206177,-0.3715692162513733,-0.02017746930488329,-0.10761803388595581,-0.4314255118370056,-0.028795814789020824,-0.11642128229141235,-0.48252496123313904,-0.033248956031286525,-0.028908908367156982,-0.26821237802505493,-0.01575794135698061,-0.016234219074249268,-0.39295071363449097,-0.03541874764033537,-0.010376274585723877,-0.4678393602371216,-0.047580255842888164,-0.003705322742462158,-0.5253448188304901,-0.05174192664691191,0.0113486647605896,-0.24440771341323853,-0.03037813743122797,-0.0037308931350708008,-0.2918013334274292,-0.06159436581202726,-0.025218069553375244,-0.22617614269256592,-0.06492562470504026,-0.032399117946624756,-0.17350256443023682,-0.055950111425602245,0.04549533128738403,-0.208595871925354,-0.04601296288439016,0.024474263191223145,-0.2491486668586731,-0.06485854712792616,0.0010578632354736328,-0.20351135730743408,-0.05751054612466078,-0.00991910696029663,-0.16083037853240967,-0.04620316875644903,victory
0.0,0.0,0.0,-0.0558314323425293,-0.05771738290786743,-0.012423024465704202,-0.08612972497940063,-0.14890533685684204,-0.021804428612256288,-0.06622141599655151,-0.21946007013320923,-0.03650476313140416,-0.0283316969871521,-0.26092469692230225,-0.050078752403521776,-0.07304668426513672,-0.2670433521270752,-0.00444485056158328,-0.09485387802124023,-0.37246933579444885,-0.02093426226582551,-0.10640746355056763,-0.43240663409233093,-0.029597070952320337,-0.11582064628601074,-0.48305919766426086,-0.033895476674103975,-0.027859151363372803,-0.268713116645813,-0.015728198876047372,-0.0133475661277771,-0.3941051959991455,-0.035059894387984514,-0.008000433444976807,-0.46914955973625183,-0.04704442894961858,-0.002330005168914795,-0.5266890227794647,-0.05116191781070256,0.01324528455734253,-0.245749831199646,-0.029729020734691858,0.0006077885627746582,-0.2928329110145569,-0.05951038650181317,-0.020994246006011963,-0.22689956426620483,-0.06204500696566129,-0.02848196029663086,-0.17279738187789917,-0.05266607082393193,0.048111796379089355,-0.211250901222229,-0.044996946071648836,0.030069172382354736,-0.25260627269744873,-0.061563151841426134,0.006863117218017578,-0.21148741245269775,-0.0533922751894238,-0.0045386552810668945,-0.17130887508392334,-0.041837285225653886,victory
0.0,0.0,0.0,-0.05543351173400879,-0.05642765760421753,-0.01356383459716426,-0.086761474609375,-0.14792335033416748,-0.02317648241370307,-0.0668674111366272,-0.2202545404434204,-0.03811638662665473,-0.027972817420959473,-0.2609245181083679,-0.05195707315652953,-0.0741989016532898,-0.2658204436302185,-0.005332089961314068,-0.09594142436981201,-0.3715727925300598,-0.02328002313225852,-0.10685926675796509,-0.4320864677429199,-0.03304671356528388,-0.11572855710983276,-0.48404380679130554,-0.03827047953456031,-0.029275715351104736,-0.26809197664260864,-0.01643657544701682,-0.015230238437652588,-0.3936362862586975,-0.03721557790487395,-0.01027989387512207,-0.46803903579711914,-0.049689488951855765,-0.005575597286224365,-0.5262497663497925,-0.05420048767774688,0.01155310869216919,-0.24551916122436523,-0.030491538812214003,-0.002887904644012451,-0.293571412563324,-0.061993012671166525,-0.0238303542137146,-0.22650527954101562,-0.06448169285505401,-0.030651092529296875,-0.17227625846862793,-0.05479371780603515,0.04611611366271973,-0.2106418013572693,-0.04596388945429908,0.02687019109725952,-0.2529836893081665,-0.06403026962726699,0.0036724209785461426,-0.2100125551223755,-0.05626822123377906,-0.007219254970550537,-0.1687237024307251,-0.04487375402896987,victory
0.0,0.0,0.0,-0.056407153606414795,-0.05556809902191162,-0.013475071659115656,-0.08704453706741333,-0.14485090970993042,-0.023337988203195437,-0.067912757396698,-0.2155258059501648,-0.038267456015375956,-0.03156590461730957,-0.2594725489616394,-0.05188248308542143,-0.07445704936981201,-0.26414012908935547,-0.005218824391988619,-0.09578067064285278,-0.3700542151927948,-0.021693488603261812,-0.1064002513885498,-0.4299972653388977,-0.030290149172572,-0.1150858998298645,-0.4809724688529968,-0.034638963660029276,-0.029653549194335938,-0.26651233434677124,-0.01592892037871252,-0.015284180641174316,-0.3908419907093048,-0.03534591945054899,-0.010515928268432617,-0.46476805210113525,-0.04718294369223486,-0.00590592622756958,-0.5215899646282196,-0.051404714604643686,0.010772764682769775,-0.24450111389160156,-0.02948780359866987,-0.0013050436973571777,-0.29371166229248047,-0.059690289219645365,-0.022425830364227295,-0.22767168283462524,-0.06230422856452833,-0.030354559421539307,-0.1737263798713684,-0.05311337115409742,0.04540151357650757,-0.21103531122207642,-0.044368814697293146,0.028366267681121826,-0.2526090145111084,-0.06172784047367941,0.005273938179016113,-0.21060192584991455,-0.05423426630142103,-0.006955921649932861,-0.16996896266937256,-0.04319563882592092,victory
0.0,0.0,0.0,-0.05573612451553345,-0.0541994571685791,-0.013606247592690579,-0.08596658706665039,-0.14397919178009033,-0.023439593713703744,-0.06685024499893188,-0.21481943130493164,-0.038151119004908196,-0.03017735481262207,-0.258556067943573,-0.05153793106597959,-0.07346045970916748,-0.26342493295669556,-0.005996294420185677,-0.09483176469802856,-0.3699531555175781,-0.022283816810670487,-0.1053614616394043,-0.43034982681274414,-0.03061125623804628,-0.113525390625,-0.48139116168022156,-0.03473586971682607,-0.028768479824066162,-0.2653876543045044,-0.016629330914440743,-0.014594078063964844,-0.389888733625412,-0.03616914163154661,-0.009965598583221436,-0.46443119645118713,-0.04813396195692121,-0.004969954490661621,-0.5215537846088409,-0.052379239451113335,0.011328279972076416,-0.24316227436065674,-0.030001597579541794,0.00019484758377075195,-0.29173213243484497,-0.06039857129377424,-0.021178364753723145,-0.22539913654327393,-0.06300073127073347,-0.029371917247772217,-0.1713060736656189,-0.05369498963278829,0.04542165994644165,-0.21000152826309204,-0.044655047457638375,0.028918445110321045,-0.2529873847961426,-0.06250072280687391,0.006035327911376953,-0.21009379625320435,-0.054965142261210076,-0.006205141544342041,-0.16825652122497559,-0.043740831416073434,victory
0.0,0.0,0.0,-0.05337798595428467,-0.05254220962524414,-0.014358820068423483,-0.08340030908584595,-0.14291882514953613,-0.023555608141009543,-0.06467384099960327,-0.21527624130249023,-0.037590371119563315,-0.02844536304473877,-0.25939643383026123,-0.050376584428136084,-0.07223260402679443,-0.2646148204803467,-0.0053422755103156305,-0.09382909536361694,-0.37041884660720825,-0.02222366598505232,-0.10435611009597778,-0.43060246109962463,-0.030882944958989356,-0.11241614818572998,-0.48144662380218506,-0.035143928277079794,-0.02758699655532837,-0.2670856714248657,-0.015383956628625128,-0.01440584659576416,-0.3917989730834961,-0.034919915395562384,-0.00966799259185791,-0.466505229473114,-0.04668253068882677,-0.005064845085144043,-0.5237357318401337,-0.05068119396526072,0.013058483600616455,-0.24475514888763428,-0.028460794734542105,0.0003542304039001465,-0.2926468253135681,-0.059243032383506034,-0.020237624645233154,-0.22720390558242798,-0.06285821427661631,-0.02755075693130493,-0.17371737957000732,-0.054256530153338645,0.04752320051193237,-0.21038776636123657,-0.042928794073645804,0.029802680015563965,-0.246940016746521,-0.06157638286310885,0.00612795352935791,-0.20358753204345703,-0.0554945335264847,-0.0060141682624816895,-0.1632729172706604,-0.0452820487793133,victory
0.0,0.0,0.0,-0.05446827411651611,-0.05465120077133179,-0.015250008603914011,-0.08434486389160156,-0.1444053053855896,-0.024743328852935065,-0.06337463855743408,-0.21727007627487183,-0.039176325364394415,-0.024907231330871582,-0.2591162323951721,-0.052259693904204596,-0.07379978895187378,-0.26309627294540405,-0.0037725680082871804,-0.09626305103302002,-0.3672601580619812,-0.020517521588487853,-0.10667979717254639,-0.42725056409835815,-0.029561645401997794,-0.11496949195861816,-0.4777625501155853,-0.03422801108507656,-0.02899610996246338,-0.26558923721313477,-0.013558329133672942,-0.015179336071014404,-0.39019232988357544,-0.03344271616487049,-0.01067894697189331,-0.4643118679523468,-0.04562180401234173,-0.0067490339279174805,-0.5207869708538055,-0.04983680234698795,0.011517226696014404,-0.2427118420600891,-0.026659234477563132,-0.0011852383613586426,-0.2923732399940491,-0.058168361945433844,-0.021201252937316895,-0.22646349668502808,-0.061636637015624274,-0.02827972173690796,-0.1731162667274475,-0.05252445773629688,0.045747339725494385,-0.20736384391784668,-0.041231225295348395,0.029999077320098877,-0.2501789927482605,-0.059694166345877875,0.006967604160308838,-0.20792275667190552,-0.05277513997106098,-0.005297422409057617,-0.16686689853668213,-0.041930466009659995,victory
0.0,0.0,0.0,-0.054554104804992676,-0.055608153343200684,-0.0128405672022609,-0.08284592628479004,-0.14622044563293457,-0.0217137309247164,-0.062373459339141846,-0.21581894159317017,-0.035715331369033265,-0.025950610637664795,-0.25912022590637207,-0.04855793439685385,-0.07044929265975952,-0.26573532819747925,-0.00397360562249105,-0.09312582015991211,-0.37172091007232666,-0.020110433035483766,-0.10388720035552979,-0.4328211545944214,-0.02806676649390738,-0.11195021867752075,-0.4835762083530426,-0.03187471353351157,-0.02554798126220703,-0.26731276512145996,-0.015176522591104913,-0.012168526649475098,-0.3905737102031708,-0.03462134399353545,-0.007884562015533447,-0.46421748399734497,-0.04638620936214011,-0.0035660266876220703,-0.5199726819992065,-0.050226681911340165,0.014509499073028564,-0.24337238073349,-0.029281734534492898,0.001428842544555664,-0.28892195224761963,-0.06034490191279929,-0.01990729570388794,-0.2229626178741455,-0.06385722109018843,-0.027721822261810303,-0.17088109254837036,-0.055004430049052644,0.047548770904541016,-0.20749634504318237,-0.04453387581645529,0.028712093830108643,-0.24550241231918335,-0.06331411101757567,0.004965007305145264,-0.20157325267791748,-0.0566866444879679,-0.006949424743652344,-0.16134357452392578,-0.04596856706677954,victory
0.0,0.0,0.0,-0.05461311340332031,-0.05563384294509888,-0.014148913799772345,-0.08368998765945435,-0.14611315727233887,-0.02357820096517571,-0.06118851900100708,-0.2163335084915161,-0.037909074231038176,-0.022258460521697998,-0.25665444135665894,-0.051109334929833494,-0.07131266593933105,-0.26281750202178955,-0.005075062635341965,-0.09412145614624023,-0.3679375648498535,-0.021571146800170027,-0.10452908277511597,-0.4292897880077362,-0.030301498725066267,-0.11270511150360107,-0.4804072380065918,-0.034707176043639265,-0.02650207281112671,-0.2643091678619385,-0.015811035885462843,-0.014093458652496338,-0.38787639141082764,-0.035921125217328154,-0.009761512279510498,-0.4627561569213867,-0.04827353219593533,-0.005459725856781006,-0.5197666585445404,-0.052506892486462675,0.013604283332824707,-0.2403978705406189,-0.029461136563668333,0.001702427864074707,-0.2883833050727844,-0.06141661713922986,-0.017686545848846436,-0.22238057851791382,-0.06433946500624188,-0.024864256381988525,-0.1694156527519226,-0.05459711189473637,0.047180235385894775,-0.20407885313034058,-0.044334428860793196,0.030563831329345703,-0.24931186437606812,-0.06313052634800442,0.008461058139801025,-0.20643752813339233,-0.055077126725564085,-0.003590822219848633,-0.1643957495689392,-0.043180959775099836,victory
0.0,0.0,0.0,-0.05292755365371704,-0.05249977111816406,-0.013439695119643602,-0.08217692375183105,-0.1421329379081726,-0.02235621935852805,-0.06291520595550537,-0.2124287486076355,-0.03630517027505675,-0.02629190683364868,-0.2534893751144409,-0.04902110225685874,-0.07150989770889282,-0.26227283477783203,-0.004244931276673469,-0.09395837783813477,-0.36729109287261963,-0.020750183380926046,-0.10425734519958496,-0.4277927875518799,-0.02902556932696143,-0.11216229200363159,-0.47752270102500916,-0.032876394457900915,-0.027758419513702393,-0.26356834173202515,-0.014929334401870165,-0.015070199966430664,-0.3873956799507141,-0.03503484255799094,-0.01013094186782837,-0.4614115357398987,-0.0469707062018756,-0.004935264587402344,-0.5168445110321045,-0.05055553442963401,0.01186513900756836,-0.23999422788619995,-0.02856393507846633,-0.0016791224479675293,-0.28330278396606445,-0.060185193784320745,-0.022572100162506104,-0.21778255701065063,-0.063683684684122,-0.029877781867980957,-0.16632431745529175,-0.054345920450771246,0.04503452777862549,-0.20478004217147827,-0.0433519480300788,0.026901423931121826,-0.2443038821220398,-0.06213717139490882,0.004331707954406738,-0.19945365190505981,-0.05491058505305091,-0.00662839412689209,-0.15824437141418457,-0.04353306791909972,victory
0.0,0.0,0.0,-0.05379176139831543,-0.05516880750656128,-0.01299504913419014,-0.08247625827789307,-0.14672720432281494,-0.021481432728762684,-0.060679614543914795,-0.21686190366744995,-0.03511582944571501,-0.022886037826538086,-0.25842517614364624,-0.047620168663854656,-0.0706857442855835,-0.26286303997039795,-0.0035096260349405384,-0.09213340282440186,-0.3693537712097168,-0.019473858885760365,-0.10241013765335083,-0.4310232400894165,-0.027926140241618214,-0.11055129766464233,-0.4821704626083374,-0.03212896991550451,-0.026789486408233643,-0.2642749547958374,-0.014295764044220505,-0.015257596969604492,-0.3884417414665222,-0.03375694040238386,-0.010959923267364502,-0.4633493423461914,-0.04612935591518408,-0.005773782730102539,-0.520523726940155,-0.05050544325291639,0.012712836265563965,-0.24030452966690063,-0.027902877666349468,0.0007748603820800781,-0.2887784242630005,-0.05869198475062376,-0.01885402202606201,-0.22402220964431763,-0.061864132769699154,-0.02549004554748535,-0.17155778408050537,-0.05264836806833273,0.04573023319244385,-0.2043764591217041,-0.04269908253132826,0.029769718647003174,-0.2502132058143616,-0.06086076308071142,0.0067504048347473145,-0.20920038223266602,-0.05332285050332075,-0.005801379680633545,-0.16812384128570557,-0.041948529668445644,victory
0.0,0.0,0.0,-0.05210369825363159,-0.05152320861816406,-0.014062354099621643,-0.08159017562866211,-0.13940399885177612,-0.023034447562565674,-0.0636788010597229,-0.2100735306739807,-0.03683410188244807,-0.02861917018890381,-0.254164457321167,-0.04906725859331118,-0.07158225774765015,-0.2602924108505249,-0.004302807842066159,-0.0946773886680603,-0.3653724193572998,-0.020845506098737587,-0.10523247718811035,-0.4251278340816498,-0.028893656787147393,-0.11325424909591675,-0.4741508662700653,-0.03239063521908747,-0.02766132354736328,-0.2619491219520569,-0.014421283025910725,-0.016447365283966064,-0.3842974305152893,-0.034785121437778344,-0.012018799781799316,-0.45784807205200195,-0.04673537960337626,-0.007118165493011475,-0.5121729671955109,-0.05025965696262347,0.011483490467071533,-0.23864686489105225,-0.02762585109161364,-0.0012790560722351074,-0.2805514931678772,-0.05951132228659617,-0.02069777250289917,-0.2160995602607727,-0.06321399262236582,-0.027746260166168213,-0.1647874116897583,-0.05400195321129786,0.044384896755218506,-0.20445793867111206,-0.04204061975764262,0.027953267097473145,-0.24133682250976562,-0.061066828426589836,0.005143880844116211,-0.19703054428100586,-0.054447062072028984,-0.007341980934143066,-0.1562296748161316,-0.043487492707242836,victory
0.0,0.0,0.0,-0.05374211072921753,-0.05228537321090698,-0.012573658968108248,-0.08353638648986816,-0.14121586084365845,-0.020323321702676367,-0.06536340713500977,-0.2103995680809021,-0.03335522349436815,-0.030578434467315674,-0.25260722637176514,-0.045054821776943754,-0.07245630025863647,-0.26204466819763184,-0.0007565169499912372,-0.09615951776504517,-0.36434677243232727,-0.01606332372386987,-0.10803103446960449,-0.42340677976608276,-0.024126397925215315,-0.1172913908958435,-0.4714568257331848,-0.027807526769834112,-0.02880704402923584,-0.26194190979003906,-0.011607291656332563,-0.016581416130065918,-0.38618773221969604,-0.030616298797326635,-0.012912631034851074,-0.4603564739227295,-0.04283923517425592,-0.00827866792678833,-0.5148992240428925,-0.04669566314180429,0.010738372802734375,-0.23746025562286377,-0.025511634084182333,-0.0024319887161254883,-0.2836862802505493,-0.056468395995693754,-0.02267211675643921,-0.22110652923583984,-0.060723634916143965,-0.029252588748931885,-0.17001831531524658,-0.05189532275755937,0.04400348663330078,-0.20205962657928467,-0.04048884894211824,0.02721351385116577,-0.24408471584320068,-0.05856351416070993,0.005081593990325928,-0.2022654414176941,-0.051332457470493864,-0.005711019039154053,-0.16145539283752441,-0.039944457369642805,victory
0.0,0.0,0.0,-0.05386507511138916,-0.0544397234916687,-0.012211293711118287,-0.08227729797363281,-0.14413058757781982,-0.01996936535721261,-0.06131213903427124,-0.21206271648406982,-0.033013579233340806,-0.025582432746887207,-0.25229424238204956,-0.0449578434068485,-0.071574866771698,-0.26081550121307373,-0.0020071156628205244,-0.09376358985900879,-0.36473387479782104,-0.017559597997717447,-0.10488772392272949,-0.4251794219017029,-0.02581251485531766,-0.11338841915130615,-0.4753354489803314,-0.029638609646610803,-0.02766728401184082,-0.26265430450439453,-0.012836115232460088,-0.016897082328796387,-0.3846970200538635,-0.03150672165935475,-0.01328355073928833,-0.4587881565093994,-0.04307407586162526,-0.008780896663665771,-0.5152382552623749,-0.04664794428532559,0.012146949768066406,-0.23958545923233032,-0.02655408604329068,-0.0014093518257141113,-0.2848988175392151,-0.057253357752017564,-0.019642114639282227,-0.22032135725021362,-0.060836870952300615,-0.025110721588134766,-0.16835176944732666,-0.05162565855567891,0.04550570249557495,-0.20403701066970825,-0.04136213360612828,0.0280989408493042,-0.24511653184890747,-0.059399422987155504,0.004656314849853516,-0.20153993368148804,-0.05194155944769818,-0.0076751708984375,-0.15910720825195312,-0.040419955535583085,victory
0.0,0.0,0.0,-0.053525328636169434,-0.05344557762145996,-0.014484210639636785,-0.08146649599075317,-0.14024442434310913,-0.023854315980713636,-0.06116461753845215,-0.20819222927093506,-0.03815611149315146,-0.025797605514526367,-0.25021207332611084,-0.05092828790787962,-0.0713157057762146,-0.26140326261520386,-0.002930587857406408,-0.09355956315994263,-0.36287015676498413,-0.019073708682697088,-0.10501927137374878,-0.4210667014122009,-0.027613191633861334,-0.11380589008331299,-0.4692297577857971,-0.03172980318908003,-0.027206361293792725,-0.26145875453948975,-0.01318706921432522,-0.014709532260894775,-0.381828635931015,-0.03250432084445265,-0.0114898681640625,-0.454454243183136,-0.0445751107776573,-0.007478237152099609,-0.5089834928512573,-0.0486007675075939,0.012250065803527832,-0.23693037033081055,-0.02675532060806063,-0.0016130805015563965,-0.2791787385940552,-0.057638947620432646,-0.022035956382751465,-0.21610456705093384,-0.06159868161324766,-0.028729677200317383,-0.16690945625305176,-0.05287243868355063,0.04465138912200928,-0.20080828666687012,-0.0416560887837818,0.027737677097320557,-0.2396966814994812,-0.05932257021908072,0.006241321563720703,-0.19770002365112305,-0.052178484156172544,-0.003386855125427246,-0.15917909145355225,-0.04114474053625372,victory
0.0,0.0,0.0,-0.05266284942626953,-0.050042927265167236,-0.015315667157892676,-0.08054745197296143,-0.13724470138549805,-0.024284160127763244,-0.06033015251159668,-0.20534485578536987,-0.03771556205106208,-0.02536642551422119,-0.24750584363937378,-0.04968770629716346,-0.07210659980773926,-0.2576565742492676,-0.0029938920772565325,-0.09522157907485962,-0.3574375510215759,-0.019098108997468444,-0.10738539695739746,-0.4153421223163605,-0.027641257634286376,-0.11646616458892822,-0.4630753993988037,-0.03168830684376189,-0.029282867908477783,-0.25623828172683716,-0.012253359323267432,-0.01802617311477661,-0.3751627206802368,-0.031672314172510596,-0.014090895652770996,-0.4476243257522583,-0.04382089189243743,-0.009003877639770508,-0.5024928152561188,-0.04786281696510741,0.008988022804260254,-0.2313467264175415,-0.024869509404425116,0.00039374828338623047,-0.2758387327194214,-0.05652623659921119,-0.01930248737335205,-0.21296316385269165,-0.060948334997419806,-0.02668076753616333,-0.1629338264465332,-0.05230531877828071,0.0403674840927124,-0.19603478908538818,-0.03873928300095031,0.025061368942260742,-0.2319384217262268,-0.05783441699099967,0.0042417049407958984,-0.18886715173721313,-0.05160474441004226,-0.005284488201141357,-0.15016859769821167,-0.04087991303754279,victory
0.0,0.0,0.0,-0.05167359113693237,-0.05046212673187256,-0.014216458722842162,-0.07920897006988525,-0.13926702737808228,-0.023427680432689613,-0.058625638484954834,-0.20642060041427612,-0.03736905410875124,-0.021685659885406494,-0.24482250213623047,-0.049954749941719,-0.0707927942276001,-0.256822407245636,-0.004253245722395604,-0.0941152572631836,-0.3583509027957916,-0.02061076492060465,-0.10528731346130371,-0.41746068000793457,-0.029325027316701835,-0.11338889598846436,-0.4654160439968109,-0.03359591990698618,-0.027485549449920654,-0.2567979097366333,-0.014320480003846114,-0.016712844371795654,-0.37576574087142944,-0.03457536578167719,-0.013203799724578857,-0.44879475235939026,-0.047336235940349525,-0.008465588092803955,-0.5040343105792999,-0.05168518826354784,0.011561334133148193,-0.2329115867614746,-0.027370157018197006,0.0010706782341003418,-0.27675098180770874,-0.058727577626598304,-0.0180627703666687,-0.2131611704826355,-0.06260535895813746,-0.02505594491958618,-0.1624712347984314,-0.0536573085187797,0.04389923810958862,-0.19790363311767578,-0.04166913062323374,0.027641594409942627,-0.23468667268753052,-0.060425494164121574,0.00589674711227417,-0.19250977039337158,-0.053977441340578025,-0.005054116249084473,-0.15306013822555542,-0.04310344189394755,victory
0.0,0.0,0.0,-0.05231904983520508,-0.04968959093093872,-0.01454142427462557,-0.07939696311950684,-0.13882124423980713,-0.022828731149616033,-0.05858588218688965,-0.20743417739868164,-0.03584790176171282,-0.022705495357513428,-0.24738621711730957,-0.04748732170480707,-0.07188379764556885,-0.25529158115386963,-0.0021971870904735624,-0.09612756967544556,-0.35612040758132935,-0.018177465930762082,-0.10853058099746704,-0.41535988450050354,-0.026934820622386724,-0.11749464273452759,-0.4648911952972412,-0.031389828235091954,-0.028784334659576416,-0.25682610273361206,-0.011805466771306783,-0.018922865390777588,-0.37378859519958496,-0.03200098818558672,-0.01522296667098999,-0.4470391273498535,-0.04527647367137888,-0.009980320930480957,-0.5026500523090363,-0.050099573493184835,0.009728968143463135,-0.23448896408081055,-0.024578494414868146,-0.00038683414459228516,-0.27499669790267944,-0.055783084988775045,-0.01905083656311035,-0.21162402629852295,-0.059915307372989446,-0.02590852975845337,-0.16104364395141602,-0.051234103203000814,0.04151409864425659,-0.2016390562057495,-0.03874096965807894,0.026005566120147705,-0.23686134815216064,-0.057146034598531514,0.005850732326507568,-0.1933385729789734,-0.05076632222551325,-0.0037467479705810547,-0.15336817502975464,-0.04008216729778269,victory
0.0,0.0,0.0,-0.05178821086883545,-0.050568342208862305,-0.014775711407423842,-0.0792163610458374,-0.13702714443206787,-0.02417408797657572,-0.059137701988220215,-0.2051193118095398,-0.038305702914954054,-0.02329576015472412,-0.24629229307174683,-0.05093368824338995,-0.07134521007537842,-0.2544412612915039,-0.0030990904825785037,-0.09693199396133423,-0.35481691360473633,-0.019223085900307524,-0.1090782880783081,-0.4137086868286133,-0.027960683514834273,-0.11825525760650635,-0.46249669790267944,-0.03209225769853674,-0.028067409992218018,-0.2558876872062683,-0.013278881383598673,-0.01822727918624878,-0.3750438690185547,-0.03399063210702025,-0.016323864459991455,-0.4482862949371338,-0.04711563449120604,-0.013522803783416748,-0.5048369765281677,-0.051367636134386885,0.010561168193817139,-0.23353588581085205,-0.0265855130902537,-0.0012149214744567871,-0.2775651812553406,-0.0593353503546723,-0.018194973468780518,-0.21327155828475952,-0.06286227267003142,-0.02360934019088745,-0.1626548171043396,-0.05283237185096823,0.042479097843170166,-0.19924801588058472,-0.041105612476826536,0.02826058864593506,-0.24571585655212402,-0.059388525148392546,0.008091747760772705,-0.20353049039840698,-0.05094269599533163,-0.002377629280090332,-0.16174769401550293,-0.03847420897102438,victory
0.0,0.0,0.0,-0.05190235376358032,-0.04906660318374634,-0.016727491089284285,-0.07996737957000732,-0.13220369815826416,-0.027390329905927047,-0.061289966106414795,-0.2038414478302002,-0.04217991865533577,-0.02671658992767334,-0.25062263011932373,-0.05507944784420715,-0.07149475812911987,-0.25062328577041626,-0.004026002523630723,-0.09696441888809204,-0.35214418172836304,-0.020254726329028472,-0.10885483026504517,-0.4110792875289917,-0.029109922045051917,-0.11842989921569824,-0.4595385193824768,-0.033201730617463454,-0.029043972492218018,-0.2524966597557068,-0.012715176486551627,-0.01946347951889038,-0.37236636877059937,-0.033255255588471755,-0.01836460828781128,-0.4444354176521301,-0.045503075041949614,-0.016755521297454834,-0.4997994303703308,-0.049144035943925246,0.009228110313415527,-0.23160773515701294,-0.024754122638285025,-0.003910958766937256,-0.2798617482185364,-0.057742508866965636,-0.020090043544769287,-0.2139683961868286,-0.06000820807474838,-0.02397286891937256,-0.1617305874824524,-0.04900524652856575,0.04214590787887573,-0.19927740097045898,-0.03817005343097435,0.02658522129058838,-0.24553388357162476,-0.05727068222421394,0.006789088249206543,-0.20130258798599243,-0.04866448677438484,-0.0027788281440734863,-0.15803790092468262,-0.03581511861938225,victory
0.0,0.0,0.0,-0.051400840282440186,-0.049475908279418945,-0.013919364660466726,-0.0783843994140625,-0.136083722114563,-0.022571162320161875,-0.059046268463134766,-0.2051059603691101,-0.03601772990026575,-0.02464735507965088,-0.24747836589813232,-0.04806476365723711,-0.07096529006958008,-0.25308239459991455,-0.002522092777724083,-0.09626728296279907,-0.35354185104370117,-0.018386227078224238,-0.10850358009338379,-0.4122900366783142,-0.026815936900163706,-0.11773145198822021,-0.460729718208313,-0.030788357369090136,-0.02839982509613037,-0.25438636541366577,-0.012621884233738001,-0.018786370754241943,-0.3730795383453369,-0.032604495994235094,-0.016514480113983154,-0.44526511430740356,-0.04483992513218027,-0.013093650341033936,-0.500134289264679,-0.04867523070373636,0.009712815284729004,-0.231880784034729,-0.02580569591322046,-0.0018381476402282715,-0.2791997790336609,-0.058364602736617144,-0.01893913745880127,-0.21485453844070435,-0.06174208503165346,-0.024248838424682617,-0.16368383169174194,-0.051935832015658434,0.04155540466308594,-0.19740593433380127,-0.04008835460939508,0.02673548460006714,-0.24158835411071777,-0.05953493621149164,0.005801558494567871,-0.19735991954803467,-0.05202264245548349,-0.005307495594024658,-0.1546241044998169,-0.04016418661871057,victory
0.0,0.0,0.0,-0.0510941743850708,-0.050850093364715576,-0.015509483717153216,-0.07865285873413086,-0.1353893280029297,-0.02544581921375766,-0.06043368577957153,-0.20536494255065918,-0.03975624063588157,-0.025336086750030518,-0.25023984909057617,-0.05241499686218276,-0.0714423656463623,-0.250999391078949,-0.003637006586188818,-0.09671002626419067,-0.3517814874649048,-0.019804923176536704,-0.1089746356010437,-0.4106442630290985,-0.028430488273272658,-0.11932635307312012,-0.4593552350997925,-0.03239590892172828,-0.029212355613708496,-0.25307798385620117,-0.012903380520413066,-0.019230902194976807,-0.37328383326530457,-0.03323147663451209,-0.017885923385620117,-0.4446919560432434,-0.04496066862321868,-0.016236841678619385,-0.49972087144851685,-0.04816903763986602,0.009128749370574951,-0.23222070932388306,-0.025384407803187514,-0.003065824508666992,-0.28253620862960815,-0.058066966324815894,-0.019118785858154297,-0.21677488088607788,-0.05988270261860862,-0.02283000946044922,-0.16468381881713867,-0.04856812053895965,0.04223984479904175,-0.1995287537574768,-0.03914233142114654,0.028237879276275635,-0.2476571798324585,-0.05757319399691596,0.009192347526550293,-0.20449554920196533,-0.0484173394141294,0.00043767690658569336,-0.16216367483139038,-0.035279197931060935,victory
0.0,0.0,0.0,-0.0529705286026001,-0.052080631256103516,-0.01675791017038364,-0.08148878812789917,-0.134044349193573,-0.027717580118007845,-0.06487870216369629,-0.20449095964431763,-0.043090668537445254,-0.028331637382507324,-0.24803388118743896,-0.05669596514923114,-0.07429730892181396,-0.24692946672439575,-0.0038759317554308836,-0.09849202632904053,-0.3488706648349762,-0.02077922693712253,-0.10959649085998535,-0.40799480676651,-0.029966515519447512,-0.11899536848068237,-0.4568646550178528,-0.034149744578428454,-0.03224533796310425,-0.24958622455596924,-0.01245359427554149,-0.020552515983581543,-0.36970698833465576,-0.0329073788903429,-0.018725037574768066,-0.44117218255996704,-0.0444790991328432,-0.017564237117767334,-0.496661514043808,-0.04763942680580158,0.0064217448234558105,-0.23010528087615967,-0.024537957303948588,-0.007796227931976318,-0.28054195642471313,-0.056968414255209154,-0.02362138032913208,-0.2156936526298523,-0.058745772608347124,-0.026656270027160645,-0.16374295949935913,-0.047391218163795656,0.040482282638549805,-0.19897836446762085,-0.038093269833154864,0.02607172727584839,-0.24924027919769287,-0.055566952594347185,0.007065773010253906,-0.20819991827011108,-0.046210144676990694,-0.0017937421798706055,-0.16666728258132935,-0.03313668913466472,victory
0.0,0.0,0.0,-0.051826536655426025,-0.05111217498779297,-0.013155553018918908,-0.07947385311126709,-0.1352909803390503,-0.021865195123723424,-0.06140565872192383,-0.203546941280365,-0.035462737543753065,-0.026399612426757812,-0.24591988325119019,-0.0476473947002205,-0.07158553600311279,-0.2494872808456421,-0.0022313196624281773,-0.09525525569915771,-0.3502444624900818,-0.017742954654863752,-0.10657435655593872,-0.4087926149368286,-0.026066812215617574,-0.11537522077560425,-0.45731860399246216,-0.029954556836059965,-0.029371023178100586,-0.25200361013412476,-0.01236996193813411,-0.020519912242889404,-0.3702964782714844,-0.03129455120699731,-0.018268346786499023,-0.4418696165084839,-0.04306833492057649,-0.01476752758026123,-0.49607083201408386,-0.046825934661796964,0.008771181106567383,-0.23071718215942383,-0.025482232211402334,-0.0031891465187072754,-0.27498364448547363,-0.05586493433850137,-0.020611286163330078,-0.21189099550247192,-0.05866531701224176,-0.02581655979156494,-0.16114729642868042,-0.048929367674759305,0.04080694913864136,-0.19771039485931396,-0.03978220419423906,0.026343166828155518,-0.24177545309066772,-0.05697376327054826,0.005210816860198975,-0.2009945511817932,-0.048888944549730695,-0.006563842296600342,-0.15973806381225586,-0.03700837166445581,victory
0.0,0.0,0.0,-0.05126458406448364,-0.05249929428100586,-0.013677224874527383,-0.07811075448989868,-0.13697457313537598,-0.022715798005492616,-0.059282541275024414,-0.20576870441436768,-0.036715425908596444,-0.0242689847946167,-0.2490983009338379,-0.049273286372454095,-0.07033532857894897,-0.24650514125823975,-0.0025744926035713434,-0.09419482946395874,-0.34780120849609375,-0.01864818333092444,-0.10569179058074951,-0.4065283238887787,-0.027256811395318437,-0.1145753264427185,-0.4556470513343811,-0.031222286060483384,-0.02845156192779541,-0.24921852350234985,-0.012517556905777383,-0.018603622913360596,-0.3677363097667694,-0.03197106754782908,-0.017232656478881836,-0.43958181142807007,-0.043746404707462716,-0.014600932598114014,-0.49427294731140137,-0.04752347281578295,0.009485721588134766,-0.22829347848892212,-0.02555079421404116,-0.0015368461608886719,-0.2753838300704956,-0.056340892225534844,-0.01969730854034424,-0.2113928198814392,-0.05845703220370524,-0.025178968906402588,-0.16001546382904053,-0.04813995620611422,0.041632235050201416,-0.19585293531417847,-0.03984094074371569,0.02905452251434326,-0.24449211359024048,-0.056829654037983346,0.007907569408416748,-0.20505410432815552,-0.04805266147855036,-0.003863394260406494,-0.16428321599960327,-0.03575696459415667,victory
0.0,0.0,0.0,-0.051455795764923096,-0.05259287357330322,-0.012459789179445124,-0.07734346389770508,-0.13824546337127686,-0.020435045249939776,-0.057738304138183594,-0.2056228518486023,-0.033435559608221865,-0.023427605628967285,-0.24815607070922852,-0.04508999247121892,-0.06991356611251831,-0.24716687202453613,-0.0009611270601794786,-0.09320831298828125,-0.34811654686927795,-0.01608235459792695,-0.10443270206451416,-0.40671807527542114,-0.024133366309285975,-0.11318612098693848,-0.45557069778442383,-0.027923387251973963,-0.02784562110900879,-0.24961286783218384,-0.011228575147868014,-0.01808089017868042,-0.36698538064956665,-0.03011560138332925,-0.01637136936187744,-0.4385494291782379,-0.042107275463820315,-0.013356387615203857,-0.492672324180603,-0.04612349230814061,0.010008811950683594,-0.22838729619979858,-0.024429878927946902,-0.0005038976669311523,-0.27536630630493164,-0.054412516541958666,-0.018666207790374756,-0.2119591236114502,-0.05664375308919034,-0.024473607540130615,-0.1610775589942932,-0.04670562852192006,0.04202377796173096,-0.1961052417755127,-0.03878702852892957,0.02834010124206543,-0.24119514226913452,-0.05551360804605565,0.007591664791107178,-0.20185792446136475,-0.047115041651011325,-0.003299415111541748,-0.16268324851989746,-0.03516284633445821,victory
0.0,0.0,0.0,-0.05143088102340698,-0.05175447463989258,-0.012757041825409488,-0.07791781425476074,-0.13741540908813477,-0.02032404798870857,-0.058904409408569336,-0.20647138357162476,-0.032999344503934935,-0.02198314666748047,-0.2453552484512329,-0.04443921554690178,-0.06975561380386353,-0.24586361646652222,0.0005001140679610216,-0.09137868881225586,-0.3442808985710144,-0.013995328320618228,-0.10234922170639038,-0.4015946686267853,-0.021818181833680228,-0.11091345548629761,-0.45019659399986267,-0.025532253420408324,-0.028236806392669678,-0.24904018640518188,-0.009387958197351054,-0.01816195249557495,-0.36474621295928955,-0.027351528739984587,-0.015366971492767334,-0.436129093170166,-0.038931262081916884,-0.011347651481628418,-0.48990195989608765,-0.04276156831389244,0.009162545204162598,-0.2288886308670044,-0.022348828947599486,-0.0005741715431213379,-0.27338629961013794,-0.0517607148349839,-0.017800450325012207,-0.20973259210586548,-0.05423501167302902,-0.023122310638427734,-0.15772807598114014,-0.04436482895022209,0.04078775644302368,-0.19808191061019897,-0.03655731338864143,0.02765578031539917,-0.24227243661880493,-0.05254284698372658,0.00794452428817749,-0.20212048292160034,-0.044156428760345534,-0.0024021267890930176,-0.1614588499069214,-0.03230035710936363,victory
0.0,0.0,0.0,-0.050810158252716064,-0.051206350326538086,-0.01310468651922747,-0.07624661922454834,-0.1382121443748474,-0.020646241499207463,-0.05644601583480835,-0.2073206901550293,-0.03320536483647629,-0.019922912120819092,-0.2466064691543579,-0.04445828963639542,-0.06853359937667847,-0.24529141187667847,0.00034720487906270137,-0.09023553133010864,-0.34593841433525085,-0.013747498398743119,-0.10054594278335571,-0.40378880500793457,-0.020884535281084027,-0.10847848653793335,-0.45191362500190735,-0.02396549564423367,-0.026915907859802246,-0.2480924129486084,-0.009086106909535374,-0.016246438026428223,-0.36426517367362976,-0.026629597885630574,-0.013970911502838135,-0.43494391441345215,-0.03761604894521042,-0.010614454746246338,-0.4870024025440216,-0.04086085502626702,0.010327756404876709,-0.22852706909179688,-0.021687519742272343,0.0005849599838256836,-0.27479296922683716,-0.050656058831236805,-0.017454922199249268,-0.21225059032440186,-0.0535305449795942,-0.023133039474487305,-0.16100913286209106,-0.04396468122126862,0.04164838790893555,-0.19936543703079224,-0.03554105852367684,0.027795851230621338,-0.2415371537208557,-0.051320203585646595,0.007782936096191406,-0.2009958028793335,-0.043692168785355534,-0.0020412802696228027,-0.1609700322151184,-0.03234599251868531,victory
0.0,0.0,0.0,-0.05111563205718994,-0.05223959684371948,-0.012752800131750064,-0.07637399435043335,-0.13828766345977783,-0.020914723048520045,-0.05697333812713623,-0.2066950798034668,-0.034119804272961574,-0.022113680839538574,-0.2480526566505432,-0.045910701970171885,-0.06736534833908081,-0.2461422085762024,-0.0005403463724746871,-0.08987975120544434,-0.3469085693359375,-0.015193762140881972,-0.10130691528320312,-0.4044683575630188,-0.022865542093825297,-0.11053019762039185,-0.4527926445007324,-0.026388610596370654,-0.026078760623931885,-0.24815833568572998,-0.010573416831505256,-0.014896690845489502,-0.36495763063430786,-0.028680671820950465,-0.012164652347564697,-0.4349711537361145,-0.03966781205923553,-0.00863867998123169,-0.48773688077926636,-0.04302590421826835,0.010859668254852295,-0.22717398405075073,-0.02368246286602016,0.0006871819496154785,-0.27572011947631836,-0.053450581500840144,-0.017470479011535645,-0.2121589183807373,-0.05542115576059814,-0.023250699043273926,-0.16053873300552368,-0.04527308873326774,0.04215914011001587,-0.19538050889968872,-0.038000569562029796,0.02930295467376709,-0.2424294352531433,-0.05454890138895507,0.008694946765899658,-0.20267516374588013,-0.046158620039534526,-0.0021660923957824707,-0.1624242663383484,-0.03424917242915626,victory
0.0,0.0,0.0,-0.050660133361816406,-0.05285090208053589,-0.012632176518252436,-0.07600748538970947,-0.13946527242660522,-0.0205467345712691,-0.054593563079833984,-0.2069690227508545,-0.03351527103762919,-0.017693281173706055,-0.24404621124267578,-0.04533480876665408,-0.06727027893066406,-0.24551212787628174,-0.0007585304610415733,-0.08985364437103271,-0.3446640372276306,-0.015201374195328299,-0.10141527652740479,-0.402107298374176,-0.02276959666590983,-0.11051672697067261,-0.44988635182380676,-0.026253991067221705,-0.025592029094696045,-0.24794036149978638,-0.010543895192256514,-0.014989137649536133,-0.3633148670196533,-0.02847098582964236,-0.012810289859771729,-0.4335262179374695,-0.0394833760855704,-0.009672105312347412,-0.48609235882759094,-0.04286607378702456,0.011724114418029785,-0.22742849588394165,-0.023305356740763727,0.0021538138389587402,-0.275856077671051,-0.05276024365406329,-0.015705764293670654,-0.21279948949813843,-0.05516754859667117,-0.021543920040130615,-0.16056394577026367,-0.04527878040056521,0.04320245981216431,-0.19619137048721313,-0.03721830645184809,0.02980440855026245,-0.24202316999435425,-0.053503278881123606,0.00983428955078125,-0.20275640487670898,-0.04538541683535868,-0.0004500746726989746,-0.16241508722305298,-0.03364897543173129,victory
0.0,0.0,0.0,-0.05191272497177124,-0.051207125186920166,-0.014148704735134743,-0.07872968912124634,-0.13779735565185547,-0.022810488966797493,-0.05715370178222656,-0.20548546314239502,-0.03601123767862191,-0.01945596933364868,-0.24399232864379883,-0.04780618849167695,-0.06944501399993896,-0.24399328231811523,-0.0026040259092496854,-0.09267532825469971,-0.3451416492462158,-0.017183233080004356,-0.10385191440582275,-0.40265998244285583,-0.024593202424739502,-0.11326229572296143,-0.45003440976142883,-0.027773613137696884,-0.027323365211486816,-0.24558335542678833,-0.011643455391322277,-0.01636481285095215,-0.36226463317871094,-0.029818464098070763,-0.014576971530914307,-0.4318298399448395,-0.04072310033211579,-0.013162732124328613,-0.484673410654068,-0.043811958310698174,0.010522305965423584,-0.22508090734481812,-0.023743769181464813,-0.002453327178955078,-0.27148687839508057,-0.05378567430147996,-0.018581271171569824,-0.2089405059814453,-0.05618887769946923,-0.022718310356140137,-0.15791374444961548,-0.0459507964826571,0.04276299476623535,-0.1943979263305664,-0.03704694661269059,0.02879577875137329,-0.24384784698486328,-0.05325376245150437,0.00978773832321167,-0.2060251235961914,-0.04449198397765031,0.00018298625946044922,-0.16635149717330933,-0.03227142992386689,victory
0.0,0.0,0.0,-0.05004274845123291,-0.05196481943130493,-0.01427976052809754,-0.07687157392501831,-0.1385188102722168,-0.023136241469273955,-0.05334562063217163,-0.2051469087600708,-0.03629679429877797,-0.014231622219085693,-0.24196016788482666,-0.048300361368546874,-0.06798714399337769,-0.24232333898544312,-0.0048843595345715585,-0.09015607833862305,-0.34211665391921997,-0.019824678186068923,-0.10046488046646118,-0.3992522358894348,-0.02771081786204377,-0.10893869400024414,-0.4464477598667145,-0.03156062785137692,-0.02614152431488037,-0.24399036169052124,-0.013622183460483939,-0.014672696590423584,-0.35974544286727905,-0.03191810298312703,-0.012568295001983643,-0.4289736747741699,-0.04302310023058453,-0.010370254516601562,-0.4825347065925598,-0.04660976502646008,0.011669158935546875,-0.22301119565963745,-0.025188284102569014,0.0014542937278747559,-0.2695024013519287,-0.05398644331444302,-0.0157928466796875,-0.20710653066635132,-0.05558665293801823,-0.020959019660949707,-0.15747761726379395,-0.04546195093143979,0.0441279411315918,-0.19134026765823364,-0.03806283521998921,0.03141671419143677,-0.2391200065612793,-0.05379171866525212,0.012407362461090088,-0.2015923261642456,-0.04494108456719914,0.0028640031814575195,-0.16335052251815796,-0.032925358149896056,victory
0.0,0.0,0.0,-0.05057966709136963,-0.05031323432922363,-0.01361200299339771,-0.076141357421875,-0.1377207636833191,-0.02091257732587337,-0.05372101068496704,-0.2059333324432373,-0.03260459464269161,-0.015467703342437744,-0.24364936351776123,-0.043176160121731755,-0.06910425424575806,-0.2424839735031128,-0.0015126157528015938,-0.09047746658325195,-0.3411129117012024,-0.01550343532341003,-0.10111087560653687,-0.3987952470779419,-0.022823362538986203,-0.10990303754806519,-0.44653618335723877,-0.026332006717495915,-0.026884496212005615,-0.24590367078781128,-0.010155967364482876,-0.016756892204284668,-0.36014634370803833,-0.027519871408514973,-0.0142974853515625,-0.4304497241973877,-0.038828444594912526,-0.011260271072387695,-0.4825667142868042,-0.042636700833611485,0.010774552822113037,-0.22629797458648682,-0.021739010626845356,0.0033110976219177246,-0.2708788514137268,-0.05025808226542949,-0.014024317264556885,-0.20998400449752808,-0.053361331040434834,-0.02028125524520874,-0.15931236743927002,-0.044415780270867344,0.04261070489883423,-0.19647932052612305,-0.03452767890172481,0.030713975429534912,-0.23687249422073364,-0.050859683121018406,0.012087821960449219,-0.19747048616409302,-0.043712981904320714,0.0025309324264526367,-0.15827196836471558,-0.03282500144320011,victory
0.0,0.0,0.0,-0.05104178190231323,-0.05116260051727295,-0.016023601914810115,-0.07738286256790161,-0.13585877418518066,-0.025993590752648288,-0.055715858936309814,-0.2048584222793579,-0.039895446549223834,-0.018305540084838867,-0.246262788772583,-0.052297351460026675,-0.07090818881988525,-0.2406177520751953,-0.0061413986115326225,-0.09427100419998169,-0.34097301959991455,-0.022618032570051128,-0.10475850105285645,-0.39966529607772827,-0.03148982445435422,-0.11370575428009033,-0.4481845498085022,-0.03583786035613912,-0.028482377529144287,-0.24416810274124146,-0.014451510782407695,-0.017963707447052002,-0.360851526260376,-0.03435711334185498,-0.016374707221984863,-0.43122416734695435,-0.04636063570814031,-0.015097439289093018,-0.4859027862548828,-0.05024731303291219,0.01001596450805664,-0.2243378758430481,-0.02576741534011262,0.000279843807220459,-0.2710043787956238,-0.056154219011830264,-0.016421079635620117,-0.2096940279006958,-0.05826238686876195,-0.02162998914718628,-0.16082245111465454,-0.04816872770624059,0.04294097423553467,-0.1926693320274353,-0.038491511295603686,0.030905604362487793,-0.23872607946395874,-0.0553139313562383,0.011728823184967041,-0.20158547163009644,-0.0468801721437444,0.0016241073608398438,-0.16369831562042236,-0.034883753906058246,victory
0.0,0.0,0.0,-0.05242210626602173,-0.053984642028808594,-0.015475991251491905,-0.07815921306610107,-0.13726317882537842,-0.025341371143781544,-0.055122554302215576,-0.20487380027770996,-0.039270944962822796,-0.01774120330810547,-0.2456275224685669,-0.051926437834822536,-0.07102811336517334,-0.24180388450622559,-0.0058111362853878745,-0.09381747245788574,-0.34288138151168823,-0.02131737216802776,-0.1046634316444397,-0.40165355801582336,-0.029811898315870167,-0.11418545246124268,-0.4502522349357605,-0.034415092388712765,-0.02880382537841797,-0.2448974847793579,-0.014493274571918846,-0.017955482006072998,-0.36166858673095703,-0.03355635709556282,-0.017243146896362305,-0.43090683221817017,-0.04536585516723335,-0.01666182279586792,-0.48489993810653687,-0.04968892789872825,0.009299874305725098,-0.22431015968322754,-0.026150718400799633,0.0007967948913574219,-0.2766091227531433,-0.055282503435932995,-0.017404794692993164,-0.21610182523727417,-0.057618625531517864,-0.02379763126373291,-0.16721779108047485,-0.048585105756842495,0.04254889488220215,-0.1918102502822876,-0.03927003226669967,0.03222078084945679,-0.23970454931259155,-0.055388566176020504,0.0124739408493042,-0.20477187633514404,-0.04783638946207702,0.002061128616333008,-0.1689220666885376,-0.03715144849809349,victory
0.0,0.0,0.0,-0.05077582597732544,-0.05264633893966675,-0.015041945813777602,-0.07577985525131226,-0.1360476016998291,-0.024763596555771983,-0.05341017246246338,-0.20296066999435425,-0.0387737837942268,-0.016273796558380127,-0.2432403564453125,-0.05158477400857464,-0.0690355896949768,-0.24348390102386475,-0.0060613368028725745,-0.0931195616722107,-0.34461700916290283,-0.021810288852634585,-0.10374826192855835,-0.40365275740623474,-0.0300857213647987,-0.1121479868888855,-0.45285743474960327,-0.03423907359558598,-0.0265963077545166,-0.24761968851089478,-0.01496446908879534,-0.017229557037353516,-0.36193424463272095,-0.03390061979609982,-0.015429437160491943,-0.4313475489616394,-0.045605183890643275,-0.013095736503601074,-0.48379817605018616,-0.04967900862413899,0.0113486647605896,-0.2275397777557373,-0.026789303249302066,0.003306448459625244,-0.2729266881942749,-0.05608594914394871,-0.014925956726074219,-0.21088314056396484,-0.05890955155211941,-0.021910250186920166,-0.16108304262161255,-0.049969339123549616,0.043276190757751465,-0.19628024101257324,-0.03998913740235821,0.032302796840667725,-0.2385147213935852,-0.05638690789658085,0.01202237606048584,-0.2007858157157898,-0.04910000910479084,0.0004044175148010254,-0.16286581754684448,-0.03832622741776959,victory
0.0,0.0,0.0,-0.05089205503463745,-0.05224257707595825,-0.01673308106069271,-0.07650983333587646,-0.13399356603622437,-0.0275878002673835,-0.05428570508956909,-0.20090097188949585,-0.04240255894069378,-0.01900959014892578,-0.24064373970031738,-0.055830330568596764,-0.07109826803207397,-0.2443077564239502,-0.006785198095485612,-0.09609007835388184,-0.3402702212333679,-0.024156575071856423,-0.10806280374526978,-0.3971955180168152,-0.034470883178755685,-0.1180078387260437,-0.4443071484565735,-0.04034828858380024,-0.029399096965789795,-0.24760717153549194,-0.015693101081296845,-0.02294212579727173,-0.36120936274528503,-0.03678786100749676,-0.02191007137298584,-0.43004095554351807,-0.050382723081156655,-0.019650578498840332,-0.4826650321483612,-0.05574578137998287,0.0087471604347229,-0.2272137999534607,-0.027699499371692582,0.0029546022415161133,-0.2761121392250061,-0.05841244103316967,-0.013491272926330566,-0.2152562141418457,-0.06097638325695698,-0.01995140314102173,-0.16626346111297607,-0.051937692779347344,0.04195815324783325,-0.19362139701843262,-0.04129556285147373,0.032369375228881836,-0.23794448375701904,-0.05868569480185215,0.014473438262939453,-0.19883179664611816,-0.05081453638081257,0.005082607269287109,-0.16015487909317017,-0.039542757886692925,victory
0.0,0.0,0.0,-0.050901949405670166,-0.053871333599090576,-0.015623631116056913,-0.07514315843582153,-0.13553160429000854,-0.02590859511127519,-0.0529133677482605,-0.20226836204528809,-0.040403587903881544,-0.019375622272491455,-0.2444138526916504,-0.05359667741885232,-0.0701259970664978,-0.244437575340271,-0.005752961311543459,-0.09425854682922363,-0.3410264849662781,-0.023203943084979528,-0.10752397775650024,-0.39836645126342773,-0.03334657305111932,-0.11894458532333374,-0.44606131315231323,-0.038775736626291746,-0.027699649333953857,-0.24770420789718628,-0.015060499470735067,-0.022576570510864258,-0.36027055978775024,-0.035930408325100416,-0.02208775281906128,-0.4304513931274414,-0.04962102526059198,-0.019941091537475586,-0.4853495955467224,-0.05498096549143838,0.01122361421585083,-0.22707748413085938,-0.027425110500360006,0.0009284615516662598,-0.2662683129310608,-0.05861405858030366,-0.016488969326019287,-0.20588189363479614,-0.06234700062503862,-0.02275848388671875,-0.1581326127052307,-0.05376502328743982,0.044431209564208984,-0.1942489743232727,-0.04121015423169183,0.03110361099243164,-0.23494356870651245,-0.05907771938672113,0.011003971099853516,-0.19575512409210205,-0.051669100459719175,-4.1961669921875e-05,-0.1568659543991089,-0.040565492745543,victory
0.0,0.0,0.0,-0.05008041858673096,-0.051613688468933105,-0.015089132310833975,-0.07481116056442261,-0.13401800394058228,-0.024503365578141256,-0.052406489849090576,-0.19972264766693115,-0.03778587323614602,-0.01930135488510132,-0.2400858998298645,-0.04998172488996033,-0.06906843185424805,-0.24403101205825806,-0.005863262759532972,-0.09263616800308228,-0.3382348120212555,-0.022441149177041098,-0.10525572299957275,-0.394467294216156,-0.03231534776278977,-0.11640852689743042,-0.4412645101547241,-0.037889104755606695,-0.028287827968597412,-0.24583184719085693,-0.015091123478498503,-0.020929813385009766,-0.36069202423095703,-0.03474882659503464,-0.020677030086517334,-0.43070828914642334,-0.04767882120796685,-0.019573688507080078,-0.48508554697036743,-0.05289712217637543,0.008681118488311768,-0.22383177280426025,-0.027174678118910833,0.001829981803894043,-0.27429449558258057,-0.057026196690287634,-0.01412057876586914,-0.2151167392730713,-0.05990886357614045,-0.020060598850250244,-0.16802853345870972,-0.05145008531400208,0.04080110788345337,-0.18924307823181152,-0.04058320862242226,0.028280019760131836,-0.2297910451889038,-0.05806551543065552,0.010029792785644531,-0.18934375047683716,-0.05055468198844437,0.0012572407722473145,-0.15143632888793945,-0.03968032118865494,victory
0.0,0.0,0.0,-0.05065131187438965,-0.050282061100006104,-0.015396112306461873,-0.07676929235458374,-0.1337980031967163,-0.02436705651734883,-0.053657591342926025,-0.20032578706741333,-0.037354254825459066,-0.019304275512695312,-0.24115681648254395,-0.04924437190447861,-0.07152807712554932,-0.24437803030014038,-0.003967074873344245,-0.09437549114227295,-0.33816462755203247,-0.020524676619515958,-0.10638022422790527,-0.394283264875412,-0.030667148260818067,-0.1168939471244812,-0.441792368888855,-0.036418454451904836,-0.03050684928894043,-0.24743306636810303,-0.013210065393195691,-0.023418009281158447,-0.36059334874153137,-0.03297911371146256,-0.02313476800918579,-0.4317271113395691,-0.04630532274995858,-0.02218782901763916,-0.4881134033203125,-0.051757534696207586,0.007110714912414551,-0.22652888298034668,-0.025594673781142774,-0.0011730790138244629,-0.2710834741592407,-0.056311679734335485,-0.016753733158111572,-0.21109086275100708,-0.059934066338882985,-0.02236562967300415,-0.16409832239151,-0.051585672153578344,0.03967159986495972,-0.19303691387176514,-0.039385346426115575,0.026063382625579834,-0.23287665843963623,-0.05752093876753861,0.007376253604888916,-0.19015651941299438,-0.05024564052973801,-0.0019101500511169434,-0.15084081888198853,-0.039426130904303136,victory
0.0,0.0,0.0,-0.050294578075408936,-0.048122942447662354,-0.01439700753633133,-0.07465481758117676,-0.1314980387687683,-0.023288284551540528,-0.05270254611968994,-0.19795387983322144,-0.036386896979252015,-0.021163463592529297,-0.2409023642539978,-0.048539240967670594,-0.06960737705230713,-0.24169796705245972,-0.004790623795429383,-0.09153169393539429,-0.3361201584339142,-0.021004383575359498,-0.103537917137146,-0.39158639311790466,-0.030415895518103753,-0.11286664009094238,-0.43889546394348145,-0.03534317494575134,-0.029014408588409424,-0.24431735277175903,-0.014363726724127446,-0.022368669509887695,-0.3582000732421875,-0.03364935250226608,-0.021147608757019043,-0.42886391282081604,-0.04616384313646904,-0.017489492893218994,-0.4845048487186432,-0.051039212506452714,0.007793307304382324,-0.22319400310516357,-0.026858170639911805,0.00019407272338867188,-0.26899850368499756,-0.05752491683904282,-0.016494035720825195,-0.2082105278968811,-0.061077651690879975,-0.022052466869354248,-0.15941965579986572,-0.052643631708065186,0.03925448656082153,-0.1905810832977295,-0.040537846397796784,0.025880753993988037,-0.23300385475158691,-0.058788010042349015,0.006752490997314453,-0.1914196014404297,-0.05143974454347244,-0.002537369728088379,-0.15144455432891846,-0.04045853869263283,victory
0.0,0.0,0.0,-0.050799548625946045,-0.05011171102523804,-0.014282815666604165,-0.07668113708496094,-0.13280779123306274,-0.023452858948814992,-0.05599552392959595,-0.19858688116073608,-0.03682807231854213,-0.023659586906433105,-0.23932784795761108,-0.04907717327188266,-0.06992685794830322,-0.2432650923728943,-0.004828476855266217,-0.0926659107208252,-0.33764249086380005,-0.021378891119468335,-0.10521519184112549,-0.39395463466644287,-0.03116366038631213,-0.11617982387542725,-0.4406780004501343,-0.03647628197978747,-0.029161274433135986,-0.24518746137619019,-0.01468265852491868,-0.021410763263702393,-0.35897988080978394,-0.03465587417196048,-0.021423637866973877,-0.42867785692214966,-0.047837098637330655,-0.020451009273529053,-0.4837735593318939,-0.05300891915868533,0.008053064346313477,-0.22348427772521973,-0.027357605794179563,0.0007097721099853516,-0.27127236127853394,-0.05782701964091075,-0.01571786403656006,-0.2112787365913391,-0.060815428891885404,-0.021607398986816406,-0.16372275352478027,-0.05201712394665492,0.04017984867095947,-0.18917763233184814,-0.04128196606944812,0.02871251106262207,-0.23133045434951782,-0.05854558343600047,0.009551703929901123,-0.19232416152954102,-0.050577604720103864,-0.00038743019104003906,-0.15475505590438843,-0.03925335551213038,victory
0.0,0.0,0.0,-0.051692187786102295,-0.04929006099700928,-0.01495112530329834,-0.07861548662185669,-0.1317540407180786,-0.02437111507543932,-0.05959272384643555,-0.19831109046936035,-0.03786329510995756,-0.026800811290740967,-0.24040871858596802,-0.050047140153139935,-0.07225996255874634,-0.2415263056755066,-0.005153433470070468,-0.09737157821655273,-0.3368188142776489,-0.022032785745352612,-0.11066603660583496,-0.3936687707901001,-0.03154759812542807,-0.12232726812362671,-0.44003042578697205,-0.03610543120095144,-0.03098165988922119,-0.2442755103111267,-0.014531279498726235,-0.02390187978744507,-0.36069291830062866,-0.03509593713471304,-0.02523142099380493,-0.4308500289916992,-0.048317957254141675,-0.025880038738250732,-0.48528411984443665,-0.05280702892133604,0.006496131420135498,-0.22336304187774658,-0.026844631465166913,-0.0046179890632629395,-0.26985931396484375,-0.05878839972803007,-0.019053101539611816,-0.20978033542633057,-0.06291712033936392,-0.02233821153640747,-0.16253817081451416,-0.05383248958179365,0.0386735200881958,-0.1906411051750183,-0.04022102761456381,0.024799227714538574,-0.2350892424583435,-0.0578945982773007,0.005922853946685791,-0.1978350281715393,-0.05012027505227934,-0.00334852933883667,-0.16100192070007324,-0.03844083804079901,victory
0.0,0.0,0.0,-0.05247765779495239,-0.04983055591583252,-0.01632462312733196,-0.0830109715461731,-0.13145971298217773,-0.026428431843271483,-0.0674239993095398,-0.1974576711654663,-0.04015272167777084,-0.030870020389556885,-0.23691892623901367,-0.052426349942436445,-0.07637310028076172,-0.23906707763671875,-0.006365152646651495,-0.10336184501647949,-0.33469051122665405,-0.022461837728371847,-0.11556226015090942,-0.3906095027923584,-0.031289369438638914,-0.12685909867286682,-0.43720054626464844,-0.035560831998338926,-0.034617602825164795,-0.24217331409454346,-0.014568708476474512,-0.02693706750869751,-0.35833507776260376,-0.033561159496059645,-0.02671724557876587,-0.4256705641746521,-0.044729840581169356,-0.027428269386291504,-0.47883784770965576,-0.04802681935285591,0.0036145448684692383,-0.22248512506484985,-0.02589532790040039,-0.010020077228546143,-0.2707263231277466,-0.056978583906641234,-0.0234297513961792,-0.2108311653137207,-0.06064254475091957,-0.025942564010620117,-0.16303443908691406,-0.05140562412594818,0.03737783432006836,-0.1908056139945984,-0.038376618747463453,0.020761609077453613,-0.23386818170547485,-0.055383794580450285,0.002257704734802246,-0.1963748335838318,-0.047697745834341276,-0.006338059902191162,-0.1594524383544922,-0.03637285587643646,victory
0.0,0.0,0.0,-0.05060899257659912,-0.04668384790420532,-0.0160808925700735,-0.07976609468460083,-0.12856781482696533,-0.025719041861350433,-0.06675338745117188,-0.19569534063339233,-0.038769612945372955,-0.03292638063430786,-0.2368626594543457,-0.050408027060086624,-0.07397961616516113,-0.23416215181350708,-0.00781416978662719,-0.09933435916900635,-0.331481009721756,-0.02391662534301986,-0.11206275224685669,-0.38707372546195984,-0.03223428774600734,-0.12318581342697144,-0.4332556128501892,-0.03590632501965274,-0.03309905529022217,-0.23754024505615234,-0.015556130483503239,-0.02784627676010132,-0.3551952838897705,-0.034663620330150025,-0.0269353985786438,-0.42348769307136536,-0.04617035660868396,-0.024858176708221436,-0.4778411388397217,-0.04964606735831012,0.004746735095977783,-0.21775823831558228,-0.025990494452173607,-0.0075781941413879395,-0.26370614767074585,-0.056260450668389694,-0.02087092399597168,-0.20195871591567993,-0.05880609054094066,-0.022539496421813965,-0.1525360345840454,-0.04901127044087161,0.03776603937149048,-0.1870000958442688,-0.03761652756458034,0.022053241729736328,-0.2251681089401245,-0.054689231253917114,0.003226041793823242,-0.19105660915374756,-0.046859021223838226,-0.005325615406036377,-0.15725237131118774,-0.03525249186878909,victory
0.0,0.0,0.0,-0.05293053388595581,-0.04903054237365723,-0.014690220517991293,-0.08217668533325195,-0.131061851978302,-0.02379083277094196,-0.06536233425140381,-0.19403034448623657,-0.036815721703646886,-0.032967209815979004,-0.23620212078094482,-0.048718549473164785,-0.07438039779663086,-0.23704344034194946,-0.003760852780146706,-0.10082763433456421,-0.32768574357032776,-0.020462442351458776,-0.11418843269348145,-0.3820645809173584,-0.03053706341790985,-0.12554553151130676,-0.42833900451660156,-0.03569804893243145,-0.03323864936828613,-0.23992663621902466,-0.013039470812259424,-0.027787387371063232,-0.35392409563064575,-0.03287184627163242,-0.029306232929229736,-0.42384785413742065,-0.0460642056297047,-0.030062198638916016,-0.48286789655685425,-0.05083359794127773,0.0045258402824401855,-0.21993213891983032,-0.025325471697328794,-0.009885609149932861,-0.26713812351226807,-0.05698286013114284,-0.02330082654953003,-0.2060152292251587,-0.06069321946608852,-0.025131285190582275,-0.15844833850860596,-0.051409568799613226,0.03793013095855713,-0.18770045042037964,-0.03866239653336834,0.02133011817932129,-0.23035705089569092,-0.05633407847392391,0.004015624523162842,-0.1909826397895813,-0.04813592152106594,-0.0023708343505859375,-0.1541082262992859,-0.0361859613786919,victory
0.0,0.0,0.0,-0.05306386947631836,-0.04851675033569336,-0.01360675520049881,-0.08377277851104736,-0.13151705265045166,-0.020812941852682343,-0.06652665138244629,-0.19640839099884033,-0.03212669132994961,-0.03426790237426758,-0.23816555738449097,-0.04208346470045399,-0.07601171731948853,-0.23677599430084229,0.0012133891948451492,-0.1016702651977539,-0.32492223381996155,-0.012857124346965065,-0.11574754118919373,-0.37747064232826233,-0.02162597342180561,-0.12895745038986206,-0.42172834277153015,-0.02625578283118557,-0.036201417446136475,-0.24013453722000122,-0.00789116616147112,-0.031639277935028076,-0.35006335377693176,-0.02538041225420784,-0.03318595886230469,-0.41687390208244324,-0.037247866529696694,-0.03444516658782959,-0.4705502986907959,-0.04130094884681057,0.0007719993591308594,-0.22105228900909424,-0.020242966849082222,-0.01296466588973999,-0.2627147436141968,-0.05038823201107334,-0.02446448802947998,-0.20271992683410645,-0.05396973727988552,-0.026053786277770996,-0.15709656476974487,-0.044862050700658074,0.03389573097229004,-0.1906105875968933,-0.03361179693388294,0.018336474895477295,-0.23480862379074097,-0.05071228383826565,0.0035196542739868164,-0.19215989112854004,-0.04223062111782383,-0.0016115307807922363,-0.1530408263206482,-0.030234487864845505,victory
0.0,0.0,0.0,-0.05195993185043335,-0.04564887285232544,-0.011869369212774927,-0.08228445053100586,-0.13032793998718262,-0.01842713183560818,-0.06703734397888184,-0.19712871313095093,-0.02919421358802765,-0.03514927625656128,-0.23693746328353882,-0.03907924159267395,-0.0763137936592102,-0.23502546548843384,-0.0011798112171277353,-0.10014545917510986,-0.32500016689300537,-0.01585946245887726,-0.11332958936691284,-0.37708407640457153,-0.024370653692869837,-0.12538504600524902,-0.4211962819099426,-0.028623549405722315,-0.03696030378341675,-0.23798894882202148,-0.01068872040906399,-0.0341838002204895,-0.3503422737121582,-0.02860197811224907,-0.03478270769119263,-0.4172307848930359,-0.040576048333434755,-0.0338820219039917,-0.4706951677799225,-0.044629532981900866,0.00028264522552490234,-0.21922153234481812,-0.022783376414565737,-0.012002289295196533,-0.258043110370636,-0.05124366669753044,-0.024287104606628418,-0.19903677701950073,-0.054076567430286104,-0.025767385959625244,-0.15224844217300415,-0.04502962170937508,0.03337925672531128,-0.19016075134277344,-0.03588522239425629,0.017013072967529297,-0.22669732570648193,-0.05188236026862114,0.002021312713623047,-0.1865289807319641,-0.04344613863923996,-0.002392292022705078,-0.14905470609664917,-0.031559873510389025,victory
0.0,0.0,0.0,-0.05201989412307739,-0.04503679275512695,-0.011912662547274522,-0.08148634433746338,-0.12886381149291992,-0.018254796054407052,-0.06451785564422607,-0.19315499067306519,-0.02914807201568692,-0.03474569320678711,-0.2360522747039795,-0.03907250986640065,-0.07548153400421143,-0.23467719554901123,0.003023246291832038,-0.10103246569633484,-0.32037353515625,-0.011096240963979653,-0.11398160457611084,-0.3715779781341553,-0.020257323991700105,-0.12476855516433716,-0.41399794816970825,-0.02558751964215844,-0.03652536869049072,-0.24061769247055054,-0.007069025200053147,-0.03467440605163574,-0.34954309463500977,-0.02502613888327687,-0.03763306140899658,-0.41676998138427734,-0.03823008389417737,-0.03833729028701782,-0.46991804242134094,-0.043676897894783906,-1.621246337890625e-05,-0.22304898500442505,-0.020172823231860093,-0.01128244400024414,-0.2720744013786316,-0.049496214848204545,-0.02347850799560547,-0.21088802814483643,-0.052708432089730195,-0.026174843311309814,-0.16279977560043335,-0.04442032427732556,0.03265964984893799,-0.19293075799942017,-0.03435009346549123,0.01714158058166504,-0.23092836141586304,-0.0533565543705663,0.00186842679977417,-0.1863635778427124,-0.04679108412210553,-0.004471421241760254,-0.14603018760681152,-0.036205079417868546,victory
0.0,0.0,0.0,-0.050800323486328125,-0.046675682067871094,-0.012049196176860733,-0.07871997356414795,-0.12807881832122803,-0.019156728760037822,-0.060318052768707275,-0.19553643465042114,-0.03081638820532362,-0.028538405895233154,-0.2381894588470459,-0.0416856583959202,-0.07316625118255615,-0.23012793064117432,0.0011101714282517605,-0.10008782148361206,-0.3152093291282654,-0.01439205545995037,-0.11406254768371582,-0.36715346574783325,-0.02418850444320242,-0.12588739395141602,-0.4107931852340698,-0.030021558404598636,-0.035160064697265625,-0.23689013719558716,-0.009115881175432605,-0.03276258707046509,-0.348139226436615,-0.02833639539841215,-0.03487449884414673,-0.4154447913169861,-0.04191492766204874,-0.03501397371292114,-0.46973901987075806,-0.04758955061498682,0.0011358857154846191,-0.21896052360534668,-0.02224577114048998,-0.010165691375732422,-0.26931464672088623,-0.0527812157577614,-0.02444469928741455,-0.21047037839889526,-0.0570822571224312,-0.028696298599243164,-0.16484540700912476,-0.04948547005716364,0.03414815664291382,-0.18756526708602905,-0.03631191596451799,0.018877863883972168,-0.2276325225830078,-0.05573944270673792,0.001626729965209961,-0.18561142683029175,-0.049837252945337696,-0.006661355495452881,-0.1472582221031189,-0.0398790676898102,victory
0.0,0.0,0.0,-0.04876208305358887,-0.04732877016067505,-0.010786399595133389,-0.07691013813018799,-0.1293928623199463,-0.01682560925900134,-0.05844038724899292,-0.19681721925735474,-0.027649289346925343,-0.024340689182281494,-0.23622435331344604,-0.037698259927026356,-0.07426756620407104,-0.23085057735443115,0.00273725495145527,-0.10138243436813354,-0.31469523906707764,-0.011376274168185319,-0.11576208472251892,-0.3646291196346283,-0.020068737096778477,-0.1281026303768158,-0.4061098098754883,-0.02457632159411105,-0.03562396764755249,-0.23533332347869873,-0.0074441776384333025,-0.032735228538513184,-0.34689784049987793,-0.02527117764174136,-0.03371000289916992,-0.4155319631099701,-0.03815512580393943,-0.032824695110321045,-0.47018396854400635,-0.042901071138373936,0.001368105411529541,-0.21614670753479004,-0.02033450303196105,-0.00872790813446045,-0.25540971755981445,-0.049495654530517186,-0.02210789918899536,-0.1983013153076172,-0.054061374045602406,-0.025578975677490234,-0.15324336290359497,-0.0460454359424034,0.03369778394699097,-0.18523097038269043,-0.03405165893553885,0.019507288932800293,-0.22393548488616943,-0.05089390871643218,0.0032141804695129395,-0.184148907661438,-0.04349575040458831,-0.004128813743591309,-0.14570355415344238,-0.032342763967506016,victory
0.0,0.0,0.0,-0.05164068937301636,-0.04825681447982788,-0.012538388326049699,-0.07771939039230347,-0.12786990404129028,-0.021186164534867657,-0.060061752796173096,-0.1935896873474121,-0.03424777179139937,-0.03122013807296753,-0.23663479089736938,-0.04639228149432029,-0.07438772916793823,-0.23107671737670898,-0.001995057287842883,-0.10267850756645203,-0.3192792236804962,-0.017699084199250592,-0.11596342921257019,-0.3723163604736328,-0.027217556677044286,-0.12648245692253113,-0.4161958694458008,-0.03271221458095397,-0.03491705656051636,-0.23635774850845337,-0.012303669891537083,-0.029368162155151367,-0.3461742103099823,-0.03226734041351165,-0.03077453374862671,-0.4112657904624939,-0.045680304012478246,-0.03102046251296997,-0.4626277983188629,-0.05092305033582534,0.002714693546295166,-0.21785366535186768,-0.025316440454901112,-0.010099053382873535,-0.26339298486709595,-0.055648003659428014,-0.026894330978393555,-0.20482409000396729,-0.0590907120623001,-0.03301429748535156,-0.16005480289459229,-0.050899078092754735,0.03700476884841919,-0.18629568815231323,-0.03926116689223136,0.021650075912475586,-0.22888332605361938,-0.05752743869203414,0.003971457481384277,-0.18730705976486206,-0.05019622012156333,-0.004538178443908691,-0.14858222007751465,-0.03920513852614249,victory
0.0,0.0,0.0,-0.049291133880615234,-0.04597008228302002,-0.01357152230821157,-0.07639294862747192,-0.12778311967849731,-0.02303926192007566,-0.05753195285797119,-0.1943625807762146,-0.03677371434650922,-0.02554565668106079,-0.23550951480865479,-0.04957909799895788,-0.0737084150314331,-0.23056280612945557,-0.006197622155468707,-0.10328978300094604,-0.3211086094379425,-0.023152315167408233,-0.11767524480819702,-0.374698281288147,-0.03299317799292112,-0.1291043758392334,-0.4183630049228668,-0.038304238689761405,-0.03322559595108032,-0.23354589939117432,-0.01645361549935842,-0.029178917407989502,-0.34318670630455017,-0.03814371220551038,-0.02911233901977539,-0.4090181589126587,-0.052060767186503654,-0.02769601345062256,-0.4612189531326294,-0.0572922445066979,0.004543781280517578,-0.21351200342178345,-0.029174885822158103,-0.007730245590209961,-0.25437867641448975,-0.061530801577191596,-0.023033320903778076,-0.19311708211898804,-0.06442472629032636,-0.028084874153137207,-0.14668750762939453,-0.0549678198226502,0.037604570388793945,-0.1815466284751892,-0.042807734680991416,0.02114957571029663,-0.22750705480575562,-0.062026108724694495,0.0032072067260742188,-0.18600529432296753,-0.05338293976865316,-0.005763709545135498,-0.14491015672683716,-0.040980457437854056,victory
0.0,0.0,0.0,-0.04997909069061279,-0.04655718803405762,-0.012811280889195586,-0.07842186093330383,-0.12651550769805908,-0.02262764713702836,-0.06026315689086914,-0.19162708520889282,-0.03649928710399308,-0.02677786350250244,-0.228482186794281,-0.049693948691469814,-0.07017433643341064,-0.2274063229560852,-0.00722505348710456,-0.09807038307189941,-0.3139909505844116,-0.024291497757417346,-0.11106136441230774,-0.3655341863632202,-0.034748788093907024,-0.12093856930732727,-0.4087642729282379,-0.040965314125401164,-0.029620587825775146,-0.22902077436447144,-0.01757997005222478,-0.02442479133605957,-0.3387601971626282,-0.038696377640349056,-0.024067580699920654,-0.4035443663597107,-0.052028345977646495,-0.02276742458343506,-0.4569796621799469,-0.057339712148291255,0.008935928344726562,-0.20853114128112793,-0.030176798915249492,-0.0039675235748291016,-0.25236189365386963,-0.061008169417959834,-0.022524774074554443,-0.19380909204483032,-0.06316682985959687,-0.030641257762908936,-0.14934629201889038,-0.054167262380701686,0.04363071918487549,-0.17592298984527588,-0.04369766927300134,0.02659696340560913,-0.22003161907196045,-0.062242194181067134,0.007981479167938232,-0.17785930633544922,-0.05358107305107751,-0.0013260245323181152,-0.13817143440246582,-0.04165160945592561,victory
0.0,0.0,0.0,-0.04957789182662964,-0.0450206995010376,-0.014284052840196182,-0.07777988910675049,-0.1261361837387085,-0.023628021544539024,-0.05900835990905762,-0.19422262907028198,-0.0366285731557241,-0.026858866214752197,-0.23459762334823608,-0.048519539600931694,-0.06598871946334839,-0.22460514307022095,-0.005249393592350771,-0.09287378191947937,-0.3098428249359131,-0.021925675636850883,-0.10590186715126038,-0.35970452427864075,-0.031846354669653465,-0.11567288637161255,-0.4021543264389038,-0.03748746863635688,-0.025761961936950684,-0.22804862260818481,-0.01414888254436164,-0.02076631784439087,-0.3365384340286255,-0.03663331172498374,-0.019873499870300293,-0.4017946720123291,-0.051122828340851356,-0.01710200309753418,-0.4546569883823395,-0.056548054284178306,0.012272834777832031,-0.20972168445587158,-0.025462127244793464,-0.000462949275970459,-0.2487131953239441,-0.05779271847637801,-0.017765462398529053,-0.18749022483825684,-0.059713601088844825,-0.023949921131134033,-0.14123094081878662,-0.049528191751562645,0.04645603895187378,-0.18061590194702148,-0.03778683669003158,0.028811156749725342,-0.22096222639083862,-0.05703160814078956,0.01277923583984375,-0.17623978853225708,-0.04812459549935966,0.00701063871383667,-0.13612127304077148,-0.03529421514900832,victory
0.0,0.0,0.0,-0.04936873912811279,-0.04384958744049072,-0.013031386993077376,-0.07606765627861023,-0.1263822317123413,-0.02153766829445658,-0.05747652053833008,-0.1934310793876648,-0.033780968970802405,-0.026272833347320557,-0.2362309694290161,-0.04505833912566004,-0.0660271942615509,-0.22334331274032593,-0.004877609889206269,-0.09347134828567505,-0.3109717071056366,-0.020896622202542403,-0.10596364736557007,-0.361186683177948,-0.02969007681980429,-0.11517101526260376,-0.40403634309768677,-0.03468619216158686,-0.02485734224319458,-0.22755026817321777,-0.014140185191479304,-0.016629159450531006,-0.3383145332336426,-0.03545976359322367,-0.014612972736358643,-0.40338945388793945,-0.049759219623354056,-0.011569619178771973,-0.45452144742012024,-0.05535712394788561,0.012627780437469482,-0.20953351259231567,-0.025671861357238868,-0.0022929906845092773,-0.25081825256347656,-0.05662050399854479,-0.020062029361724854,-0.1929481029510498,-0.059729847348478415,-0.025686442852020264,-0.14862555265426636,-0.05120497126057444,0.04511845111846924,-0.1816408634185791,-0.03807275298908053,0.022758066654205322,-0.21475064754486084,-0.05750517476275263,0.006322681903839111,-0.17083680629730225,-0.050692699141052344,0.0021923184394836426,-0.1329060196876526,-0.03968550193980036,victory
0.0,0.0,0.0,-0.04994940757751465,-0.04534745216369629,-0.011276514087853684,-0.07626587152481079,-0.1291900873184204,-0.01858433504128243,-0.05801200866699219,-0.19607269763946533,-0.03038760815286423,-0.027182400226593018,-0.23892802000045776,-0.04132598247849728,-0.06345736980438232,-0.22729605436325073,-0.0004303817917161723,-0.08926358819007874,-0.31298333406448364,-0.015627054316041722,-0.10204765200614929,-0.36165672540664673,-0.024402476665613904,-0.11168181896209717,-0.40407413244247437,-0.029643285838005795,-0.02225703001022339,-0.23097318410873413,-0.01106134038889195,-0.016019821166992188,-0.34017255902290344,-0.03163739648186947,-0.01601541042327881,-0.4044914245605469,-0.045967213627932324,-0.014238297939300537,-0.45620453357696533,-0.05181943607055928,0.015377461910247803,-0.2121056318283081,-0.024125272226569905,-0.0018731355667114258,-0.2560045123100281,-0.055615126905081524,-0.021307945251464844,-0.19509339332580566,-0.05837809276306416,-0.02779144048690796,-0.1486344337463379,-0.04941922035538937,0.04748803377151489,-0.18247222900390625,-0.03795820456468846,0.023896336555480957,-0.2189611792564392,-0.05784288030588414,0.0058332085609436035,-0.17435193061828613,-0.050614405241844906,0.0006858706474304199,-0.13509219884872437,-0.03929062542044903,victory
0.0,0.0,0.0,-0.04965454339981079,-0.04802095890045166,-0.012256876697392727,-0.07428792119026184,-0.12971055507659912,-0.020512038042397762,-0.05746102333068848,-0.19537228345870972,-0.032942013015599514,-0.028020620346069336,-0.2394614815711975,-0.044139613529296184,-0.06453350186347961,-0.22849315404891968,-0.0012476002020775923,-0.09121865034103394,-0.3164851665496826,-0.01683506662175205,-0.10384923219680786,-0.36697497963905334,-0.025930333083124424,-0.11342105269432068,-0.4101862907409668,-0.03133759753927734,-0.02411860227584839,-0.23194730281829834,-0.011132437867672706,-0.014276504516601562,-0.34323668479919434,-0.03164512770399597,-0.012990236282348633,-0.40865910053253174,-0.04597246753201034,-0.010451853275299072,-0.4606684744358063,-0.05186107861027267,0.012462198734283447,-0.2124280333518982,-0.02353381658122089,-0.0034236907958984375,-0.2599707245826721,-0.05381240802034881,-0.02247488498687744,-0.20427435636520386,-0.05645998301133659,-0.028092682361602783,-0.16106659173965454,-0.047831342687459255,0.04412579536437988,-0.1820051074028015,-0.0368725146554425,0.022249817848205566,-0.21997523307800293,-0.05575778441652801,0.004919946193695068,-0.1783096194267273,-0.048630030026288296,0.0005895495414733887,-0.14129549264907837,-0.0375545631550267,victory
0.0,0.0,0.0,-0.04838705062866211,-0.047388553619384766,-0.012568005184164122,-0.07490944862365723,-0.12707924842834473,-0.02121453248940952,-0.05782899260520935,-0.19418877363204956,-0.034175709644785,-0.02525198459625244,-0.23654258251190186,-0.045790304253330305,-0.06493285298347473,-0.23103922605514526,-0.0006270824214311688,-0.09050831198692322,-0.32083576917648315,-0.016085534180035665,-0.1032501757144928,-0.3714783787727356,-0.02522335463248737,-0.11391058564186096,-0.41445741057395935,-0.030587830404272154,-0.024551749229431152,-0.2340046763420105,-0.010475696819355562,-0.013646423816680908,-0.3454388976097107,-0.030321690077414587,-0.012223422527313232,-0.41074323654174805,-0.043891724953880384,-0.010572373867034912,-0.4627091586589813,-0.04919090197466858,0.012285828590393066,-0.21333229541778564,-0.023058534423341825,-0.006666302680969238,-0.25570791959762573,-0.052708347151508406,-0.02285146713256836,-0.197637677192688,-0.0547084815897847,-0.025147736072540283,-0.15449625253677368,-0.0454279787936116,0.044100165367126465,-0.18140584230422974,-0.036755286911954954,0.020839989185333252,-0.21934813261032104,-0.05468745605134018,0.004558145999908447,-0.17707985639572144,-0.04683448077224739,0.002468109130859375,-0.14060598611831665,-0.035257940004100874,victory
0.0,0.0,0.0,-0.04876148700714111,-0.050853729248046875,-0.012493851048589022,-0.07361841201782227,-0.1344648003578186,-0.02035363429570225,-0.053101420402526855,-0.2010999321937561,-0.03245611154818562,-0.019320249557495117,-0.24544793367385864,-0.04336496108555821,-0.062134623527526855,-0.23327326774597168,0.0008539976773818125,-0.08758735656738281,-0.32204216718673706,-0.01381530371838835,-0.10014283657073975,-0.37238946557044983,-0.022200758022904665,-0.10955655574798584,-0.4158642590045929,-0.02679592223250893,-0.021001756191253662,-0.23635333776474,-0.008711267647981913,-0.010300934314727783,-0.34708648920059204,-0.027222499636650355,-0.008845984935760498,-0.4130890369415283,-0.04032683783555058,-0.006165444850921631,-0.46639442443847656,-0.0452812839426997,0.015873074531555176,-0.21579307317733765,-0.021144802136063845,-0.003650665283203125,-0.255595326423645,-0.05022943058395413,-0.019796311855316162,-0.19723254442214966,-0.05309866407299069,-0.02138674259185791,-0.15466493368148804,-0.044366449502945215,0.047269225120544434,-0.18482881784439087,-0.0346444662787917,0.023375213146209717,-0.21949809789657593,-0.05190745779657391,0.006630599498748779,-0.17660337686538696,-0.0442882631101611,0.004128873348236084,-0.14036601781845093,-0.03302464672708538,victory
0.0,0.0,0.0,-0.047214627265930176,-0.04658597707748413,-0.014977752160689306,-0.07260727882385254,-0.12632787227630615,-0.025126727227529955,-0.05496290326118469,-0.19274091720581055,-0.039007550035080385,-0.02242457866668701,-0.23704278469085693,-0.05146604210551686,-0.06436401605606079,-0.2313312292098999,-0.00535084439854927,-0.08934476971626282,-0.3234044313430786,-0.021811496396026087,-0.10113063454627991,-0.3748963475227356,-0.03106197521503873,-0.1108735203742981,-0.41899508237838745,-0.03633332804258771,-0.02258312702178955,-0.23479831218719482,-0.0143005688902349,-0.009982168674468994,-0.3477074205875397,-0.03501438528712697,-0.006917774677276611,-0.413362979888916,-0.04841445938166089,-0.003943204879760742,-0.46641668677330017,-0.05336148843582578,0.014682590961456299,-0.21407175064086914,-0.025963274691662264,-0.003548145294189453,-0.2552943825721741,-0.05630427405651517,-0.01917290687561035,-0.194923996925354,-0.057567955855688524,-0.020927369594573975,-0.1520940065383911,-0.047637874190172624,0.04611480236053467,-0.1819198727607727,-0.03890556276257939,0.02310037612915039,-0.21791493892669678,-0.05707349062379308,0.006920933723449707,-0.17471188306808472,-0.04860053763206906,0.005155205726623535,-0.13905978202819824,-0.03649478212412305,victory
0.0,0.0,0.0,-0.04532217979431152,-0.04619491100311279,-0.01605507547600382,-0.07001891732215881,-0.12553155422210693,-0.027457911545468505,-0.05404675006866455,-0.18931227922439575,-0.04259112479729765,-0.02391880750656128,-0.23294317722320557,-0.0565053262059223,-0.06250742077827454,-0.2322901487350464,-0.008834722476137813,-0.083886057138443,-0.3252953588962555,-0.027469912568165,-0.09436005353927612,-0.37867891788482666,-0.03785707804007643,-0.10253483057022095,-0.4238770008087158,-0.04369436206860655,-0.02165895700454712,-0.23380160331726074,-0.017720341706706222,-0.009281516075134277,-0.34491437673568726,-0.040393684083653625,-0.006530106067657471,-0.4086790084838867,-0.05405169355316275,-0.0031070709228515625,-0.4616052806377411,-0.05903080108208769,0.015232205390930176,-0.2126312255859375,-0.029355403060151275,-0.0033281445503234863,-0.25532013177871704,-0.0609751828257572,-0.021290361881256104,-0.1938357949256897,-0.06185155364318007,-0.02465277910232544,-0.1510661244392395,-0.051575638378096755,0.046741604804992676,-0.18024635314941406,-0.04240466284198874,0.024577736854553223,-0.21802479028701782,-0.061495889002515014,0.007617950439453125,-0.17573529481887817,-0.05345415698928946,0.004650473594665527,-0.1417454481124878,-0.04160466420097464,victory
0.0,0.0,0.0,-0.046515822410583496,-0.04644012451171875,-0.016480859890918964,-0.07017195224761963,-0.12508630752563477,-0.027678972632031673,-0.05273517966270447,-0.18907761573791504,-0.04216589272056126,-0.023201286792755127,-0.23523712158203125,-0.055096587688069576,-0.06207814812660217,-0.23203235864639282,-0.007625087220560545,-0.08347874879837036,-0.3257317543029785,-0.02462680876288914,-0.09390848875045776,-0.3781789541244507,-0.03385348483953976,-0.10203996300697327,-0.42305317521095276,-0.03870224073563122,-0.020906269550323486,-0.23425865173339844,-0.015759084895591968,-0.009623885154724121,-0.34323447942733765,-0.03644626081023716,-0.006793498992919922,-0.407590389251709,-0.049139773995023006,-0.0037648677825927734,-0.4602217972278595,-0.05358230561051869,0.015589773654937744,-0.2136974334716797,-0.026803210899572605,-0.0030974745750427246,-0.252893328666687,-0.057589686066251033,-0.01884549856185913,-0.19180047512054443,-0.059281545281749004,-0.02127939462661743,-0.14899247884750366,-0.049624762088399166,0.04642242193222046,-0.1825498342514038,-0.03919529035721325,0.024232089519500732,-0.21780061721801758,-0.05801715940270924,0.00776064395904541,-0.17410808801651,-0.05035865172777676,0.004530966281890869,-0.13889944553375244,-0.03879179298911595,victory
0.0,0.0,0.0,-0.04551297426223755,-0.046462297439575195,-0.017615646239676153,-0.07007265090942383,-0.12338143587112427,-0.029089063521780645,-0.051149606704711914,-0.18597763776779175,-0.04368550900773016,-0.01977294683456421,-0.23062676191329956,-0.05695855815366713,-0.06424751877784729,-0.23096299171447754,-0.00886433862552849,-0.08453971147537231,-0.323691725730896,-0.027026141178168928,-0.09459975361824036,-0.37695127725601196,-0.03735104773596731,-0.1026371419429779,-0.42239993810653687,-0.04285516787723509,-0.02272242307662964,-0.23287570476531982,-0.016491375979342138,-0.010300397872924805,-0.34099823236465454,-0.03737791825489012,-0.007680177688598633,-0.4043981730937958,-0.05005668301538435,-0.004972219467163086,-0.4573265016078949,-0.05450186331228224,0.013982236385345459,-0.21158313751220703,-0.027235815417327558,-0.0031832456588745117,-0.2507982850074768,-0.0583442618365666,-0.018129348754882812,-0.19045573472976685,-0.060423201065816556,-0.019402682781219482,-0.14882439374923706,-0.05088014353469816,0.04474055767059326,-0.17868518829345703,-0.03940234531120268,0.023981750011444092,-0.21664637327194214,-0.058447240036286985,0.008338093757629395,-0.17394667863845825,-0.05075766716555563,0.006202280521392822,-0.1393107771873474,-0.03906522889093367,victory
0.0,0.0,0.0,-0.046064913272857666,-0.04591411352157593,-0.015733304536183823,-0.07064056396484375,-0.12231773138046265,-0.026568376561840523,-0.05185464024543762,-0.18424737453460693,-0.04068304887994145,-0.022207319736480713,-0.23042887449264526,-0.05350630274995183,-0.06336674094200134,-0.23193347454071045,-0.008274900829633225,-0.08390927314758301,-0.324310839176178,-0.024715951746543396,-0.09468954801559448,-0.3773309290409088,-0.03362189895494794,-0.10355263948440552,-0.42185407876968384,-0.038134171730121125,-0.021610617637634277,-0.23234736919403076,-0.01662742449923371,-0.007802605628967285,-0.34147512912750244,-0.03589284337147092,-0.0033597350120544434,-0.406156450510025,-0.04761310583933209,0.0006525516510009766,-0.4586700201034546,-0.05158343083246564,0.014606356620788574,-0.20956069231033325,-0.027844081735452164,-0.0028447508811950684,-0.2494947910308838,-0.05772064915879582,-0.018507540225982666,-0.1907753348350525,-0.06045843950494145,-0.020570039749145508,-0.14932763576507568,-0.05174691147192334,0.044679224491119385,-0.17660492658615112,-0.04021720505340909,0.024714529514312744,-0.21603405475616455,-0.05845324612243985,0.007856786251068115,-0.17554813623428345,-0.05127768508179997,0.003878176212310791,-0.14155876636505127,-0.040279268389781464,victory
0.0,0.0,0.0,-0.04573696851730347,-0.047044336795806885,-0.015887030112821776,-0.06969863176345825,-0.12406927347183228,-0.02678894502230378,-0.05087566375732422,-0.18658268451690674,-0.04126385850020142,-0.0198858380317688,-0.23129284381866455,-0.05440169823475571,-0.06302592158317566,-0.23260635137557983,-0.006989364690412003,-0.0846860408782959,-0.32494378089904785,-0.02420204383440705,-0.09575176239013672,-0.37761813402175903,-0.03358028707214089,-0.10436609387397766,-0.42143118381500244,-0.038149240139205176,-0.021856307983398438,-0.2334478497505188,-0.015474215793688018,-0.00858527421951294,-0.34161972999572754,-0.035544327172715384,-0.005066037178039551,-0.40601205825805664,-0.04728115973182412,-0.001497030258178711,-0.4577232003211975,-0.0507846648723671,0.014445245265960693,-0.21101975440979004,-0.02707503427870961,-0.003417372703552246,-0.2505815625190735,-0.058173785629946906,-0.018749892711639404,-0.19052457809448242,-0.060768461498696524,-0.01994401216506958,-0.14889174699783325,-0.051279409501034934,0.044988036155700684,-0.17719638347625732,-0.03984254849262925,0.02527463436126709,-0.2180500030517578,-0.05870908749409409,0.00904911756515503,-0.17570209503173828,-0.05112478015132638,0.0061789751052856445,-0.1407870650291443,-0.03942862776227685,victory
0.0,0.0,0.0,-0.046415746212005615,-0.04619103670120239,-0.016339382849196227,-0.07148364186286926,-0.12385815382003784,-0.02679726550684336,-0.05193048715591431,-0.1861487627029419,-0.04052991303012732,-0.020991921424865723,-0.23198336362838745,-0.05295354755924109,-0.06537854671478271,-0.234765887260437,-0.006534839741448195,-0.08770644664764404,-0.3271464705467224,-0.023386326379636557,-0.09933799505233765,-0.38046491146087646,-0.032692911795834334,-0.10845756530761719,-0.42508405447006226,-0.03732465835616949,-0.023945927619934082,-0.23609280586242676,-0.014886918238858016,-0.010991454124450684,-0.3443644046783447,-0.03462792443440321,-0.007078051567077637,-0.40985527634620667,-0.04679626481936339,-0.0030855536460876465,-0.46302273869514465,-0.0506528268973625,0.011980712413787842,-0.21362179517745972,-0.026397247559884818,-0.004269123077392578,-0.2522153854370117,-0.05810861917541388,-0.019340813159942627,-0.1915370225906372,-0.0615083749811447,-0.02115046977996826,-0.15047770738601685,-0.05245229857371214,0.04216378927230835,-0.17934978008270264,-0.03900221618221167,0.023541748523712158,-0.2185381054878235,-0.05936724575565222,0.008175075054168701,-0.17252928018569946,-0.05231552826569441,0.005836784839630127,-0.13610559701919556,-0.04067530365989569,victory
0.0,0.0,0.0,-0.04709082841873169,-0.046123385429382324,-0.01609539684250194,-0.07161569595336914,-0.12605291604995728,-0.02672857489778835,-0.04978519678115845,-0.19126182794570923,-0.04068889167501766,-0.016910791397094727,-0.23830074071884155,-0.053189915384791675,-0.06579694151878357,-0.23579633235931396,-0.006743453222952667,-0.0888998806476593,-0.32840800285339355,-0.023676830123804393,-0.10131430625915527,-0.38141709566116333,-0.032646448131345096,-0.11137151718139648,-0.4255940318107605,-0.037151646580241504,-0.023536324501037598,-0.23860853910446167,-0.015499170649491134,-0.010350227355957031,-0.3492743968963623,-0.03505674820735294,-0.006361842155456543,-0.4140017330646515,-0.046854634549163166,-0.0027524828910827637,-0.4657421112060547,-0.05047170143916446,0.01321876049041748,-0.21603870391845703,-0.027370466630600276,-0.0030605196952819824,-0.25376492738723755,-0.058280342038415256,-0.018565714359283447,-0.19224387407302856,-0.060645696486972156,-0.020778119564056396,-0.15142112970352173,-0.051123489405654254,0.04421532154083252,-0.18086189031600952,-0.04041131656958896,0.024725019931793213,-0.21855247020721436,-0.06006169390275318,0.009443581104278564,-0.17274129390716553,-0.05237991061403591,0.007140934467315674,-0.13689643144607544,-0.04041990336372692,victory
0.0,0.0,0.0,-0.04697185754776001,-0.048297882080078125,-0.017240546389416522,-0.07214075326919556,-0.12778371572494507,-0.027818096547321147,-0.048937976360321045,-0.1908930540084839,-0.0414806359698332,-0.016100645065307617,-0.23634105920791626,-0.053721880285934276,-0.0650533139705658,-0.2361619472503662,-0.007253168827787704,-0.08935403823852539,-0.3283524513244629,-0.023564364506796665,-0.10165572166442871,-0.3809316158294678,-0.03251535233755476,-0.11128479242324829,-0.4257320165634155,-0.037290373562768764,-0.022677361965179443,-0.23890936374664307,-0.015077844939128227,-0.011855661869049072,-0.34830719232559204,-0.03402955245871908,-0.007295429706573486,-0.4129873514175415,-0.04545344573159582,-0.002751946449279785,-0.4650936424732208,-0.049048045395807094,0.014801979064941406,-0.21673274040222168,-0.026232180862621135,-0.003265380859375,-0.2532115578651428,-0.057054402052358455,-0.018202364444732666,-0.19363391399383545,-0.060467453419164485,-0.020087003707885742,-0.15419012308120728,-0.051794482140735454,0.046533405780792236,-0.18243420124053955,-0.038660486905769176,0.026974380016326904,-0.2208489179611206,-0.05821149584551222,0.01206284761428833,-0.17540806531906128,-0.05129947674174673,0.010085761547088623,-0.13978779315948486,-0.04019880083103544,victory
0.0,0.0,0.0,-0.04726123809814453,-0.044602274894714355,-0.01885145762008733,-0.07202807068824768,-0.12364739179611206,-0.030753901684704488,-0.05001842975616455,-0.18881773948669434,-0.045393333295407956,-0.016629278659820557,-0.23460233211517334,-0.05826652840715951,-0.06584444642066956,-0.23763668537139893,-0.008434598790529435,-0.08884042501449585,-0.3284275233745575,-0.025443535754504865,-0.10087409615516663,-0.3810412585735321,-0.03477461309176988,-0.10977983474731445,-0.4251175820827484,-0.03984849200588769,-0.021967649459838867,-0.24133676290512085,-0.015841620499315923,-0.011733531951904297,-0.34929904341697693,-0.03554063335997171,-0.007224440574645996,-0.4134371280670166,-0.047352780113044446,-0.0026578903198242188,-0.46492478251457214,-0.05123212979179925,0.016726315021514893,-0.21982985734939575,-0.02667475909930772,0.002710402011871338,-0.25635987520217896,-0.05771089763385362,-0.013199865818023682,-0.19402813911437988,-0.059933681497398084,-0.017436504364013672,-0.15263009071350098,-0.05053721041423387,0.049633562564849854,-0.185519278049469,-0.038951147804084485,0.03224152326583862,-0.2220001220703125,-0.05843115271073884,0.017619848251342773,-0.17614984512329102,-0.05076612950307435,0.014424741268157959,-0.1408679485321045,-0.03911542193037576,victory
0.0,0.0,0.0,-0.04683864116668701,-0.04196983575820923,-0.022791092323188877,-0.07025301456451416,-0.11972355842590332,-0.035697433205371,-0.04557597637176514,-0.18632590770721436,-0.050351790191655255,-0.012304306030273438,-0.2334997057914734,-0.06308533162069807,-0.06705397367477417,-0.2376280426979065,-0.012943745629911518,-0.09105774760246277,-0.33264613151550293,-0.030687986912255383,-0.10372763872146606,-0.3881676197052002,-0.04026370406342039,-0.11371245980262756,-0.4342767000198364,-0.04524040505481253,-0.02362346649169922,-0.24050354957580566,-0.018235522361521816,-0.010635137557983398,-0.34970155358314514,-0.038713886441712475,-0.0044318437576293945,-0.416108638048172,-0.05038845077348242,0.0013110637664794922,-0.4679582118988037,-0.053915756793742275,0.013261198997497559,-0.21813786029815674,-0.027203836517458058,0.006622910499572754,-0.25626999139785767,-0.05986422583652029,-0.007087767124176025,-0.19506841897964478,-0.06251022875500212,-0.010460257530212402,-0.1533353328704834,-0.05283397346926222,0.04373282194137573,-0.18369609117507935,-0.037801220120911694,0.03267514705657959,-0.22421306371688843,-0.05886102751088629,0.01900404691696167,-0.17707711458206177,-0.05129825607133398,0.015527546405792236,-0.1393999457359314,-0.039244479538922405,victory
0.0,0.0,0.0,-0.04731130599975586,-0.041780173778533936,-0.021826793536547484,-0.06979399919509888,-0.11868548393249512,-0.03455047225952512,-0.04568856954574585,-0.18373775482177734,-0.049351609408859076,-0.013956904411315918,-0.23177236318588257,-0.06242753854394323,-0.06595182418823242,-0.2385547161102295,-0.011670310147110285,-0.09102880954742432,-0.33174124360084534,-0.028669244706634345,-0.10352388024330139,-0.38717806339263916,-0.03807098707557088,-0.1135973334312439,-0.43403252959251404,-0.043460848838094535,-0.022143959999084473,-0.24246519804000854,-0.017691801398996176,-0.008396565914154053,-0.3516770601272583,-0.038116979509595694,-0.0022806525230407715,-0.4166784882545471,-0.0500658146142996,0.002759993076324463,-0.4679740071296692,-0.05412529698014623,0.01408696174621582,-0.22041445970535278,-0.027267855688933196,0.007637619972229004,-0.2655820846557617,-0.05940157091617948,-0.004167795181274414,-0.2023468017578125,-0.06100444784760839,-0.006611347198486328,-0.15982025861740112,-0.05109824901819593,0.04457324743270874,-0.1852799654006958,-0.03844888797402746,0.03365546464920044,-0.2295604944229126,-0.058993569672111335,0.02110743522644043,-0.18148255348205566,-0.05091995662451154,0.01826798915863037,-0.1435508131980896,-0.03882602146268255,victory
0.0,0.0,0.0,-0.044895172119140625,-0.043163836002349854,-0.023899832742131366,-0.06806230545043945,-0.11859911680221558,-0.03809085674754442,-0.045539677143096924,-0.18353867530822754,-0.054103108124650134,-0.011877715587615967,-0.22977995872497559,-0.06806046329609217,-0.06365621089935303,-0.2390660047531128,-0.01295924559406103,-0.08692973852157593,-0.32927870750427246,-0.03229018859735788,-0.09939989447593689,-0.38303142786026,-0.043527191506541385,-0.10930335521697998,-0.4290429949760437,-0.04993950389496149,-0.01957094669342041,-0.24301820993423462,-0.018118068577564372,-0.005517065525054932,-0.35052070021629333,-0.039678001778042926,0.0023999810218811035,-0.4151896834373474,-0.05248145200482668,0.009864449501037598,-0.46909523010253906,-0.057009031997836246,0.018878638744354248,-0.2213069200515747,-0.02714742720297636,0.011117875576019287,-0.2584964632987976,-0.05934339203110994,-0.004397153854370117,-0.19604450464248657,-0.061635913329041614,-0.009454548358917236,-0.1552666425704956,-0.052120333539164676,0.051817476749420166,-0.18681740760803223,-0.03821004741064371,0.040962159633636475,-0.2207202911376953,-0.0582618173228866,0.0263519287109375,-0.17593133449554443,-0.05117757059804262,0.02182590961456299,-0.14269870519638062,-0.03986851312390627,victory
0.0,0.0,0.0,-0.04394441843032837,-0.04368489980697632,-0.02273653590179947,-0.06562113761901855,-0.11873513460159302,-0.03518245884276894,-0.04230862855911255,-0.18341505527496338,-0.04968280487753418,-0.009576261043548584,-0.2283034324645996,-0.06245039545990494,-0.06611430644989014,-0.23710429668426514,-0.010396164404824049,-0.08966714143753052,-0.32782265543937683,-0.028986118296757013,-0.10096108913421631,-0.3840188980102539,-0.03948193931080368,-0.11007368564605713,-0.4316287934780121,-0.045150184566750795,-0.022325098514556885,-0.2413097620010376,-0.015477948384955198,-0.0053449273109436035,-0.3483406901359558,-0.03631686561800507,0.003041386604309082,-0.4118967056274414,-0.04789779850341347,0.009677588939666748,-0.4638807773590088,-0.05126320713259247,0.015049576759338379,-0.22003132104873657,-0.024576980183496744,0.007140934467315674,-0.2588122487068176,-0.057204680080189974,-0.007106900215148926,-0.1973627209663391,-0.06024484478928116,-0.01076120138168335,-0.1573418378829956,-0.05087327727176216,0.04643142223358154,-0.18575656414031982,-0.03547728949286011,0.03513699769973755,-0.21797513961791992,-0.05591473498441246,0.019815146923065186,-0.1720629334449768,-0.04954819151259926,0.015566051006317139,-0.13850373029708862,-0.03856413208939102,victory
0.0,0.0,0.0,-0.04428285360336304,-0.04294717311859131,-0.02254284979773047,-0.06514674425125122,-0.1192936897277832,-0.034741217885141396,-0.04256093502044678,-0.18471980094909668,-0.04885011414063456,-0.01164776086807251,-0.231520414352417,-0.06120833257210734,-0.06598454713821411,-0.23855888843536377,-0.009084611814444088,-0.09012463688850403,-0.33022797107696533,-0.026524408403759026,-0.10118904709815979,-0.38648539781570435,-0.03650732213628771,-0.10943353176116943,-0.4334877133369446,-0.0419113921560097,-0.022429049015045166,-0.24254047870635986,-0.01395580606532576,-0.0074961185455322266,-0.3464733958244324,-0.033666609469776176,-4.7206878662109375e-05,-0.40576204657554626,-0.04461415359747889,0.005801975727081299,-0.45340484380722046,-0.04778316864741328,0.014979958534240723,-0.22220665216445923,-0.02291881913316729,0.005996644496917725,-0.2608834505081177,-0.05494899922979357,-0.007525026798248291,-0.1999117136001587,-0.05810062462461474,-0.010779380798339844,-0.15936005115509033,-0.049164066705827736,0.04619550704956055,-0.189641535282135,-0.03363911682737353,0.03455817699432373,-0.22563856840133667,-0.054120368007545494,0.0200040340423584,-0.18021315336227417,-0.04798563444984438,0.01600360870361328,-0.1455364227294922,-0.037326587978725456,victory
0.0,0.0,0.0,-0.04503673315048218,-0.04083496332168579,-0.022960075279570447,-0.06694698333740234,-0.11698812246322632,-0.035653282990551816,-0.04469621181488037,-0.18199694156646729,-0.050130338510371075,-0.014664769172668457,-0.22968745231628418,-0.06272539599785887,-0.06626850366592407,-0.23816359043121338,-0.011423599077261315,-0.08969694375991821,-0.33068904280662537,-0.028813998317218648,-0.10082900524139404,-0.3865923285484314,-0.03832859649310194,-0.10930880904197693,-0.43262797594070435,-0.04299921273241125,-0.022522449493408203,-0.24079245328903198,-0.01626111670384489,-0.0066599249839782715,-0.3492436110973358,-0.03607918425450407,0.0011210441589355469,-0.41332364082336426,-0.04717929392108999,0.007358729839324951,-0.4639721214771271,-0.05008341102848135,0.014519095420837402,-0.21914201974868774,-0.02502038991997324,0.006702244281768799,-0.2593085765838623,-0.057250407626725064,-0.007118403911590576,-0.19877058267593384,-0.06102420120487295,-0.01078718900680542,-0.15730077028274536,-0.051935576936102734,0.0451316237449646,-0.18585413694381714,-0.03541853009710394,0.034691035747528076,-0.22471541166305542,-0.055660975267983304,0.019259095191955566,-0.18124204874038696,-0.04939873247394644,0.013959825038909912,-0.14625567197799683,-0.038301334818697796,victory
0.0,0.0,0.0,-0.04530024528503418,-0.04168170690536499,-0.02153338551050865,-0.0667150616645813,-0.12088167667388916,-0.03279187589413368,-0.042662739753723145,-0.1856282353401184,-0.046165206129614944,-0.011560916900634766,-0.23172253370285034,-0.05794566183811867,-0.0647122859954834,-0.24035590887069702,-0.009838198902968998,-0.08892208337783813,-0.33225303888320923,-0.026302978987757797,-0.10133877396583557,-0.38728630542755127,-0.035139490510289306,-0.1111656129360199,-0.43315809965133667,-0.039533880199257965,-0.02161937952041626,-0.2432122826576233,-0.015291438098017807,-0.005775630474090576,-0.3521046042442322,-0.034207493658129806,0.0015524625778198242,-0.41591718792915344,-0.04491270765191757,0.007443368434906006,-0.46634575724601746,-0.04769243359095299,0.014769136905670166,-0.22107630968093872,-0.02458670049435341,0.007131516933441162,-0.2638475298881531,-0.05685552268749916,-0.007447242736816406,-0.2028442621231079,-0.061490722591940994,-0.011318206787109375,-0.16076260805130005,-0.0531083053303405,0.04476737976074219,-0.18685752153396606,-0.03534690722352707,0.03439640998840332,-0.22586846351623535,-0.05633622094518387,0.01840132474899292,-0.1817440390586853,-0.051028714175288314,0.013309717178344727,-0.14647239446640015,-0.040680107320611114,victory
0.0,0.0,0.0,-0.0452420711517334,-0.042459964752197266,-0.021505184992918203,-0.06654942035675049,-0.12146186828613281,-0.03254882484651489,-0.0426296591758728,-0.18674325942993164,-0.045706609785327146,-0.011395573616027832,-0.2341005802154541,-0.057123477160700986,-0.06436944007873535,-0.24015969038009644,-0.009212418049344251,-0.08931490778923035,-0.33221831917762756,-0.025148414596685598,-0.10172754526138306,-0.38718247413635254,-0.0337731340525238,-0.11138278245925903,-0.4333149194717407,-0.03825353696919365,-0.02164226770401001,-0.24407553672790527,-0.014736695736417005,-0.00573354959487915,-0.353068470954895,-0.03351724758721275,0.001741945743560791,-0.41787803173065186,-0.04460710152960701,0.007996678352355957,-0.4686258137226105,-0.04780989006138725,0.014088094234466553,-0.22155582904815674,-0.02409790135897083,0.006172895431518555,-0.26166409254074097,-0.05600749567128105,-0.007813572883605957,-0.20092397928237915,-0.06065882608271522,-0.011011719703674316,-0.1597234010696411,-0.05247108876682205,0.04328501224517822,-0.18689239025115967,-0.0349684046206562,0.03336739540100098,-0.22559404373168945,-0.0559075871107666,0.018009841442108154,-0.18093138933181763,-0.050686544328698346,0.013669312000274658,-0.14567816257476807,-0.04051456466294212,victory
0.0,0.0,0.0,-0.04468327760696411,-0.04152494668960571,-0.023244287693557908,-0.0653180480003357,-0.1192467212677002,-0.03579936536556261,-0.04447662830352783,-0.18600094318389893,-0.050146628046093156,-0.015635550022125244,-0.23697400093078613,-0.06252562987214105,-0.06499230861663818,-0.23981422185897827,-0.010578565174398591,-0.0887727439403534,-0.3318748474121094,-0.027512341612634827,-0.10039395093917847,-0.3870108425617218,-0.036753263199386765,-0.10936418175697327,-0.43273115158081055,-0.041375733786878754,-0.02191305160522461,-0.243194580078125,-0.01541198311900871,-0.005213737487792969,-0.35275667905807495,-0.035257827365455796,0.002169966697692871,-0.41806480288505554,-0.047126725190935304,0.007828593254089355,-0.46863701939582825,-0.05078135418301599,0.01408320665359497,-0.22096073627471924,-0.024220438548979928,0.007250726222991943,-0.2629562020301819,-0.057750422382412125,-0.007826089859008789,-0.20177441835403442,-0.06328248220091837,-0.012359201908111572,-0.1585218906402588,-0.05537546786075609,0.04358482360839844,-0.18675953149795532,-0.03450580301290529,0.03345006704330444,-0.22391754388809204,-0.056938171261606385,0.017359793186187744,-0.17838770151138306,-0.05257421346908586,0.011607766151428223,-0.14095568656921387,-0.042710758620557954,victory
0.0,0.0,0.0,-0.04613834619522095,-0.04226940870285034,-0.02344278574605596,-0.06716489791870117,-0.11915397644042969,-0.03611989088972223,-0.04874145984649658,-0.18761283159255981,-0.050586344233352065,-0.021224021911621094,-0.23951679468154907,-0.06300150000174654,-0.06751710176467896,-0.23686641454696655,-0.010276671989458919,-0.0927969217300415,-0.3275884985923767,-0.026834146610099197,-0.10545390844345093,-0.3819428086280823,-0.036440187624293685,-0.11539682745933533,-0.42773497104644775,-0.04168800406773698,-0.024547874927520752,-0.24065262079238892,-0.015368470481234908,-0.008645296096801758,-0.35105830430984497,-0.03441887863596094,-0.0018090009689331055,-0.41639870405197144,-0.04641416066010606,0.0037106871604919434,-0.4677654802799225,-0.050747679105597854,0.012029051780700684,-0.21820008754730225,-0.02443918914218557,0.00654071569442749,-0.26465094089508057,-0.05691364177187097,-0.009403765201568604,-0.20366913080215454,-0.06191067539771211,-0.014353394508361816,-0.1597711443901062,-0.05428065874298227,0.04237496852874756,-0.18328237533569336,-0.03509525351842058,0.031470417976379395,-0.22441065311431885,-0.05669257932026994,0.014740288257598877,-0.181299090385437,-0.05180667110403192,0.009441673755645752,-0.14463794231414795,-0.04202092581112993,victory
0.0,0.0,0.0,-0.043457746505737305,-0.040038228034973145,-0.021619055386622676,-0.06512916088104248,-0.11927425861358643,-0.03316991959138704,-0.04628068208694458,-0.1842610239982605,-0.0467433128170569,-0.017323732376098633,-0.23169225454330444,-0.0587188060991366,-0.06500852108001709,-0.23868948221206665,-0.01018043045326067,-0.09041139483451843,-0.3270196318626404,-0.027042569559057483,-0.10311722755432129,-0.38093823194503784,-0.03632750172539545,-0.11291912198066711,-0.4254527688026428,-0.041268696974952945,-0.02249324321746826,-0.2414894700050354,-0.015873081948598156,-0.006071925163269043,-0.35057783126831055,-0.03608781282230211,0.00023162364959716797,-0.4152209758758545,-0.04826610345764948,0.005455613136291504,-0.4663253426551819,-0.052287725698192844,0.013940751552581787,-0.21899151802062988,-0.025263637270768413,0.008349895477294922,-0.26320725679397583,-0.05872151065989328,-0.008450806140899658,-0.20227009057998657,-0.06423999552055193,-0.01405411958694458,-0.15893769264221191,-0.05663491223378969,0.04385417699813843,-0.18479233980178833,-0.03600999895854784,0.031778812408447266,-0.21875935792922974,-0.05878754888101412,0.015460371971130371,-0.1749739646911621,-0.05504862774535013,0.010531961917877197,-0.14026206731796265,-0.045784233104427585,victory
0.0,0.0,0.0,-0.04530125856399536,-0.04133903980255127,-0.02330221957390677,-0.06565988063812256,-0.11763781309127808,-0.036278862271956314,-0.05264919996261597,-0.1846582293510437,-0.05087635270183455,-0.030924439430236816,-0.2384554147720337,-0.06351257837241064,-0.06617939472198486,-0.23583060503005981,-0.011351179097346176,-0.09245461225509644,-0.3244278132915497,-0.028675408799699653,-0.10566025972366333,-0.3782810568809509,-0.03874788037364851,-0.11601963639259338,-0.4238179326057434,-0.0441885215682305,-0.023388683795928955,-0.2385401725769043,-0.01664952724104296,-0.007418394088745117,-0.35047614574432373,-0.03711950755541693,-0.000999748706817627,-0.41696998476982117,-0.0500074399155892,0.003867208957672119,-0.46912533044815063,-0.054689470444373,0.013052225112915039,-0.21584159135818481,-0.025672359157852043,0.009400665760040283,-0.267081618309021,-0.05924933007781874,-0.007937908172607422,-0.20637917518615723,-0.06420981860583197,-0.015016436576843262,-0.16137385368347168,-0.05640662438099753,0.043343544006347656,-0.18138432502746582,-0.036094564710310806,0.030784666538238525,-0.22015845775604248,-0.0586969552082337,0.013910412788391113,-0.17584139108657837,-0.0538126972955979,0.008015692234039307,-0.1389995813369751,-0.043707128379992355,victory
0.0,0.0,0.0,-0.045190632343292236,-0.041089653968811035,-0.020690963394713435,-0.06547200679779053,-0.12039023637771606,-0.03236883578426841,-0.04949462413787842,-0.18632102012634277,-0.04615540502197746,-0.025762498378753662,-0.23893457651138306,-0.05822377724177841,-0.06597214937210083,-0.2359728217124939,-0.009584275796783004,-0.09240499138832092,-0.325182169675827,-0.0262252677006245,-0.10518467426300049,-0.3789588510990143,-0.035342165060114894,-0.1149401068687439,-0.4239483177661896,-0.04008138252027038,-0.022991180419921875,-0.23797696828842163,-0.015788999177289043,-0.006866931915283203,-0.3477623462677002,-0.03601947499043945,-0.00044029951095581055,-0.412462055683136,-0.04840021280176643,0.004551827907562256,-0.4624031186103821,-0.05265208405978683,0.013408005237579346,-0.21546906232833862,-0.025517432741594348,0.010003209114074707,-0.26264071464538574,-0.058656961448264155,-0.007860302925109863,-0.20257341861724854,-0.06361928654439453,-0.015391826629638672,-0.1585521101951599,-0.055998251564574275,0.043320655822753906,-0.18224012851715088,-0.03640852568275932,0.030585646629333496,-0.21720242500305176,-0.058511086530756984,0.013196229934692383,-0.17342102527618408,-0.05374628377683166,0.006440222263336182,-0.13822335004806519,-0.043955334253382716,victory
0.0,0.0,0.0,-0.04534488916397095,-0.04171782732009888,-0.02162829525343568,-0.06535905599594116,-0.1180984377861023,-0.033947774391094754,-0.051106274127960205,-0.18445420265197754,-0.04824609420768411,-0.027464687824249268,-0.23567301034927368,-0.06057154498569162,-0.06652116775512695,-0.23410463333129883,-0.010384296249071667,-0.09280240535736084,-0.3240761458873749,-0.02661802172235639,-0.10540741682052612,-0.37781745195388794,-0.035516691576162884,-0.11510825157165527,-0.422968327999115,-0.04016441590658815,-0.02379399538040161,-0.23737174272537231,-0.016292409222046444,-0.0069866180419921875,-0.34783244132995605,-0.03603532649151475,-0.0007297396659851074,-0.4128200113773346,-0.047893629591385434,0.0038701295852661133,-0.4628334641456604,-0.05177853367797525,0.01282280683517456,-0.21529483795166016,-0.025722406055251668,0.009018003940582275,-0.2636340260505676,-0.05809960998169572,-0.0075948238372802734,-0.20208585262298584,-0.06191125995985658,-0.013726770877838135,-0.15622007846832275,-0.05344869307748468,0.04329359531402588,-0.1814366579055786,-0.03652287758461625,0.03161609172821045,-0.2189750075340271,-0.057709896187702725,0.015413880348205566,-0.17642217874526978,-0.05203992984763772,0.009960651397705078,-0.14084380865097046,-0.04156001023523004,victory
0.0,0.0,0.0,-0.04651963710784912,-0.04519319534301758,-0.019692385007772373,-0.06663423776626587,-0.12264955043792725,-0.03160513881329052,-0.04956537485122681,-0.189386785030365,-0.046098801677260326,-0.02262580394744873,-0.23861098289489746,-0.05875893998626225,-0.06709808111190796,-0.23576122522354126,-0.008790628423128055,-0.09464490413665771,-0.326526403427124,-0.024627612342271732,-0.10797503590583801,-0.3804651200771332,-0.034306886975798534,-0.11865121126174927,-0.42585068941116333,-0.04001176301125042,-0.024691998958587646,-0.23946702480316162,-0.015871511210832523,-0.008865296840667725,-0.3493841290473938,-0.03467594776037686,-0.0032396912574768066,-0.41544145345687866,-0.04765387940886967,0.001502394676208496,-0.4679355323314667,-0.05323258358720295,0.011804401874542236,-0.21722012758255005,-0.02622639704230778,0.00962764024734497,-0.26754021644592285,-0.05575201231721394,-0.007975220680236816,-0.20790082216262817,-0.05895997155192845,-0.014556288719177246,-0.1627691388130188,-0.051244671826395916,0.04252749681472778,-0.1824742555618286,-0.038114267771277355,0.03242713212966919,-0.2236676812171936,-0.05638458896163456,0.015481829643249512,-0.18450480699539185,-0.04979110080483906,0.009644508361816406,-0.14945870637893677,-0.03952312040809147,victory
0.0,0.0,0.0,-0.046567440032958984,-0.046549201011657715,-0.019761074468419793,-0.06610417366027832,-0.1270768642425537,-0.031684192031548264,-0.045124053955078125,-0.19293153285980225,-0.04623340642444873,-0.016823947429656982,-0.24342399835586548,-0.05925233489267612,-0.06715357303619385,-0.2414664626121521,-0.008199450693950894,-0.0932316780090332,-0.33171895146369934,-0.02485427460067058,-0.10630416870117188,-0.3857194781303406,-0.035157526045964005,-0.11641144752502441,-0.4313403367996216,-0.04109125038974071,-0.024015426635742188,-0.24397063255310059,-0.015424711763785126,-0.007617354393005371,-0.353135883808136,-0.03475829786054874,-0.0012101531028747559,-0.4193834662437439,-0.0483093952237823,0.004265964031219482,-0.47284799814224243,-0.05415499410025859,0.013020336627960205,-0.22128909826278687,-0.026089958980605843,0.013043820858001709,-0.2716853618621826,-0.05737140601866031,-0.004120886325836182,-0.21112561225891113,-0.06186320087306285,-0.011307597160339355,-0.1654931902885437,-0.05451744621984744,0.044247984886169434,-0.18656885623931885,-0.0381124188601234,0.035303711891174316,-0.2282145619392395,-0.058242743968889954,0.01844310760498047,-0.18679285049438477,-0.05228543481223369,0.011431753635406494,-0.15022140741348267,-0.042046701669619324,victory
0.0,0.0,0.0,-0.04645150899887085,-0.04639863967895508,-0.020825591584411995,-0.0665292739868164,-0.12610238790512085,-0.03230685060259475,-0.04969584941864014,-0.1939336657524109,-0.04624994908806457,-0.023121953010559082,-0.24565333127975464,-0.05832778727051391,-0.06787776947021484,-0.23938357830047607,-0.007156694488344328,-0.09426864981651306,-0.33081772923469543,-0.022495924209920304,-0.10756546258926392,-0.38540828227996826,-0.032196250458923714,-0.11816227436065674,-0.4317539930343628,-0.03807868873116149,-0.025436222553253174,-0.2422724962234497,-0.013386137498287098,-0.009253859519958496,-0.35207799077033997,-0.03128565539952888,-0.0021666884422302246,-0.4175771474838257,-0.04427284811970367,0.003971099853515625,-0.4701438546180725,-0.050303783913818734,0.011039376258850098,-0.2200855016708374,-0.023276245867577927,0.010567247867584229,-0.27260857820510864,-0.053446774085728066,-0.007255673408508301,-0.21302664279937744,-0.05847891112205161,-0.014780521392822266,-0.16728049516677856,-0.05214542960163726,0.04203563928604126,-0.1859450340270996,-0.0346980064117588,0.03393065929412842,-0.22935634851455688,-0.054385703703133004,0.016601085662841797,-0.1890469193458557,-0.049488232185808556,0.009513556957244873,-0.15245890617370605,-0.04057838087317123,victory
0.0,0.0,0.0,-0.04928743839263916,-0.04899507761001587,-0.017894082879308826,-0.06816732883453369,-0.13105511665344238,-0.02918061166036523,-0.044835567474365234,-0.19820952415466309,-0.04369586071896947,-0.015909194946289062,-0.24731099605560303,-0.05686715356040395,-0.06876516342163086,-0.24295085668563843,-0.0061500553876499,-0.09416452050209045,-0.33362334966659546,-0.02285634837079442,-0.10711532831192017,-0.3871784508228302,-0.033627738421444064,-0.11721616983413696,-0.43319815397262573,-0.039968007420782214,-0.02537095546722412,-0.24609488248825073,-0.014574087401513225,-0.010928213596343994,-0.3569239377975464,-0.03386658540892995,-0.004855751991271973,-0.4253295660018921,-0.04797876364517606,0.0013223886489868164,-0.4820258617401123,-0.0543166298322717,0.012390553951263428,-0.22334545850753784,-0.026263014590028888,0.011260569095611572,-0.2738577723503113,-0.05653267464566625,-0.005515754222869873,-0.21060311794281006,-0.059535389011387,-0.01170116662979126,-0.16407352685928345,-0.051302430396560794,0.04473191499710083,-0.18784546852111816,-0.039355375980619556,0.03447091579437256,-0.2307390570640564,-0.05806657037663854,0.017407536506652832,-0.18684303760528564,-0.05026855430531896,0.010943591594696045,-0.148806631565094,-0.03882746136713422,victory
0.0,0.0,0.0,-0.049486517906188965,-0.05105149745941162,-0.019400428269477743,-0.06848007440567017,-0.13295632600784302,-0.03073778677401151,-0.04459482431411743,-0.20148944854736328,-0.04495501074609365,-0.014309585094451904,-0.2513102889060974,-0.05733327123937215,-0.06955957412719727,-0.24801665544509888,-0.0062423820946833075,-0.09592822194099426,-0.3408443033695221,-0.02210972200748529,-0.10944721102714539,-0.39524996280670166,-0.03253267634329404,-0.11952897906303406,-0.44192856550216675,-0.03888458314952459,-0.025763869285583496,-0.2514583468437195,-0.013599570129485983,-0.010711848735809326,-0.36223986744880676,-0.03271874341783132,-0.004230380058288574,-0.43149131536483765,-0.04762158471760358,0.003403186798095703,-0.4877355694770813,-0.05478609654721822,0.012163400650024414,-0.2271738052368164,-0.024285008419724363,0.013154566287994385,-0.2740018367767334,-0.054680268500419515,-0.0062926411628723145,-0.2131710648536682,-0.05945153835830297,-0.014177203178405762,-0.16752606630325317,-0.05254436213192548,0.044299423694610596,-0.18912577629089355,-0.03647114637908544,0.038859546184539795,-0.23324131965637207,-0.0559472732585391,0.02230381965637207,-0.1922140121459961,-0.04976062778052892,0.015848398208618164,-0.15456652641296387,-0.03947453874764051,victory
0.0,0.0,0.0,-0.0471917986869812,-0.0516781210899353,-0.020389422936545998,-0.06693917512893677,-0.13294732570648193,-0.03230843895505586,-0.04467707872390747,-0.20142382383346558,-0.04687722974847475,-0.013834476470947266,-0.2516685724258423,-0.05962684207986513,-0.06658762693405151,-0.24804633855819702,-0.008407309813605934,-0.09298259019851685,-0.3409664034843445,-0.02429617398809114,-0.1067977249622345,-0.39485692977905273,-0.03432701358030954,-0.11776745319366455,-0.44071656465530396,-0.04021060669253984,-0.02291780710220337,-0.25030648708343506,-0.015285728661524445,-0.0072054266929626465,-0.3641393780708313,-0.03408448973129907,-0.0006949901580810547,-0.43328022956848145,-0.04848227479885736,0.0065956711769104,-0.488435298204422,-0.055202549485670716,0.014907598495483398,-0.22526001930236816,-0.025488112284051567,0.015349268913269043,-0.2734423875808716,-0.0560098422450892,-0.005036592483520508,-0.2139018177986145,-0.06166327947209993,-0.013250887393951416,-0.16831183433532715,-0.055263685224758774,0.046790122985839844,-0.18723028898239136,-0.03717144408653894,0.04129219055175781,-0.23383855819702148,-0.05660886892508188,0.0237734317779541,-0.19510525465011597,-0.05097239294480005,0.01662278175354004,-0.1579158902168274,-0.04119615086744943,victory
0.0,0.0,0.0,-0.05031400918960571,-0.05051487684249878,-0.01987134049073802,-0.06820935010910034,-0.13672977685928345,-0.03134340549246417,-0.04542195796966553,-0.20801782608032227,-0.04597305635348903,-0.01753634214401245,-0.2628803849220276,-0.058573258466879,-0.0665128231048584,-0.25455009937286377,-0.006154791343817578,-0.09327918291091919,-0.3491652309894562,-0.022550651229778396,-0.10768786072731018,-0.4052744507789612,-0.03286697099343883,-0.11919820308685303,-0.45330578088760376,-0.03904459009305583,-0.020935654640197754,-0.25769686698913574,-0.014249977081874476,-0.001826941967010498,-0.3731151819229126,-0.03506524617210971,0.005750536918640137,-0.4449591338634491,-0.05102875585095035,0.013414442539215088,-0.5019487142562866,-0.05828936899439441,0.017454206943511963,-0.23226451873779297,-0.02568787465230571,0.01689702272415161,-0.2827492356300354,-0.05792604143158542,-0.003806591033935547,-0.21787554025650024,-0.061963350869575606,-0.012490451335906982,-0.17020070552825928,-0.053753954715887176,0.04992729425430298,-0.19389653205871582,-0.03865611682073222,0.04386347532272339,-0.24142658710479736,-0.05899829173819171,0.026404917240142822,-0.19943290948867798,-0.05190789828435527,0.018429994583129883,-0.16122442483901978,-0.04049886891976939,victory
0.0,0.0,0.0,-0.04958951473236084,-0.054406940937042236,-0.018803564918528082,-0.06690394878387451,-0.14069592952728271,-0.030201090586672308,-0.04663783311843872,-0.2140103578567505,-0.04521944196272898,-0.019156038761138916,-0.26800352334976196,-0.058238590223083975,-0.0610203742980957,-0.25673991441726685,-0.004849705932031156,-0.08946862816810608,-0.3512490391731262,-0.022016299975405218,-0.10441479086875916,-0.40701091289520264,-0.032819142652044775,-0.11581051349639893,-0.45633506774902344,-0.03950264872361231,-0.01579916477203369,-0.2594660520553589,-0.013670429674277784,0.0032761096954345703,-0.37947261333465576,-0.035744370979557516,0.013122856616973877,-0.4520092010498047,-0.0522243847076993,0.023845672607421875,-0.5101950764656067,-0.059827296150217535,0.023091673851013184,-0.23318839073181152,-0.025661991996059896,0.023968815803527832,-0.293144166469574,-0.05922002540279436,-9.715557098388672e-05,-0.22732317447662354,-0.06256967232872057,-0.010870695114135742,-0.17596429586410522,-0.0537224058930974,0.056374549865722656,-0.19339269399642944,-0.039088932884226324,0.04690307378768921,-0.23982584476470947,-0.06053529874731112,0.02717489004135132,-0.1999712586402893,-0.05352825493861246,0.0186004638671875,-0.16384655237197876,-0.042056476784239294,victory
0.0,0.0,0.0,-0.049408793449401855,-0.05514007806777954,-0.02105053837408377,-0.06825584173202515,-0.13815879821777344,-0.033390242112773194,-0.05075240135192871,-0.21395325660705566,-0.049097101641791596,-0.023060917854309082,-0.2705608606338501,-0.06246560017575575,-0.06421637535095215,-0.25545430183410645,-0.004944941466646924,-0.09218829870223999,-0.35299360752105713,-0.02226988735606028,-0.10706979036331177,-0.4102729558944702,-0.03388264353384329,-0.11898452043533325,-0.46155545115470886,-0.04132714073170973,-0.019248783588409424,-0.2596210241317749,-0.012617342611747517,0.0005500316619873047,-0.3798006772994995,-0.034486744059222474,0.010837078094482422,-0.4529181122779846,-0.051516130072968735,0.021021366119384766,-0.5126241147518158,-0.06010274912227942,0.018801987171173096,-0.23435884714126587,-0.02374285037626578,0.02081078290939331,-0.2955126166343689,-0.056979890419142976,-0.001192629337310791,-0.22972816228866577,-0.06031442756761862,-0.010666608810424805,-0.1770787239074707,-0.05181422035207106,0.05148404836654663,-0.19491833448410034,-0.03660951132883383,0.04477560520172119,-0.24361038208007812,-0.05759217168201758,0.025890886783599854,-0.20391452312469482,-0.05041961695064856,0.01794034242630005,-0.16582512855529785,-0.0391425522695954,victory
0.0,0.0,0.0,-0.049067676067352295,-0.04797828197479248,-0.0256901540460035,-0.06932413578033447,-0.13183671236038208,-0.041774450674836316,-0.05611014366149902,-0.20736801624298096,-0.05954024834949223,-0.03370320796966553,-0.2669387459754944,-0.07473967118579594,-0.06557118892669678,-0.25812214612960815,-0.015653517902080694,-0.0926382839679718,-0.35983312129974365,-0.0357012514622852,-0.10622990131378174,-0.4184257388114929,-0.0480107393713638,-0.11643627285957336,-0.4696353077888489,-0.05550090490299908,-0.018709123134613037,-0.2588784098625183,-0.02136183983105866,0.0009971857070922852,-0.3828860819339752,-0.04503893373924939,0.013060390949249268,-0.45397013425827026,-0.06140391050297467,0.02506697177886963,-0.5134455561637878,-0.06914863629657475,0.021106958389282227,-0.2323843240737915,-0.030487527013008275,0.020678341388702393,-0.2921779155731201,-0.06450481607038228,-0.0028099417686462402,-0.22924530506134033,-0.06741899891216008,-0.013457298278808594,-0.18151307106018066,-0.05882943688351361,0.055145204067230225,-0.1932084560394287,-0.04153085021692959,0.04648137092590332,-0.23914939165115356,-0.06291562213021962,0.02788335084915161,-0.20111209154129028,-0.05588000161964146,0.019664227962493896,-0.1674690842628479,-0.044740493282859006,victory
0.0,0.0,0.0,-0.05185198783874512,-0.05372738838195801,-0.02571913408786486,-0.07597103714942932,-0.14322322607040405,-0.04266118625849913,-0.06263500452041626,-0.22193676233291626,-0.06215245271772574,-0.03581506013870239,-0.28320837020874023,-0.07921957219690512,-0.0656391978263855,-0.26853322982788086,-0.015440914730731947,-0.09381651878356934,-0.3738829493522644,-0.03875713417977522,-0.10770946741104126,-0.43500447273254395,-0.05374049762934874,-0.11689767241477966,-0.4877661168575287,-0.06321576977819632,-0.01848238706588745,-0.2675650119781494,-0.022845527108017905,0.0020117759704589844,-0.392727792263031,-0.050447609226409895,0.01605057716369629,-0.46535980701446533,-0.06899265194982718,0.03111135959625244,-0.5258700549602509,-0.07787545765489767,0.022326946258544922,-0.23986053466796875,-0.03397534410208891,0.022606074810028076,-0.3064776659011841,-0.07072185720056723,-0.004876315593719482,-0.24464738368988037,-0.07343371952623556,-0.018486857414245605,-0.19415849447250366,-0.06425643707365225,0.058146774768829346,-0.19844722747802734,-0.04736052821129988,0.05150318145751953,-0.2507176399230957,-0.07093547279686163,0.02942037582397461,-0.21536916494369507,-0.06442918623537253,0.017427682876586914,-0.17986011505126953,-0.053190872024003966,victory
0.0,0.0,0.0,-0.05282306671142578,-0.05558967590332031,-0.022971359332643715,-0.07480564713478088,-0.14640653133392334,-0.03764918564780828,-0.05939096212387085,-0.22539359331130981,-0.05518858252986547,-0.034700751304626465,-0.2854129672050476,-0.07057939960583326,-0.06600087881088257,-0.26845914125442505,-0.011779846874617306,-0.09353774785995483,-0.3722250461578369,-0.03364896892531988,-0.10727840662002563,-0.43268275260925293,-0.04708117737396833,-0.11732247471809387,-0.4849647283554077,-0.05505404367073652,-0.017956316471099854,-0.26800811290740967,-0.019590015774213043,0.003937840461730957,-0.396172434091568,-0.0457893398307192,0.01910465955734253,-0.4708007574081421,-0.06357076509817716,0.03461456298828125,-0.5307553708553314,-0.07157486422880766,0.02381277084350586,-0.23989826440811157,-0.030885164877020088,0.02350515127182007,-0.3036160469055176,-0.0677966152034628,-0.00444948673248291,-0.24189245700836182,-0.07160416736229536,-0.018481791019439697,-0.19145935773849487,-0.06263513608797666,0.059884607791900635,-0.19940680265426636,-0.04387152313216802,0.048922061920166016,-0.24563485383987427,-0.06799103065355894,0.0272141695022583,-0.20756536722183228,-0.06152664615734693,0.016692519187927246,-0.17172569036483765,-0.04988940550907728,victory
0.0,0.0,0.0,-0.051709890365600586,-0.056787192821502686,-0.029444201701210204,-0.07461768388748169,-0.14493346214294434,-0.048283937238977614,-0.06092488765716553,-0.22407031059265137,-0.06910780709318942,-0.03528940677642822,-0.2855720520019531,-0.08762593459420032,-0.06467485427856445,-0.2723747491836548,-0.020321256332920257,-0.09048536419868469,-0.37712571024894714,-0.0462242838376028,-0.10243213176727295,-0.43971073627471924,-0.06327927749686069,-0.11039221286773682,-0.49548783898353577,-0.0742241505914194,-0.015659987926483154,-0.27153265476226807,-0.026764490493462745,0.00711137056350708,-0.40159839391708374,-0.05672069531016177,0.023584842681884766,-0.47668391466140747,-0.07720811557106799,0.04074513912200928,-0.5412502288818359,-0.08729824315838641,0.02665334939956665,-0.24270778894424438,-0.03705268617801494,0.030483543872833252,-0.3055729866027832,-0.07642860602669543,0.0008043050765991211,-0.24287855625152588,-0.08097537499003238,-0.015908241271972656,-0.1920817494392395,-0.07234889160923785,0.06370103359222412,-0.19875168800354004,-0.049871138148830596,0.06378757953643799,-0.2495613694190979,-0.07504800599150485,0.04342317581176758,-0.2170615792274475,-0.0696407024198038,0.03109043836593628,-0.18419009447097778,-0.05887316431932277,victory
0.0,0.0,0.0,-0.056272029876708984,-0.05993914604187012,-0.027204462935401352,-0.07841864228248596,-0.15223783254623413,-0.04569988106675282,-0.06029045581817627,-0.232275128364563,-0.06643886645622388,-0.0352015495300293,-0.2941848635673523,-0.08454027553386823,-0.06345885992050171,-0.2775267958641052,-0.019692089085651787,-0.08969029784202576,-0.38899850845336914,-0.043479820390416535,-0.10278654098510742,-0.4536231458187103,-0.05851454069204465,-0.11197608709335327,-0.5104462802410126,-0.06818055888004437,-0.013564467430114746,-0.27676814794540405,-0.02712361854798928,0.010117888450622559,-0.4080904722213745,-0.055630197425557526,0.027860164642333984,-0.48340195417404175,-0.07473288257904187,0.045063018798828125,-0.5448261201381683,-0.08395489086694852,0.02898406982421875,-0.24787235260009766,-0.03806462665386334,0.030594229698181152,-0.3102140426635742,-0.07536938567943707,-0.00046575069427490234,-0.24672019481658936,-0.07772418638057843,-0.01900714635848999,-0.19616520404815674,-0.06811444242782727,0.06690257787704468,-0.2049875259399414,-0.05141801168508664,0.06453084945678711,-0.2601206302642822,-0.07433696617670194,0.043281376361846924,-0.22595280408859253,-0.06649455954618588,0.02945840358734131,-0.1914762258529663,-0.05438565616793767,victory
0.0,0.0,0.0,-0.056266337633132935,-0.05994141101837158,-0.0244972734447515,-0.0779632031917572,-0.15691035985946655,-0.03994032840392947,-0.06165891885757446,-0.2381032109260559,-0.05831438402793765,-0.03801679611206055,-0.3009604215621948,-0.07411615277788997,-0.06514063477516174,-0.28284066915512085,-0.01292694459817767,-0.08966076374053955,-0.39030683040618896,-0.03484982724449992,-0.10248878598213196,-0.4538755416870117,-0.04810078169367671,-0.11142092943191528,-0.5103549957275391,-0.05641559983752131,-0.014176487922668457,-0.2821292281150818,-0.021392754345754383,0.009973108768463135,-0.4106491804122925,-0.04836288939378619,0.02744191884994507,-0.48606669902801514,-0.06652731920740962,0.04512929916381836,-0.5472107529640198,-0.07489486511013865,0.029264450073242188,-0.2532998323440552,-0.03349655966422915,0.02959197759628296,-0.3166189193725586,-0.07150329376719355,-0.0029009580612182617,-0.2510135769844055,-0.0743398639108932,-0.021781086921691895,-0.1987220048904419,-0.0645316141392982,0.06717497110366821,-0.2117885947227478,-0.04762162367961764,0.058501601219177246,-0.2613399028778076,-0.07186457987091899,0.03540229797363281,-0.22367173433303833,-0.06459517504237056,0.022393882274627686,-0.1881798505783081,-0.052440513923386334,victory
0.0,0.0,0.0,-0.05465984344482422,-0.060954511165618896,-0.02384198345026789,-0.07642486691474915,-0.15721601247787476,-0.04179448708674727,-0.060194432735443115,-0.2347891926765442,-0.06259127035519896,-0.0361463725566864,-0.293811559677124,-0.08098630681416807,-0.055830299854278564,-0.28632622957229614,-0.022365425524924376,-0.08727037906646729,-0.3979109823703766,-0.04660959243557272,-0.103465735912323,-0.4627716541290283,-0.06089116334698019,-0.11396089196205139,-0.5189336836338043,-0.06964084580323515,-0.005075335502624512,-0.2819855213165283,-0.03169493078968344,0.01720881462097168,-0.4116172194480896,-0.0616913855054122,0.03389441967010498,-0.48671969771385193,-0.07977578118226347,0.05179649591445923,-0.5459200739860535,-0.08740690424821196,0.03775894641876221,-0.24940890073776245,-0.04384540468237219,0.03259479999542236,-0.307686984539032,-0.08157991692206679,-0.003482341766357422,-0.24366211891174316,-0.08233054801604567,-0.023437321186065674,-0.19427406787872314,-0.07113485112569151,0.07543569803237915,-0.20440930128097534,-0.0580537401118022,0.06727218627929688,-0.25850385427474976,-0.0804233707465869,0.04135614633560181,-0.22467273473739624,-0.07121128663203535,0.02604120969772339,-0.19223284721374512,-0.057798978684161284,victory
0.0,0.0,0.0,-0.05626136064529419,-0.06119412183761597,-0.023334972483667116,-0.08242607116699219,-0.15867102146148682,-0.04161438524499772,-0.06596904993057251,-0.23747438192367554,-0.06317738622203706,-0.03495901823043823,-0.2938232421875,-0.08214586406722901,-0.05979800224304199,-0.2900794744491577,-0.020267670897396783,-0.0925937294960022,-0.40307945013046265,-0.04578421816006539,-0.1081286072731018,-0.4685840606689453,-0.061009360400589685,-0.11796611547470093,-0.5243368148803711,-0.06976523428932069,-0.008243739604949951,-0.28440743684768677,-0.03031486451402543,0.015278339385986328,-0.41347986459732056,-0.061733761725577097,0.030806303024291992,-0.49003762006759644,-0.07992154538408158,0.04519033432006836,-0.5519179403781891,-0.0867174658156955,0.03528207540512085,-0.2509339451789856,-0.043405948130043726,0.026570677757263184,-0.3092076778411865,-0.08477460771575807,-0.0062157511711120605,-0.24056166410446167,-0.08501784682050584,-0.02436894178390503,-0.18673253059387207,-0.0715572702862346,0.07353603839874268,-0.20426428318023682,-0.05828994691148637,0.06332719326019287,-0.2603316307067871,-0.08280920415893434,0.037631869316101074,-0.2208229899406433,-0.07192837625518678,0.021801531314849854,-0.18207943439483643,-0.05610933333412049,victory
0.0,0.0,0.0,-0.054490357637405396,-0.06204068660736084,-0.02335842570823843,-0.07850092649459839,-0.15939033031463623,-0.04025769664508516,-0.06447860598564148,-0.23735696077346802,-0.060546402470890825,-0.037695884704589844,-0.29479968547821045,-0.07845451741081888,-0.05992192029953003,-0.28927695751190186,-0.01709999574882204,-0.08958452939987183,-0.3993094563484192,-0.04131314589244539,-0.10319837927818298,-0.4641903042793274,-0.055646300898615664,-0.11198675632476807,-0.5202087163925171,-0.06434402673107797,-0.008420050144195557,-0.2834475040435791,-0.027551310719672983,0.015263378620147705,-0.41382932662963867,-0.058235955076042956,0.030850648880004883,-0.49184906482696533,-0.07736122666460687,0.045412659645080566,-0.5540312230587006,-0.08513571380240137,0.03515666723251343,-0.2494407296180725,-0.04121870605808908,0.03095269203186035,-0.3126820921897888,-0.08335396705729181,-0.002521693706512451,-0.24423891305923462,-0.08594282029730493,-0.022221744060516357,-0.1904202103614807,-0.07426391600233728,0.07251590490341187,-0.20260107517242432,-0.056524571614090746,0.05877542495727539,-0.24825817346572876,-0.08357241808039362,0.03313636779785156,-0.20709407329559326,-0.07551156787735636,0.01852351427078247,-0.16968107223510742,-0.06151179655057604,victory
0.0,0.0,0.0,-0.057409465312957764,-0.06209498643875122,-0.02430256746777104,-0.08368414640426636,-0.15751540660858154,-0.04181605309315728,-0.06801438331604004,-0.23367291688919067,-0.06256086483665513,-0.03824618458747864,-0.29163235425949097,-0.08087964460321473,-0.06231459975242615,-0.2905887961387634,-0.017562314049087036,-0.08877485990524292,-0.4019954204559326,-0.04012409702011155,-0.10305669903755188,-0.46777063608169556,-0.05376281693645524,-0.11397677659988403,-0.5251461267471313,-0.062114854455671775,-0.010093212127685547,-0.2836490869522095,-0.027725734860382545,0.016449332237243652,-0.414987713098526,-0.055780456513844,0.0332721471786499,-0.4943586587905884,-0.0732343356318097,0.04691922664642334,-0.5569150149822235,-0.0804757262773137,0.03353792428970337,-0.24879038333892822,-0.041419648677788246,0.027187049388885498,-0.30609792470932007,-0.08163283869691895,-0.003982365131378174,-0.23957127332687378,-0.08461976155706452,-0.02304363250732422,-0.18760806322097778,-0.07384826347299622,0.07113689184188843,-0.20206904411315918,-0.05692017182775544,0.06095695495605469,-0.2571758031845093,-0.08208204910226868,0.03529459238052368,-0.2142621874809265,-0.07328014925190018,0.01787400245666504,-0.1729617714881897,-0.05964912206002282,victory
0.0,0.0,0.0,-0.05748116970062256,-0.06496459245681763,-0.022837711064653377,-0.08353984355926514,-0.15878361463546753,-0.039342566891150454,-0.07138648629188538,-0.23439019918441772,-0.0592173855142164,-0.044896990060806274,-0.29454487562179565,-0.07670998902483461,-0.06455093622207642,-0.2931309938430786,-0.015326221040027121,-0.088431715965271,-0.4029168486595154,-0.03679890887303827,-0.10214865207672119,-0.4671194553375244,-0.04969733165069101,-0.11361056566238403,-0.5246663093566895,-0.057639911337332705,-0.012210667133331299,-0.2861403226852417,-0.025674419044094066,0.017582833766937256,-0.417104035615921,-0.051953181190924624,0.033593714237213135,-0.49556469917297363,-0.06887100966139315,0.04611921310424805,-0.5582881271839142,-0.07615590424700258,0.031422972679138184,-0.2504770755767822,-0.03944468454881189,0.02626478672027588,-0.3080456852912903,-0.07851668031378267,-0.0068822503089904785,-0.2437453269958496,-0.08261591525240419,-0.027246832847595215,-0.19253778457641602,-0.07319175781174181,0.06930065155029297,-0.20225203037261963,-0.05478946821256159,0.061437904834747314,-0.2544398903846741,-0.07934919328852175,0.03539508581161499,-0.21250391006469727,-0.07132443369789598,0.018057167530059814,-0.1717686653137207,-0.05854753361506937,victory
0.0,0.0,0.0,-0.05882227420806885,-0.06663674116134644,-0.020000780612349445,-0.08518514037132263,-0.16427665948867798,-0.034524141490578586,-0.07205912470817566,-0.2407328486442566,-0.0529756123722791,-0.0436519980430603,-0.29910480976104736,-0.06930294135224813,-0.05994114279747009,-0.2907133102416992,-0.012210826069235736,-0.08578714728355408,-0.40228062868118286,-0.03333202624332898,-0.10114660859107971,-0.46643590927124023,-0.04533513137710088,-0.11366936564445496,-0.524183452129364,-0.05251403400313848,-0.00756758451461792,-0.2849089503288269,-0.02394858063769334,0.017596006393432617,-0.4168456792831421,-0.05048913010966771,0.032421112060546875,-0.49656403064727783,-0.06737226495158666,0.044577062129974365,-0.5605738162994385,-0.07428833344590657,0.036130428314208984,-0.2498599886894226,-0.038904311746478015,0.028442978858947754,-0.31272411346435547,-0.07992592701327794,-0.003139019012451172,-0.2443917989730835,-0.08406009027373784,-0.02222418785095215,-0.18946057558059692,-0.07372875759017461,0.07316070795059204,-0.2025042176246643,-0.05500702807319158,0.058302104473114014,-0.2527635097503662,-0.08175413557898992,0.03183180093765259,-0.20858341455459595,-0.07399994382274144,0.015980184078216553,-0.16646075248718262,-0.06070129448187345,victory
0.0,0.0,0.0,-0.057938575744628906,-0.061941683292388916,-0.024486888089199965,-0.08451548218727112,-0.15396887063980103,-0.04190910223962874,-0.07201293110847473,-0.2283375859260559,-0.062305994220992034,-0.04780548810958862,-0.28956329822540283,-0.08002970729114622,-0.06546637415885925,-0.293659508228302,-0.01743525814356417,-0.09048086404800415,-0.4039844870567322,-0.03923175100328535,-0.10426941514015198,-0.46857401728630066,-0.052302207686921065,-0.11471623182296753,-0.5266644656658173,-0.060300480463524764,-0.011958301067352295,-0.28815382719039917,-0.02722813177945227,0.014938116073608398,-0.41777586936950684,-0.05428078387024016,0.031494975090026855,-0.49515360593795776,-0.07112054143192381,0.045181214809417725,-0.5577438175678253,-0.07797746721746535,0.03251481056213379,-0.252704918384552,-0.04047137487771124,0.02575075626373291,-0.3091360330581665,-0.08059106383564085,-0.005394101142883301,-0.2392910122871399,-0.083157587685605,-0.023806452751159668,-0.18562549352645874,-0.07193362329246611,0.07061660289764404,-0.2037980556488037,-0.055427521356364196,0.061375200748443604,-0.2562437057495117,-0.08071769390346617,0.035360634326934814,-0.21478259563446045,-0.07185415539981932,0.01858454942703247,-0.17568469047546387,-0.05790484313013167,victory
0.0,0.0,0.0,-0.057532697916030884,-0.061892032623291016,-0.022510407310335268,-0.08540290594100952,-0.15543901920318604,-0.038568740528432954,-0.07592064142227173,-0.23126733303070068,-0.05800708551367961,-0.053988754749298096,-0.2921212911605835,-0.07493702117761813,-0.06725683808326721,-0.29308366775512695,-0.015127625134198297,-0.09233465790748596,-0.4033198356628418,-0.03717809711059772,-0.107113778591156,-0.46835461258888245,-0.050172103386728395,-0.11855873465538025,-0.5259136259555817,-0.05809949506482326,-0.013068139553070068,-0.2882310152053833,-0.025940224346129526,0.013420820236206055,-0.4192153811454773,-0.05362069402298175,0.02760946750640869,-0.4981190860271454,-0.07128215376695834,0.039192378520965576,-0.5618741512298584,-0.07848020438513004,0.0326119065284729,-0.2534041404724121,-0.03997010533174716,0.02601313591003418,-0.31156259775161743,-0.08118640426954471,-0.007379770278930664,-0.240522563457489,-0.0842028314288541,-0.027351081371307373,-0.18498671054840088,-0.07297245953640186,0.07176953554153442,-0.20446175336837769,-0.055432753455249895,0.05961894989013672,-0.25192952156066895,-0.0824233422096654,0.03328418731689453,-0.20834344625473022,-0.07406039331516467,0.017287075519561768,-0.1683914065361023,-0.05992436949571811,victory
0.0,0.0,0.0,-0.05717131495475769,-0.06294745206832886,-0.022994601938819414,-0.0855029821395874,-0.15587615966796875,-0.03926077469060374,-0.07826122641563416,-0.2317231297492981,-0.05905770121881915,-0.054950177669525146,-0.2923780083656311,-0.0762300042695756,-0.0660463273525238,-0.29333269596099854,-0.01401508397231055,-0.09185203909873962,-0.4026795029640198,-0.035925648946260935,-0.10732027888298035,-0.46695438027381897,-0.0488959400243516,-0.11904612183570862,-0.5244472622871399,-0.05688687025377703,-0.012430816888809204,-0.2890729308128357,-0.025023728448843485,0.01325845718383789,-0.41910243034362793,-0.05268368108937693,0.027118265628814697,-0.4985921382904053,-0.07054345293710185,0.038474202156066895,-0.5628398060798645,-0.07793071850011302,0.03238159418106079,-0.25407570600509644,-0.03946010007331324,0.026193737983703613,-0.31464922428131104,-0.08145850880811167,-0.005246102809906006,-0.24233204126358032,-0.08462879790732813,-0.023846179246902466,-0.18547791242599487,-0.07321639342973185,0.07005441188812256,-0.2049720287322998,-0.055401019591784006,0.0571744441986084,-0.25287824869155884,-0.08329185082385493,0.031108617782592773,-0.20850592851638794,-0.07532580925891352,0.015654146671295166,-0.16734617948532104,-0.06127039699623538,victory
0.0,0.0,0.0,-0.057240843772888184,-0.05962812900543213,-0.023734452164831055,-0.08513829112052917,-0.15124911069869995,-0.04077487062579621,-0.07664388418197632,-0.2253003716468811,-0.06081773336893548,-0.056807875633239746,-0.28604835271835327,-0.07824476059442986,-0.06747105717658997,-0.2909966707229614,-0.019083259589137924,-0.09360390901565552,-0.4011005759239197,-0.04156585778957833,-0.10900890827178955,-0.46615201234817505,-0.054429445377650154,-0.12071996927261353,-0.5237286686897278,-0.06220350038177003,-0.013326287269592285,-0.28673166036605835,-0.02959727864629258,0.01255255937576294,-0.41803228855133057,-0.057392045817437065,0.025795459747314453,-0.49759629368782043,-0.07473066445356835,0.03665810823440552,-0.5627548098564148,-0.08187022801405419,0.03213930130004883,-0.25170832872390747,-0.04325207319027413,0.025292813777923584,-0.30883920192718506,-0.08439239855772485,-0.007755458354949951,-0.2385205626487732,-0.08759306367403497,-0.02752143144607544,-0.18441921472549438,-0.07669103886848916,0.07064229249954224,-0.20231980085372925,-0.05840853597885598,0.05984985828399658,-0.2498093843460083,-0.08530227091080178,0.03376913070678711,-0.20852446556091309,-0.0773436650252961,0.017690002918243408,-0.17037105560302734,-0.06367091085678567,victory
0.0,0.0,0.0,-0.05690455436706543,-0.055868685245513916,-0.025730726164510997,-0.08578577637672424,-0.1443539261817932,-0.04406396564536408,-0.08066412806510925,-0.2161152958869934,-0.06524755325608567,-0.06448352336883545,-0.27660053968429565,-0.08375511583381012,-0.06752994656562805,-0.2935848832130432,-0.019160247263243946,-0.09293815493583679,-0.4014447331428528,-0.042504305806687626,-0.10792818665504456,-0.4656814932823181,-0.056460260268977436,-0.11952951550483704,-0.5224014222621918,-0.06500760730796173,-0.012612670660018921,-0.28861987590789795,-0.02942453403466061,0.013765066862106323,-0.4207637906074524,-0.058210733202031406,0.02632322907447815,-0.500868946313858,-0.0768911343484433,0.03616061806678772,-0.5650971233844757,-0.08480211612277344,0.0336402952671051,-0.25289857387542725,-0.043173680868676456,0.0285169780254364,-0.30699777603149414,-0.08541674431853608,-0.004932403564453125,-0.23645788431167603,-0.08943875398927048,-0.02608269453048706,-0.18242108821868896,-0.07882946994595841,0.07279464602470398,-0.20231181383132935,-0.058535481658509525,0.06215366721153259,-0.24914443492889404,-0.08602893617444352,0.03622958064079285,-0.2044689655303955,-0.07786902305178955,0.019490092992782593,-0.16373580694198608,-0.06390169527821854,victory
0.0,0.0,0.0,-0.05792582035064697,-0.0592266321182251,-0.02329689349403452,-0.08547741174697876,-0.15118855237960815,-0.040088283749128095,-0.07959741353988647,-0.2250903844833374,-0.06051773849299025,-0.06442457437515259,-0.2880781292915344,-0.07833278450539183,-0.0650380551815033,-0.2912341356277466,-0.016891776503825895,-0.09262979030609131,-0.4018048346042633,-0.03990603137185644,-0.10897144675254822,-0.46652281284332275,-0.052889901133085004,-0.12130624055862427,-0.5242544114589691,-0.06053352999856543,-0.010637670755386353,-0.28746241331100464,-0.028376922862435094,0.013876497745513916,-0.4204168915748596,-0.05732824924757551,0.02536189556121826,-0.5012814998626709,-0.07541699978878569,0.0344395637512207,-0.5654736757278442,-0.08254794302752089,0.034773051738739014,-0.25218093395233154,-0.043240751059556715,0.024853825569152832,-0.31042617559432983,-0.08644452217390608,-0.00792241096496582,-0.23877865076065063,-0.09014311704208922,-0.027457624673843384,-0.18316614627838135,-0.07869719985296797,0.07376247644424438,-0.20206695795059204,-0.059514711530709974,0.05999797582626343,-0.25354117155075073,-0.08795833113958906,0.033291399478912354,-0.20947647094726562,-0.07999656620791029,0.01656651496887207,-0.16764605045318604,-0.06578586521914076,victory
0.0,0.0,0.0,-0.05935865640640259,-0.05921989679336548,-0.026310360263380517,-0.09098494052886963,-0.1461855173110962,-0.04580885006049584,-0.08969265222549438,-0.2194303274154663,-0.06853838471630525,-0.0703279972076416,-0.2752695679664612,-0.08849672434786271,-0.07008856534957886,-0.2917315363883972,-0.020761935244593133,-0.09806650876998901,-0.4030076265335083,-0.04597937522390794,-0.11450061202049255,-0.4680025279521942,-0.061713541130814065,-0.12659218907356262,-0.5265571475028992,-0.0717939606116147,-0.017361074686050415,-0.2881547212600708,-0.030866418238076676,0.00570601224899292,-0.41959959268569946,-0.062035212497505654,0.020230889320373535,-0.4992738962173462,-0.08133549449900102,0.032719433307647705,-0.5641711056232452,-0.08985199240902375,0.0282021164894104,-0.25461041927337646,-0.04450892863729905,0.02215862274169922,-0.3137718439102173,-0.0872666036889882,-0.009440958499908447,-0.24280017614364624,-0.08971984891155671,-0.028707772493362427,-0.1858324408531189,-0.07812061367491197,0.06749647855758667,-0.20548850297927856,-0.06022186784008454,0.05590850114822388,-0.25661444664001465,-0.08789782432774018,0.02984410524368286,-0.21389323472976685,-0.07967590747335862,0.013136684894561768,-0.17190062999725342,-0.06575729904631089,victory
0.0,0.0,0.0,-0.06009155511856079,-0.05392104387283325,-0.026941713112194066,-0.09455424547195435,-0.14381468296051025,-0.04597233625014496,-0.09635177254676819,-0.2191981077194214,-0.06817828135450554,-0.07689639925956726,-0.2790612578392029,-0.08761681632955742,-0.06736987829208374,-0.2887507677078247,-0.018375640901524548,-0.09859856963157654,-0.39828652143478394,-0.04226504282911492,-0.11738818883895874,-0.4628599286079407,-0.056484524327117924,-0.13065224885940552,-0.5207270383834839,-0.06538981960972023,-0.015252292156219482,-0.2841334939002991,-0.028037341478068356,0.006046175956726074,-0.4169866442680359,-0.05803836153705788,0.01765984296798706,-0.49698981642723083,-0.07623781280477715,0.02801305055618286,-0.5608364641666412,-0.08386471139152718,0.029084205627441406,-0.25043439865112305,-0.04166453720887375,0.020851075649261475,-0.31426435708999634,-0.08590433018167687,-0.010092109441757202,-0.24282419681549072,-0.08991067873199654,-0.02873256802558899,-0.18633151054382324,-0.07898879067857933,0.06741756200790405,-0.20292967557907104,-0.05708464251716805,0.050773680210113525,-0.25663304328918457,-0.08706720190008355,0.023126304149627686,-0.20886874198913574,-0.0803488494630642,0.005502581596374512,-0.1634618043899536,-0.06731321679313851,victory
0.0,0.0,0.0,-0.0576663613319397,-0.0574832558631897,-0.02745376963008539,-0.09122806787490845,-0.14690393209457397,-0.04688051033605234,-0.0924750566482544,-0.2229265570640564,-0.06970332253564493,-0.0707685649394989,-0.28292006254196167,-0.08968684512962,-0.06349912285804749,-0.28883349895477295,-0.018035844600092332,-0.09433978796005249,-0.39791542291641235,-0.04300388756979601,-0.11299139261245728,-0.4615199565887451,-0.05758266586650507,-0.12644821405410767,-0.5188708305358887,-0.06652366805661813,-0.010832160711288452,-0.2850005626678467,-0.02784882735301153,0.009849309921264648,-0.4184299111366272,-0.05874670732606546,0.020662367343902588,-0.497808575630188,-0.07750772375453607,0.030308663845062256,-0.5610973834991455,-0.08505297887910501,0.03445619344711304,-0.2508320212364197,-0.04177870292056696,0.02475428581237793,-0.31492704153060913,-0.08746016461242334,-0.006002485752105713,-0.24259823560714722,-0.09179818320859567,-0.023559629917144775,-0.18424922227859497,-0.08022381800998346,0.07380902767181396,-0.20229071378707886,-0.0575176819025387,0.05718725919723511,-0.2555500268936157,-0.08807613391269342,0.03131955862045288,-0.21105432510375977,-0.08151035446513788,0.016372382640838623,-0.16766667366027832,-0.06802119750369684,victory
0.0,0.0,0.0,-0.05913054943084717,-0.053952693939208984,-0.03331077737470878,-0.09438249468803406,-0.14358842372894287,-0.05479562548657668,-0.09731483459472656,-0.22036516666412354,-0.07898703111072791,-0.07244604825973511,-0.2796952724456787,-0.09971972448488486,-0.06635311245918274,-0.2898153066635132,-0.019844750740730888,-0.0963069498538971,-0.39901870489120483,-0.04612968755623115,-0.11474239826202393,-0.4651208817958832,-0.06214876739045394,-0.12754091620445251,-0.5231050252914429,-0.07209245754143012,-0.014474749565124512,-0.28565555810928345,-0.027040130325758582,0.005491197109222412,-0.4153215289115906,-0.05948582557698501,0.016585230827331543,-0.49530696868896484,-0.07867393536230338,0.026569902896881104,-0.5576258301734924,-0.08675171328445686,0.030151307582855225,-0.25308769941329956,-0.039408071764910346,0.027858436107635498,-0.31811344623565674,-0.08589257193466437,-0.002467036247253418,-0.24832957983016968,-0.09039847446342719,-0.021761447191238403,-0.18887585401535034,-0.07890997720619453,0.06858623027801514,-0.20693200826644897,-0.05436748159786475,0.05917835235595703,-0.2650485038757324,-0.08502159906288398,0.03350865840911865,-0.2228410243988037,-0.07923348886629356,0.01611912250518799,-0.1776728630065918,-0.06654181224962485,victory
0.0,0.0,0.0,-0.06218108534812927,-0.05333518981933594,-0.03023972611362069,-0.09893715381622314,-0.1418095827102661,-0.04956054936582177,-0.10025861859321594,-0.22080206871032715,-0.07233369972044557,-0.0697968602180481,-0.2752848267555237,-0.0917982521229419,-0.06672146916389465,-0.28820109367370605,-0.014328983309212617,-0.09681233763694763,-0.39562252163887024,-0.03677286456758111,-0.11521008610725403,-0.4608767032623291,-0.050710229831281595,-0.12713554501533508,-0.5183957815170288,-0.05934174980455964,-0.016252130270004272,-0.2859792113304138,-0.022526637347880296,0.0035322904586791992,-0.41477659344673157,-0.05085251729423135,0.01144060492515564,-0.49599987268447876,-0.06785130377346604,0.020154088735580444,-0.5579569339752197,-0.07479259248310655,0.026871711015701294,-0.2550106644630432,-0.03589216123754113,0.022177904844284058,-0.32402682304382324,-0.07977472867304414,-0.00665709376335144,-0.25213831663131714,-0.083736545103136,-0.021934449672698975,-0.19082742929458618,-0.07182495917612641,0.06475088000297546,-0.21180486679077148,-0.05169409390026658,0.05742165446281433,-0.28475284576416016,-0.08059918011957734,0.032459765672683716,-0.24260985851287842,-0.07424665118986695,0.016954869031906128,-0.19351112842559814,-0.061250126617494516,victory
0.0,0.0,0.0,-0.06525126099586487,-0.051990509033203125,-0.028742330341117395,-0.10559093952178955,-0.14064723253250122,-0.04773947988309146,-0.10647046566009521,-0.22453707456588745,-0.07109401394285442,-0.06633961200714111,-0.2702088952064514,-0.0916679801479745,-0.06989064812660217,-0.28416872024536133,-0.013569747290091527,-0.09880432486534119,-0.39504683017730713,-0.03570064176477672,-0.11539489030838013,-0.4600036144256592,-0.050244290573971284,-0.12567293643951416,-0.5175115466117859,-0.060366362525599015,-0.020324498414993286,-0.2837437391281128,-0.023113487480657113,0.0010932385921478271,-0.4161754548549652,-0.05212764833726169,0.0077059268951416016,-0.4944223463535309,-0.07164572943605663,0.015742242336273193,-0.5590430200099945,-0.08139877040542842,0.02191716432571411,-0.2547147870063782,-0.03737074901022197,0.021029651165008545,-0.3400786519050598,-0.08032573033727886,-0.005703061819076538,-0.2665035128593445,-0.08472507466234447,-0.01822197437286377,-0.20380640029907227,-0.07423561830677272,0.05953419208526611,-0.21078336238861084,-0.05413672719754459,0.053208112716674805,-0.2916639447212219,-0.08253420908607723,0.02820885181427002,-0.25242751836776733,-0.07757321019329311,0.013269305229187012,-0.20424288511276245,-0.06657498349107982,victory
0.0,0.0,0.0,-0.06354951858520508,-0.05024909973144531,-0.026730628011478075,-0.10149094462394714,-0.13875454664230347,-0.04527438550974239,-0.10475155711174011,-0.21731770038604736,-0.06824451803947795,-0.07003393769264221,-0.26318877935409546,-0.08905420571352352,-0.06668642163276672,-0.28260141611099243,-0.016678833661330827,-0.09560775756835938,-0.3915974795818329,-0.039945976135982164,-0.11209523677825928,-0.45596277713775635,-0.05517079055096019,-0.1218036413192749,-0.5141364932060242,-0.06611549228216518,-0.017781347036361694,-0.28162896633148193,-0.02728983692611564,0.0011446774005889893,-0.41185462474823,-0.05695793896700252,0.009841442108154297,-0.4880920648574829,-0.0763911542275082,0.020610451698303223,-0.5529214143753052,-0.08656605452085842,0.024572253227233887,-0.25230175256729126,-0.04205057889009822,0.024599134922027588,-0.34011346101760864,-0.08478555947328914,-0.0014818310737609863,-0.26663047075271606,-0.08798932403112758,-0.014906495809555054,-0.20550721883773804,-0.07768492519642223,0.062027037143707275,-0.20742928981781006,-0.05914379775310863,0.055758118629455566,-0.28305768966674805,-0.08887949704910625,0.03236943483352661,-0.24389630556106567,-0.08419884115244258,0.018639564514160156,-0.1994498372077942,-0.07354474186684001,victory
0.0,0.0,0.0,-0.060833513736724854,-0.052735865116119385,-0.02732482803281755,-0.0982285737991333,-0.14308804273605347,-0.046321981300081916,-0.09512007236480713,-0.21737349033355713,-0.0691864683222434,-0.05724567174911499,-0.2507307529449463,-0.09030651738163442,-0.06390753388404846,-0.2948007583618164,-0.016547850046720214,-0.08880198001861572,-0.4026753604412079,-0.03836559568759412,-0.10163384675979614,-0.4672253131866455,-0.05435906042572469,-0.10833948850631714,-0.522151917219162,-0.06740001281019659,-0.011286765336990356,-0.2932620048522949,-0.027600231294002242,0.0047261714935302734,-0.42026370763778687,-0.05350500782247991,0.011251240968704224,-0.49460768699645996,-0.07345969666954488,0.019245028495788574,-0.5570057332515717,-0.08692085434910268,0.03373074531555176,-0.2618386745452881,-0.04314230446931333,0.040464580059051514,-0.37041744589805603,-0.08234293450829,0.017825543880462646,-0.3125283718109131,-0.09027661820169897,0.004333227872848511,-0.2542846202850342,-0.0867481349897048,0.07250219583511353,-0.21049940586090088,-0.06110926409479589,0.06929934024810791,-0.28538787364959717,-0.09228845377680273,0.04646939039230347,-0.25330841541290283,-0.09428593208309621,0.031589627265930176,-0.21006083488464355,-0.09037723084207983,victory
0.0,0.0,0.0,-0.06151255965232849,-0.053724467754364014,-0.026493891187442387,-0.09904983639717102,-0.1426529884338379,-0.04459953405751094,-0.09615203738212585,-0.21935659646987915,-0.06667476990116938,-0.05750536918640137,-0.25228291749954224,-0.08711291947258815,-0.06446927785873413,-0.29318225383758545,-0.014514524534774864,-0.08757799863815308,-0.3983779549598694,-0.03642144524349078,-0.10157614946365356,-0.46265387535095215,-0.053027086936367596,-0.10958892107009888,-0.5188362002372742,-0.06669855960501536,-0.012292563915252686,-0.29247546195983887,-0.025645258881581867,0.0036982297897338867,-0.4175298810005188,-0.051408202432526195,0.010207533836364746,-0.4931890666484833,-0.07185622402323588,0.017833054065704346,-0.5550677478313446,-0.08607891299618586,0.03208357095718384,-0.261056125164032,-0.041270163886679256,0.04118567705154419,-0.36647456884384155,-0.08047684379710063,0.018973112106323242,-0.31314659118652344,-0.08985204347266063,0.004315704107284546,-0.25697803497314453,-0.0877868468393217,0.07089000940322876,-0.20920979976654053,-0.05915740975035533,0.07016783952713013,-0.28109902143478394,-0.089995012663735,0.04810607433319092,-0.2502661943435669,-0.09237847574843272,0.03223621845245361,-0.20827263593673706,-0.08918135710848674,victory
0.0,0.0,0.0,-0.05962720513343811,-0.04956179857254028,-0.02529913225424707,-0.09948116540908813,-0.1449839472770691,-0.03806497940075815,-0.085479736328125,-0.2246689796447754,-0.05279444569003999,-0.042924463748931885,-0.24692660570144653,-0.06656092816245973,-0.06812915205955505,-0.2981669306755066,-0.012460757430915237,-0.08857586979866028,-0.4031575918197632,-0.029518109198932052,-0.10234686732292175,-0.46940094232559204,-0.04429273345721185,-0.11054793000221252,-0.5243121683597565,-0.05733648725998819,-0.015710920095443726,-0.29983198642730713,-0.020655358594183326,-0.007210463285446167,-0.41906678676605225,-0.0396507982279104,-0.0004780292510986328,-0.5002299845218658,-0.05910228603733003,0.005988389253616333,-0.5589233338832855,-0.07406303697479188,0.029054194688796997,-0.2704896330833435,-0.033537410583619476,0.04156091809272766,-0.362682044506073,-0.06374676936519563,0.03566142916679382,-0.36787664890289307,-0.08449959420812547,0.025539785623550415,-0.3525876998901367,-0.09424300157678545,0.06772002577781677,-0.22246640920639038,-0.048643660184268356,0.07622727751731873,-0.29313844442367554,-0.07583117150915086,0.06279012560844421,-0.30068522691726685,-0.08858725094449937,0.0436573326587677,-0.28656303882598877,-0.09536245876205385,victory
0.0,0.0,0.0,-0.06116962432861328,-0.052184224128723145,-0.02179125841857399,-0.10082802176475525,-0.15115457773208618,-0.030487669223560943,-0.07809779047966003,-0.23450487852096558,-0.0405906621009251,-0.033369600772857666,-0.26276880502700806,-0.0501855346948048,-0.07220536470413208,-0.2937023639678955,-0.010179381409301413,-0.09419441223144531,-0.4051991105079651,-0.0254262141525885,-0.10746133327484131,-0.47449547052383423,-0.03801350999773945,-0.11701685190200806,-0.5334151387214661,-0.04870559979380573,-0.01964208483695984,-0.2977900505065918,-0.017358678916110648,-0.015052884817123413,-0.4201454520225525,-0.03225728456081356,-0.009592950344085693,-0.5016045868396759,-0.04785086173714603,-0.005156368017196655,-0.5624760687351227,-0.05949303839506115,0.02649468183517456,-0.2721399664878845,-0.028976600208892478,0.03804802894592285,-0.34956395626068115,-0.05314144823850597,0.03250420093536377,-0.37688854336738586,-0.07286127988399471,0.022317111492156982,-0.38831639289855957,-0.08293515775503124,0.0660054087638855,-0.22994542121887207,-0.042673669347180976,0.0714218020439148,-0.2940738797187805,-0.06340451125205959,0.05658906698226929,-0.3125331401824951,-0.073476265707626,0.0373874306678772,-0.31449031829833984,-0.07921473268569912,victory
0.0,0.0,0.0,-0.060873061418533325,-0.052874743938446045,-0.022371176594276676,-0.10146218538284302,-0.14765292406082153,-0.03334295746066118,-0.08273717761039734,-0.22947877645492554,-0.04576515030242945,-0.0398220419883728,-0.2677628993988037,-0.05729100477077509,-0.07252523303031921,-0.2925109267234802,-0.01175444197036768,-0.0937262773513794,-0.40462571382522583,-0.028466030919332752,-0.10728725790977478,-0.47328847646713257,-0.0424105114875033,-0.11657094955444336,-0.532166063785553,-0.054123822563667545,-0.021622121334075928,-0.296222984790802,-0.018852187284608135,-0.016885578632354736,-0.41826704144477844,-0.03469670932867075,-0.01115766167640686,-0.4988706111907959,-0.05146034803368593,-0.006066858768463135,-0.5609009563922882,-0.06458465378858591,0.023434609174728394,-0.27172839641571045,-0.030385984071870098,0.034107476472854614,-0.35263198614120483,-0.05401379611470247,0.028028815984725952,-0.37758564949035645,-0.07264261316635157,0.01656845211982727,-0.38775956630706787,-0.08271543305494333,0.06366279721260071,-0.23110252618789673,-0.04421702396251703,0.07010409235954285,-0.29822415113449097,-0.06467327099420572,0.05534514784812927,-0.32252413034439087,-0.07548010718204523,0.03461441397666931,-0.3312165141105652,-0.08219150077678705,victory
0.0,0.0,0.0,-0.0629180371761322,-0.05529522895812988,-0.02265872705444849,-0.09694218635559082,-0.15861594676971436,-0.033138333742471104,-0.07334932684898376,-0.24373692274093628,-0.046157325540633565,-0.03306320309638977,-0.2771516442298889,-0.05807430568799532,-0.07690182328224182,-0.2907251715660095,-0.0093778678374008,-0.10047894716262817,-0.4010738730430603,-0.026693691422195798,-0.11565715074539185,-0.46892350912094116,-0.04155048999652422,-0.1273409128189087,-0.5269665420055389,-0.05459821495875872,-0.027929216623306274,-0.29575276374816895,-0.017217528928966885,-0.025370478630065918,-0.4162331819534302,-0.035948033367247945,-0.02364632487297058,-0.49362698197364807,-0.05422168496713198,-0.02052086591720581,-0.5547768473625183,-0.06869645315870798,0.015581786632537842,-0.27167809009552,-0.029380340983124142,0.021117329597473145,-0.368108868598938,-0.057894992564769154,0.007532656192779541,-0.3577306568622589,-0.07318963754639185,-0.0037055909633636475,-0.33299410343170166,-0.07938935506805933,0.05532199144363403,-0.23002588748931885,-0.04383993792995966,0.05785858631134033,-0.30168288946151733,-0.06800513613686121,0.03800886869430542,-0.30484968423843384,-0.07675145465597666,0.019318461418151855,-0.28799718618392944,-0.08100569147333658,victory
0.0,0.0,0.0,-0.06544643640518188,-0.05887728929519653,-0.017418705549403057,-0.09941563010215759,-0.15843206644058228,-0.02688857043938242,-0.07835268974304199,-0.23382586240768433,-0.041055713471337185,-0.04046046733856201,-0.2725975513458252,-0.054379884776039944,-0.07807448506355286,-0.2857113480567932,-0.005650766350640879,-0.10409218072891235,-0.3982779383659363,-0.022557363536520825,-0.11875784397125244,-0.465684175491333,-0.03604066434161268,-0.13060152530670166,-0.5221714079380035,-0.04713018300788008,-0.02970948815345764,-0.28702354431152344,-0.017057147499485836,-0.02651381492614746,-0.4106801450252533,-0.0373439236249169,-0.027754366397857666,-0.48503679037094116,-0.054939520236416683,-0.02612084150314331,-0.542695015668869,-0.06728271829740606,0.014109313488006592,-0.25955867767333984,-0.03194498705522619,0.013182640075683594,-0.3563876748085022,-0.0634054510559281,-0.007622838020324707,-0.30558598041534424,-0.07062726902620398,-0.02004215121269226,-0.2523060441017151,-0.06825671034710012,0.053885042667388916,-0.21527159214019775,-0.04859194594280325,0.046634793281555176,-0.2875101566314697,-0.07315655487434469,0.022303342819213867,-0.26071053743362427,-0.0732805399860581,0.0051496028900146484,-0.21983832120895386,-0.06915133136169516,victory
0.0,0.0,0.0,-0.06436854600906372,-0.06011676788330078,-0.017390705272248397,-0.09850567579269409,-0.15721511840820312,-0.028356689586928496,-0.07854345440864563,-0.23184692859649658,-0.04428036287396253,-0.04074177145957947,-0.27311909198760986,-0.05950876101820768,-0.07675370573997498,-0.2860468626022339,-0.008340196311166892,-0.10285985469818115,-0.3965694010257721,-0.027152854576399932,-0.11867254972457886,-0.4622008204460144,-0.041469344496420035,-0.131778746843338,-0.5188947021961212,-0.052343168854406485,-0.028408080339431763,-0.2866747975349426,-0.02035971507399381,-0.022905290126800537,-0.4099298119544983,-0.04156841859190763,-0.02426496148109436,-0.48350220918655396,-0.058221967518022666,-0.023553460836410522,-0.5424003601074219,-0.06913649439781011,0.015659213066101074,-0.2592388987541199,-0.0358617022630483,0.011416614055633545,-0.3484802842140198,-0.06847764700620473,-0.011142700910568237,-0.2947596311569214,-0.07538213729827703,-0.02335435152053833,-0.24008554220199585,-0.07186159640519918,0.0554811954498291,-0.21542590856552124,-0.0531395018097669,0.047958433628082275,-0.2887275815010071,-0.07710745334594549,0.02169567346572876,-0.25992220640182495,-0.07585628479688467,0.0034879446029663086,-0.21651548147201538,-0.07037736624448598,victory
0.0,0.0,0.0,-0.06897532939910889,-0.060180604457855225,-0.018945046056899173,-0.09959304332733154,-0.1598886251449585,-0.0285238663748828,-0.07665523886680603,-0.2362891435623169,-0.04283222398618136,-0.04501241445541382,-0.28145718574523926,-0.0560641571030942,-0.07952061295509338,-0.28213179111480713,-0.005007106632831437,-0.10479971766471863,-0.39189568161964417,-0.02407614915529166,-0.12132248282432556,-0.4581124186515808,-0.038504580323490245,-0.1341070830821991,-0.516030490398407,-0.048648940686973674,-0.030778974294662476,-0.2818479537963867,-0.015704067711624248,-0.026543021202087402,-0.39932286739349365,-0.039317531798872096,-0.027648448944091797,-0.47417011857032776,-0.058332892422470195,-0.026082873344421387,-0.5368913114070892,-0.06950918427565966,0.01390153169631958,-0.2552415132522583,-0.03013677178779517,0.00778573751449585,-0.32164978981018066,-0.06701856694081698,-0.017225325107574463,-0.2570995092391968,-0.07501178822377597,-0.031423598527908325,-0.2009449005126953,-0.06978480360368167,0.05403172969818115,-0.2150021195411682,-0.04617996356347476,0.04371678829193115,-0.2782251834869385,-0.07182605407098208,0.0169256329536438,-0.23853617906570435,-0.06865979573586856,-0.0011900067329406738,-0.19177871942520142,-0.06041092640617762,victory
0.0,0.0,0.0,-0.06842103600502014,-0.05453234910964966,-0.017492567466490527,-0.09894305467605591,-0.1618155837059021,-0.025009711550467273,-0.07549586892127991,-0.23861515522003174,-0.037200897278182765,-0.04241040349006653,-0.28311002254486084,-0.0483581305462053,-0.0758756697177887,-0.27706378698349,-0.004145222527824899,-0.1011243462562561,-0.3903298079967499,-0.02145352335452344,-0.1173754334449768,-0.45702147483825684,-0.03280926802932527,-0.1303417980670929,-0.5143247544765472,-0.03988264808236863,-0.02728492021560669,-0.27497953176498413,-0.01417757691621091,-0.023822098970413208,-0.3968084454536438,-0.0372296341675451,-0.023601919412612915,-0.4710823893547058,-0.05328560927688386,-0.021344631910324097,-0.5319408178329468,-0.061074584068649074,0.017308413982391357,-0.2501317858695984,-0.027637749256484767,0.005806863307952881,-0.318368136882782,-0.0651917451041868,-0.01608172059059143,-0.24978047609329224,-0.07027325713812616,-0.026379287242889404,-0.19077593088150024,-0.061488191874616405,0.05717480182647705,-0.2157263159751892,-0.04239657083331849,0.04128098487854004,-0.2836241126060486,-0.06689967149674203,0.016743838787078857,-0.2430330514907837,-0.060584894658916255,0.0026273131370544434,-0.1963828206062317,-0.04946944424688127,victory
0.0,0.0,0.0,-0.06831187009811401,-0.05352187156677246,-0.015324339382914332,-0.09854185581207275,-0.1651829481124878,-0.020692533925739554,-0.07034319639205933,-0.24348795413970947,-0.031044191793171194,-0.03585478663444519,-0.28669875860214233,-0.040565456376043585,-0.07436776161193848,-0.270657479763031,0.0004436244530552358,-0.1004391610622406,-0.38330769538879395,-0.014849681519535807,-0.11753064393997192,-0.4491833448410034,-0.024003728405205038,-0.1305791735649109,-0.505525529384613,-0.02916427247282627,-0.02664390206336975,-0.2704758644104004,-0.009489440471497801,-0.02448698878288269,-0.39375966787338257,-0.03078882128056648,-0.025424093008041382,-0.4682912230491638,-0.0446530758595145,-0.023450881242752075,-0.5279341638088226,-0.050000402257410315,0.017043769359588623,-0.24731522798538208,-0.022827857286301878,0.00399249792098999,-0.31297123432159424,-0.05880722694155338,-0.016596943140029907,-0.24185633659362793,-0.06111315555926922,-0.025496572256088257,-0.18206405639648438,-0.04984544508215549,0.05623215436935425,-0.21466630697250366,-0.03733428113218906,0.03882235288619995,-0.2801734209060669,-0.059021520540682104,0.017356932163238525,-0.23597407341003418,-0.04939403675552967,0.00721055269241333,-0.19000715017318726,-0.035822711065975454,victory
0.0,0.0,0.0,-0.06842926144599915,-0.04941582679748535,-0.015929742961702686,-0.0977729856967926,-0.1612953543663025,-0.0206827030177692,-0.06937474012374878,-0.24010992050170898,-0.029971028923569065,-0.03873103857040405,-0.28532928228378296,-0.03822263447898422,-0.07672226428985596,-0.2677168846130371,8.119758615521278e-05,-0.10174110531806946,-0.380741149187088,-0.015052493907091957,-0.11858168244361877,-0.44742172956466675,-0.02437929926770721,-0.13078993558883667,-0.5034905076026917,-0.029740524723706585,-0.028146177530288696,-0.26784199476242065,-0.009177372105000359,-0.026605993509292603,-0.387730211019516,-0.031090523361740452,-0.027689039707183838,-0.46303895115852356,-0.045802698716101986,-0.025472581386566162,-0.523493081331253,-0.05173140136855636,0.015969842672348022,-0.24536043405532837,-0.02183626896101032,0.005306035280227661,-0.3092966079711914,-0.05854226021426712,-0.01601681113243103,-0.2372732162475586,-0.061289091839967114,-0.02653968334197998,-0.17730408906936646,-0.05029619230288063,0.05503317713737488,-0.21416425704956055,-0.03563662736075912,0.039231687784194946,-0.2766660451889038,-0.05903934805053268,0.01797148585319519,-0.23196983337402344,-0.05041685818093811,0.0073261559009552,-0.1870083212852478,-0.03718537582415138,victory
0.0,0.0,0.0,-0.06480637192726135,-0.047639429569244385,-0.017113603486336615,-0.09222972393035889,-0.16574037075042725,-0.021361501722253706,-0.06416168808937073,-0.24458885192871094,-0.0302091965662612,-0.03428879380226135,-0.2895771861076355,-0.03801242245606318,-0.0720045268535614,-0.27088457345962524,-0.0006268586242867968,-0.0966799259185791,-0.38276171684265137,-0.016471769495524313,-0.11260968446731567,-0.4480891227722168,-0.025838184936560538,-0.12427011132240295,-0.5036459863185883,-0.03150730563572779,-0.02287137508392334,-0.27127712965011597,-0.010147210045374777,-0.020619451999664307,-0.3887942135334015,-0.033724274321116354,-0.01982077956199646,-0.4617011547088623,-0.04869864864519968,-0.016293197870254517,-0.522095113992691,-0.0545429660218133,0.02135598659515381,-0.24729794263839722,-0.023315112872637656,0.010113239288330078,-0.31239449977874756,-0.06117709337047472,-0.011244863271713257,-0.2340620756149292,-0.06191218255332842,-0.021923720836639404,-0.17381304502487183,-0.04956516606978312,0.05972599983215332,-0.2136339545249939,-0.03793045489362612,0.042743980884552,-0.27459633350372314,-0.061966083778656866,0.022257328033447266,-0.22474300861358643,-0.052321977748192694,0.013304054737091064,-0.18018203973770142,-0.03838605789712801,victory
0.0,0.0,0.0,-0.06561213731765747,-0.04696846008300781,-0.01739207776404328,-0.09335753321647644,-0.1640336513519287,-0.022454296519526906,-0.06623238325119019,-0.24199122190475464,-0.0320845481953711,-0.03773951530456543,-0.28523433208465576,-0.04067279892183251,-0.07153493165969849,-0.26965928077697754,-0.0018095131279096677,-0.09566152095794678,-0.3817797601222992,-0.018908473943838544,-0.11162140965461731,-0.4482158422470093,-0.029299459700951047,-0.1231294572353363,-0.5040647983551025,-0.03540106238938279,-0.02325800061225891,-0.26878249645233154,-0.011309084763297506,-0.02092653512954712,-0.3886576294898987,-0.03604572015024132,-0.020746350288391113,-0.4624760150909424,-0.0515642141006083,-0.01719909906387329,-0.5232317447662354,-0.05747926356411881,0.02058759331703186,-0.2451258897781372,-0.024357610662946172,0.010622769594192505,-0.3111717104911804,-0.06311106430507607,-0.011205017566680908,-0.234319269657135,-0.06358282761789269,-0.021784424781799316,-0.17343580722808838,-0.05055850492931313,0.059206634759902954,-0.21207809448242188,-0.03882261486864991,0.044299155473709106,-0.2752310037612915,-0.06297683464504189,0.02407976984977722,-0.22737044095993042,-0.05261909337855286,0.015353292226791382,-0.1829293966293335,-0.03789610164380974,victory
0.0,0.0,0.0,-0.06496772170066833,-0.0498926043510437,-0.016148867680385592,-0.09228712320327759,-0.16492265462875366,-0.020643566398575786,-0.06629735231399536,-0.24038809537887573,-0.030083047820880893,-0.03856542706489563,-0.28305584192276,-0.03834701761479664,-0.07081606984138489,-0.2706747055053711,0.0012656887865887256,-0.09473678469657898,-0.38084593415260315,-0.015300148761525634,-0.11050868034362793,-0.44639503955841064,-0.025276331825807574,-0.12239739298820496,-0.5015974342823029,-0.031002391724541667,-0.022762686014175415,-0.2709817886352539,-0.0090272320794611,-0.018843352794647217,-0.39057326316833496,-0.0328478930878191,-0.018840938806533813,-0.4649999141693115,-0.048287358729794505,-0.01586592197418213,-0.526166707277298,-0.05405427947516728,0.02071443200111389,-0.247167706489563,-0.0230224511014967,0.00875118374824524,-0.3119168281555176,-0.06116564631338406,-0.01244691014289856,-0.23624145984649658,-0.06238705724354077,-0.02148088812828064,-0.1770572066307068,-0.049711876212313655,0.058902233839035034,-0.2134026288986206,-0.038372852503016475,0.042786091566085815,-0.2747725248336792,-0.06163121074314404,0.02275833487510681,-0.22756338119506836,-0.051620677708342555,0.015145570039749146,-0.18396645784378052,-0.03713201045866299,victory
0.0,0.0,0.0,-0.06462755799293518,-0.05242002010345459,-0.01285738947262871,-0.09284141659736633,-0.16487616300582886,-0.016439926646853564,-0.06971514225006104,-0.23963314294815063,-0.02583070548644173,-0.042992472648620605,-0.2799951434135437,-0.03442387173345196,-0.06897151470184326,-0.26709967851638794,0.004798898171429755,-0.09397992491722107,-0.37353137135505676,-0.011248565115238307,-0.10941669344902039,-0.4373663663864136,-0.020973068498278735,-0.12031352519989014,-0.49147969484329224,-0.026542966090346454,-0.022516578435897827,-0.26808786392211914,-0.00698866073435056,-0.015568017959594727,-0.3883499801158905,-0.0304350525366317,-0.014514416456222534,-0.4634588360786438,-0.04590821156671154,-0.009962230920791626,-0.5246554017066956,-0.05167575071027386,0.01955270767211914,-0.24508589506149292,-0.02221679205467808,0.008641242980957031,-0.312963604927063,-0.05999810511639225,-0.012363791465759277,-0.23887115716934204,-0.06093248615434277,-0.020651519298553467,-0.18023204803466797,-0.047973084099794505,0.057541608810424805,-0.21150511503219604,-0.03844811657836544,0.041614532470703125,-0.2762101888656616,-0.06142204890420544,0.022040069103240967,-0.22764259576797485,-0.05081213528683293,0.014867544174194336,-0.1814621090888977,-0.03580169270207989,victory
0.0,0.0,0.0,-0.0653102695941925,-0.05044013261795044,-0.013354833572805092,-0.09298568964004517,-0.1632596254348755,-0.01755922321200387,-0.0700274407863617,-0.23844927549362183,-0.027464906088709995,-0.046040862798690796,-0.28170353174209595,-0.036312293596267864,-0.0680309534072876,-0.2653126120567322,0.0049522436599431785,-0.09292003512382507,-0.37302738428115845,-0.010608231983781025,-0.10842761397361755,-0.4363008737564087,-0.0200384690982105,-0.11939448118209839,-0.4904040992259979,-0.02551179598987119,-0.02111762762069702,-0.2661898136138916,-0.006869205608666107,-0.015416741371154785,-0.38749322295188904,-0.029853554777503177,-0.014639288187026978,-0.4635376036167145,-0.04518034342646615,-0.009946346282958984,-0.5251298248767853,-0.05100873891234414,0.02107188105583191,-0.24285149574279785,-0.022216728292107746,0.009474068880081177,-0.3114359378814697,-0.05920438874483125,-0.011698275804519653,-0.23707544803619385,-0.05918122488975541,-0.020339548587799072,-0.1779671311378479,-0.045887567437887355,0.05902537703514099,-0.20931118726730347,-0.038732651956081554,0.04273560643196106,-0.2725483775138855,-0.06118819523572938,0.023405224084854126,-0.22452569007873535,-0.050138742066621944,0.016376227140426636,-0.1792578101158142,-0.034943431950807735,victory
0.0,0.0,0.0,-0.06454038619995117,-0.049532532691955566,-0.012696511738681693,-0.09270867705345154,-0.15995639562606812,-0.016758116588675875,-0.07170671224594116,-0.23544585704803467,-0.026639808595859904,-0.04828885197639465,-0.27787649631500244,-0.035568064705216784,-0.07026931643486023,-0.25884222984313965,0.004732620275831323,-0.09796810150146484,-0.3623500466346741,-0.011580891602420706,-0.11496341228485107,-0.4242711663246155,-0.021669336289846797,-0.12662339210510254,-0.4772363007068634,-0.02785061921247234,-0.02381250262260437,-0.2624915838241577,-0.007432414379650254,-0.016233623027801514,-0.3841422498226166,-0.031301366791808505,-0.014284402132034302,-0.46085914969444275,-0.04744611929424991,-0.008621066808700562,-0.5218618512153625,-0.053987069681966204,0.01807016134262085,-0.24046456813812256,-0.022885850325906176,0.008754074573516846,-0.3124932050704956,-0.060693478838288684,-0.012045204639434814,-0.2374504804611206,-0.06049698095091571,-0.020774126052856445,-0.17780303955078125,-0.04709803189405193,0.056149184703826904,-0.20710784196853638,-0.03933687384494533,0.04006701707839966,-0.27120810747146606,-0.06345929081805934,0.02060002088546753,-0.22099590301513672,-0.052609051272952456,0.012700438499450684,-0.17323768138885498,-0.03726313884624233,victory
0.0,0.0,0.0,-0.06533581018447876,-0.04641139507293701,-0.01376890552955956,-0.09235593676567078,-0.16314417123794556,-0.016814023012102552,-0.0710006058216095,-0.24323850870132446,-0.0252188404442677,-0.04781857132911682,-0.28723466396331787,-0.03247034711557717,-0.06982037425041199,-0.25742918252944946,0.004491254465847305,-0.09773752093315125,-0.3622211813926697,-0.009833886975229689,-0.11560270190238953,-0.423739492893219,-0.01775685487109513,-0.12801411747932434,-0.4763583838939667,-0.02237331097740025,-0.02270248532295227,-0.2615845799446106,-0.006174170633585163,-0.015816926956176758,-0.38494375348091125,-0.0285187305303225,-0.013345777988433838,-0.4624176621437073,-0.04333848668056817,-0.006803154945373535,-0.5234562158584595,-0.048858297744573065,0.018665164709091187,-0.23991388082504272,-0.020244166010797926,0.009384125471115112,-0.3112030029296875,-0.056433753797591635,-0.011879831552505493,-0.23707014322280884,-0.056717054674209066,-0.021371304988861084,-0.17630809545516968,-0.04381419135052056,0.055588215589523315,-0.20998990535736084,-0.03546589029747338,0.03945055603981018,-0.27149224281311035,-0.05795369086581559,0.01958969235420227,-0.22411376237869263,-0.048068573454202124,0.01065787672996521,-0.1779184341430664,-0.03374195260721535,victory
0.0,0.0,0.0,-0.06398525834083557,-0.04545331001281738,-0.014278982459757117,-0.09206050634384155,-0.1622105836868286,-0.01786991364434698,-0.06914722919464111,-0.24231821298599243,-0.02658454670682886,-0.04092341661453247,-0.2806338667869568,-0.03420141867474058,-0.07055220007896423,-0.25877630710601807,0.002302377325293037,-0.09866002202033997,-0.36186397075653076,-0.01258120375797489,-0.11680009961128235,-0.4228048324584961,-0.020805667779598025,-0.12955734133720398,-0.4747938811779022,-0.025740211523327616,-0.024064302444458008,-0.2628052830696106,-0.008286819487068442,-0.01536288857460022,-0.38638055324554443,-0.031125604800138262,-0.012678653001785278,-0.4631549119949341,-0.04579373977259138,-0.006043612957000732,-0.5237630605697632,-0.0510274597175453,0.017302364110946655,-0.2402610182762146,-0.0221081726916168,0.00963708758354187,-0.30952465534210205,-0.05834361693933943,-0.011188656091690063,-0.23607611656188965,-0.05790032974556425,-0.019633173942565918,-0.17682909965515137,-0.04443013078645208,0.05404326319694519,-0.20825868844985962,-0.037155123121294764,0.040228575468063354,-0.2695534825325012,-0.05939918167069891,0.022486478090286255,-0.22288477420806885,-0.04877491450980642,0.016747742891311646,-0.178436279296875,-0.03387700921967962,victory
0.0,0.0,0.0,-0.06572422385215759,-0.0455927848815918,-0.013630958121780168,-0.0945221483707428,-0.1608179807662964,-0.017687023465100538,-0.07309070229530334,-0.23942017555236816,-0.027372364733878385,-0.04495987296104431,-0.27676260471343994,-0.03593551072901846,-0.0703880786895752,-0.25772690773010254,0.0021010068370515,-0.09709987044334412,-0.3620472252368927,-0.012873551656070958,-0.11364296078681946,-0.4227675795555115,-0.020537667755547773,-0.12462136149406433,-0.47441408038139343,-0.024922839213672887,-0.022999495267868042,-0.26134729385375977,-0.009316189062360536,-0.013881057500839233,-0.38667139410972595,-0.032518618587914716,-0.010686337947845459,-0.46495378017425537,-0.04693038466996313,-0.0036124587059020996,-0.5259482264518738,-0.0517466709358132,0.01878771185874939,-0.2385176420211792,-0.023987958986822377,0.009203940629959106,-0.30809730291366577,-0.060718973015013944,-0.012457430362701416,-0.2337712049484253,-0.06059238392538191,-0.021550923585891724,-0.17286401987075806,-0.04694582599825026,0.055535465478897095,-0.20631790161132812,-0.039855801348153364,0.039974600076675415,-0.26638972759246826,-0.06213013160652281,0.02027037739753723,-0.22115975618362427,-0.052147530798379194,0.012313276529312134,-0.17684125900268555,-0.037605856393042814,victory
0.0,0.0,0.0,-0.06526327133178711,-0.04337012767791748,-0.013402521686828095,-0.09580805897712708,-0.16023045778274536,-0.017343971023535687,-0.07354968786239624,-0.23964977264404297,-0.026912597084617573,-0.040799349546432495,-0.27007800340652466,-0.03543015483973022,-0.07048442959785461,-0.25794702768325806,0.0016143904466048298,-0.09781590104103088,-0.36061835289001465,-0.012692439446425396,-0.1147354245185852,-0.4201813340187073,-0.019651106635308224,-0.12625056505203247,-0.4705594778060913,-0.02376355517861839,-0.022791624069213867,-0.2617177963256836,-0.009924374597346741,-0.012729346752166748,-0.3876359462738037,-0.03289332527873512,-0.01005825400352478,-0.4654953181743622,-0.0469082101082563,-0.004010915756225586,-0.5255638659000397,-0.051323606709217984,0.019264668226242065,-0.23799335956573486,-0.02455427039620872,0.009580880403518677,-0.3066776394844055,-0.06143154490945335,-0.011944115161895752,-0.23069018125534058,-0.06108013455030914,-0.020930051803588867,-0.16937029361724854,-0.047022103408551175,0.056111663579940796,-0.2044222354888916,-0.040277476499056775,0.03960725665092468,-0.26403969526290894,-0.0625291011130571,0.019850343465805054,-0.2173362374305725,-0.0522776125764608,0.012304157018661499,-0.17280608415603638,-0.03749493796584602,victory
0.0,0.0,0.0,-0.06619364023208618,-0.04388397932052612,-0.013934072928975638,-0.09704285860061646,-0.15897279977798462,-0.017462868134032306,-0.0740891695022583,-0.23672044277191162,-0.026297494659672793,-0.03998982906341553,-0.2715454697608948,-0.033932844067464885,-0.07053807377815247,-0.2595105767250061,0.0020726070436580812,-0.09680357575416565,-0.3623935282230377,-0.011734717416118201,-0.11297667026519775,-0.42130720615386963,-0.01831478242064577,-0.1237112283706665,-0.47195857763290405,-0.02181417856598955,-0.022392570972442627,-0.2628939151763916,-0.00863753807033163,-0.011574029922485352,-0.3883199989795685,-0.03062102373922926,-0.008525490760803223,-0.46524685621261597,-0.04378017213429075,-0.002617478370666504,-0.5261406600475311,-0.04724951263750654,0.01985454559326172,-0.23909121751785278,-0.022586183513055857,0.009221911430358887,-0.30337029695510864,-0.05937981408322912,-0.011966824531555176,-0.22654610872268677,-0.05939578067744833,-0.02094760537147522,-0.1657477617263794,-0.04514675017679792,0.05654335021972656,-0.2057710886001587,-0.03758210119093519,0.03986990451812744,-0.26323360204696655,-0.058974234277854976,0.020658254623413086,-0.21705400943756104,-0.04821733933175665,0.013798296451568604,-0.1747416853904724,-0.03291521396721464,victory
0.0,0.0,0.0,-0.0664554238319397,-0.04300260543823242,-0.01401012615781383,-0.09681633114814758,-0.15976780652999878,-0.017130604400449556,-0.07329976558685303,-0.23838090896606445,-0.02566667871099071,-0.03931182622909546,-0.27271342277526855,-0.03288199418705062,-0.07088476419448853,-0.2604790925979614,0.004180700131541926,-0.09761908650398254,-0.3641553521156311,-0.00863852204304294,-0.11366218328475952,-0.42343515157699585,-0.014582557990365785,-0.12431684136390686,-0.47378748655319214,-0.0177603479615982,-0.022572845220565796,-0.26414036750793457,-0.006587921562754673,-0.011526167392730713,-0.3900432288646698,-0.028165359436684412,-0.009168952703475952,-0.46754395961761475,-0.04147451037090377,-0.004034847021102905,-0.5274468064308167,-0.04501876273673133,0.019527792930603027,-0.2401200532913208,-0.020744376271181864,0.008352160453796387,-0.3050228953361511,-0.05736177825849609,-0.012485086917877197,-0.22776997089385986,-0.05732529276531295,-0.020955532789230347,-0.16668659448623657,-0.042985801040344995,0.056098341941833496,-0.2068336009979248,-0.035997957377844614,0.038957834243774414,-0.2652614712715149,-0.05747323149364547,0.02062433958053589,-0.21748119592666626,-0.04673204609673576,0.014861822128295898,-0.1739654541015625,-0.031405128925257486,victory
0.0,0.0,0.0,-0.06715604662895203,-0.04328399896621704,-0.013384948238297056,-0.09794232249259949,-0.1591898798942566,-0.01618263659582908,-0.07509100437164307,-0.23874801397323608,-0.02439923187301929,-0.04089111089706421,-0.272382915019989,-0.03167165977464492,-0.0724959671497345,-0.2586185336112976,0.002918836208493758,-0.0983029305934906,-0.36252012848854065,-0.009896737277074408,-0.11351299285888672,-0.42166686058044434,-0.015624099164767813,-0.12324953079223633,-0.4725170135498047,-0.018584647900922846,-0.02356034517288208,-0.2622656226158142,-0.007845110013647627,-0.011285006999969482,-0.3885413706302643,-0.02897029904232795,-0.007688939571380615,-0.4663676917552948,-0.04141561103568847,-0.0018294751644134521,-0.5267972350120544,-0.04452514065013702,0.018975913524627686,-0.23882538080215454,-0.021847020588381838,0.009193003177642822,-0.3047217130661011,-0.05899567318664367,-0.012616336345672607,-0.22768408060073853,-0.05987313178883369,-0.022259503602981567,-0.16516810655593872,-0.04615567041145141,0.055573105812072754,-0.20582473278045654,-0.03670206082568939,0.03835642337799072,-0.2641536593437195,-0.059214202440841746,0.017682194709777832,-0.21617954969406128,-0.04932667104111488,0.008994638919830322,-0.17061543464660645,-0.03458873344169433,victory
0.0,0.0,0.0,-0.06515008211135864,-0.04241281747817993,-0.01399702777280254,-0.09669503569602966,-0.1580105423927307,-0.017612377303976245,-0.07566046714782715,-0.23769575357437134,-0.026280587661403843,-0.04142880439758301,-0.27149224281311035,-0.03385315102650566,-0.07034710049629211,-0.26028263568878174,-0.0007003836858530121,-0.09785032272338867,-0.36313316226005554,-0.014670675742763706,-0.11428320407867432,-0.4224223494529724,-0.02096605126871509,-0.12504640221595764,-0.4736749529838562,-0.024545706930894085,-0.02156725525856018,-0.26352423429489136,-0.011489707167584129,-0.010097771883010864,-0.3898041248321533,-0.03395105910612983,-0.006208151578903198,-0.4666938781738281,-0.04695991811468048,0.0005984306335449219,-0.5274965167045593,-0.050545085343856044,0.02093970775604248,-0.23855769634246826,-0.02515744988932056,0.012250006198883057,-0.30644333362579346,-0.06253888097717208,-0.009969532489776611,-0.22759532928466797,-0.06199226913167877,-0.019659698009490967,-0.16466766595840454,-0.04745407042219085,0.05780601501464844,-0.2027837634086609,-0.03980714094950599,0.04166513681411743,-0.26003652811050415,-0.06307656702711029,0.020991802215576172,-0.21273595094680786,-0.053076706949013897,0.012205243110656738,-0.16855692863464355,-0.03807092097713394,victory
0.0,0.0,0.0,-0.06624874472618103,-0.04066479206085205,-0.014874125726976217,-0.0966758131980896,-0.15939199924468994,-0.01840295259700042,-0.07482871413230896,-0.2408948540687561,-0.026989838004567446,-0.04197108745574951,-0.2755821943283081,-0.03424278450057727,-0.07244732975959778,-0.2596055865287781,0.0009287379090778813,-0.10101079940795898,-0.36400148272514343,-0.012701177865722002,-0.11712488532066345,-0.42391687631607056,-0.018899779662945093,-0.12781119346618652,-0.4746537208557129,-0.02253901203022224,-0.023234456777572632,-0.2647472023963928,-0.00952763379410726,-0.011298596858978271,-0.39198118448257446,-0.032025823265769304,-0.009002149105072021,-0.46933460235595703,-0.04544152495310527,-0.003953009843826294,-0.5289278626441956,-0.0493009592299245,0.019130408763885498,-0.24066698551177979,-0.02318101365909797,0.008701324462890625,-0.30982232093811035,-0.05993656244919521,-0.014028996229171753,-0.23154538869857788,-0.058899404377200426,-0.023464679718017578,-0.16947698593139648,-0.04426263821170551,0.05594855546951294,-0.20619142055511475,-0.03800757777736408,0.03876292705535889,-0.26360023021698,-0.060485863954284014,0.01896446943283081,-0.21594232320785522,-0.05006215152189952,0.01242220401763916,-0.1726301908493042,-0.03497395840332729,victory
0.0,0.0,0.0,-0.06534186005592346,-0.04223489761352539,-0.01370223105925561,-0.09645265340805054,-0.15925002098083496,-0.017597892852904806,-0.07396423816680908,-0.23905926942825317,-0.026678256290438185,-0.038852840662002563,-0.2733527421951294,-0.03479809646535159,-0.07096344232559204,-0.26156312227249146,-0.001820746991256783,-0.09986767172813416,-0.3654553294181824,-0.015784373106839666,-0.11647412180900574,-0.42596322298049927,-0.02194915671873332,-0.12747526168823242,-0.47705334424972534,-0.02567086887586356,-0.021595865488052368,-0.26445913314819336,-0.013258108469131002,-0.009700179100036621,-0.39227694272994995,-0.03596029390621425,-0.005076795816421509,-0.46938931941986084,-0.04900279228616,0.002038896083831787,-0.5287026762962341,-0.05277283077168704,0.021242260932922363,-0.23900705575942993,-0.027559436457636366,0.013634324073791504,-0.3087003231048584,-0.06515314389992,-0.010094761848449707,-0.23124146461486816,-0.06548742164898158,-0.021795332431793213,-0.1683441400527954,-0.05197622214484454,0.057937800884246826,-0.20302659273147583,-0.04275004153180362,0.04051697254180908,-0.2587593197822571,-0.06671908457803966,0.017763972282409668,-0.21159249544143677,-0.05773557682562114,0.0069751739501953125,-0.16701143980026245,-0.04371180345344783,victory
0.0,0.0,0.0,-0.06613221764564514,-0.04264253377914429,-0.015015375585619495,-0.09618279337882996,-0.161160409450531,-0.018830901728335903,-0.07431554794311523,-0.24199515581130981,-0.02756065388149409,-0.04300054907798767,-0.2772234082221985,-0.03506390263265757,-0.07217627763748169,-0.2615564465522766,-0.001578540559250996,-0.10144883394241333,-0.3663294315338135,-0.01596695256358771,-0.1183323860168457,-0.42661112546920776,-0.0225449658644834,-0.12970861792564392,-0.4777917265892029,-0.02654987272745757,-0.022205054759979248,-0.2653481364250183,-0.012118387752536819,-0.00971221923828125,-0.3917003571987152,-0.03553536419696002,-0.005999505519866943,-0.4689229726791382,-0.049454799638454006,0.00048792362213134766,-0.5295475125312805,-0.053792125330630824,0.020850658416748047,-0.24056470394134521,-0.025698561937872455,0.012067198753356934,-0.3091607689857483,-0.06322535012787966,-0.012018799781799316,-0.2326068878173828,-0.0633788097364345,-0.022999316453933716,-0.17153865098953247,-0.04982778315371661,0.05821424722671509,-0.2051522135734558,-0.04039394740885882,0.041679441928863525,-0.260284960269928,-0.06383450959748416,0.020600438117980957,-0.21272701025009155,-0.05452313159531741,0.012772440910339355,-0.1694636344909668,-0.0403242435020843,victory
0.0,0.0,0.0,-0.06253424286842346,-0.047880709171295166,-0.013928336588037382,-0.093254953622818,-0.15796220302581787,-0.020721228358638655,-0.07295289635658264,-0.23216092586517334,-0.03302868039656914,-0.03975784778594971,-0.26756489276885986,-0.04460449845839776,-0.0671539306640625,-0.26035189628601074,-0.005311062124860655,-0.09768703579902649,-0.3634893298149109,-0.02263188318659104,-0.1162848174571991,-0.42439860105514526,-0.031269873989117514,-0.12874117493629456,-0.4764372706413269,-0.03630280451227463,-0.01871180534362793,-0.2621588706970215,-0.017762889650953184,-0.005799084901809692,-0.39038902521133423,-0.04336669252563752,-0.0006518363952636719,-0.4680757522583008,-0.058309144837153326,0.0075571537017822266,-0.5302439332008362,-0.06304021881271638,0.024385452270507812,-0.23695272207260132,-0.03281777308632172,0.01544642448425293,-0.30542439222335815,-0.07185836092878617,-0.010424226522445679,-0.2292391061782837,-0.07207766131807603,-0.022423118352890015,-0.16959601640701294,-0.05804033906508721,0.06220102310180664,-0.2006160020828247,-0.048717278552544485,0.04431873559951782,-0.261458158493042,-0.0718103270356778,0.02227860689163208,-0.21620947122573853,-0.06092993499089516,0.013650298118591309,-0.17345786094665527,-0.045478876245510946,victory
0.0,0.0,0.0,-0.062091320753097534,-0.04539632797241211,-0.01608496334353049,-0.09211605787277222,-0.15588700771331787,-0.023637322596698596,-0.07162484526634216,-0.23289984464645386,-0.0362055822084244,-0.03821834921836853,-0.27238959074020386,-0.047689605392008616,-0.06590169668197632,-0.2579392194747925,-0.006420291382312371,-0.09700587391853333,-0.3627844452857971,-0.024234499670058085,-0.11522147059440613,-0.42474278807640076,-0.032982073612004115,-0.12709680199623108,-0.4773513674736023,-0.038048546649008586,-0.016822904348373413,-0.259766161441803,-0.017916368208318545,-0.0040964484214782715,-0.38859808444976807,-0.04420901078680117,0.0007734298706054688,-0.46707990765571594,-0.0591230838368233,0.008595526218414307,-0.5290428698062897,-0.06380360562303622,0.025822222232818604,-0.2343686819076538,-0.03228159237602313,0.018119394779205322,-0.3056420683860779,-0.07282976049879153,-0.008452445268630981,-0.2280505895614624,-0.07278795529106219,-0.021494626998901367,-0.16618472337722778,-0.058251742161303355,0.06247371435165405,-0.1978878378868103,-0.04760242242315371,0.04434007406234741,-0.25836169719696045,-0.07310534257391055,0.021764755249023438,-0.2118833065032959,-0.0630477367708977,0.012179374694824219,-0.16787755489349365,-0.047701351232319666,victory
0.0,0.0,0.0,-0.0648723840713501,-0.04686868190765381,-0.014076278191339497,-0.09321141242980957,-0.16220349073410034,-0.01965754071278525,-0.0688340961933136,-0.24071884155273438,-0.030675759185385232,-0.03381359577178955,-0.27626973390579224,-0.040655050073098664,-0.0671129822731018,-0.2584744095802307,-0.0030130742772485064,-0.09835538268089294,-0.3653448820114136,-0.019135171193909173,-0.11624482274055481,-0.4275283217430115,-0.026835454274248605,-0.12791544198989868,-0.480150431394577,-0.0314776446859355,-0.018096119165420532,-0.2616227865219116,-0.015181646328699117,-0.005514979362487793,-0.3909555673599243,-0.041009608302545075,-0.00015974044799804688,-0.47167545557022095,-0.0562613118628974,0.008196592330932617,-0.5341051816940308,-0.061259399745893006,0.024049997329711914,-0.2366962432861328,-0.030079373736214166,0.01666581630706787,-0.3081789016723633,-0.06939133593840552,-0.009729206562042236,-0.2312362790107727,-0.06883491167826605,-0.02286738157272339,-0.16919350624084473,-0.05426790529890013,0.06036883592605591,-0.20087438821792603,-0.04594818839831305,0.04300433397293091,-0.2619636058807373,-0.0705578137378211,0.020653903484344482,-0.2136538028717041,-0.06004760751528693,0.011078715324401855,-0.16760635375976562,-0.04460824245614958,victory
0.0,0.0,0.0,-0.061323463916778564,-0.04659378528594971,-0.015857409665557043,-0.09002521634101868,-0.15477430820465088,-0.02364164961335291,-0.06857341527938843,-0.22982197999954224,-0.036474110538335935,-0.036745041608810425,-0.2713276147842407,-0.048296479487987654,-0.06390619277954102,-0.2635331153869629,-0.006122903412403957,-0.09413450956344604,-0.3662773072719574,-0.023661870489092962,-0.11239510774612427,-0.42778849601745605,-0.03254973700103392,-0.12437522411346436,-0.4803318977355957,-0.037929220104786054,-0.014302581548690796,-0.2627573609352112,-0.018289677778454916,0.00020521879196166992,-0.39035212993621826,-0.04493067225274672,0.007409274578094482,-0.469308078289032,-0.060465460622879164,0.016865432262420654,-0.5318242311477661,-0.06560580989179243,0.028318822383880615,-0.23450517654418945,-0.03327048754152884,0.020719051361083984,-0.30524641275405884,-0.07520983179864515,-0.006460249423980713,-0.22699624300003052,-0.07598638346252073,-0.020137012004852295,-0.16592621803283691,-0.06179218178448309,0.0647626519203186,-0.19461733102798462,-0.04903562178668608,0.04583007097244263,-0.2550581693649292,-0.07651267012414564,0.020980417728424072,-0.20517855882644653,-0.06701785882768263,0.008987605571746826,-0.15927428007125854,-0.051754889989467756,victory
0.0,0.0,0.0,-0.06029301881790161,-0.048748910427093506,-0.016858026449313,-0.08699610829353333,-0.15450626611709595,-0.025428352941503363,-0.06517022848129272,-0.22906053066253662,-0.03859904601119979,-0.03730204701423645,-0.27553004026412964,-0.05059608637236579,-0.06275326013565063,-0.268119215965271,-0.0063747796870075035,-0.09241944551467896,-0.37026822566986084,-0.025328416441311674,-0.11010676622390747,-0.43230563402175903,-0.035759007622232275,-0.12232986092567444,-0.48582690954208374,-0.04235723062299712,-0.012889266014099121,-0.26619696617126465,-0.018706966255535917,0.004462301731109619,-0.39356523752212524,-0.04627531214498504,0.013003110885620117,-0.47280436754226685,-0.06339748023890479,0.023333847522735596,-0.5357097387313843,-0.06983541517399772,0.029696404933929443,-0.2358161211013794,-0.033942529995670156,0.025899648666381836,-0.30712878704071045,-0.0758103561296366,-0.0029860734939575195,-0.23025625944137573,-0.07616302936219199,-0.017952650785446167,-0.17112207412719727,-0.062221163947810965,0.06655025482177734,-0.19269979000091553,-0.05014875723861678,0.04996305704116821,-0.24813717603683472,-0.0783162024512194,0.027026236057281494,-0.1969916820526123,-0.06871955661915763,0.017390131950378418,-0.15326416492462158,-0.05330761342190726,victory
0.0,0.0,0.0,-0.06009426712989807,-0.04896366596221924,-0.01650687285513186,-0.08787912130355835,-0.15453451871871948,-0.02485391476005816,-0.06436210870742798,-0.2283816933631897,-0.0378977896347692,-0.03543776273727417,-0.2745656371116638,-0.04981326476485037,-0.06252932548522949,-0.27060002088546753,-0.007647651962940927,-0.09147226810455322,-0.374233603477478,-0.027206200890248056,-0.10919666290283203,-0.43691980838775635,-0.03786614701897406,-0.12199139595031738,-0.49131813645362854,-0.04450902134925627,-0.012127459049224854,-0.2690316438674927,-0.020121419586246247,0.005095005035400391,-0.396618127822876,-0.04792709440738463,0.01556253433227539,-0.4756632447242737,-0.06436585799605155,0.02728855609893799,-0.5394926965236664,-0.07024187014252448,0.03114992380142212,-0.23835617303848267,-0.03554107413441443,0.0251082181930542,-0.3065835237503052,-0.07833692596108222,-0.004231631755828857,-0.23000574111938477,-0.0796334759965589,-0.019655734300613403,-0.17122018337249756,-0.06611193881184363,0.06824874877929688,-0.19409185647964478,-0.051891045428817506,0.052359163761138916,-0.24866974353790283,-0.08118543938547873,0.02697765827178955,-0.19958770275115967,-0.07283772692829871,0.013990283012390137,-0.15658915042877197,-0.05821606308967375,victory
0.0,0.0,0.0,-0.06200283765792847,-0.051596760749816895,-0.01753479723043938,-0.0856078565120697,-0.1617032289505005,-0.025447345489340023,-0.056265830993652344,-0.2389751672744751,-0.03752475898869534,-0.024880409240722656,-0.2823029160499573,-0.0486206628025343,-0.06295627355575562,-0.2675814628601074,-0.009059565292375282,-0.09256190061569214,-0.37173956632614136,-0.028114653343038754,-0.11055722832679749,-0.43555599451065063,-0.038227732443886,-0.12326496839523315,-0.4908622205257416,-0.04437198039300938,-0.012547314167022705,-0.2674563527107239,-0.020067013019399838,0.0050997138023376465,-0.3958747982978821,-0.04659106876857777,0.01647162437438965,-0.47545570135116577,-0.061832769924478725,0.028390586376190186,-0.5396756231784821,-0.06690968495018979,0.030389070510864258,-0.23751211166381836,-0.03396718125947018,0.025079727172851562,-0.302202045917511,-0.07492847662575741,-0.0038271546363830566,-0.22874128818511963,-0.07608245980151196,-0.01977744698524475,-0.17200791835784912,-0.06286770027287503,0.06658488512039185,-0.19436269998550415,-0.04891065057523747,0.05187416076660156,-0.2466776967048645,-0.07545985203393002,0.02725815773010254,-0.1989527940750122,-0.06587668430216809,0.015302181243896484,-0.1568165421485901,-0.0509535513461401,victory
0.0,0.0,0.0,-0.06117016077041626,-0.04914277791976929,-0.016971554249948895,-0.08745038509368896,-0.15693074464797974,-0.025416899115271008,-0.06006830930709839,-0.2308177947998047,-0.038120764881796276,-0.02889654040336609,-0.2733936309814453,-0.0498273518089718,-0.062232255935668945,-0.2674739360809326,-0.009948582962579167,-0.09088528156280518,-0.37159159779548645,-0.029902964473194515,-0.10902181267738342,-0.43446433544158936,-0.04057054185909692,-0.12241968512535095,-0.48850879073143005,-0.04705790394586984,-0.012585878372192383,-0.26624596118927,-0.02151824684483472,0.0057486891746521,-0.3940984010696411,-0.049058727562851345,0.018510520458221436,-0.4733743667602539,-0.06461319291634027,0.03135758638381958,-0.5374690592288971,-0.06983952933592263,0.029770493507385254,-0.23566120862960815,-0.03591308334512178,0.02671658992767334,-0.2988283634185791,-0.07753094995064203,-0.002187192440032959,-0.22396284341812134,-0.0784034203891224,-0.019221395254135132,-0.16712284088134766,-0.06501603090805474,0.06539416313171387,-0.1916700005531311,-0.051296755314297116,0.05221623182296753,-0.24121183156967163,-0.07899938488048974,0.027358293533325195,-0.19220483303070068,-0.0697974857096142,0.013609588146209717,-0.15073412656784058,-0.0549836043421692,victory
0.0,0.0,0.0,-0.06137007474899292,-0.048826754093170166,-0.016530863856644373,-0.08776551485061646,-0.15621650218963623,-0.024973591705531817,-0.0615311861038208,-0.22985082864761353,-0.03791797525224183,-0.03060731291770935,-0.2740732431411743,-0.04973535603818391,-0.06131771206855774,-0.2698950171470642,-0.009016221305103045,-0.08993655443191528,-0.3756353259086609,-0.028261380186052065,-0.10728418827056885,-0.4389747679233551,-0.0388047545307586,-0.1193530261516571,-0.49368488788604736,-0.04569841167864297,-0.011428415775299072,-0.2682846784591675,-0.021093144928784113,0.006739795207977295,-0.39469826221466064,-0.04858547440704797,0.02024179697036743,-0.473796010017395,-0.06488840646085237,0.03412806987762451,-0.5377257168292999,-0.07114696866807435,0.03010880947113037,-0.23711657524108887,-0.03602036452826951,0.02671295404434204,-0.3022342324256897,-0.07745935386952851,-0.0031119585037231445,-0.22804194688796997,-0.07892953968581651,-0.02095496654510498,-0.17109322547912598,-0.06652690089282487,0.06425273418426514,-0.19280290603637695,-0.052006166344256144,0.050592124462127686,-0.24340009689331055,-0.0807819402867267,0.023744583129882812,-0.1956579089164734,-0.07326452798184846,0.007414340972900391,-0.15406638383865356,-0.0598526782446811,victory
0.0,0.0,0.0,-0.06252282857894897,-0.047289252281188965,-0.0169255997427058,-0.08765313029289246,-0.15715551376342773,-0.025061810705835796,-0.05727115273475647,-0.23322665691375732,-0.03745511019604919,-0.02439439296722412,-0.27644360065460205,-0.04886984670537231,-0.06183749437332153,-0.266720175743103,-0.009823845084781624,-0.09097319841384888,-0.37660732865333557,-0.027454978171761013,-0.10849383473396301,-0.44107887148857117,-0.03623222777622459,-0.12020382285118103,-0.4961833655834198,-0.0418060182966542,-0.011732339859008789,-0.2653743624687195,-0.021151155550057865,0.007408738136291504,-0.39474183320999146,-0.04654941553252456,0.02106475830078125,-0.47413331270217896,-0.06070276567714927,0.03423023223876953,-0.5368923246860504,-0.06551606053488968,0.02973085641860962,-0.23496407270431519,-0.03538831541317222,0.025410950183868408,-0.3012627959251404,-0.07586898500102279,-0.003638327121734619,-0.22688251733779907,-0.07745145851748703,-0.02071496844291687,-0.1696208119392395,-0.0651957973279309,0.06385314464569092,-0.19191759824752808,-0.05058530563491104,0.048273444175720215,-0.2441720962524414,-0.07866003954785583,0.02125537395477295,-0.19534450769424438,-0.07098148608582733,0.005490779876708984,-0.152205228805542,-0.05770271861928222,victory
0.0,0.0,0.0,-0.05957067012786865,-0.04848295450210571,-0.016263713461682983,-0.08552515506744385,-0.15510672330856323,-0.024789902714417167,-0.05838462710380554,-0.2281879186630249,-0.03782485551886339,-0.026754945516586304,-0.2728244662284851,-0.04995378605775613,-0.05712693929672241,-0.26889652013778687,-0.010276520026252456,-0.0859265923500061,-0.37590292096138,-0.028822589067146964,-0.10297036170959473,-0.43958938121795654,-0.03835990033797998,-0.11470341682434082,-0.49474117159843445,-0.04453594736509103,-0.007230818271636963,-0.26582032442092896,-0.022899640125558562,0.013272643089294434,-0.3952409029006958,-0.049759556872174926,0.027280807495117188,-0.4751458168029785,-0.06537850700073022,0.04075348377227783,-0.5386217534542084,-0.07103173188619394,0.03353017568588257,-0.23302990198135376,-0.03827076904229898,0.02900296449661255,-0.30005502700805664,-0.08029836915187616,-0.000414431095123291,-0.22616511583328247,-0.08224755279474039,-0.01744067668914795,-0.17000997066497803,-0.06983129434041757,0.06573539972305298,-0.1874372363090515,-0.05450795717291612,0.050135672092437744,-0.2414800524711609,-0.08413444958381433,0.02342170476913452,-0.19357836246490479,-0.07696859292440195,0.007963776588439941,-0.15160894393920898,-0.06364239506177682,victory
0.0,0.0,0.0,-0.05858948826789856,-0.047512948513031006,-0.017114631201877728,-0.08556270599365234,-0.1518101692199707,-0.026260319467439786,-0.05913183093070984,-0.22497260570526123,-0.03960387718285574,-0.026716172695159912,-0.2700260877609253,-0.0517138757964517,-0.05799376964569092,-0.2678976058959961,-0.01031777944768919,-0.08810266852378845,-0.3757466971874237,-0.028904986869349614,-0.10468268394470215,-0.43946558237075806,-0.038455630954160824,-0.11541157960891724,-0.4946793019771576,-0.04447004508580221,-0.007712066173553467,-0.2661088705062866,-0.02233531076814188,0.01274043321609497,-0.3954859972000122,-0.04896860134209646,0.02698451280593872,-0.4758945107460022,-0.06398638274873747,0.040711045265197754,-0.5399670302867889,-0.06894583937133802,0.03410428762435913,-0.23447185754776,-0.03720464494432463,0.02825826406478882,-0.29758304357528687,-0.07870542940105452,-0.0010118484497070312,-0.22425270080566406,-0.0799208277126695,-0.01731860637664795,-0.16892904043197632,-0.06686581608261122,0.06801044940948486,-0.1892070770263672,-0.053082387264623776,0.051170289516448975,-0.23968368768692017,-0.08157078113760008,0.0249100923538208,-0.1912897825241089,-0.07330951031650557,0.010842442512512207,-0.14991915225982666,-0.059197674806966916,victory
0.0,0.0,0.0,-0.05782359838485718,-0.04553020000457764,-0.01766256366909147,-0.08391785621643066,-0.15317440032958984,-0.02585369658709169,-0.0560859739780426,-0.22742807865142822,-0.037810518714195496,-0.023096531629562378,-0.27182209491729736,-0.04868150440097452,-0.05787113308906555,-0.269109308719635,-0.010774176875656849,-0.08599182963371277,-0.3781724274158478,-0.02828013275802732,-0.10137557983398438,-0.4419313669204712,-0.0371771485829413,-0.1116718053817749,-0.49749884009361267,-0.04311922875285745,-0.007247567176818848,-0.26621443033218384,-0.021719011785990006,0.014890551567077637,-0.39484408497810364,-0.047666873159414536,0.031035542488098145,-0.4737911820411682,-0.0624604703211844,0.046013474464416504,-0.5367748141288757,-0.06763653022289873,0.03386032581329346,-0.23397457599639893,-0.03546231922746301,0.031211376190185547,-0.297770619392395,-0.0763195858621657,0.0014292597770690918,-0.2242497205734253,-0.07764336776972414,-0.016159415245056152,-0.16924834251403809,-0.06518435788393617,0.0666700005531311,-0.18920296430587769,-0.0502326221489966,0.052305757999420166,-0.23794221878051758,-0.07950713795662523,0.02588874101638794,-0.18814599514007568,-0.07234689158440233,0.010853111743927002,-0.14688748121261597,-0.05919318583846689,victory
0.0,0.0,0.0,-0.058428943157196045,-0.050244927406311035,-0.015856524454022747,-0.08311614394187927,-0.1582353115081787,-0.024251063810254436,-0.05503472685813904,-0.2293018102645874,-0.03729194727685581,-0.01933044195175171,-0.26763027906417847,-0.04952214983251224,-0.05198708176612854,-0.2720760107040405,-0.009805459985102516,-0.08203691244125366,-0.37995994091033936,-0.027752868355776172,-0.09793919324874878,-0.44414669275283813,-0.03721627545502315,-0.10778889060020447,-0.499514639377594,-0.04360903379466663,-0.0023639798164367676,-0.26834017038345337,-0.02249072444584499,0.02040153741836548,-0.3952847421169281,-0.04871027124073635,0.036037445068359375,-0.474060595035553,-0.0638853865578426,0.050820887088775635,-0.5363737344741821,-0.06933366832282672,0.0378841757774353,-0.2349534034729004,-0.03788703259971271,0.03460663557052612,-0.2999424934387207,-0.07836823490407596,0.003848254680633545,-0.22797799110412598,-0.07979988631751667,-0.014124631881713867,-0.17284637689590454,-0.06751124140765796,0.06980341672897339,-0.18870586156845093,-0.054281383277441364,0.055024564266204834,-0.24087202548980713,-0.08231254246976505,0.027630150318145752,-0.19347000122070312,-0.0746500971629871,0.011907100677490234,-0.1520734429359436,-0.06134536814835201,victory
0.0,0.0,0.0,-0.05699819326400757,-0.04831486940383911,-0.01746491754897761,-0.08203312754631042,-0.15330606698989868,-0.0270228743786447,-0.054657816886901855,-0.2261679768562317,-0.040749477618419405,-0.018999606370925903,-0.2666897177696228,-0.05332852380820441,-0.0514262318611145,-0.2683626413345337,-0.01172595417597222,-0.08067566156387329,-0.3784756660461426,-0.02991678977855372,-0.0956476628780365,-0.44378185272216797,-0.03944157289811301,-0.1050814688205719,-0.4997606873512268,-0.04582064079590964,-0.0017476677894592285,-0.26450449228286743,-0.02325458677955794,0.02113652229309082,-0.39292454719543457,-0.049440863006793734,0.03769207000732422,-0.4718109369277954,-0.06417179706045317,0.052723228931427,-0.5337037146091461,-0.06942223610826659,0.03854823112487793,-0.23198378086090088,-0.03759004774042296,0.035104572772979736,-0.29562515020370483,-0.07785156967588591,0.004220902919769287,-0.22505682706832886,-0.07904025020548033,-0.014118790626525879,-0.1703675389289856,-0.06666614713617491,0.07085633277893066,-0.1869279146194458,-0.05305432381578612,0.05559420585632324,-0.23843032121658325,-0.08064607384153533,0.02741771936416626,-0.19308984279632568,-0.0729559496278398,0.010422229766845703,-0.15223300457000732,-0.05984804632612395,victory
0.0,0.0,0.0,-0.057240575551986694,-0.04829913377761841,-0.016609064537362883,-0.07952320575714111,-0.15728485584259033,-0.023823748576717207,-0.049521803855895996,-0.2304614782333374,-0.035032789456920455,-0.01418834924697876,-0.270486056804657,-0.0451458685577677,-0.04904922842979431,-0.2721708416938782,-0.007903855528013537,-0.07421800494194031,-0.3776392936706543,-0.02426886116273863,-0.08891215920448303,-0.4406687021255493,-0.03278810833700163,-0.09930223226547241,-0.49518847465515137,-0.038597773063258956,0.00041937828063964844,-0.26689112186431885,-0.019249971258716414,0.025956690311431885,-0.3927360475063324,-0.043837136823015044,0.041947901248931885,-0.47094371914863586,-0.058596159565524886,0.05698639154434204,-0.5323574841022491,-0.0639609277725981,0.03983122110366821,-0.23245060443878174,-0.033382832306699584,0.04102897644042969,-0.2952713966369629,-0.07287411694534285,0.008498311042785645,-0.22462999820709229,-0.07437268947370512,-0.011385500431060791,-0.17044073343276978,-0.06229866598852141,0.07090610265731812,-0.1859862208366394,-0.04855266516216261,0.06035393476486206,-0.2354561686515808,-0.07664962415702803,0.0334128737449646,-0.18771767616271973,-0.06940000061996443,0.017533421516418457,-0.14665454626083374,-0.056352491724567244,victory
0.0,0.0,0.0,-0.05726942420005798,-0.04969149827957153,-0.014629619904894753,-0.07869783043861389,-0.16298353672027588,-0.02041371144457571,-0.04787403345108032,-0.2353839874267578,-0.030969172493655606,-0.011720150709152222,-0.27258533239364624,-0.040713488833148404,-0.04404065012931824,-0.2756037712097168,-0.005347046312977,-0.06620299816131592,-0.38043349981307983,-0.02185118734939806,-0.07975196838378906,-0.4436260163784027,-0.030824411437947674,-0.0891711413860321,-0.4986441433429718,-0.03734329693122618,0.005013763904571533,-0.2697126865386963,-0.018101343662578984,0.031711578369140625,-0.39593756198883057,-0.04312070436878912,0.049306511878967285,-0.47457554936408997,-0.05898516975446455,0.0664030909538269,-0.5363074541091919,-0.06540980167790167,0.04396432638168335,-0.23453515768051147,-0.03361602477832548,0.04572325944900513,-0.30155473947525024,-0.07339214511318914,0.012602508068084717,-0.23035454750061035,-0.0751317439238619,-0.007814347743988037,-0.17482149600982666,-0.06337024249239676,0.07476162910461426,-0.18724405765533447,-0.05009888462825529,0.0626974105834961,-0.23771995306015015,-0.0787156222025942,0.03459745645523071,-0.1894780397415161,-0.07208662457867376,0.017610609531402588,-0.14728254079818726,-0.0595568826059889,victory
0.0,0.0,0.0,-0.05626216530799866,-0.05067729949951172,-0.017085587575024874,-0.07660329341888428,-0.16130483150482178,-0.024257771640009196,-0.04604548215866089,-0.23636770248413086,-0.03555626419085911,-0.012649118900299072,-0.2803502082824707,-0.045667260854429514,-0.04446208477020264,-0.2747877240180969,-0.0061493864906196904,-0.06606125831604004,-0.38070762157440186,-0.023178499161190302,-0.07850849628448486,-0.4437888264656067,-0.0323824621428912,-0.0877496600151062,-0.4991399347782135,-0.03853403028745106,0.004893004894256592,-0.269551157951355,-0.01759259772200039,0.0343782901763916,-0.3967054784297943,-0.04241090637344769,0.05228489637374878,-0.47521519660949707,-0.05745585632223538,0.0682557225227356,-0.5367245674133301,-0.06283929940957478,0.04416012763977051,-0.23478853702545166,-0.032069209932274134,0.04414147138595581,-0.30097752809524536,-0.0719288885285323,0.012492895126342773,-0.23031747341156006,-0.07262443748015812,-0.006014406681060791,-0.17602038383483887,-0.05977162343162945,0.0762019157409668,-0.18704313039779663,-0.04768789556521824,0.06525164842605591,-0.23829615116119385,-0.07539013025063923,0.03993624448776245,-0.18837904930114746,-0.06677909192342213,0.027020812034606934,-0.1458098292350769,-0.052641689746565135,victory
0.0,0.0,0.0,-0.05717507004737854,-0.05079275369644165,-0.01636129985485013,-0.07794526219367981,-0.15952783823013306,-0.02358803148302968,-0.04793351888656616,-0.23341208696365356,-0.03513866471979554,-0.012430936098098755,-0.2739717364311218,-0.04566542613241609,-0.044213175773620605,-0.2731770873069763,-0.006430332035904485,-0.0645555853843689,-0.37889930605888367,-0.022921146777605372,-0.07690995931625366,-0.4418245851993561,-0.03153561237189706,-0.08570152521133423,-0.49727863073349,-0.03731390270326074,0.005126059055328369,-0.267720103263855,-0.018233079415892917,0.036370813846588135,-0.3949873447418213,-0.04223376321527894,0.05350297689437866,-0.4730774164199829,-0.05619803625080522,0.06843429803848267,-0.5341449081897736,-0.060998262790178615,0.04404503107070923,-0.23319125175476074,-0.033018803176616984,0.043368399143218994,-0.30111563205718994,-0.07258815872404512,0.011600017547607422,-0.23006361722946167,-0.07303257095549043,-0.0070206522941589355,-0.17547708749771118,-0.059960884926056224,0.0753374695777893,-0.18564796447753906,-0.04883322301242288,0.06238168478012085,-0.23973113298416138,-0.07585119265053208,0.03576695919036865,-0.19050192832946777,-0.06698582130405839,0.021519780158996582,-0.1472795009613037,-0.0528668108854049,victory
0.0,0.0,0.0,-0.056546300649642944,-0.04669308662414551,-0.01909455582665487,-0.07708966732025146,-0.1571977734565735,-0.02601778432892843,-0.045316994190216064,-0.23264288902282715,-0.03613825254308267,-0.011828482151031494,-0.27927732467651367,-0.04487501941787286,-0.04690438508987427,-0.2719842791557312,-0.00841084327714725,-0.06917944550514221,-0.38287460803985596,-0.024366234617104965,-0.08138346672058105,-0.44846439361572266,-0.03219201155172868,-0.08953714370727539,-0.5049487948417664,-0.03760831169950052,0.0031692981719970703,-0.26650935411453247,-0.018103105203977066,0.03208118677139282,-0.3940586447715759,-0.042755619810691314,0.05063331127166748,-0.47181159257888794,-0.056961403416266876,0.06692999601364136,-0.5322741270065308,-0.06183759235011621,0.04199361801147461,-0.23215854167938232,-0.030968935416808563,0.04410809278488159,-0.2959970235824585,-0.07114176191555543,0.01257336139678955,-0.22533565759658813,-0.07241455204950853,-0.006586581468582153,-0.17224866151809692,-0.06021710969673677,0.07287627458572388,-0.1861189603805542,-0.045041964577308136,0.06233721971511841,-0.23215949535369873,-0.07448722161518617,0.036010682582855225,-0.1809084415435791,-0.0677083704637198,0.021455466747283936,-0.13938230276107788,-0.05492080860005899,victory
0.0,0.0,0.0,-0.05660533905029297,-0.043969571590423584,-0.020121291986242795,-0.07842886447906494,-0.1546894907951355,-0.028332260212437177,-0.0468231737613678,-0.23270690441131592,-0.03930796567215111,-0.013319224119186401,-0.2810911536216736,-0.049073098933831716,-0.05003541707992554,-0.269054114818573,-0.013490929043427968,-0.07656800746917725,-0.38284748792648315,-0.031166831737891698,-0.08937573432922363,-0.45003122091293335,-0.039724862909451986,-0.0973469614982605,-0.5072336196899414,-0.04542234051837113,-5.781650543212891e-06,-0.2638366222381592,-0.022825755885378385,0.02779310941696167,-0.3932558000087738,-0.04955323297394898,0.04617500305175781,-0.47222429513931274,-0.06455268222703126,0.062362611293792725,-0.5335692763328552,-0.06972582150115159,0.03919839859008789,-0.23030996322631836,-0.03497560951723244,0.04151350259780884,-0.29568392038345337,-0.07681194204701569,0.010529935359954834,-0.22539931535720825,-0.07825806993855622,-0.008025944232940674,-0.17184287309646606,-0.06594485301388886,0.07050257921218872,-0.18532663583755493,-0.04821769405020859,0.0590364933013916,-0.23248755931854248,-0.07958289492739823,0.0331423282623291,-0.18032264709472656,-0.07297039288891938,0.01885610818862915,-0.13730168342590332,-0.059886450654403234,victory
0.0,0.0,0.0,-0.0562899112701416,-0.045633137226104736,-0.01887094626573571,-0.0792294442653656,-0.15554606914520264,-0.027825977899112786,-0.04984524846076965,-0.22911572456359863,-0.04012528645245084,-0.015967518091201782,-0.27224743366241455,-0.05139655085650929,-0.04841214418411255,-0.2724806070327759,-0.01414008183775195,-0.07437896728515625,-0.38375192880630493,-0.032503718756117905,-0.08734479546546936,-0.4503568410873413,-0.04188364955035695,-0.09538620710372925,-0.5067110061645508,-0.04834069149939069,0.0021228790283203125,-0.2658863663673401,-0.02495867411045083,0.027596771717071533,-0.39298492670059204,-0.05256406801191815,0.04555869102478027,-0.4712490439414978,-0.06847915636745938,0.06202775239944458,-0.5326051115989685,-0.074327355496564,0.04221665859222412,-0.23058724403381348,-0.03840711923686513,0.043419718742370605,-0.29542994499206543,-0.08046975570169934,0.011869192123413086,-0.22442591190338135,-0.08222617047277936,-0.007859289646148682,-0.17012041807174683,-0.07014969574657925,0.07381653785705566,-0.1834648847579956,-0.05290221261230954,0.061131060123443604,-0.23042815923690796,-0.0840663148686076,0.034428954124450684,-0.18112927675247192,-0.07788002329317578,0.018464863300323486,-0.14007991552352905,-0.06516195672003278,victory
0.0,0.0,0.0,-0.05787888169288635,-0.044803082942962646,-0.02010972791885024,-0.08037415146827698,-0.15285277366638184,-0.028643999188886937,-0.049626946449279785,-0.22947967052459717,-0.04018264444147235,-0.015992015600204468,-0.27799201011657715,-0.05034525500212794,-0.05325821042060852,-0.2701599597930908,-0.011433611564086732,-0.07994267344474792,-0.38218435645103455,-0.028731506257997808,-0.09297174215316772,-0.4493580162525177,-0.037634892329322156,-0.10105732083320618,-0.5068237483501434,-0.04373873577986842,-0.003142833709716797,-0.26551395654678345,-0.021026959582911786,0.022366821765899658,-0.39351174235343933,-0.04748661251340991,0.04053562879562378,-0.47315460443496704,-0.06302134127889758,0.05667316913604736,-0.5347723662853241,-0.06878006638561374,0.03650951385498047,-0.2323111891746521,-0.033674945994960126,0.03851550817489624,-0.29518431425094604,-0.07516870082889682,0.008880198001861572,-0.22651636600494385,-0.07756392838035708,-0.009316831827163696,-0.17267930507659912,-0.066031390741216,0.06847226619720459,-0.18764448165893555,-0.047499434962617215,0.05796414613723755,-0.23496699333190918,-0.07820921571527606,0.03214937448501587,-0.18492186069488525,-0.07214450271402484,0.016744911670684814,-0.14161580801010132,-0.05969713063512927,victory
0.0,0.0,0.0,-0.06029236316680908,-0.043074071407318115,-0.02102461337835848,-0.08676466345787048,-0.15301889181137085,-0.030162299720359442,-0.05640867352485657,-0.2294793725013733,-0.041948620898438094,-0.02207648754119873,-0.27368927001953125,-0.05247385121674597,-0.057874858379364014,-0.27179932594299316,-0.014629044307184813,-0.08285477757453918,-0.38513046503067017,-0.032101419491482375,-0.09630650281906128,-0.452914297580719,-0.04087073795290053,-0.1055949330329895,-0.5103215873241425,-0.04682040281386435,-0.007013499736785889,-0.2663363218307495,-0.023720512835097907,0.01789623498916626,-0.3948107957839966,-0.049509395582390425,0.03446906805038452,-0.47284626960754395,-0.06389232791752875,0.048947155475616455,-0.5330096483230591,-0.06880983032078802,0.033799171447753906,-0.23185700178146362,-0.03570544414014876,0.03606516122817993,-0.2962533235549927,-0.07689379967541754,0.00729447603225708,-0.22343647480010986,-0.07794040508360922,-0.01054227352142334,-0.16696757078170776,-0.06523102588744223,0.06709110736846924,-0.1854878067970276,-0.048873346967411635,0.05663776397705078,-0.2335088849067688,-0.07958155192227423,0.032733142375946045,-0.18237149715423584,-0.07277598298878729,0.018858373165130615,-0.13930273056030273,-0.05948505244941771,victory
0.0,0.0,0.0,-0.05840790271759033,-0.04384875297546387,-0.019198036374007188,-0.0852459967136383,-0.15217620134353638,-0.02768625746801945,-0.055854231119155884,-0.22575163841247559,-0.03935828487709614,-0.02050638198852539,-0.26788121461868286,-0.05014837588504406,-0.05470314621925354,-0.2757319211959839,-0.01275287530705782,-0.0797002911567688,-0.3854581117630005,-0.029454397590313874,-0.09314876794815063,-0.4522205889225006,-0.03774310703710171,-0.10221177339553833,-0.5085627436637878,-0.04359060581163021,-0.0032682418823242188,-0.2678574323654175,-0.022998717234884225,0.023273825645446777,-0.39621224999427795,-0.0486245868666515,0.039225876331329346,-0.4731042981147766,-0.06361593733862492,0.05282390117645264,-0.5312731564044952,-0.06901801805332752,0.03762233257293701,-0.23129546642303467,-0.03598233740166279,0.04186052083969116,-0.2963411211967468,-0.07791020403936955,0.011409401893615723,-0.22288131713867188,-0.08040208052233311,-0.008719414472579956,-0.16635292768478394,-0.06858294139937016,0.0698961615562439,-0.183232843875885,-0.04981687347725483,0.06045657396316528,-0.23103123903274536,-0.08172386567429157,0.03551262617111206,-0.17947155237197876,-0.07620563785866352,0.01949131488800049,-0.13665318489074707,-0.06376255731419178,victory
0.0,0.0,0.0,-0.05812188982963562,-0.042796313762664795,-0.020958306670308957,-0.08451038599014282,-0.15172898769378662,-0.02935351471614922,-0.053955405950546265,-0.22645175457000732,-0.0408429507465371,-0.01868879795074463,-0.2687169313430786,-0.05123423080158318,-0.05682104825973511,-0.2740716338157654,-0.012437643885732541,-0.08110371232032776,-0.3834121823310852,-0.03039303089690293,-0.09431487321853638,-0.44983917474746704,-0.03946447412681664,-0.10323762893676758,-0.5064099729061127,-0.04550297971081818,-0.005358517169952393,-0.26868051290512085,-0.02163476909709061,0.020369648933410645,-0.3960033655166626,-0.048616297945500264,0.03708118200302124,-0.4756154417991638,-0.06450297351193512,0.051792263984680176,-0.5375958681106567,-0.07022408808779801,0.036037564277648926,-0.23382771015167236,-0.03390773053479279,0.041994452476501465,-0.29805779457092285,-0.0777738359124669,0.01253962516784668,-0.22432738542556763,-0.08160552050185288,-0.006983458995819092,-0.16756820678710938,-0.06999823118758286,0.0696263313293457,-0.18581163883209229,-0.047142077639819036,0.06373673677444458,-0.2323169708251953,-0.08054612244677628,0.03841441869735718,-0.18116819858551025,-0.07605315412592972,0.02101123332977295,-0.13860994577407837,-0.06395619775366868,victory
0.0,0.0,0.0,-0.05887123942375183,-0.04312413930892944,-0.021532923692291206,-0.08565270900726318,-0.15044951438903809,-0.0308904543159656,-0.05459180474281311,-0.22411811351776123,-0.04304805096370501,-0.019834399223327637,-0.2683138847351074,-0.05406115647537035,-0.0580633282661438,-0.2761252522468567,-0.01345051430297417,-0.08298209309577942,-0.38499438762664795,-0.0314186930297069,-0.09675472974777222,-0.4515719413757324,-0.04070214253050608,-0.10620158910751343,-0.5081422328948975,-0.0468821532664947,-0.006299257278442383,-0.27045387029647827,-0.02266586456579489,0.018494486808776855,-0.3978014290332794,-0.04891933944207949,0.03435617685317993,-0.4761735200881958,-0.0641323335109405,0.04835695028305054,-0.5366606712341309,-0.06945248764139933,0.035441040992736816,-0.23482728004455566,-0.035045091771905845,0.03968465328216553,-0.298212468624115,-0.0781553916273765,0.010749578475952148,-0.22431766986846924,-0.08127048682553095,-0.007720232009887695,-0.16799485683441162,-0.06936069648844523,0.0690077543258667,-0.18604671955108643,-0.04845724698287768,0.06059730052947998,-0.23324888944625854,-0.08105591010433955,0.03583264350891113,-0.18111968040466309,-0.0757023550210647,0.01997321844100952,-0.1383153200149536,-0.0630588836608581,victory
0.0,0.0,0.0,-0.05897456407546997,-0.04321092367172241,-0.020737633964245106,-0.08522599935531616,-0.15144813060760498,-0.028557182213489796,-0.052560001611709595,-0.2262047529220581,-0.039454408845131184,-0.017652243375778198,-0.26588261127471924,-0.04946570928973415,-0.05825957655906677,-0.273057758808136,-0.0124985081313298,-0.08184409141540527,-0.3804381489753723,-0.031101641169016148,-0.09584611654281616,-0.44693005084991455,-0.040766295900766636,-0.10580968856811523,-0.503447949886322,-0.047139388432924534,-0.00664907693862915,-0.26921546459198,-0.021717590203707005,0.01907879114151001,-0.3968767821788788,-0.04947072725576618,0.03564012050628662,-0.4770658016204834,-0.06603550623935917,0.050785720348358154,-0.5399719178676605,-0.07198942910713413,0.03545457124710083,-0.23492848873138428,-0.03388837810439327,0.04205513000488281,-0.29689234495162964,-0.07781450908464649,0.013060152530670166,-0.22206956148147583,-0.08143480580133655,-0.005510985851287842,-0.1659725308418274,-0.06947146069092014,0.06987863779067993,-0.18725013732910156,-0.04702192257923343,0.06448918581008911,-0.23280948400497437,-0.07971542786640384,0.04081660509109497,-0.1815791130065918,-0.07446460138839939,0.02570199966430664,-0.14077109098434448,-0.06174969386142948,victory
0.0,0.0,0.0,-0.05834484100341797,-0.04433697462081909,-0.021426111070695697,-0.08396744728088379,-0.14878559112548828,-0.030768099783244907,-0.05132278800010681,-0.22238010168075562,-0.042865516228857814,-0.015410095453262329,-0.26234006881713867,-0.054024872912350475,-0.0571666955947876,-0.2752811908721924,-0.01610908990937787,-0.08148157596588135,-0.3833160400390625,-0.035398004187527476,-0.09638723731040955,-0.4507409930229187,-0.04549279211300927,-0.10710975527763367,-0.5083766281604767,-0.05201708672780114,-0.004651129245758057,-0.27118051052093506,-0.025108262507501422,0.02039206027984619,-0.39756253361701965,-0.05240904687184411,0.03709322214126587,-0.4777417778968811,-0.06830237580675202,0.05168771743774414,-0.5407987236976624,-0.07396308107513505,0.038284242153167725,-0.23660308122634888,-0.03692038877147752,0.045768678188323975,-0.29535001516342163,-0.08111920727628785,0.01676499843597412,-0.22187429666519165,-0.08526750428814012,-0.003422975540161133,-0.16460418701171875,-0.0735759265555771,0.07297593355178833,-0.18752485513687134,-0.04962328223723489,0.07031339406967163,-0.23425954580307007,-0.08304226918357926,0.045064330101013184,-0.1839759349822998,-0.07789964003700334,0.02584362030029297,-0.13998234272003174,-0.0650126091970833,victory
0.0,0.0,0.0,-0.056183069944381714,-0.043999671936035156,-0.025398669371156757,-0.08159172534942627,-0.14427560567855835,-0.03782316257968432,-0.05326640605926514,-0.21739280223846436,-0.05217062642589099,-0.021399110555648804,-0.26121383905410767,-0.06480255311146266,-0.05716332793235779,-0.2766491174697876,-0.02180562501564509,-0.08387935161590576,-0.3863252103328705,-0.04450625514402873,-0.09944075345993042,-0.4562068581581116,-0.05670964306011683,-0.10967415571212769,-0.5160161554813385,-0.06420392876282222,-0.0040645599365234375,-0.2728092074394226,-0.02962244076445586,0.02001631259918213,-0.3971641957759857,-0.06014558633580691,0.03802520036697388,-0.4762354791164398,-0.07715177869215495,0.05386638641357422,-0.5394326746463776,-0.08304000234022624,0.03996145725250244,-0.23988914489746094,-0.04052275752439982,0.04922628402709961,-0.2930722236633301,-0.08674754535570628,0.02135646343231201,-0.22040963172912598,-0.09070256685629374,0.0011028647422790527,-0.1649644374847412,-0.07844583278313166,0.07649248838424683,-0.1926403045654297,-0.05274626200809962,0.0770714282989502,-0.23539865016937256,-0.08642623906746394,0.052194952964782715,-0.18627256155014038,-0.08079111164227015,0.03184938430786133,-0.14440757036209106,-0.06733324711933619,victory
0.0,0.0,0.0,-0.057246655225753784,-0.042869389057159424,-0.025868179957171833,-0.08320733904838562,-0.1417630910873413,-0.03774969906618253,-0.05402129888534546,-0.21168619394302368,-0.05123253793527738,-0.022892922163009644,-0.25316542387008667,-0.06297071532418386,-0.05900382995605469,-0.28005313873291016,-0.020482481206556713,-0.08693313598632812,-0.3900831341743469,-0.041828023950358784,-0.10206934809684753,-0.4591539800167084,-0.0537615704636778,-0.11196079850196838,-0.5181456208229065,-0.0617414328556265,-0.006148099899291992,-0.2751646041870117,-0.028107239614030277,0.01748448610305786,-0.3983398675918579,-0.05829113603641645,0.03604698181152344,-0.47761866450309753,-0.07645766691376821,0.05344480276107788,-0.54194375872612,-0.08364871398617879,0.03661847114562988,-0.2404770851135254,-0.03887410343696729,0.04685157537460327,-0.29353177547454834,-0.08428371206929341,0.018973588943481445,-0.2213945984840393,-0.08865257606913701,0.0002315044403076172,-0.1684274673461914,-0.07742101953436986,0.07179534435272217,-0.1907665729522705,-0.05109093965103284,0.0712122917175293,-0.22898411750793457,-0.0854339774053301,0.045928776264190674,-0.17688870429992676,-0.08087525026013509,0.027347266674041748,-0.13593637943267822,-0.06842176125456945,victory
0.0,0.0,0.0,-0.05733150243759155,-0.04544895887374878,-0.027271516110545235,-0.08399713039398193,-0.14018309116363525,-0.043518224220520096,-0.058818042278289795,-0.2096155285835266,-0.06183186308646782,-0.027473270893096924,-0.25132638216018677,-0.07810495929027184,-0.055012404918670654,-0.27814072370529175,-0.02564729512835129,-0.08307373523712158,-0.38670551776885986,-0.053280023347383576,-0.0997852087020874,-0.45607808232307434,-0.06930139050984963,-0.1106971800327301,-0.5155668556690216,-0.078659207980877,-0.003058195114135742,-0.27477186918258667,-0.034212471406704026,0.02020275592803955,-0.4005914330482483,-0.06926360861564262,0.04033452272415161,-0.4817700982093811,-0.08903588489795311,0.05942314863204956,-0.548538327217102,-0.09619870172048195,0.04174929857254028,-0.2431308627128601,-0.046024644236808854,0.05109202861785889,-0.2919427156448364,-0.09457068280482872,0.025719165802001953,-0.21812868118286133,-0.09776487336660011,0.007688760757446289,-0.16176849603652954,-0.08406390384936913,0.08057767152786255,-0.19675904512405396,-0.05949090183878525,0.08321249485015869,-0.2428208589553833,-0.09206789867187126,0.06141024827957153,-0.19709402322769165,-0.08375462279821022,0.04313701391220093,-0.15654218196868896,-0.0680931000521241,victory
0.0,0.0,0.0,-0.058333784341812134,-0.046225905418395996,-0.032018234183851746,-0.08285665512084961,-0.14234775304794312,-0.05002597456223157,-0.052120327949523926,-0.21515923738479614,-0.06891147901660588,-0.017214834690093994,-0.25931769609451294,-0.08538483192569402,-0.05687743425369263,-0.28102797269821167,-0.030480194067422417,-0.08387839794158936,-0.3936644494533539,-0.05965026577359822,-0.10104697942733765,-0.46585047245025635,-0.07586330284721043,-0.11279869079589844,-0.5271511077880859,-0.08492361863500264,-0.0032096505165100098,-0.2797527313232422,-0.0366013023758569,0.02166163921356201,-0.4069426953792572,-0.07281468172914174,0.04380542039871216,-0.48962634801864624,-0.09234256406671193,0.06386381387710571,-0.5563080012798309,-0.09875086059219029,0.04162091016769409,-0.2489931583404541,-0.04643845667487767,0.053084611892700195,-0.2933700680732727,-0.09669871737605717,0.030238986015319824,-0.21949803829193115,-0.10102711727267888,0.013199448585510254,-0.16403627395629883,-0.08740094413406041,0.08051377534866333,-0.2034199833869934,-0.05827709396726277,0.08795058727264404,-0.24500077962875366,-0.09303950627690938,0.06650751829147339,-0.1960938572883606,-0.08644662906772282,0.04721808433532715,-0.15416306257247925,-0.07138889392263081,victory
0.0,0.0,0.0,-0.05752986669540405,-0.04760235548019409,-0.030741933029844404,-0.07813680171966553,-0.1448277235031128,-0.0473115362643739,-0.04301029443740845,-0.21772527694702148,-0.06523858312959874,-0.010342061519622803,-0.26264339685440063,-0.08093420718307698,-0.059771955013275146,-0.2874520421028137,-0.026063447114779592,-0.086495041847229,-0.4007622003555298,-0.05295764957065785,-0.10208970308303833,-0.47340548038482666,-0.06879297946090901,-0.11267003417015076,-0.5350362956523895,-0.07833243463630879,-0.006098330020904541,-0.28644299507141113,-0.032782006305410505,0.021306514739990234,-0.414259672164917,-0.06734837893839085,0.04540210962295532,-0.49675118923187256,-0.08697332743997777,0.06725853681564331,-0.5630317628383636,-0.09412247244711125,0.0377194881439209,-0.25531744956970215,-0.04332615737314427,0.05281418561935425,-0.30344080924987793,-0.092061939877226,0.0297965407371521,-0.2273154854774475,-0.09592186961765492,0.012488305568695068,-0.1712685227394104,-0.08279896829719746,0.07502484321594238,-0.20822370052337646,-0.05594371933932507,0.08286941051483154,-0.2516708970069885,-0.08982751820678914,0.0601726770401001,-0.20050954818725586,-0.0829604223787328,0.039090514183044434,-0.15761423110961914,-0.06829319451446736,victory
0.0,0.0,0.0,-0.05613797903060913,-0.04618966579437256,-0.031110226870225688,-0.07951405644416809,-0.14486795663833618,-0.04902593208913686,-0.04728055000305176,-0.21588599681854248,-0.06852250708703878,-0.012258529663085938,-0.2583627700805664,-0.08616419299011113,-0.05458688735961914,-0.29181039333343506,-0.030766814709352275,-0.08286559581756592,-0.40549981594085693,-0.05966271622543218,-0.09878426790237427,-0.4779588282108307,-0.07582967890863301,-0.10820040106773376,-0.5399141311645508,-0.08562176092033269,0.0010604262351989746,-0.2896207571029663,-0.03821905492310407,0.02889573574066162,-0.41600242257118225,-0.07638220651512029,0.05292010307312012,-0.4982455372810364,-0.09780033095245244,0.07564312219619751,-0.5642752647399902,-0.10569658292894246,0.04625523090362549,-0.25712716579437256,-0.04910238994722249,0.05969184637069702,-0.30162423849105835,-0.10162513120536687,0.0350956916809082,-0.2215021252632141,-0.10659204585914495,0.017200708389282227,-0.16325461864471436,-0.09347489638690831,0.08468955755233765,-0.2087973952293396,-0.06188096641068341,0.09187138080596924,-0.2458561658859253,-0.09969049854640843,0.06728625297546387,-0.1894611120223999,-0.0945142076766956,0.04514467716217041,-0.14305764436721802,-0.08033293648128392,victory
0.0,0.0,0.0,-0.05775284767150879,-0.048333942890167236,-0.03393504358461996,-0.07815223932266235,-0.144009530544281,-0.05222476608685156,-0.0445859432220459,-0.21681338548660278,-0.0718658860736241,-0.0082855224609375,-0.2644858956336975,-0.0889218296819081,-0.056323349475860596,-0.29643678665161133,-0.02635481729737421,-0.08145648241043091,-0.40926340222358704,-0.05373555756739279,-0.09598863124847412,-0.48354047536849976,-0.0694135796242108,-0.10461723804473877,-0.5477516353130341,-0.07884266934922834,0.00044357776641845703,-0.29449462890625,-0.03237434066465994,0.0285494327545166,-0.4191302955150604,-0.06808321885398527,0.05047786235809326,-0.5017391741275787,-0.08836922756961485,0.0705527663230896,-0.5676002502441406,-0.09587869755557676,0.04585456848144531,-0.26128578186035156,-0.04284241012862822,0.059443891048431396,-0.3058614730834961,-0.09539496861032148,0.035008013248443604,-0.22551357746124268,-0.10102710090211531,0.018193304538726807,-0.1663835644721985,-0.08801343999436995,0.08346587419509888,-0.21212482452392578,-0.05546255372098585,0.09113627672195435,-0.25389862060546875,-0.09315668753913542,0.06560051441192627,-0.1974371075630188,-0.08855644575885435,0.04315662384033203,-0.14957338571548462,-0.07481619678071638,victory
0.0,0.0,0.0,-0.05776497721672058,-0.04913395643234253,-0.033205661639726713,-0.07459026575088501,-0.14920461177825928,-0.04920744495109375,-0.03668680787086487,-0.22520822286605835,-0.06650920183972175,-0.002385377883911133,-0.27587997913360596,-0.08139836759880836,-0.0566384494304657,-0.2989945411682129,-0.022860610574639395,-0.08171844482421875,-0.4121498465538025,-0.04798618675783928,-0.0962032675743103,-0.4867143929004669,-0.06264375121907051,-0.10495683550834656,-0.550812304019928,-0.07182443858698662,4.506111145019531e-05,-0.2977423071861267,-0.028779949709928587,0.028340041637420654,-0.4239634573459625,-0.06280279876307304,0.05085468292236328,-0.5070383548736572,-0.08276466251925285,0.07098931074142456,-0.5710771977901459,-0.09038054914788063,0.04428255558013916,-0.26424992084503174,-0.03926848964408691,0.05890709161758423,-0.31186413764953613,-0.09180401982382591,0.03603249788284302,-0.23079925775527954,-0.09808932216481026,0.020165443420410156,-0.17067676782608032,-0.08564182342604454,0.08033144474029541,-0.2146015167236328,-0.051729488834894255,0.08847171068191528,-0.26072585582733154,-0.09080605925635155,0.06408125162124634,-0.20209157466888428,-0.0869147104175454,0.0423923134803772,-0.1522597074508667,-0.0736620572359925,victory
0.0,0.0,0.0,-0.05740132927894592,-0.04774904251098633,-0.034921374982502584,-0.07593339681625366,-0.14837253093719482,-0.05296518734684241,-0.03716650605201721,-0.22389119863510132,-0.07191854051342261,-0.0023946166038513184,-0.2729533314704895,-0.08874167582979453,-0.05486404895782471,-0.298393189907074,-0.03008749417057288,-0.08049473166465759,-0.41548746824264526,-0.05799587524523986,-0.09592008590698242,-0.491768479347229,-0.07402205548277152,-0.10600316524505615,-0.5576107203960419,-0.08392767689218772,0.0030398964881896973,-0.29460543394088745,-0.03577715612044585,0.031078755855560303,-0.42215287685394287,-0.0720188402294184,0.052668869495391846,-0.5049439966678619,-0.09217342070331824,0.07207679748535156,-0.5707652568817139,-0.09985246590366614,0.048701465129852295,-0.25927454233169556,-0.04579240537276519,0.06420713663101196,-0.30992162227630615,-0.09960378787508262,0.039589881896972656,-0.2292238473892212,-0.10525038174381507,0.02263718843460083,-0.1689884066581726,-0.0923326619624163,0.08567297458648682,-0.2080722451210022,-0.057875384455826406,0.09447842836380005,-0.25518494844436646,-0.09787099144449485,0.06990182399749756,-0.19766676425933838,-0.09381703368416083,0.04860794544219971,-0.1483750343322754,-0.0803014644145037,victory
0.0,0.0,0.0,-0.05694270133972168,-0.0496254563331604,-0.03454145188555913,-0.07604429125785828,-0.1460566520690918,-0.052967918618776366,-0.039872050285339355,-0.21905285120010376,-0.07276651780233578,-0.002947568893432617,-0.2681134343147278,-0.09018607209549145,-0.054188549518585205,-0.297748863697052,-0.02746630418226914,-0.07903662323951721,-0.41280126571655273,-0.05512307728753285,-0.09380573034286499,-0.48800522089004517,-0.07117114733085828,-0.10292765498161316,-0.5528561174869537,-0.0809318772994061,0.002692103385925293,-0.29541003704071045,-0.03337334240899281,0.03163796663284302,-0.42144760489463806,-0.06852403055057721,0.05386805534362793,-0.5054764449596405,-0.08854321907386975,0.07388776540756226,-0.5714974403381348,-0.0962347365461369,0.047801434993743896,-0.26152122020721436,-0.04387035365328984,0.06170922517776489,-0.30847448110580444,-0.09632940362320142,0.03776419162750244,-0.22962933778762817,-0.10271369437799649,0.021410703659057617,-0.17017817497253418,-0.09055472682342725,0.08471328020095825,-0.2110617756843567,-0.05655905748830037,0.0923159122467041,-0.2552909255027771,-0.0948273069702168,0.06645464897155762,-0.19878792762756348,-0.09085719804392056,0.04375636577606201,-0.14962011575698853,-0.0777602247439404,victory
0.0,0.0,0.0,-0.05773782730102539,-0.045748889446258545,-0.03763945084062925,-0.07714974880218506,-0.14675873517990112,-0.056645181588805826,-0.039032965898513794,-0.22355574369430542,-0.07575484421101919,-0.002234518527984619,-0.2753644585609436,-0.09220875110474935,-0.05792573094367981,-0.2984435558319092,-0.03185518886891714,-0.08214440941810608,-0.4168745279312134,-0.06086912434545866,-0.09629780054092407,-0.4933493733406067,-0.07721488978711477,-0.10540175437927246,-0.5587036311626434,-0.0871155789121758,0.001208662986755371,-0.2945532202720642,-0.036164139024890574,0.030132770538330078,-0.4237489700317383,-0.0735076447948586,0.05157053470611572,-0.5062559545040131,-0.09378308858720175,0.07035410404205322,-0.5739354491233826,-0.10121113862840048,0.04821920394897461,-0.2597254514694214,-0.045042858086503657,0.06506311893463135,-0.31082093715667725,-0.09986578729001394,0.03936111927032471,-0.2296668291091919,-0.10502705778924337,0.021050453186035156,-0.1712678074836731,-0.09146584626284948,0.08631449937820435,-0.20902031660079956,-0.05623008739200941,0.09591591358184814,-0.2526988983154297,-0.09697029050437322,0.07151728868484497,-0.19575870037078857,-0.09298282917586675,0.05033528804779053,-0.14994966983795166,-0.07923947330561987,victory
0.0,0.0,0.0,-0.059808969497680664,-0.04614591598510742,-0.03681259547198579,-0.0774320662021637,-0.1479300856590271,-0.05480968152011201,-0.03720468282699585,-0.22410231828689575,-0.07317163367594048,-0.001304328441619873,-0.2752636671066284,-0.0893292086275892,-0.059091806411743164,-0.2989870309829712,-0.029652669474728555,-0.0810483992099762,-0.4181056618690491,-0.05632320736373231,-0.09506148099899292,-0.49497514963150024,-0.07127266694629952,-0.10457849502563477,-0.5607940554618835,-0.08052285333002374,-0.00021916627883911133,-0.29552000761032104,-0.03400800322020814,0.029807329177856445,-0.424350380897522,-0.06873348672712609,0.05305761098861694,-0.5064764618873596,-0.08811941315258309,0.07265728712081909,-0.570634514093399,-0.09546070863331124,0.04535627365112305,-0.26063692569732666,-0.04303577859724328,0.06071358919143677,-0.31336718797683716,-0.09677481223667428,0.03718578815460205,-0.2320319414138794,-0.10325131137693688,0.019951701164245605,-0.17160910367965698,-0.09102016259754464,0.08225429058074951,-0.210069477558136,-0.054127133831627816,0.09009885787963867,-0.2590964436531067,-0.09492568989122674,0.06644260883331299,-0.19945085048675537,-0.09163780082786843,0.045219480991363525,-0.1486881971359253,-0.07875410039747521,victory
0.0,0.0,0.0,-0.05840784311294556,-0.045008718967437744,-0.03485443454422921,-0.07801473140716553,-0.145940899848938,-0.05192023899593323,-0.04086288809776306,-0.222156822681427,-0.06975561019220322,-0.004953920841217041,-0.2719874978065491,-0.08529160555639237,-0.057200729846954346,-0.3005402684211731,-0.02801519457437962,-0.08000239729881287,-0.4198426306247711,-0.053560700381183324,-0.09293225407600403,-0.49590134620666504,-0.06774742540159195,-0.10143843293190002,-0.5604522824287415,-0.0766301044467923,0.002083897590637207,-0.29666292667388916,-0.03328426938691109,0.03252977132797241,-0.42655864357948303,-0.06790507968702286,0.0562778115272522,-0.5084024369716644,-0.08776713546552628,0.07616943120956421,-0.571185827255249,-0.0953320526722905,0.04798668622970581,-0.2610083818435669,-0.042894005889081654,0.06178361177444458,-0.3118802309036255,-0.09585120167770356,0.037026047706604004,-0.2310977578163147,-0.10236252483167618,0.01867121458053589,-0.17110443115234375,-0.09032696869411438,0.0851738452911377,-0.21009230613708496,-0.05446044739522904,0.09249991178512573,-0.2572988271713257,-0.09471728291549653,0.06755924224853516,-0.19835561513900757,-0.09170828398504227,0.04435986280441284,-0.14815187454223633,-0.07915445055999726,victory
0.0,0.0,0.0,-0.0598946213722229,-0.04706704616546631,-0.035848289688146906,-0.07787355780601501,-0.15084457397460938,-0.052590113093174295,-0.038113147020339966,-0.22746527194976807,-0.06990474831036408,-0.0013123750686645508,-0.27622759342193604,-0.0848491303222545,-0.05775493383407593,-0.3015236258506775,-0.028762834106601076,-0.08052730560302734,-0.42139047384262085,-0.05456280331782182,-0.09431606531143188,-0.4986633062362671,-0.0691587142246135,-0.10351347923278809,-0.5644343495368958,-0.07848627488783677,0.0006690621376037598,-0.2977744936943054,-0.03363609309963067,0.030177533626556396,-0.42793333530426025,-0.06850552927426179,0.053450822830200195,-0.5116503238677979,-0.08862565826348145,0.07348734140396118,-0.5751339197158813,-0.09655590723923524,0.04623579978942871,-0.26198601722717285,-0.04295790563992341,0.06110823154449463,-0.3118104934692383,-0.09623477976492723,0.035820066928863525,-0.2308008074760437,-0.10285575311354478,0.016933977603912354,-0.17032384872436523,-0.09087426583937486,0.08337372541427612,-0.21101057529449463,-0.05443597953490098,0.09348320960998535,-0.258216917514801,-0.09522714834383805,0.0690990686416626,-0.19870591163635254,-0.09249261390141328,0.04655194282531738,-0.14820289611816406,-0.08010525624922593,victory
0.0,0.0,0.0,-0.0589255690574646,-0.046936988830566406,-0.03710245521830302,-0.07746466994285583,-0.14813101291656494,-0.05496759893463832,-0.04157087206840515,-0.22742080688476562,-0.07315085264013987,-0.006206631660461426,-0.2799175977706909,-0.08861432405279857,-0.059713006019592285,-0.30420243740081787,-0.028498841394650754,-0.08009067177772522,-0.4230208694934845,-0.05446478160189372,-0.09259402751922607,-0.49988093972206116,-0.06932602258490306,-0.10076010227203369,-0.5651296377182007,-0.07885059895085078,-0.0010924935340881348,-0.30036479234695435,-0.03320639761255961,0.029457390308380127,-0.4285928010940552,-0.06881408574150782,0.05312842130661011,-0.5123135447502136,-0.09004550607966166,0.07336407899856567,-0.5766242146492004,-0.09881222428845149,0.044442057609558105,-0.2645125389099121,-0.042444640715586957,0.061100125312805176,-0.3135993480682373,-0.09663931461142283,0.03686434030532837,-0.23242664337158203,-0.10416717263029796,0.018294811248779297,-0.17249929904937744,-0.09281943174170237,0.08186876773834229,-0.21361511945724487,-0.05384379806088191,0.09223616123199463,-0.25913459062576294,-0.09547591390179377,0.0691061019897461,-0.19881880283355713,-0.09327273251579982,0.047174811363220215,-0.14782029390335083,-0.08113974513577205,victory
0.0,0.0,0.0,-0.05873531103134155,-0.049540698528289795,-0.03636753209309518,-0.07517930865287781,-0.15422189235687256,-0.05289744608478486,-0.03885149955749512,-0.233134925365448,-0.0692671316154474,-0.009959042072296143,-0.28572362661361694,-0.08288747094945847,-0.05757191777229309,-0.30221426486968994,-0.028673840913938875,-0.07814806699752808,-0.41925331950187683,-0.054718803841637964,-0.09131824970245361,-0.495638370513916,-0.07054732762651383,-0.09998366236686707,-0.5614327788352966,-0.08131753676013886,0.0004284381866455078,-0.3003259301185608,-0.03303684316949784,0.028171420097351074,-0.4281797409057617,-0.06769210867958009,0.05119335651397705,-0.5104576349258423,-0.08937175594644486,0.07199138402938843,-0.5756123661994934,-0.09948523365335404,0.04613155126571655,-0.26583635807037354,-0.04171013109760224,0.06680017709732056,-0.31753009557724,-0.09278184198217332,0.04304003715515137,-0.24192678928375244,-0.10021892212705552,0.023992717266082764,-0.1843751072883606,-0.09066408895330369,0.08395147323608398,-0.2148640751838684,-0.05283125140147149,0.09700345993041992,-0.25476205348968506,-0.09364686184005677,0.07446211576461792,-0.19984161853790283,-0.09290302567558228,0.05289816856384277,-0.15276479721069336,-0.0826304408200258,victory
0.0,0.0,0.0,-0.05702582001686096,-0.04923349618911743,-0.03659329997333316,-0.07534727454185486,-0.15142005681991577,-0.054353282469833175,-0.04186362028121948,-0.2302241325378418,-0.07201785655649928,-0.01123124361038208,-0.2821902632713318,-0.08700402142437724,-0.054513782262802124,-0.3072260022163391,-0.028807072583163063,-0.0752938985824585,-0.4223048686981201,-0.05471443818839816,-0.08921250700950623,-0.4977172613143921,-0.07101934464606074,-0.09861224889755249,-0.5629565119743347,-0.08252121569546489,0.002566039562225342,-0.3031025528907776,-0.03379786448510913,0.030368566513061523,-0.42976993322372437,-0.06821159334811,0.052913784980773926,-0.5119017958641052,-0.09071169855030803,0.07294094562530518,-0.5783467590808868,-0.10183993043335704,0.0474088191986084,-0.26603883504867554,-0.04299799041780261,0.06979429721832275,-0.3199045658111572,-0.09458503188523082,0.04435032606124878,-0.24461030960083008,-0.10244797976645259,0.023414254188537598,-0.18559038639068604,-0.09330705614718227,0.08378297090530396,-0.21243304014205933,-0.054560416061008254,0.0971900224685669,-0.25326842069625854,-0.09656059058340816,0.07517379522323608,-0.19923698902130127,-0.09621434720190791,0.05373847484588623,-0.1515345573425293,-0.08605460138949184,victory
0.0,0.0,0.0,-0.05832967162132263,-0.05325347185134888,-0.033514364721042966,-0.07689225673675537,-0.16059106588363647,-0.04872589847610698,-0.04520025849342346,-0.24028760194778442,-0.06429268708990321,-0.013174355030059814,-0.2911829352378845,-0.07749168118999705,-0.04820716381072998,-0.3070090413093567,-0.025776567967398023,-0.06802225112915039,-0.4218648374080658,-0.04973332873152003,-0.08103969693183899,-0.49787309765815735,-0.06542225471304164,-0.08981549739837646,-0.5637954771518707,-0.07699259659813151,0.008472144603729248,-0.30140364170074463,-0.031458160938484525,0.038060665130615234,-0.42750999331474304,-0.061914584697944974,0.05986487865447998,-0.5101394057273865,-0.08278087070749507,0.0798788070678711,-0.5767000913619995,-0.09422108820245967,0.05253303050994873,-0.26395517587661743,-0.04126555389331088,0.07718122005462646,-0.32288920879364014,-0.08709386280344233,0.05348014831542969,-0.2578085660934448,-0.09482646277712092,0.034303367137908936,-0.20380157232284546,-0.08795289984510646,0.08768916130065918,-0.2105703353881836,-0.053568634303076124,0.10315251350402832,-0.25647997856140137,-0.0914749308543037,0.08036714792251587,-0.20774251222610474,-0.09159947475956187,0.05878525972366333,-0.16093850135803223,-0.08342755130098567,victory
0.0,0.0,0.0,-0.05627238750457764,-0.054673612117767334,-0.034682624926347216,-0.08263492584228516,-0.1635524034500122,-0.052168738981265506,-0.049960315227508545,-0.2405329942703247,-0.06997974677898355,-0.003898918628692627,-0.2769011855125427,-0.08519475622989603,-0.04216429591178894,-0.29953598976135254,-0.03329711868383356,-0.05929744243621826,-0.422160267829895,-0.05795503123619028,-0.07027602195739746,-0.4986232817173004,-0.07373504056550928,-0.077004075050354,-0.5641620457172394,-0.0853452207050509,0.013894438743591309,-0.29359686374664307,-0.03688974394418665,0.04668539762496948,-0.4224117398262024,-0.0660988287530131,0.06976908445358276,-0.5050604343414307,-0.08595059527971216,0.0923471450805664,-0.5735728144645691,-0.09715074016668268,0.056206464767456055,-0.2558608651161194,-0.044124116142768344,0.08019804954528809,-0.32054680585861206,-0.08540903492786356,0.058637022972106934,-0.2597528100013733,-0.09160726978399225,0.04205423593521118,-0.20334869623184204,-0.0839029298625178,0.08943003416061401,-0.20257478952407837,-0.05435685901858278,0.11365395784378052,-0.25669538974761963,-0.08709349199153849,0.1012682318687439,-0.2339954376220703,-0.08776962473012873,0.08677905797958374,-0.20247524976730347,-0.08046694560863443,victory
0.0,0.0,0.0,-0.05578741431236267,-0.05271631479263306,-0.035045775358241826,-0.08191221952438354,-0.15811729431152344,-0.05270084622935656,-0.049093276262283325,-0.23497825860977173,-0.07086384180621508,-0.0039487481117248535,-0.27540820837020874,-0.08619721118049029,-0.041378140449523926,-0.2995854616165161,-0.029364923719924718,-0.05923491716384888,-0.42023324966430664,-0.054434227530521184,-0.0705658495426178,-0.497205913066864,-0.0707182351096094,-0.0768885612487793,-0.5628375709056854,-0.08229039493636492,0.01526111364364624,-0.29299336671829224,-0.03316872451142672,0.047763943672180176,-0.41965940594673157,-0.06270991149978045,0.06889724731445312,-0.5027794241905212,-0.08305059257583025,0.08973902463912964,-0.5699667930603027,-0.09414064023332003,0.05781608819961548,-0.2551126480102539,-0.04111662763790491,0.08451026678085327,-0.3189126253128052,-0.08441401157216433,0.06200218200683594,-0.25819188356399536,-0.09168394539193514,0.04485630989074707,-0.20099306106567383,-0.083729377721113,0.09141051769256592,-0.20187246799468994,-0.051880876307052404,0.11514550447463989,-0.25584328174591064,-0.08599266294078234,0.1010480523109436,-0.22860491275787354,-0.08651693794564608,0.08606815338134766,-0.19240891933441162,-0.07837901893691424,victory
0.0,0.0,0.0,-0.059159278869628906,-0.05010795593261719,-0.036362770047333015,-0.08979514241218567,-0.1558550000190735,-0.054492413100149406,-0.06510445475578308,-0.23711615800857544,-0.0735746203328631,-0.018883109092712402,-0.27526527643203735,-0.08987944110884882,-0.04528003931045532,-0.2929612994194031,-0.02677081994369246,-0.06393712759017944,-0.41446951031684875,-0.05252096712246157,-0.07624015212059021,-0.490001380443573,-0.06955027117982127,-0.08247151970863342,-0.5552269220352173,-0.08205313518300272,0.010767817497253418,-0.2883782386779785,-0.030825258266474975,0.04326343536376953,-0.41480058431625366,-0.062471917864229454,0.06692832708358765,-0.49513447284698486,-0.08490228190674998,0.08878463506698608,-0.5605181157588959,-0.09784160092129923,0.05352127552032471,-0.2545155882835388,-0.039570095982696785,0.08605062961578369,-0.329038143157959,-0.08697787210002161,0.06705319881439209,-0.2666745185852051,-0.09772017880931116,0.04896050691604614,-0.20726299285888672,-0.09204148038878657,0.08870625495910645,-0.20441550016403198,-0.0511013483966849,0.11740463972091675,-0.2613387107849121,-0.09012112304225184,0.1029248833656311,-0.22822493314743042,-0.09448128476395823,0.08444702625274658,-0.1869586706161499,-0.08912747636094309,victory
0.0,0.0,0.0,-0.061026185750961304,-0.04579293727874756,-0.04087740529257644,-0.08649271726608276,-0.15076947212219238,-0.059729724860972055,-0.061379700899124146,-0.23709195852279663,-0.07827044624764312,-0.025154948234558105,-0.2940886616706848,-0.09368642020899642,-0.05351930856704712,-0.2925545573234558,-0.026853315270727762,-0.07054030895233154,-0.41073691844940186,-0.05265581209141601,-0.0824509859085083,-0.4857465326786041,-0.07035593289811004,-0.08721929788589478,-0.5520650148391724,-0.08361145455319274,0.005488872528076172,-0.28979140520095825,-0.029334284103697428,0.03643423318862915,-0.4118344783782959,-0.0627319623895346,0.05971169471740723,-0.4888254404067993,-0.08688534397560943,0.07979071140289307,-0.5527750849723816,-0.10096026558358062,0.04994446039199829,-0.25774192810058594,-0.037184282875841745,0.087138831615448,-0.3285060524940491,-0.08852345842797149,0.06746023893356323,-0.26383233070373535,-0.10200409192520965,0.046103715896606445,-0.20480334758758545,-0.09793005485016693,0.08559799194335938,-0.2104814052581787,-0.04778375077921737,0.11554467678070068,-0.26572221517562866,-0.09097639817673553,0.09925335645675659,-0.22727751731872559,-0.09729997415024627,0.07737737894058228,-0.18372410535812378,-0.09304441858012069,victory
0.0,0.0,0.0,-0.06075069308280945,-0.047795236110687256,-0.03788846917865385,-0.08566683530807495,-0.15491199493408203,-0.056069882590747966,-0.059581249952316284,-0.24372905492782593,-0.07470897026774992,-0.0201224684715271,-0.2950391173362732,-0.09029536880967726,-0.055185943841934204,-0.29846882820129395,-0.024029888216830386,-0.07195848226547241,-0.41379523277282715,-0.0486547555815946,-0.08309972286224365,-0.48865440487861633,-0.06591671146867384,-0.08744627237319946,-0.5545651316642761,-0.07945985533712019,0.003368198871612549,-0.29435765743255615,-0.028341716159559383,0.03410446643829346,-0.41145914793014526,-0.06145973690269102,0.05761152505874634,-0.4870034456253052,-0.08500760980365385,0.0783204436302185,-0.5503363609313965,-0.09896248020646681,0.04818934202194214,-0.2601015567779541,-0.037614898760296,0.08619272708892822,-0.3327575922012329,-0.0875133071136247,0.06242305040359497,-0.26442742347717285,-0.09706255980250944,0.03877168893814087,-0.20416587591171265,-0.09084979631421675,0.08583676815032959,-0.209408700466156,-0.049576735128141536,0.1140088438987732,-0.2673572301864624,-0.09132629074571241,0.09637975692749023,-0.22730261087417603,-0.09472754039285292,0.07416027784347534,-0.1836179494857788,-0.08852968551633467,victory
0.0,0.0,0.0,-0.054965972900390625,-0.04859721660614014,-0.04770040636230988,-0.0695415735244751,-0.14857631921768188,-0.0708883864181189,-0.044530510902404785,-0.2333722710609436,-0.09270429735352081,-0.01625955104827881,-0.30259084701538086,-0.11084976916481537,-0.05491447448730469,-0.3008960485458374,-0.030764992658987467,-0.07419276237487793,-0.41913115978240967,-0.057234780241742556,-0.08634597063064575,-0.495583713054657,-0.07519976173807663,-0.09092667698860168,-0.5631952285766602,-0.08812019353081268,0.0028902292251586914,-0.29459768533706665,-0.031161164243712847,0.03432786464691162,-0.4150596857070923,-0.0649662849800734,0.056708455085754395,-0.4904795289039612,-0.0883945835130362,0.0779528021812439,-0.553321123123169,-0.10130696122814697,0.04685628414154053,-0.2588205337524414,-0.037679937978282396,0.0825880765914917,-0.3298898935317993,-0.08943104868103546,0.05383831262588501,-0.2587217092514038,-0.10081334536243958,0.029478847980499268,-0.20086979866027832,-0.0950171363847403,0.08223134279251099,-0.20970362424850464,-0.04759342347551865,0.10767906904220581,-0.27016448974609375,-0.08974084382225556,0.08750784397125244,-0.2254762053489685,-0.09339586769510788,0.06658244132995605,-0.18064922094345093,-0.08703535919357819,victory
0.0,0.0,0.0,-0.05443543195724487,-0.05554461479187012,-0.0456527430095548,-0.06503677368164062,-0.16093814373016357,-0.06706172558449452,-0.02549189329147339,-0.24067604541778564,-0.08669006410025304,0.012860119342803955,-0.3018229007720947,-0.1027036565818662,-0.060703009366989136,-0.3079209327697754,-0.030176661489235812,-0.07677680253982544,-0.42678219079971313,-0.055544320074545794,-0.08596372604370117,-0.5022374391555786,-0.07238751235388463,-0.09016728401184082,-0.5670548677444458,-0.0844103056468839,-0.0037688016891479492,-0.2995128035545349,-0.029621595097410136,0.030052900314331055,-0.41958943009376526,-0.060914780525195056,0.055165886878967285,-0.49063369631767273,-0.08094714167498296,0.07823526859283447,-0.5508428812026978,-0.09146848651550954,0.040233731269836426,-0.2617456912994385,-0.0348998937287206,0.07246559858322144,-0.32761693000793457,-0.08277234765671437,0.042936086654663086,-0.252050518989563,-0.0885294634380216,0.01964879035949707,-0.1978750228881836,-0.07967292102955525,0.07615935802459717,-0.210096538066864,-0.04354428085468953,0.09732359647750854,-0.2669699788093567,-0.0821142155208463,0.07525932788848877,-0.21518492698669434,-0.08071832689427083,0.05524367094039917,-0.17273736000061035,-0.07110231700323766,victory
0.0,0.0,0.0,-0.054204463958740234,-0.058717191219329834,-0.043661102233443216,-0.0661020278930664,-0.1613408923149109,-0.06546088638714309,-0.026786208152770996,-0.24032950401306152,-0.08613204541615005,0.011833131313323975,-0.30171096324920654,-0.10356092038563247,-0.059620022773742676,-0.3088609576225281,-0.031088858423743204,-0.07449930906295776,-0.4269769787788391,-0.05713085043242927,-0.0845308005809784,-0.5028096437454224,-0.07504084291866775,-0.09060639142990112,-0.5677486956119537,-0.08817001017740722,-0.0022674202919006348,-0.3006916046142578,-0.032586037693533854,0.033662497997283936,-0.42157185077667236,-0.06428597453049179,0.05866408348083496,-0.49308884143829346,-0.08541152956894393,0.0819503664970398,-0.5541283488273621,-0.09737657341173644,0.04206109046936035,-0.26184481382369995,-0.03950466918757911,0.07537579536437988,-0.3289872407913208,-0.08609281065872665,0.043244123458862305,-0.2555127739906311,-0.09253636333158965,0.018515169620513916,-0.202395498752594,-0.08515926036051269,0.07749807834625244,-0.20877712965011597,-0.049810081301245646,0.09884756803512573,-0.26692187786102295,-0.08666561129501815,0.07517498731613159,-0.2196992039680481,-0.08570131245068069,0.05418962240219116,-0.17876183986663818,-0.07728534522465225,victory
0.0,0.0,0.0,-0.05071568489074707,-0.05928540229797363,-0.03740947706882025,-0.059854984283447266,-0.1628258228302002,-0.05658962590877081,-0.01478201150894165,-0.2381194829940796,-0.07555812983099486,0.024674832820892334,-0.29498815536499023,-0.09156638024632002,-0.06005716323852539,-0.30707406997680664,-0.026598399637975945,-0.07674747705459595,-0.42616909742355347,-0.05204227207485701,-0.08657282590866089,-0.5010460317134857,-0.068140063567796,-0.09274312853813171,-0.5649826526641846,-0.07925350604836012,-0.004165589809417725,-0.3014522194862366,-0.029890706895628227,0.030310869216918945,-0.4181750416755676,-0.061124432964959396,0.055910587310791016,-0.48831844329833984,-0.07957647381607558,0.07804852724075317,-0.5466419458389282,-0.08839645622555281,0.03893071413040161,-0.26565849781036377,-0.038164343817868485,0.06585127115249634,-0.318575382232666,-0.08332129208628203,0.038302063941955566,-0.24139034748077393,-0.08630139766518141,0.01796269416809082,-0.18803036212921143,-0.07579505084339644,0.07334613800048828,-0.21459311246871948,-0.04938850192610289,0.08695876598358154,-0.2571737766265869,-0.08336986987177397,0.06302809715270996,-0.20258909463882446,-0.0786311143476155,0.044046759605407715,-0.1600717306137085,-0.06706305979076888,victory
0.0,0.0,0.0,-0.053711116313934326,-0.05746692419052124,-0.04007555796681572,-0.06468275189399719,-0.15705478191375732,-0.06072526677428414,-0.016671717166900635,-0.22697097063064575,-0.08080982296644379,0.02840399742126465,-0.2783937454223633,-0.09875288485466172,-0.05618935823440552,-0.3033459782600403,-0.033062877793895495,-0.0719517171382904,-0.4240105450153351,-0.05720285578547646,-0.08092480897903442,-0.49988871812820435,-0.07240619390188385,-0.08720040321350098,-0.5643834173679352,-0.08343660711227585,0.00021904706954956055,-0.2951772212982178,-0.03546336172996689,0.03324472904205322,-0.4162871837615967,-0.06402240573345352,0.056219279766082764,-0.48873624205589294,-0.08224840341983963,0.07633930444717407,-0.5461845695972443,-0.09184148787437607,0.043024420738220215,-0.2555202841758728,-0.04273267342625786,0.059979140758514404,-0.3090064525604248,-0.08586295573888947,0.02924633026123047,-0.24314439296722412,-0.0939824792641275,0.00836867094039917,-0.19564104080200195,-0.0882190379398935,0.07576173543930054,-0.2002585530281067,-0.05294545992194344,0.0847352147102356,-0.2526623606681824,-0.08611822753130127,0.0582880973815918,-0.20235753059387207,-0.08462622641502549,0.03751248121261597,-0.15790003538131714,-0.07653722046791245,victory
0.0,0.0,0.0,-0.053285419940948486,-0.06013500690460205,-0.0393436076267335,-0.06246641278266907,-0.1612696647644043,-0.05884358381467791,-0.010829567909240723,-0.22913557291030884,-0.07785694768267604,0.035632550716400146,-0.27741825580596924,-0.09478004743891688,-0.054711997509002686,-0.3006058931350708,-0.03198793252545329,-0.07049667835235596,-0.4226292669773102,-0.056088131867227276,-0.08056342601776123,-0.4986615478992462,-0.0708571123107049,-0.08760809898376465,-0.5630806684494019,-0.08096760978537532,0.0007630586624145508,-0.29290664196014404,-0.03408024554687472,0.03344088792800903,-0.4130692780017853,-0.06252844353753062,0.05659353733062744,-0.4873357117176056,-0.08001430799799891,0.07751744985580444,-0.5450754463672638,-0.08823176195460292,0.04290097951889038,-0.25452935695648193,-0.04103631993370982,0.06041473150253296,-0.30215615034103394,-0.08400688787537547,0.030758917331695557,-0.2352921962738037,-0.09124950786667796,0.011436402797698975,-0.18722468614578247,-0.08389414568978282,0.07459747791290283,-0.2011510729789734,-0.05095399265724154,0.08408540487289429,-0.251703679561615,-0.08358832170802089,0.05828481912612915,-0.2005518078804016,-0.08085180541115733,0.03901660442352295,-0.15529155731201172,-0.07116631140547724,victory
0.0,0.0,0.0,-0.052130818367004395,-0.06109631061553955,-0.039307687077723585,-0.06175163388252258,-0.1607188582420349,-0.05795646050950154,-0.01062619686126709,-0.22756946086883545,-0.0760798711516486,0.03458470106124878,-0.2777758240699768,-0.0916285697557555,-0.056157708168029785,-0.3010910153388977,-0.028660341743432127,-0.0720493495464325,-0.4236885905265808,-0.05057171324273213,-0.08109718561172485,-0.49769288301467896,-0.06322670320054158,-0.08751034736633301,-0.5611448287963867,-0.07136069575329884,-0.0016469955444335938,-0.29342591762542725,-0.0296648252942191,0.030219733715057373,-0.4123693108558655,-0.05599766561766728,0.054187893867492676,-0.48472753167152405,-0.07147106120368107,0.07557451725006104,-0.5411758720874786,-0.07760808954020604,0.04039543867111206,-0.2552880644798279,-0.035817738268576704,0.050328612327575684,-0.2946218252182007,-0.07817571947356328,0.024828851222991943,-0.22472602128982544,-0.08477151731034382,0.010441184043884277,-0.1766291856765747,-0.07582960614939793,0.07282084226608276,-0.20381885766983032,-0.044877048227988325,0.0796210765838623,-0.25553756952285767,-0.07573911884804829,0.05543243885040283,-0.2045319676399231,-0.07159175315877064,0.03838878870010376,-0.16014611721038818,-0.060556836072407805,victory
0.0,0.0,0.0,-0.05165421962738037,-0.058478474617004395,-0.03853075919579396,-0.06422939896583557,-0.15366750955581665,-0.05707425592373738,-0.017225563526153564,-0.22338080406188965,-0.07524339822958837,0.02622753381729126,-0.27539604902267456,-0.0907305103344811,-0.060413241386413574,-0.29948997497558594,-0.027065585981119966,-0.07896798849105835,-0.42308682203292847,-0.04808029500674138,-0.08809694647789001,-0.4968174695968628,-0.059948157201517915,-0.09419357776641846,-0.5599666237831116,-0.06716401098202596,-0.005271792411804199,-0.29468846321105957,-0.027997459898699617,0.023604094982147217,-0.4159170091152191,-0.05324884099792371,0.046724557876586914,-0.48942676186561584,-0.06845285711716542,0.06700348854064941,-0.5459398329257965,-0.07442764906119237,0.03799247741699219,-0.2598956823348999,-0.034077029357661104,0.04383528232574463,-0.2981647849082947,-0.07542200354765782,0.021341979503631592,-0.2305469512939453,-0.08341588048170934,0.009496450424194336,-0.18258655071258545,-0.07559544561337361,0.07195430994033813,-0.21229004859924316,-0.042908813486803865,0.07579225301742554,-0.26211923360824585,-0.07166803596447835,0.05175131559371948,-0.2135394811630249,-0.06781896917055974,0.03514176607131958,-0.16984719038009644,-0.05748797176312337,victory
0.0,0.0,0.0,-0.053100764751434326,-0.05988430976867676,-0.03555171326598838,-0.06629705429077148,-0.1577763557434082,-0.052886591710660014,-0.017217397689819336,-0.22789055109024048,-0.07044588536820129,0.0293576717376709,-0.2772940397262573,-0.08553909272751525,-0.061556875705718994,-0.3003220558166504,-0.0258406619062157,-0.07842236757278442,-0.4254724681377411,-0.046236907549712214,-0.08679947257041931,-0.4978422522544861,-0.057671477504584345,-0.09219047427177429,-0.5593443512916565,-0.06460316241583541,-0.006696343421936035,-0.29649823904037476,-0.028146398671481165,0.024367094039916992,-0.42114168405532837,-0.052315329619261774,0.047283947467803955,-0.4953565299510956,-0.0665786019047232,0.06763601303100586,-0.5519465804100037,-0.07200187207064346,0.036652982234954834,-0.26150137186050415,-0.035240428008648905,0.0447922945022583,-0.3005644679069519,-0.07487465203604415,0.020490407943725586,-0.23025459051132202,-0.08146217972836212,0.007998883724212646,-0.1799352765083313,-0.0730631104191275,0.07092589139938354,-0.2131485939025879,-0.045027056195351634,0.07624274492263794,-0.26304465532302856,-0.0731069347341986,0.05121791362762451,-0.21422171592712402,-0.06861198455891326,0.03389012813568115,-0.1699281930923462,-0.05791103229722694,victory
0.0,0.0,0.0,-0.05260366201400757,-0.05760127305984497,-0.03742187816902742,-0.06906828284263611,-0.1509462594985962,-0.05657958213492975,-0.02561485767364502,-0.2230704426765442,-0.07556009639307604,0.017979204654693604,-0.27508479356765747,-0.09206617970272646,-0.0639415979385376,-0.2987483739852905,-0.027931155378666972,-0.08321899175643921,-0.4216713309288025,-0.05000478375956163,-0.09204140305519104,-0.495088666677475,-0.06279129136606798,-0.09901759028434753,-0.5573253333568573,-0.07034075606867418,-0.008957386016845703,-0.2937053442001343,-0.02937718455001459,0.019747912883758545,-0.41824162006378174,-0.054791170845476245,0.04262363910675049,-0.49235886335372925,-0.06962941188618288,0.06153237819671631,-0.5481044352054596,-0.07547112901016817,0.03457766771316528,-0.2595984935760498,-0.03582310650750742,0.03976923227310181,-0.2996368408203125,-0.07615208227440462,0.01911795139312744,-0.23365485668182373,-0.08361325759693727,0.008041322231292725,-0.18541336059570312,-0.07581320751711473,0.06916987895965576,-0.2129787802696228,-0.04498250011607752,0.07214844226837158,-0.26287972927093506,-0.07212736804291353,0.049179255962371826,-0.2146429419517517,-0.06746863175436602,0.032672226428985596,-0.17022603750228882,-0.05693374175831423,victory
0.0,0.0,0.0,-0.052552878856658936,-0.05575793981552124,-0.0362647650806025,-0.06980407238006592,-0.14985311031341553,-0.05506721046248231,-0.028369605541229248,-0.22370070219039917,-0.07380738761702332,0.014344513416290283,-0.27942270040512085,-0.08973476197996888,-0.06630364060401917,-0.2993764877319336,-0.02652994823137078,-0.08619341254234314,-0.42282634973526,-0.04940346163192544,-0.09502255916595459,-0.49628007411956787,-0.062427307483346794,-0.10182613134384155,-0.5580305755138397,-0.06981274392882142,-0.011754274368286133,-0.29555177688598633,-0.02876485418954644,0.015401661396026611,-0.42344745993614197,-0.05570056196728501,0.03682601451873779,-0.5015576183795929,-0.07158198114910874,0.05530792474746704,-0.5614592134952545,-0.07749974634924683,0.031503379344940186,-0.26141953468322754,-0.03581701126375947,0.03637176752090454,-0.2981605529785156,-0.07748760190287385,0.01530987024307251,-0.22944211959838867,-0.0840012943414763,0.004466354846954346,-0.1801854968070984,-0.07466142531910691,0.06603199243545532,-0.21393829584121704,-0.045495229777486657,0.0701751708984375,-0.2603309750556946,-0.07401344832459245,0.048654019832611084,-0.2107696533203125,-0.0686240708498076,0.033395469188690186,-0.16606557369232178,-0.05665770825424943,victory
0.0,0.0,0.0,-0.05272531509399414,-0.053303301334381104,-0.038368513374109625,-0.0696149468421936,-0.15118902921676636,-0.05652311959721601,-0.02604079246520996,-0.22711467742919922,-0.07432029911734617,0.017661690711975098,-0.2839285731315613,-0.08929357448079145,-0.06775584816932678,-0.2962722182273865,-0.02702048936345136,-0.0862257182598114,-0.4185766577720642,-0.050234159021158575,-0.09559720754623413,-0.4922451972961426,-0.06306308278300321,-0.10337695479393005,-0.553996354341507,-0.07041048028924024,-0.012929141521453857,-0.2945519685745239,-0.028516610650797247,0.011692166328430176,-0.42622458934783936,-0.05604038530447042,0.029766559600830078,-0.5075792074203491,-0.07230649658896482,0.04575568437576294,-0.5714977383613586,-0.07844066390254056,0.030475199222564697,-0.261069655418396,-0.03516434648491895,0.035248756408691406,-0.2997414469718933,-0.07832540342070615,0.0159987211227417,-0.22903382778167725,-0.08558980145909345,0.006841540336608887,-0.18049901723861694,-0.07629074671723401,0.06500065326690674,-0.2132604718208313,-0.044657123772879004,0.06992250680923462,-0.2587065100669861,-0.075088491229792,0.04982179403305054,-0.20575767755508423,-0.07124056437470472,0.036351799964904785,-0.16048026084899902,-0.06012139984824216,victory
0.0,0.0,0.0,-0.0530925989151001,-0.052778422832489014,-0.037532229630926395,-0.06987577676773071,-0.14757227897644043,-0.056206010936477924,-0.02599799633026123,-0.22136151790618896,-0.0748312405335696,0.0174064040184021,-0.27621591091156006,-0.09055257654068782,-0.06691378355026245,-0.2955704927444458,-0.02725028870878532,-0.0861683189868927,-0.41701531410217285,-0.05072747981427028,-0.09664005041122437,-0.4892576038837433,-0.0636409602153094,-0.10518002510070801,-0.5503479242324829,-0.07095123147843196,-0.012636303901672363,-0.2952198386192322,-0.029229831604936862,0.010772287845611572,-0.4254368543624878,-0.05692512607453182,0.028542637825012207,-0.5068100094795227,-0.07306659287092998,0.04504162073135376,-0.570478618144989,-0.07888446068642452,0.030830681324005127,-0.26189714670181274,-0.03618032923219516,0.03373795747756958,-0.29722005128860474,-0.07841992443678691,0.014296293258666992,-0.22483223676681519,-0.08445148980496242,0.00539475679397583,-0.1758440136909485,-0.0743477872597964,0.06567573547363281,-0.2135939598083496,-0.0460640608358176,0.07066124677658081,-0.25770556926727295,-0.07523676073429897,0.04983985424041748,-0.20490050315856934,-0.07019857382653072,0.03564190864562988,-0.15977513790130615,-0.05819264119742229,victory
0.0,0.0,0.0,-0.05479145050048828,-0.052214860916137695,-0.03779627949819542,-0.07165765762329102,-0.14854151010513306,-0.055347694166755446,-0.026599645614624023,-0.22596395015716553,-0.07262275189981438,0.016588151454925537,-0.2839338779449463,-0.0867985767208097,-0.06969332695007324,-0.2964112162590027,-0.023261750199651487,-0.08836597204208374,-0.41703107953071594,-0.04544868514761902,-0.0987820029258728,-0.49031317234039307,-0.05794049248919464,-0.10730373859405518,-0.5518592596054077,-0.06492902160510994,-0.015150129795074463,-0.29593425989151,-0.02517921299562431,0.006629049777984619,-0.4281367361545563,-0.05162787631974197,0.023046016693115234,-0.5131463706493378,-0.06760356397256828,0.037580013275146484,-0.5785128772258759,-0.0732342508517263,0.028526723384857178,-0.2623560428619385,-0.03246114597544647,0.03479248285293579,-0.29853278398513794,-0.0756921377860067,0.015314161777496338,-0.22695761919021606,-0.08313918680772758,0.004797160625457764,-0.17757153511047363,-0.07353698284254051,0.0629928708076477,-0.21306192874908447,-0.04254741788730598,0.06813395023345947,-0.2560415267944336,-0.07369454772100426,0.0469745397567749,-0.20086884498596191,-0.06979323000535942,0.031929969787597656,-0.15434479713439941,-0.058172410436725386,victory
0.0,0.0,0.0,-0.053952187299728394,-0.05337393283843994,-0.036970610190280695,-0.06996753811836243,-0.1488591432571411,-0.054325232673534174,-0.024950802326202393,-0.22476643323898315,-0.07187716515744569,0.017354190349578857,-0.2811751961708069,-0.08658244313681962,-0.06648564338684082,-0.29511356353759766,-0.02283664831901433,-0.0856594443321228,-0.41381728649139404,-0.04481933491314294,-0.09678590297698975,-0.4854736924171448,-0.057022886742004175,-0.10598033666610718,-0.5462630391120911,-0.06365283431495072,-0.012220025062561035,-0.2956439256668091,-0.024921112153776903,0.009007632732391357,-0.4273865818977356,-0.05050270112241151,0.024679601192474365,-0.5122511982917786,-0.06563084425414445,0.039186060428619385,-0.5771765112876892,-0.0706891328283632,0.03156900405883789,-0.26213687658309937,-0.03225527556622865,0.033695876598358154,-0.29988157749176025,-0.07460200639451386,0.015410065650939941,-0.22653967142105103,-0.0811629653164232,0.007269918918609619,-0.17486542463302612,-0.07091673316443803,0.06653690338134766,-0.21290737390518188,-0.042401651311763544,0.06985646486282349,-0.25790244340896606,-0.07266086192811372,0.048955678939819336,-0.20236146450042725,-0.06784236283982636,0.03483206033706665,-0.15407758951187134,-0.05549891518438699,victory
0.0,0.0,0.0,-0.055355966091156006,-0.053157925605773926,-0.0381416240563226,-0.07073289155960083,-0.1502813696861267,-0.05454985516570332,-0.02389770746231079,-0.22698700428009033,-0.07075638788245442,0.01761394739151001,-0.28567200899124146,-0.08387613760731938,-0.06989741325378418,-0.29807305335998535,-0.01910584325395348,-0.09033691883087158,-0.41553616523742676,-0.03957654999993565,-0.10142964124679565,-0.4870494604110718,-0.05135849954984906,-0.11022123694419861,-0.5470135509967804,-0.057991721652967954,-0.014936208724975586,-0.29801005125045776,-0.021017835461123013,0.0052721500396728516,-0.43038612604141235,-0.04593091177247288,0.01993805170059204,-0.5142973959445953,-0.0616798819830251,0.03315621614456177,-0.577911764383316,-0.06703899519942524,0.02940237522125244,-0.26319420337677,-0.02862005958758118,0.03456538915634155,-0.302090048789978,-0.07213521467946293,0.016373515129089355,-0.22952550649642944,-0.08003416376612904,0.0073091983795166016,-0.18040907382965088,-0.07037055211566212,0.06398260593414307,-0.2116694450378418,-0.038950615548117185,0.0683780312538147,-0.25787943601608276,-0.07083347903989079,0.047807157039642334,-0.20076578855514526,-0.06683184670708897,0.034034013748168945,-0.15345507860183716,-0.05485301556490185,victory
0.0,0.0,0.0,-0.055779844522476196,-0.05504751205444336,-0.0344820686286198,-0.07124361395835876,-0.15381520986557007,-0.049607827574561725,-0.024176359176635742,-0.23094171285629272,-0.0652198151355492,0.018795669078826904,-0.28802239894866943,-0.07823887026364673,-0.065990149974823,-0.2971686124801636,-0.018188403234432826,-0.08521279692649841,-0.4138074815273285,-0.037484134793828616,-0.09684914350509644,-0.48428767919540405,-0.047990783364127765,-0.10723423957824707,-0.5448630452156067,-0.05391504919583667,-0.011213600635528564,-0.29676735401153564,-0.021692230612586627,0.011173546314239502,-0.43102872371673584,-0.04452945596034397,0.024762213230133057,-0.5147063732147217,-0.05799748307521213,0.03536427021026611,-0.578918993473053,-0.062248665154527316,0.03256016969680786,-0.2613597512245178,-0.030472140074323306,0.032542884349823,-0.30458778142929077,-0.07241840964610446,0.013926923274993896,-0.2342889904975891,-0.0794826701884972,0.005244255065917969,-0.18683385848999023,-0.06982371515090335,0.06676256656646729,-0.20927804708480835,-0.041611909181426654,0.06710487604141235,-0.26004260778427124,-0.07181453263814319,0.04515308141708374,-0.2025173306465149,-0.06657414442355503,0.031190454959869385,-0.15444201231002808,-0.05429734966213573,victory
0.0,0.0,0.0,-0.05361074209213257,-0.056516170501708984,-0.034585680880752534,-0.06703022122383118,-0.1554790735244751,-0.049900662222114534,-0.020073771476745605,-0.23055535554885864,-0.06605852402111623,0.02199554443359375,-0.2864420413970947,-0.07934474206825826,-0.06206408143043518,-0.3018531799316406,-0.016242332824674577,-0.08233147859573364,-0.41787904500961304,-0.03584703809877965,-0.0949823260307312,-0.4883485436439514,-0.047118060358968705,-0.10527533292770386,-0.5482415854930878,-0.05357913679739568,-0.0074250102043151855,-0.30184388160705566,-0.019994834506121606,0.014495790004730225,-0.43406927585601807,-0.0430086106743488,0.027965009212493896,-0.5185118615627289,-0.05757360539695355,0.040205955505371094,-0.5819149911403656,-0.06257694966456029,0.03620767593383789,-0.2660313844680786,-0.02910875163337323,0.039693236351013184,-0.3102809190750122,-0.07029806829353902,0.01989591121673584,-0.2354567050933838,-0.07607045031448934,0.010473430156707764,-0.18409842252731323,-0.06561158604284856,0.07042717933654785,-0.21383756399154663,-0.04082353419920537,0.07265019416809082,-0.2606838345527649,-0.0706928969111118,0.05073350667953491,-0.20367974042892456,-0.06479448831936452,0.03697013854980469,-0.1566726565361023,-0.05177212513348195,victory
0.0,0.0,0.0,-0.053263962268829346,-0.05539804697036743,-0.03569401245079007,-0.06719940900802612,-0.15492647886276245,-0.0509350505050179,-0.020260393619537354,-0.23233568668365479,-0.0665251594360825,0.022616446018218994,-0.29032135009765625,-0.07913895513377156,-0.06271538138389587,-0.30105507373809814,-0.017110077696656845,-0.08277350664138794,-0.417999267578125,-0.037018390404796264,-0.09377884864807129,-0.48903024196624756,-0.04827319275102582,-0.10240903496742249,-0.5498021841049194,-0.05452358167133298,-0.008067131042480469,-0.3017142415046692,-0.020144419777011535,0.014741837978363037,-0.43628251552581787,-0.04346570189557042,0.028846323490142822,-0.5205589532852173,-0.057946687596654556,0.04097539186477661,-0.5846127569675446,-0.06266400034985509,0.035295963287353516,-0.26693016290664673,-0.028698129611825607,0.040547728538513184,-0.3090949058532715,-0.07106332297883,0.0215492844581604,-0.23637038469314575,-0.0781208705481049,0.012673795223236084,-0.18643075227737427,-0.0680895652945992,0.06887704133987427,-0.21519237756729126,-0.03977083976826634,0.07354080677032471,-0.261185884475708,-0.07010138596854176,0.052663981914520264,-0.20499897003173828,-0.0647791307743546,0.03997039794921875,-0.15864437818527222,-0.05210769738516774,victory
0.0,0.0,0.0,-0.052983999252319336,-0.05564600229263306,-0.03384075792888552,-0.06729769706726074,-0.15309518575668335,-0.04795482861260325,-0.02159428596496582,-0.22856634855270386,-0.06271852286914736,0.02021646499633789,-0.28537046909332275,-0.07466038050512225,-0.0614437460899353,-0.3005939722061157,-0.015104656241931025,-0.08152419328689575,-0.41654273867607117,-0.03322992207864672,-0.09283643960952759,-0.4861910939216614,-0.04350545736411959,-0.10210299491882324,-0.5467110872268677,-0.049451560847558085,-0.007239162921905518,-0.30089282989501953,-0.01840572165707499,0.01643747091293335,-0.4342321753501892,-0.03992926063398272,0.03099238872528076,-0.5168737173080444,-0.05391578482846171,0.04283410310745239,-0.5799767076969147,-0.05884451898197085,0.03556603193283081,-0.26638638973236084,-0.027034322865404192,0.03751528263092041,-0.3073573112487793,-0.06739394100765139,0.01958763599395752,-0.23898941278457642,-0.07592307510236651,0.011418521404266357,-0.19157540798187256,-0.06780439349273593,0.06900960206985474,-0.21546721458435059,-0.0380190547035113,0.0724571943283081,-0.26099687814712524,-0.06654005976776034,0.05183333158493042,-0.20571619272232056,-0.0620262149200812,0.03943920135498047,-0.15914160013198853,-0.05075717451433093,victory
0.0,0.0,0.0,-0.05286949872970581,-0.05685281753540039,-0.03384164657632027,-0.06570219993591309,-0.15565550327301025,-0.048249933237229925,-0.01872420310974121,-0.23216348886489868,-0.0634772957507721,0.023709416389465332,-0.29154807329177856,-0.07574068319240723,-0.06142115592956543,-0.3028145432472229,-0.01302724734136973,-0.0814453661441803,-0.418619841337204,-0.031032690146957975,-0.0933103859424591,-0.48835670948028564,-0.04125624086896096,-0.10212641954421997,-0.5488444566726685,-0.047298654282485586,-0.006313443183898926,-0.30440348386764526,-0.0169384733978859,0.016046106815338135,-0.4369122385978699,-0.03812830086985741,0.029856085777282715,-0.5202984809875488,-0.05205191981235657,0.04208022356033325,-0.5827403366565704,-0.0570763492230526,0.03716510534286499,-0.26954466104507446,-0.026430175939594847,0.04242360591888428,-0.3135320544242859,-0.0676870302502266,0.022038638591766357,-0.24033939838409424,-0.07551396202484284,0.011916935443878174,-0.18925321102142334,-0.06682564627567444,0.07109338045120239,-0.21843093633651733,-0.03830317344704781,0.07439804077148438,-0.25995659828186035,-0.06945596199670945,0.052081525325775146,-0.2020677924156189,-0.06601042609850083,0.03839462995529175,-0.15527844429016113,-0.055015317464267355,victory
0.0,0.0,0.0,-0.05128607153892517,-0.057078778743743896,-0.031702441701099815,-0.06527736783027649,-0.15871447324752808,-0.044407782682583274,-0.0192641019821167,-0.23476022481918335,-0.058286984988853874,0.023259878158569336,-0.29053008556365967,-0.06966840622703785,-0.06044313311576843,-0.302567720413208,-0.012862660528526249,-0.08115485310554504,-0.4187055230140686,-0.031552733459875526,-0.0921843945980072,-0.48931413888931274,-0.04197927338759655,-0.10154306888580322,-0.5494905710220337,-0.04758310092370266,-0.006407737731933594,-0.30176419019699097,-0.017388796040222587,0.01551598310470581,-0.4391450583934784,-0.03997917620222324,0.02723771333694458,-0.5237070918083191,-0.054912684091732444,0.03617298603057861,-0.5879212617874146,-0.05980532390753979,0.036791980266571045,-0.26676732301712036,-0.027020688706443252,0.03967750072479248,-0.31056225299835205,-0.06907224056999439,0.021850407123565674,-0.24318701028823853,-0.0783478781370377,0.013266444206237793,-0.1953645944595337,-0.0697021946100449,0.07023566961288452,-0.21524125337600708,-0.03862805066387409,0.07443809509277344,-0.26261210441589355,-0.06796737162153477,0.0535089373588562,-0.20786529779434204,-0.06308066246788258,0.04061788320541382,-0.16043460369110107,-0.05089518202225918,victory
0.0,0.0,0.0,-0.052320897579193115,-0.05328720808029175,-0.036828817375351264,-0.06782406568527222,-0.15106123685836792,-0.05241931746189721,-0.023061692714691162,-0.2310815453529358,-0.0685076690692199,0.01969766616821289,-0.2918652892112732,-0.08171283970062859,-0.06618577241897583,-0.30300360918045044,-0.01603315728192456,-0.08784329891204834,-0.41830044984817505,-0.036952001549650504,-0.1003766655921936,-0.48908770084381104,-0.048910265364099814,-0.11085331439971924,-0.5497145354747772,-0.05544564271752961,-0.010677099227905273,-0.30485379695892334,-0.01908277864043839,0.01053088903427124,-0.4410439431667328,-0.0437981277186168,0.02043694257736206,-0.5253917276859283,-0.05967943886702187,0.027699172496795654,-0.5895373523235321,-0.06500786314194329,0.0337597131729126,-0.2712361216545105,-0.02786574470286496,0.04076892137527466,-0.31754857301712036,-0.07319476226751931,0.023694157600402832,-0.24641042947769165,-0.08275069812719948,0.014966905117034912,-0.19526880979537964,-0.07356684426252968,0.06823432445526123,-0.21977335214614868,-0.03899263734405167,0.07450991868972778,-0.2650047540664673,-0.07153960833733208,0.054316818714141846,-0.20680463314056396,-0.06754310200398095,0.0414852499961853,-0.1568801999092102,-0.0552499643940223,victory
0.0,0.0,0.0,-0.053120821714401245,-0.05210983753204346,-0.03680406346251175,-0.07047098875045776,-0.1486380696296692,-0.05295640810658142,-0.027398884296417236,-0.22910034656524658,-0.06968477576305077,0.015235424041748047,-0.28851020336151123,-0.08329146563340828,-0.07182872295379639,-0.30071187019348145,-0.016398269899980278,-0.09911295771598816,-0.41611218452453613,-0.03778915687729523,-0.11405676603317261,-0.4869779348373413,-0.05018969833184883,-0.1261824369430542,-0.5474704504013062,-0.056954393380181045,-0.015768826007843018,-0.3045978546142578,-0.019201042347447128,0.004326879978179932,-0.43971484899520874,-0.043871892833010406,0.01417076587677002,-0.5245805084705353,-0.05911441355277702,0.02181112766265869,-0.5896302759647369,-0.06399151145745918,0.0292852520942688,-0.2726742625236511,-0.027873205237881393,0.03588056564331055,-0.31425076723098755,-0.07199187784721062,0.018534481525421143,-0.24024981260299683,-0.08017003744174644,0.009980499744415283,-0.18798327445983887,-0.07018887459565804,0.06487655639648438,-0.22330135107040405,-0.03913373708058998,0.07099491357803345,-0.2656904458999634,-0.07013335286904976,0.05091780424118042,-0.20820504426956177,-0.06535221099187538,0.03822028636932373,-0.16007977724075317,-0.05270279779364273,victory
0.0,0.0,0.0,-0.05397719144821167,-0.05288428068161011,-0.03631543879646415,-0.07117190957069397,-0.14985471963882446,-0.052756046403828805,-0.027587532997131348,-0.22896796464920044,-0.06985725601452941,0.01360851526260376,-0.2908151149749756,-0.0835928558303749,-0.07116639614105225,-0.3038461208343506,-0.015176261302713101,-0.09871518611907959,-0.42029672861099243,-0.03576581319111938,-0.11384153366088867,-0.4917178750038147,-0.047787883777800744,-0.12537163496017456,-0.5519527792930603,-0.05506019060749168,-0.014682531356811523,-0.3091014623641968,-0.01897856918412799,0.0025382637977600098,-0.4420301616191864,-0.043604893137398903,0.012271106243133545,-0.5255949795246124,-0.05949143831867332,0.020727038383483887,-0.5886080861091614,-0.06545775522727126,0.031130194664001465,-0.2771381735801697,-0.02867710915643329,0.039732158184051514,-0.32251501083374023,-0.0724171339466011,0.020600855350494385,-0.24665027856826782,-0.07989811291236038,0.009701669216156006,-0.19432485103607178,-0.07054283608931655,0.06793475151062012,-0.22661983966827393,-0.04105438803571815,0.07295536994934082,-0.26565682888031006,-0.073931129176799,0.05087733268737793,-0.205477774143219,-0.07052302499550933,0.03583228588104248,-0.15757077932357788,-0.05914021794933433,victory
0.0,0.0,0.0,-0.05524027347564697,-0.052638888359069824,-0.03864081323354185,-0.07412120699882507,-0.14856863021850586,-0.055682805629658105,-0.03283345699310303,-0.23183530569076538,-0.07293108225076139,0.006608128547668457,-0.29814523458480835,-0.08659185588567198,-0.07947695255279541,-0.3057974576950073,-0.016872785316991212,-0.10974067449569702,-0.4220898747444153,-0.03914549321143568,-0.12670239806175232,-0.49402835965156555,-0.052380272450136545,-0.13982009887695312,-0.5551643967628479,-0.05981759101359785,-0.02202814817428589,-0.31169313192367554,-0.019026466908144357,-0.00537109375,-0.44261667132377625,-0.04459951564876974,0.003298938274383545,-0.5260850787162781,-0.06053833037822187,0.010573327541351318,-0.5894288718700409,-0.06605645388572157,0.02467435598373413,-0.28012973070144653,-0.027380449028896692,0.0320245623588562,-0.3210557699203491,-0.07222711414306104,0.014446020126342773,-0.24491745233535767,-0.0800123375674957,0.005062520503997803,-0.1918765902519226,-0.07006323456971586,0.062004029750823975,-0.22958779335021973,-0.03854661554305494,0.06761127710342407,-0.270244300365448,-0.07123623907773435,0.045733749866485596,-0.211159348487854,-0.06717798978297651,0.03071528673171997,-0.16222399473190308,-0.05486480266063154,victory
0.0,0.0,0.0,-0.05602508783340454,-0.0497593879699707,-0.0353459623541994,-0.07771214842796326,-0.14517700672149658,-0.05189518080021571,-0.038793325424194336,-0.22642111778259277,-0.06907076583172511,0.0008715987205505371,-0.28872382640838623,-0.0827639792945547,-0.08088979125022888,-0.30369406938552856,-0.01591381997729968,-0.11231380701065063,-0.41958487033843994,-0.037401286968247405,-0.12998411059379578,-0.4907013773918152,-0.04984833494688701,-0.14345306158065796,-0.5513059794902802,-0.05720682264234256,-0.024759352207183838,-0.3108120560646057,-0.01976197034980487,-0.00950843095779419,-0.4422416687011719,-0.04565352396036815,-0.0005280375480651855,-0.524938702583313,-0.06134958759810161,0.007700085639953613,-0.5864308476448059,-0.06674150572087001,0.021202802658081055,-0.281042218208313,-0.02929035955037307,0.030495405197143555,-0.32463735342025757,-0.0732831974413557,0.012727499008178711,-0.2482752799987793,-0.07974719450737666,0.0023834705352783203,-0.19422966241836548,-0.0694970582511587,0.05848801136016846,-0.23295068740844727,-0.04144954875971507,0.06427419185638428,-0.2704874277114868,-0.07394874290491771,0.04362916946411133,-0.20980054140090942,-0.06961056039597224,0.029531419277191162,-0.16091793775558472,-0.057302380063788405,victory
0.0,0.0,0.0,-0.056901633739471436,-0.05333352088928223,-0.036281860325573234,-0.0775267481803894,-0.14797359704971313,-0.05202748150014713,-0.03783613443374634,-0.23181945085525513,-0.06849259779238537,0.001317143440246582,-0.29627490043640137,-0.08138558909678295,-0.0840049684047699,-0.30025774240493774,-0.013799991350708751,-0.11546295881271362,-0.41347265243530273,-0.034491515610454826,-0.1345483660697937,-0.4821431636810303,-0.046674284044740944,-0.1494828760623932,-0.5417700111865997,-0.053525864038704185,-0.02866309881210327,-0.309279203414917,-0.016709633994935302,-0.0140647292137146,-0.44195958971977234,-0.04090208828830555,-0.00592648983001709,-0.5260543823242188,-0.055895022008655815,0.0020729899406433105,-0.5883392989635468,-0.060546505156992225,0.017920494079589844,-0.2796474099159241,-0.02564276464664772,0.024797558784484863,-0.31753408908843994,-0.06889367744707897,0.008477985858917236,-0.23983579874038696,-0.07612088963770702,0.00010728836059570312,-0.18606477975845337,-0.06569222256922558,0.05626267194747925,-0.23092025518417358,-0.03732264310502842,0.062186479568481445,-0.2718581557273865,-0.06839911535763576,0.04192972183227539,-0.21273088455200195,-0.06360152259850338,0.02803438901901245,-0.16420048475265503,-0.050860105905769615,victory
0.0,0.0,0.0,-0.058352768421173096,-0.0569574236869812,-0.03783304856608538,-0.07862025499343872,-0.152695894241333,-0.0527180755276504,-0.03592032194137573,-0.23516005277633667,-0.06768974529097704,0.005672633647918701,-0.2972683310508728,-0.07918405400107531,-0.08635038137435913,-0.29640358686447144,-0.015005773468715233,-0.11892238259315491,-0.41164225339889526,-0.03295723588655619,-0.13846570253372192,-0.4802922308444977,-0.04302217306087641,-0.15441763401031494,-0.5397627055644989,-0.048441043658954186,-0.03176426887512207,-0.3045414090156555,-0.01634111681471495,-0.016149282455444336,-0.4384194016456604,-0.036656370921832604,-0.008139848709106445,-0.522159993648529,-0.048846951289874596,-0.0012478232383728027,-0.5840156972408295,-0.05188791693637995,0.014144301414489746,-0.27347588539123535,-0.023967816098434014,0.01818746328353882,-0.3086930513381958,-0.06518395112345843,0.003519892692565918,-0.23392260074615479,-0.07381488995144991,-0.003216683864593506,-0.18420857191085815,-0.06448634581158785,0.05182093381881714,-0.22400665283203125,-0.03437152744720606,0.058524250984191895,-0.27135592699050903,-0.06426671014617114,0.039383530616760254,-0.21458011865615845,-0.060380952968102974,0.02598971128463745,-0.16724258661270142,-0.048714036657315773,victory
0.0,0.0,0.0,-0.05469977855682373,-0.05178755521774292,-0.03747796301053086,-0.07455289363861084,-0.14607912302017212,-0.054459929804068,-0.03385615348815918,-0.22681796550750732,-0.07132047448561707,0.006021678447723389,-0.28837114572525024,-0.08502330664799729,-0.08332529664039612,-0.2930677533149719,-0.022022515873175053,-0.11636435985565186,-0.4083719253540039,-0.04325119812295952,-0.13615727424621582,-0.4781148433685303,-0.055553216824989704,-0.15270358324050903,-0.537728875875473,-0.062384959648113636,-0.029562771320343018,-0.29912930727005005,-0.023918457667093662,-0.013791441917419434,-0.43522578477859497,-0.046966318378906635,-0.004673600196838379,-0.5201956927776337,-0.06087221611545601,0.003378927707672119,-0.5844518542289734,-0.06535917554305115,0.01534879207611084,-0.26777106523513794,-0.031302806327801136,0.022221744060516357,-0.30694180727005005,-0.07186516408131638,0.007614076137542725,-0.23437660932540894,-0.07879716936753312,0.0007520914077758789,-0.1847689151763916,-0.06916301731274643,0.05160510540008545,-0.21848535537719727,-0.04151451621459046,0.05910325050354004,-0.26486122608184814,-0.07025127891705552,0.04198408126831055,-0.20936435461044312,-0.06480607424185791,0.030424118041992188,-0.1624910831451416,-0.052293163130741505,victory
0.0,0.0,0.0,-0.05725139379501343,-0.05124199390411377,-0.03705338811658976,-0.07928624749183655,-0.14547628164291382,-0.05364425903343317,-0.04056906700134277,-0.23011153936386108,-0.07060766270541308,-0.0005936622619628906,-0.293270468711853,-0.08434768071555254,-0.08829110860824585,-0.29383546113967896,-0.01793698085629103,-0.12130001187324524,-0.40668031573295593,-0.039731823412409994,-0.14265543222427368,-0.4763735830783844,-0.05289597114705202,-0.16066709160804749,-0.5361602604389191,-0.06042924201273081,-0.033817946910858154,-0.3034106492996216,-0.021100936962000105,-0.01917058229446411,-0.4404250383377075,-0.04502568816923258,-0.009696900844573975,-0.5283332765102386,-0.06006629442953226,-0.0010960102081298828,-0.5947976112365723,-0.06502173891448138,0.01306164264678955,-0.2729620933532715,-0.03005744753562567,0.01853203773498535,-0.31438565254211426,-0.07314652254962084,0.0026323795318603516,-0.23865914344787598,-0.08080824515008089,-0.005231976509094238,-0.18628466129302979,-0.0708534350075638,0.051157593727111816,-0.22293305397033691,-0.041725270954600546,0.0538448691368103,-0.26689380407333374,-0.07378785362624285,0.033882319927215576,-0.2103232741355896,-0.06932987323187945,0.020545125007629395,-0.16267609596252441,-0.056645345447293494,victory
0.0,0.0,0.0,-0.055862486362457275,-0.055061936378479004,-0.036132544084125584,-0.07541355490684509,-0.15177828073501587,-0.0514264104800759,-0.03287380933761597,-0.23295170068740845,-0.06716346721225364,0.009129941463470459,-0.29284656047821045,-0.08012178520732505,-0.08396214246749878,-0.29648125171661377,-0.017217065944009846,-0.11749294400215149,-0.4113588333129883,-0.03674283976727111,-0.1376999318599701,-0.48076480627059937,-0.04842103253179175,-0.15507149696350098,-0.5399171113967896,-0.05514696220927817,-0.029759883880615234,-0.30404746532440186,-0.01999113130443675,-0.013064980506896973,-0.4409673810005188,-0.040877174391084736,-0.005138039588928223,-0.5257332921028137,-0.054279047800832814,0.0013599991798400879,-0.5899100005626678,-0.05872801299267394,0.015523552894592285,-0.27250921726226807,-0.028518290995293682,0.020748436450958252,-0.3155829906463623,-0.06887289117150885,0.004643380641937256,-0.24199271202087402,-0.07703414539867026,-0.0029657483100891113,-0.19246608018875122,-0.06828540544086081,0.05167657136917114,-0.22196394205093384,-0.03970292191081626,0.05692470073699951,-0.27173715829849243,-0.06975970397763831,0.03720921277999878,-0.21478748321533203,-0.06561027447753531,0.023519694805145264,-0.16679954528808594,-0.054000295503669804,victory
0.0,0.0,0.0,-0.0565912127494812,-0.05504035949707031,-0.03736163681577409,-0.07742929458618164,-0.15029728412628174,-0.05310161790083612,-0.035196661949157715,-0.23130720853805542,-0.06877707695792878,0.007082581520080566,-0.2933914065361023,-0.08123166119884218,-0.08616048097610474,-0.2960514426231384,-0.017844431160199292,-0.12080159783363342,-0.4128851294517517,-0.03713718435000146,-0.14155563712120056,-0.4828631281852722,-0.04837824782561029,-0.1588316559791565,-0.5429831743240356,-0.05479919543694223,-0.03154551982879639,-0.3040851950645447,-0.019204704148876317,-0.014936506748199463,-0.43866920471191406,-0.04055791726540292,-0.0056324005126953125,-0.5226868391036987,-0.05381682148407663,0.0018582344055175781,-0.5871415138244629,-0.05802853038738931,0.013302862644195557,-0.2739714980125427,-0.02645002870093549,0.01933884620666504,-0.31199055910110474,-0.06758438056539262,0.003915846347808838,-0.23797690868377686,-0.07645401364396776,-0.003819286823272705,-0.18752992153167725,-0.06793383514713014,0.04949826002120972,-0.22568774223327637,-0.036406450031506665,0.05676162242889404,-0.26904594898223877,-0.06747546052764619,0.03735154867172241,-0.2106388807296753,-0.0646671131832477,0.023331880569458008,-0.16197705268859863,-0.053787738142716535,victory
0.0,0.0,0.0,-0.05743706226348877,-0.05358624458312988,-0.03818081317677979,-0.0772075355052948,-0.14953017234802246,-0.05388974396720414,-0.03369319438934326,-0.23025745153427124,-0.06923251224890237,0.0075675249099731445,-0.29297804832458496,-0.08139940722122674,-0.08535817265510559,-0.29532861709594727,-0.019507825358061837,-0.11984992027282715,-0.4112951159477234,-0.03890709204807763,-0.14025095105171204,-0.48118099570274353,-0.05009469760790353,-0.15757840871810913,-0.5411301851272583,-0.05660726500883584,-0.030734539031982422,-0.3032304644584656,-0.020839042945056008,-0.0139847993850708,-0.4393956661224365,-0.04224043337836747,-0.004346132278442383,-0.5235657095909119,-0.05568240208759789,0.003212273120880127,-0.5881165564060211,-0.06014241276517396,0.013964354991912842,-0.27231621742248535,-0.028076684085874604,0.019002914428710938,-0.3112794756889343,-0.0693358443512011,0.003945589065551758,-0.23802387714385986,-0.07871864361896996,-0.0033531785011291504,-0.189802348613739,-0.07075594736471658,0.05029386281967163,-0.22305798530578613,-0.03805450720921044,0.056214869022369385,-0.26844996213912964,-0.0692186392678309,0.036743342876434326,-0.21067547798156738,-0.06670657171144967,0.02276480197906494,-0.16365283727645874,-0.05628080291882043,victory
0.0,0.0,0.0,-0.057857632637023926,-0.05313384532928467,-0.03617274624167521,-0.07859140634536743,-0.14859437942504883,-0.05174866554199298,-0.03484851121902466,-0.22823673486709595,-0.06762208652554591,0.006824076175689697,-0.2885080575942993,-0.08058243107853968,-0.085927814245224,-0.2954241633415222,-0.018916003898368672,-0.12054294347763062,-0.4111260771751404,-0.039090032250271634,-0.1410129964351654,-0.48199790716171265,-0.05037883904634555,-0.15821748971939087,-0.5424650013446808,-0.056852588922367886,-0.0312192440032959,-0.3041101098060608,-0.02154451657889922,-0.015000402927398682,-0.43931591510772705,-0.04469575223384936,-0.005138397216796875,-0.5246051251888275,-0.058565402895794705,0.0028620362281799316,-0.5891678035259247,-0.06283633273898204,0.014123260974884033,-0.27448713779449463,-0.02980688449798663,0.019630730152130127,-0.3118230104446411,-0.07202952963172038,0.0041005611419677734,-0.23596328496932983,-0.0801306725746258,-0.0042032599449157715,-0.18591099977493286,-0.07088267666159709,0.05078911781311035,-0.22664141654968262,-0.040694335967884854,0.05544936656951904,-0.2687896490097046,-0.0721232281333073,0.03511101007461548,-0.2080267071723938,-0.06849862498103221,0.02021855115890503,-0.1594616174697876,-0.0569455684429272,victory
0.0,0.0,0.0,-0.056596577167510986,-0.05496269464492798,-0.03742098796976734,-0.07686787843704224,-0.1512356400489807,-0.05322063702953983,-0.0331152081489563,-0.23079997301101685,-0.06891609344495464,0.010164380073547363,-0.2899169325828552,-0.08134049538386989,-0.08304029703140259,-0.29779601097106934,-0.019342116898428685,-0.11823791265487671,-0.4128980040550232,-0.038564730322491414,-0.139121413230896,-0.48338067531585693,-0.049761000907551534,-0.15650534629821777,-0.5437242388725281,-0.05647579196704555,-0.028514564037322998,-0.3046693801879883,-0.021252995243798978,-0.011155903339385986,-0.4399941563606262,-0.042814031130205876,-0.0014075636863708496,-0.5250760018825531,-0.0558595060171001,0.006583452224731445,-0.5898534059524536,-0.06000050145996738,0.01631796360015869,-0.27323704957962036,-0.02898178797079254,0.021886587142944336,-0.312025249004364,-0.06964904431117702,0.005427241325378418,-0.23705226182937622,-0.07719818863881756,-0.0032338500022888184,-0.18793952465057373,-0.06794445577872921,0.05271315574645996,-0.2234858274459839,-0.03957828868044544,0.059088826179504395,-0.2697399854660034,-0.06992680940641094,0.038834452629089355,-0.21100538969039917,-0.06601098541034389,0.02381432056427002,-0.1628296971321106,-0.05455677945030857,victory
0.0,0.0,0.0,-0.055699944496154785,-0.05446732044219971,-0.036488629115979165,-0.07696744799613953,-0.1507478952407837,-0.0522300407125158,-0.03288465738296509,-0.2300102710723877,-0.06801180837885568,0.010233461856842041,-0.2900012731552124,-0.08092439471022317,-0.08237007260322571,-0.2938570976257324,-0.019666788337985963,-0.11781388521194458,-0.41014164686203003,-0.039643976075808496,-0.13861364126205444,-0.48007115721702576,-0.051359533502022714,-0.15626418590545654,-0.5401540398597717,-0.05823403893248269,-0.02821636199951172,-0.3004688620567322,-0.021798019467155427,-0.01076728105545044,-0.4376964867115021,-0.043805609626929254,-0.0006923079490661621,-0.5231121480464935,-0.05766858829395005,0.007149934768676758,-0.5903352200984955,-0.06245486734644601,0.01624608039855957,-0.2690292000770569,-0.02944046182767579,0.019478201866149902,-0.30930984020233154,-0.07060563115612695,0.003167390823364258,-0.2358189821243286,-0.07917520700232217,-0.00458073616027832,-0.18663787841796875,-0.07063861487642953,0.052628159523010254,-0.21947813034057617,-0.03970897121564576,0.05761510133743286,-0.2649676203727722,-0.070813301189105,0.03742027282714844,-0.20605629682540894,-0.06736693827645013,0.023674488067626953,-0.1574181318283081,-0.05614586843387315,victory
0.0,0.0,0.0,-0.05616849660873413,-0.052224576473236084,-0.0368528786641491,-0.07727688550949097,-0.14597350358963013,-0.05328631136239892,-0.034481704235076904,-0.22434371709823608,-0.06976758051337129,0.00757145881652832,-0.2836160659790039,-0.08323540646256333,-0.08396151661872864,-0.29581892490386963,-0.020561312471045312,-0.11924368143081665,-0.41143685579299927,-0.04158567372383004,-0.14004695415496826,-0.48277366161346436,-0.0540175672215355,-0.15723341703414917,-0.5435279607772827,-0.06147748712123757,-0.02880275249481201,-0.3039155602455139,-0.023128832836164293,-0.011918127536773682,-0.4382908344268799,-0.04672133285225755,-0.0009043216705322266,-0.5246094465255737,-0.06150561306299096,0.00782865285873413,-0.5912220776081085,-0.06683503944100266,0.01614779233932495,-0.27335602045059204,-0.03129228312195664,0.022988855838775635,-0.3132648468017578,-0.07368498403252488,0.007033884525299072,-0.2392764687538147,-0.08226513225258714,-0.0022110342979431152,-0.18948274850845337,-0.07376355785550004,0.052322208881378174,-0.2239452600479126,-0.042147481028450784,0.057984232902526855,-0.26518070697784424,-0.07467944282711869,0.037357985973358154,-0.20563191175460815,-0.07201273101986772,0.02179330587387085,-0.15728318691253662,-0.06115750331105119,victory
0.0,0.0,0.0,-0.05573993921279907,-0.052967190742492676,-0.036649488357397786,-0.0757581889629364,-0.14858442544937134,-0.05283834457168268,-0.0323718786239624,-0.2259787917137146,-0.06922359809050249,0.011404752731323242,-0.282256543636322,-0.08261340901026415,-0.08038559556007385,-0.2979589104652405,-0.020430462879630795,-0.11509504914283752,-0.41398245096206665,-0.040892109719607106,-0.13570359349250793,-0.4857279658317566,-0.052854758200737706,-0.1533985733985901,-0.5470219552516937,-0.060156695989462605,-0.02585536241531372,-0.3039792776107788,-0.02333661772081541,-0.006406605243682861,-0.43944019079208374,-0.04631863206395792,0.0049942731857299805,-0.5261949598789215,-0.06043866321215319,0.013602197170257568,-0.5924775302410126,-0.06535685106882738,0.01786017417907715,-0.2714453935623169,-0.03187108456859278,0.025078296661376953,-0.3113107681274414,-0.07355959012875246,0.008575499057769775,-0.23678547143936157,-0.08119600310692476,-0.0005521774291992188,-0.1873863935470581,-0.07203452333578753,0.0522000789642334,-0.22076541185379028,-0.04323151752123522,0.05944329500198364,-0.26357364654541016,-0.07518700554737734,0.03944128751754761,-0.20421487092971802,-0.07201563611397432,0.02462923526763916,-0.15655028820037842,-0.06090306162604975,victory
0.0,0.0,0.0,-0.056643009185791016,-0.05254638195037842,-0.037432317904745105,-0.0779748260974884,-0.1480482816696167,-0.054307469449554446,-0.03569132089614868,-0.227594792842865,-0.07142728316000557,0.008717954158782959,-0.28805047273635864,-0.08537023263386345,-0.08173826336860657,-0.29804563522338867,-0.0193191816132412,-0.11636677384376526,-0.41397732496261597,-0.039882810137783054,-0.13692405819892883,-0.4851386547088623,-0.05182940634301758,-0.15403786301612854,-0.5461142659187317,-0.05900048958471871,-0.026769280433654785,-0.30599719285964966,-0.02180379378012276,-0.007537126541137695,-0.4409192204475403,-0.04446322219780541,0.0038246512413024902,-0.5272643268108368,-0.058474813870702746,0.012505948543548584,-0.5924718677997589,-0.06342318402937508,0.017728447914123535,-0.2753005623817444,-0.030132432750974658,0.026183605194091797,-0.3190419673919678,-0.07225354509762383,0.00953662395477295,-0.24203777313232422,-0.08000796037129021,-0.00031751394271850586,-0.1890929937362671,-0.07092539714983559,0.05363708734512329,-0.22585266828536987,-0.041284264348064426,0.05982160568237305,-0.26716750860214233,-0.07416620599440193,0.038774967193603516,-0.20557188987731934,-0.07141480343750573,0.02273315191268921,-0.15535885095596313,-0.060406555704389575,victory
0.0,0.0,0.0,-0.05588948726654053,-0.05260515213012695,-0.034350204027816744,-0.0763867199420929,-0.14813309907913208,-0.04982989535443494,-0.033601224422454834,-0.22660130262374878,-0.06594732657782743,0.009681522846221924,-0.2839908003807068,-0.07912693426720807,-0.08054494857788086,-0.2993534207344055,-0.017457847229763956,-0.1152985692024231,-0.41325682401657104,-0.03743634626977155,-0.13563689589500427,-0.4835546910762787,-0.04889423281662175,-0.15249618887901306,-0.5438937544822693,-0.055763005025312395,-0.025877416133880615,-0.3067687153816223,-0.02110573158375928,-0.005417585372924805,-0.4411102533340454,-0.04405654103271672,0.007580101490020752,-0.5272973775863647,-0.058157670057937594,0.0178220272064209,-0.5923586189746857,-0.06297494725100705,0.017885982990264893,-0.27583450078964233,-0.030199284411594363,0.026013493537902832,-0.3135232925415039,-0.07143583402745435,0.008511245250701904,-0.2384229302406311,-0.0790842200886459,-0.0016381144523620605,-0.1879422664642334,-0.07019584879986951,0.052653729915618896,-0.22703737020492554,-0.04191348583213994,0.057547807693481445,-0.26272040605545044,-0.07324765131585309,0.03625166416168213,-0.20198971033096313,-0.0700859154831619,0.02088010311126709,-0.15456068515777588,-0.05911579237096021,victory
0.0,0.0,0.0,-0.05620843172073364,-0.051367998123168945,-0.03364943158442202,-0.0784541666507721,-0.1452288031578064,-0.049802636770550635,-0.03817647695541382,-0.22376549243927002,-0.06703892168218317,0.004530847072601318,-0.2829424738883972,-0.08124407943898859,-0.08085262775421143,-0.2995958924293518,-0.01656827521139803,-0.1153685450553894,-0.4122037887573242,-0.03775321882778826,-0.13688218593597412,-0.4825543165206909,-0.04999422472531023,-0.15406286716461182,-0.5429784953594208,-0.05731432330424013,-0.02577674388885498,-0.3090420961380005,-0.021126616789047148,-0.006443977355957031,-0.4423862099647522,-0.045149965254609015,0.005114555358886719,-0.5283902585506439,-0.05980950411969843,0.014920592308044434,-0.5923166871070862,-0.06493379738742533,0.01911771297454834,-0.2794497609138489,-0.03117799018139067,0.027843773365020752,-0.31934767961502075,-0.07306863930637064,0.00909876823425293,-0.24146604537963867,-0.07994994339162531,-0.0021189451217651367,-0.18770849704742432,-0.07050034966880503,0.05525684356689453,-0.23134297132492065,-0.04383602183872881,0.05934852361679077,-0.26499998569488525,-0.0757601168435258,0.036217451095581055,-0.20371073484420776,-0.07225936469251337,0.01926785707473755,-0.15483826398849487,-0.06083950218373957,victory
0.0,0.0,0.0,-0.056976497173309326,-0.053894221782684326,-0.03300515662812131,-0.07835057377815247,-0.1506066918373108,-0.04780633103035825,-0.0352286696434021,-0.22951781749725342,-0.06364500995658773,0.010431945323944092,-0.28155720233917236,-0.07684201475166219,-0.08208081126213074,-0.29973161220550537,-0.016476619131196912,-0.11711272597312927,-0.412579208612442,-0.03741531919621366,-0.13762640953063965,-0.4822719991207123,-0.04919587176226514,-0.15523645281791687,-0.5416969656944275,-0.05563533034109014,-0.02779102325439453,-0.3063085079193115,-0.02022527631305593,-0.004435360431671143,-0.43821054697036743,-0.04466832157157796,0.011411905288696289,-0.523689866065979,-0.05863240089200872,0.024254322052001953,-0.5881736576557159,-0.062315759322871145,0.016170501708984375,-0.27566975355148315,-0.029297388232578214,0.02624756097793579,-0.30614548921585083,-0.07228333976053136,0.008396029472351074,-0.23063421249389648,-0.07999223198675054,-0.0021154284477233887,-0.1787128448486328,-0.06980085845970052,0.050806522369384766,-0.2269609570503235,-0.04080888729475873,0.05660921335220337,-0.2598757743835449,-0.07250384714387792,0.03465968370437622,-0.19894421100616455,-0.06855374302648443,0.018330872058868408,-0.1496819257736206,-0.05621581997655767,victory
0.0,0.0,0.0,-0.05467861890792847,-0.05007094144821167,-0.029067980138790972,-0.0781085193157196,-0.1487681269645691,-0.04399369472099579,-0.03577679395675659,-0.22288715839385986,-0.06062483602596558,0.011588037014007568,-0.2696739435195923,-0.07541156747771538,-0.07835608720779419,-0.2973480224609375,-0.02027698607577122,-0.11301589012145996,-0.40889638662338257,-0.04322937691046036,-0.13282641768455505,-0.4780542850494385,-0.055681725977194674,-0.14888042211532593,-0.5370947122573853,-0.063161382464898,-0.022562086582183838,-0.3016955852508545,-0.026414133621585734,0.0023230314254760742,-0.4322284758090973,-0.053454568622839815,0.021212875843048096,-0.5166837573051453,-0.06956253388358391,0.03801250457763672,-0.58274906873703,-0.07548639365865029,0.022134363651275635,-0.2709488868713379,-0.03682621383501328,0.03594315052032471,-0.30154210329055786,-0.07935439982844628,0.014367461204528809,-0.2267211675643921,-0.08707501926852501,-7.37309455871582e-05,-0.17440682649612427,-0.07837072202397621,0.05707240104675293,-0.22279846668243408,-0.04938600772453583,0.0587465763092041,-0.2405044436454773,-0.08173018881512917,0.03432488441467285,-0.18120414018630981,-0.07964463719559944,0.015562653541564941,-0.1348552703857422,-0.06930402853919304,victory
0.0,0.0,0.0,-0.05850577354431152,-0.04653900861740112,-0.03297912753538412,-0.08263018727302551,-0.14180821180343628,-0.050353333869736616,-0.041408658027648926,-0.21981388330459595,-0.06880059144810957,0.0031359195709228516,-0.2746403217315674,-0.08461679569796843,-0.08034023642539978,-0.29955583810806274,-0.02175590820030493,-0.11530303955078125,-0.41095447540283203,-0.04770350135282797,-0.13649648427963257,-0.48076343536376953,-0.0626325686963014,-0.15326723456382751,-0.5414078533649445,-0.07156905583457274,-0.023625850677490234,-0.30744439363479614,-0.027244799354832594,-0.00011271238327026367,-0.4388309121131897,-0.05711170337514204,0.01871412992477417,-0.5249122679233551,-0.07493561557845396,0.0354350209236145,-0.5935384333133698,-0.08157846383170408,0.021878182888031006,-0.2773473858833313,-0.03759884140805525,0.035381197929382324,-0.3117322325706482,-0.08420113525704664,0.013257145881652832,-0.23285901546478271,-0.09134370140151304,-0.0014767050743103027,-0.177435040473938,-0.0810959493310861,0.058223187923431396,-0.22763705253601074,-0.05033590696172041,0.0614965558052063,-0.24964743852615356,-0.08636957458571715,0.03590035438537598,-0.1881987452507019,-0.08377517811373991,0.015576958656311035,-0.13939034938812256,-0.07192678801135344,victory
0.0,0.0,0.0,-0.05123955011367798,-0.05213487148284912,-0.02671050045660195,-0.07308226823806763,-0.15045875310897827,-0.04115270402303395,-0.03113842010498047,-0.21531343460083008,-0.05773334156742749,0.016464829444885254,-0.25616925954818726,-0.07320781376233754,-0.0645449161529541,-0.2977439761161804,-0.02162559468320069,-0.09887820482254028,-0.40626877546310425,-0.044225759320170255,-0.1187598705291748,-0.4731155037879944,-0.056510902457148404,-0.13467848300933838,-0.5310893654823303,-0.06433709289899525,-0.008688688278198242,-0.2990034818649292,-0.02934016983977017,0.017624318599700928,-0.42916423082351685,-0.05613079991212544,0.03804594278335571,-0.5098485350608826,-0.07240197386613545,0.05660659074783325,-0.5731965899467468,-0.07899885203710255,0.03529304265975952,-0.2651252746582031,-0.04065192069879231,0.04760634899139404,-0.3039047122001648,-0.08273826863637623,0.02443397045135498,-0.22901898622512817,-0.08967953499427495,0.009783625602722168,-0.1753612756729126,-0.08121191289296803,0.06888437271118164,-0.2138308882713318,-0.053813315443903775,0.06713181734085083,-0.23309361934661865,-0.08685957219472584,0.04184985160827637,-0.17263072729110718,-0.08434363778701481,0.023950040340423584,-0.1240243911743164,-0.07387370195260701,victory
0.0,0.0,0.0,-0.05228254199028015,-0.04775726795196533,-0.029794025946046077,-0.07388633489608765,-0.14299702644348145,-0.04499912985005494,-0.03272140026092529,-0.2139165997505188,-0.0617231053892624,0.013332247734069824,-0.25956249237060547,-0.07673294447698709,-0.06507176160812378,-0.29752230644226074,-0.021528294089819155,-0.09662389755249023,-0.40562522411346436,-0.04641038157382127,-0.11584001779556274,-0.4731828570365906,-0.05996694021263238,-0.13152632117271423,-0.5316081047058105,-0.06798687182703134,-0.00799328088760376,-0.30055463314056396,-0.02792195581236001,0.01915299892425537,-0.42804068326950073,-0.05701197289266702,0.03997087478637695,-0.5085429251194,-0.07384889178314324,0.05763649940490723,-0.5715811848640442,-0.07966628276147958,0.03630375862121582,-0.26793861389160156,-0.03864262976088639,0.04896557331085205,-0.29750877618789673,-0.08469853900709268,0.025590896606445312,-0.2207738161087036,-0.09295003466644403,0.010436058044433594,-0.16638422012329102,-0.08365907870569345,0.07013005018234253,-0.21815723180770874,-0.05130966358223077,0.06635046005249023,-0.22813725471496582,-0.08743395261802789,0.038720667362213135,-0.16710776090621948,-0.08664099477567788,0.019101619720458984,-0.12017959356307983,-0.07626115881242868,victory
0.0,0.0,0.0,-0.05204463005065918,-0.04993915557861328,-0.02908388309271004,-0.07330533862113953,-0.14624416828155518,-0.04539194487125542,-0.032149434089660645,-0.21910154819488525,-0.06379787035376694,0.015388190746307373,-0.2627530097961426,-0.08029280759484436,-0.057695984840393066,-0.30151891708374023,-0.021883686707326433,-0.09009084105491638,-0.4128795564174652,-0.04749239765197899,-0.10909944772720337,-0.48215967416763306,-0.061809198633739015,-0.12369763851165771,-0.5411910116672516,-0.07031522102744248,-0.0024974942207336426,-0.3023189306259155,-0.029088470787712595,0.02454286813735962,-0.4295732378959656,-0.059522462711640856,0.04782533645629883,-0.5111263394355774,-0.07756246037871506,0.06873589754104614,-0.5729766190052032,-0.08410593278796341,0.04065448045730591,-0.2678632140159607,-0.04045100666672852,0.048281073570251465,-0.2967326045036316,-0.0861203462639537,0.024642765522003174,-0.22169822454452515,-0.09384480275303986,0.010911107063293457,-0.16668879985809326,-0.0842200309792247,0.07325601577758789,-0.2166004776954651,-0.053853312210151216,0.06671756505966187,-0.23367053270339966,-0.08803070493132736,0.0379866361618042,-0.17597246170043945,-0.08561001874596741,0.017972290515899658,-0.12883341312408447,-0.07432815589100983,victory
0.0,0.0,0.0,-0.05029606819152832,-0.05111664533615112,-0.02753765892282445,-0.07205823063850403,-0.14870989322662354,-0.04303607914641816,-0.02970331907272339,-0.22063231468200684,-0.0609970298786493,0.018594205379486084,-0.2628040313720703,-0.07719809759453256,-0.05586901307106018,-0.30195486545562744,-0.020874831937703675,-0.08615532517433167,-0.4112392067909241,-0.04718664486006219,-0.10483378171920776,-0.4790877103805542,-0.0621828568358751,-0.12035039067268372,-0.5369650423526764,-0.07104049075439889,-0.0013943910598754883,-0.30013853311538696,-0.029596395902785844,0.02813822031021118,-0.4302223324775696,-0.05967343796089608,0.05054360628128052,-0.5125804245471954,-0.07773479271725137,0.07017242908477783,-0.5764296054840088,-0.08442282874182183,0.04080623388290405,-0.2620428204536438,-0.04236887965396363,0.05080181360244751,-0.2962822914123535,-0.08812192279890496,0.025133967399597168,-0.22165268659591675,-0.0949134324868055,0.01008826494216919,-0.16762036085128784,-0.08453257579401452,0.07241475582122803,-0.20696377754211426,-0.0570435543735357,0.06745767593383789,-0.22789686918258667,-0.09109347511127908,0.03875225782394409,-0.17265534400939941,-0.0873983820159765,0.01953834295272827,-0.12756752967834473,-0.07513340015009362,victory
0.0,0.0,0.0,-0.05000755190849304,-0.0550159215927124,-0.026190724121022413,-0.07236921787261963,-0.14946454763412476,-0.04228736636190433,-0.03221625089645386,-0.21856576204299927,-0.06124821481256504,0.016117393970489502,-0.26049673557281494,-0.07831529331355114,-0.05182856321334839,-0.30361753702163696,-0.018852719934272955,-0.08101445436477661,-0.4142313003540039,-0.04307402473835964,-0.09746280312538147,-0.48141908645629883,-0.05702448439745922,-0.11009454727172852,-0.5396583378314972,-0.06532448333649654,0.0012583732604980469,-0.2982276678085327,-0.027688451008486936,0.03314650058746338,-0.42747265100479126,-0.05576303777246494,0.05679309368133545,-0.5089640617370605,-0.07354877692608852,0.07829725742340088,-0.5720464289188385,-0.08051183623223324,0.042137980461120605,-0.25780439376831055,-0.04037794274239559,0.04676508903503418,-0.2937527894973755,-0.08302341950087566,0.018467307090759277,-0.22244662046432495,-0.09014406603722591,0.0038542747497558594,-0.17059308290481567,-0.08092168522028942,0.07258826494216919,-0.20181310176849365,-0.05489621114878673,0.06394100189208984,-0.22746199369430542,-0.08583962720780391,0.034335553646087646,-0.17662853002548218,-0.08178248059897442,0.016526341438293457,-0.13396859169006348,-0.07001766365914364,victory
0.0,0.0,0.0,-0.050603896379470825,-0.05533862113952637,-0.02359615499847223,-0.07148271799087524,-0.1537855863571167,-0.03694187338226129,-0.03118765354156494,-0.2236107587814331,-0.053597370635202424,0.014943838119506836,-0.2648214101791382,-0.06861469755642702,-0.04851025342941284,-0.30690568685531616,-0.014667527291408078,-0.0761072039604187,-0.41644084453582764,-0.036926417152812974,-0.09157887101173401,-0.484298974275589,-0.0496865795063286,-0.10316437482833862,-0.5426286160945892,-0.05769464979641725,0.004322946071624756,-0.3006110191345215,-0.02448176826112558,0.03724104166030884,-0.428720086812973,-0.05175495753758241,0.0623013973236084,-0.5082480013370514,-0.06928924332135011,0.08525675535202026,-0.5687700808048248,-0.07603932033055116,0.04479217529296875,-0.258683979511261,-0.03800805146568109,0.05209380388259888,-0.29588818550109863,-0.08059497038595964,0.02070438861846924,-0.22369253635406494,-0.08783352981083681,0.002710402011871338,-0.17203819751739502,-0.07878453890555193,0.07420682907104492,-0.20096391439437866,-0.0530815334128647,0.06606143712997437,-0.22534608840942383,-0.08502071211808016,0.033275067806243896,-0.17340123653411865,-0.08184622834198763,0.011440515518188477,-0.1315854787826538,-0.07070852677099992,victory
0.0,0.0,0.0,-0.048833638429641724,-0.056535959243774414,-0.023445974024411953,-0.07009178400039673,-0.15356093645095825,-0.03751375797617129,-0.030444800853729248,-0.22310352325439453,-0.05517219650971583,0.01703798770904541,-0.26312345266342163,-0.0712921013258665,-0.04557552933692932,-0.30551785230636597,-0.015392105946716583,-0.07335668802261353,-0.41352808475494385,-0.038671067836162365,-0.08931908011436462,-0.4801063537597656,-0.05232448029744319,-0.10195034742355347,-0.5379455983638763,-0.06067147004830531,0.007296085357666016,-0.29894816875457764,-0.025550537662979877,0.04174131155014038,-0.4270751476287842,-0.052651288839456356,0.06582248210906982,-0.5062569081783295,-0.06990771639573268,0.08725863695144653,-0.5657505393028259,-0.07656852799880198,0.04789096117019653,-0.257365882396698,-0.039451832803365505,0.053027570247650146,-0.2948594093322754,-0.08107112246977977,0.021216094493865967,-0.22570812702178955,-0.08822662282216243,0.003829360008239746,-0.17454051971435547,-0.07942531901824168,0.07751351594924927,-0.20013272762298584,-0.055017854007360256,0.06914722919464111,-0.22652411460876465,-0.0851579819940298,0.03604048490524292,-0.1774718165397644,-0.08119583773839167,0.01506185531616211,-0.1359434723854065,-0.06982836771237544,victory
0.0,0.0,0.0,-0.05164656043052673,-0.059305667877197266,-0.024007542021308836,-0.06989312171936035,-0.16139203310012817,-0.03677471350852102,-0.027851521968841553,-0.2331029772758484,-0.052419528327618536,0.01724100112915039,-0.27450984716415405,-0.06644308935824483,-0.04744485020637512,-0.3088189363479614,-0.014780942313109335,-0.0744834840297699,-0.42410945892333984,-0.03637146573487371,-0.08913242816925049,-0.49527961015701294,-0.04854996871176809,-0.09989196062088013,-0.554996907711029,-0.05594499405447095,0.007146179676055908,-0.30222052335739136,-0.02375249188366979,0.04007226228713989,-0.43026942014694214,-0.05054390426698774,0.06644344329833984,-0.5090245008468628,-0.06717769425335973,0.09014773368835449,-0.5684529840946198,-0.07299044351998418,0.04851579666137695,-0.2614048719406128,-0.03642794113579839,0.05373251438140869,-0.29892027378082275,-0.07862886410180181,0.021769583225250244,-0.227405846118927,-0.08539832752171606,0.0038427114486694336,-0.1758320927619934,-0.07587200771990865,0.07900428771972656,-0.20548856258392334,-0.05062331255498975,0.06835663318634033,-0.2316434383392334,-0.08181923996630758,0.03494405746459961,-0.17861682176589966,-0.07756937663975805,0.013727426528930664,-0.13560444116592407,-0.06550115715685934,victory
0.0,0.0,0.0,-0.050403982400894165,-0.05787467956542969,-0.021326122505968215,-0.07194080948829651,-0.1590588092803955,-0.03331908553690255,-0.03512674570083618,-0.23099088668823242,-0.0490008850380832,0.008424103260040283,-0.274386465549469,-0.06310615286082566,-0.04636368155479431,-0.3087972402572632,-0.011843594422941806,-0.07356736063957214,-0.41983431577682495,-0.03293620020002663,-0.08787733316421509,-0.48763957619667053,-0.04473580017537415,-0.0987255871295929,-0.5465781688690186,-0.05186628892869294,0.006626009941101074,-0.3008291721343994,-0.022497048302000167,0.0409466028213501,-0.4286718964576721,-0.04880563884825051,0.06690007448196411,-0.5061824917793274,-0.06525937810391724,0.08976799249649048,-0.5650663077831268,-0.07094652548283875,0.047104716300964355,-0.25849318504333496,-0.03674190088958085,0.050313711166381836,-0.2951222062110901,-0.07927918776721299,0.01742243766784668,-0.22283732891082764,-0.08637843623608887,-0.0009082555770874023,-0.17147845029830933,-0.07694224610776246,0.07697159051895142,-0.20166176557540894,-0.052213202862446906,0.06565666198730469,-0.228285551071167,-0.0836429406687671,0.030857443809509277,-0.17464256286621094,-0.0795484741017276,0.008632123470306396,-0.13157939910888672,-0.06768496677130997,victory
0.0,0.0,0.0,-0.05154120922088623,-0.05499047040939331,-0.021775017756453963,-0.07560855150222778,-0.16196060180664062,-0.032686791646710844,-0.037572264671325684,-0.2346585988998413,-0.04671668194555423,0.009068191051483154,-0.2726040482521057,-0.059480182159177275,-0.0524982213973999,-0.3073764443397522,-0.015622204433611842,-0.08010891079902649,-0.42279529571533203,-0.03626041792654178,-0.09437626600265503,-0.4929744601249695,-0.047296400445929976,-0.10486769676208496,-0.5520088374614716,-0.05442177810095927,0.00212705135345459,-0.30099546909332275,-0.02488924309932372,0.035171568393707275,-0.4264252483844757,-0.051506760794154616,0.0617641806602478,-0.5036419630050659,-0.0675960996034064,0.08543592691421509,-0.5623491406440735,-0.0734331973674216,0.04356515407562256,-0.2614825367927551,-0.03733521633171222,0.046622276306152344,-0.2972385287284851,-0.07851757787489078,0.012095928192138672,-0.22620224952697754,-0.0855062895300307,-0.007917404174804688,-0.17374920845031738,-0.0769182511451163,0.07429182529449463,-0.20775943994522095,-0.05120668493532321,0.0575556755065918,-0.22238785028457642,-0.08321442388319156,0.022907793521881104,-0.17031490802764893,-0.08159440689109942,0.0016928911209106445,-0.12921541929244995,-0.07171398334526202,victory
0.0,0.0,0.0,-0.04913818836212158,-0.05468547344207764,-0.01789598501045475,-0.07638320326805115,-0.16102808713912964,-0.02789112700838814,-0.03924840688705444,-0.23481124639511108,-0.04186628161687622,0.009670376777648926,-0.26917117834091187,-0.05541741995830307,-0.050728410482406616,-0.3021242022514343,-0.0153553379582263,-0.07914572954177856,-0.41706782579421997,-0.034277161199042894,-0.0932953953742981,-0.485380083322525,-0.04376912637371788,-0.10361763834953308,-0.5441327095031738,-0.04995403214115868,0.0031450986862182617,-0.29475122690200806,-0.026501092675516702,0.034815967082977295,-0.4238714575767517,-0.051596754777619935,0.0606728196144104,-0.5020430982112885,-0.06672392560858498,0.08439171314239502,-0.5616960525512695,-0.07197908832449684,0.04526340961456299,-0.2551509141921997,-0.040100132662246324,0.043269574642181396,-0.29471272230148315,-0.08060928209442864,0.00941687822341919,-0.22248458862304688,-0.08789800627846489,-0.008876442909240723,-0.16827154159545898,-0.07953256143946419,0.07652145624160767,-0.20200538635253906,-0.05459913759250412,0.05466604232788086,-0.22223913669586182,-0.0865261532248951,0.0199354887008667,-0.1704060435295105,-0.08475529177803764,-6.41942024230957e-05,-0.12704306840896606,-0.07485262079853783,victory
0.0,0.0,0.0,-0.04870563745498657,-0.053110361099243164,-0.019465191563767803,-0.07502368092536926,-0.15823030471801758,-0.030641591450375927,-0.03818097710609436,-0.22977113723754883,-0.04544403617660464,0.007987916469573975,-0.2688714861869812,-0.059604617109698665,-0.04907575249671936,-0.3021557331085205,-0.015827423235577953,-0.07650968432426453,-0.413520872592926,-0.036556074669761074,-0.0912962555885315,-0.4801160991191864,-0.04730195020715655,-0.10274773836135864,-0.5382238626480103,-0.05388241847435893,0.004255115985870361,-0.295113205909729,-0.026629645651382816,0.03577762842178345,-0.4235687255859375,-0.052752891829413784,0.061366140842437744,-0.501333087682724,-0.06838691075722636,0.08436697721481323,-0.5621135830879211,-0.07368556996266307,0.046068549156188965,-0.2553532123565674,-0.04024589647929133,0.04160267114639282,-0.2926326394081116,-0.08236589123885096,0.009823739528656006,-0.22049635648727417,-0.0904188214747137,-0.00728917121887207,-0.16713261604309082,-0.08208759715239466,0.0768088698387146,-0.20215266942977905,-0.054787127575082195,0.05314910411834717,-0.22020530700683594,-0.08759131123701991,0.019625544548034668,-0.16649478673934937,-0.08582115014473857,0.00040972232818603516,-0.12316060066223145,-0.07566013773362101,victory
0.0,0.0,0.0,-0.05145236849784851,-0.05193769931793213,-0.020389556738336978,-0.08090153336524963,-0.15214824676513672,-0.032240703555544314,-0.04695945978164673,-0.22459477186203003,-0.04748664036651462,-0.002146124839782715,-0.2636905908584595,-0.061958186181982455,-0.05477133393287659,-0.29688435792922974,-0.01958967544396728,-0.083828866481781,-0.4112422466278076,-0.0388540922131142,-0.09908264875411987,-0.47829920053482056,-0.0486998929109177,-0.10981738567352295,-0.5375513434410095,-0.055538005980452,-0.0011481046676635742,-0.29128456115722656,-0.0298983937527737,0.03046339750289917,-0.42115870118141174,-0.05510700479408115,0.05524337291717529,-0.5008141994476318,-0.07059107333680004,0.07780754566192627,-0.5628225207328796,-0.07692373901863903,0.04074031114578247,-0.2518514394760132,-0.04264056667943805,0.03468078374862671,-0.29525136947631836,-0.08285211384554714,0.0017306208610534668,-0.22576504945755005,-0.09043181300421566,-0.01525011658668518,-0.17231643199920654,-0.0832472330357632,0.07207441329956055,-0.19826573133468628,-0.056556891503532825,0.049550414085388184,-0.21998703479766846,-0.08895995825787395,0.01469331979751587,-0.16845643520355225,-0.08800356447954982,-0.004841625690460205,-0.12352168560028076,-0.079197604062756,victory
0.0,0.0,0.0,-0.050259023904800415,-0.05005943775177002,-0.01919452615004502,-0.08315515518188477,-0.14998435974121094,-0.030151363014397248,-0.051895201206207275,-0.221438467502594,-0.04456604041081391,-0.006457149982452393,-0.2569305896759033,-0.05850650511604272,-0.059135645627975464,-0.29411739110946655,-0.01897736780267678,-0.08873474597930908,-0.40679070353507996,-0.03837373621684037,-0.10459238290786743,-0.47288763523101807,-0.047951159550962075,-0.1169770359992981,-0.5300607085227966,-0.05404726929884873,-0.005393385887145996,-0.29021960496902466,-0.02954238980930768,0.024714767932891846,-0.42197757959365845,-0.05386855222207032,0.04664051532745361,-0.5007322132587433,-0.06846118487339936,0.06589573621749878,-0.5606917440891266,-0.07375034458857499,0.03748601675033569,-0.2523055672645569,-0.04247157789689027,0.03146463632583618,-0.29410868883132935,-0.08229190625172578,-1.0073184967041016e-05,-0.22377502918243408,-0.09040531285029374,-0.01584559679031372,-0.17000627517700195,-0.08312383808117829,0.06933218240737915,-0.19963699579238892,-0.056318325474080666,0.04485273361206055,-0.21898150444030762,-0.08847754217606507,0.011332690715789795,-0.16690117120742798,-0.08763783939104997,-0.00703585147857666,-0.12182873487472534,-0.07861824102621995,victory
0.0,0.0,0.0,-0.05266892910003662,-0.0501440167427063,-0.022148118467555378,-0.08292436599731445,-0.14679551124572754,-0.03473038330815825,-0.05175614356994629,-0.2214350700378418,-0.050441653580890033,-0.008867740631103516,-0.2654762864112854,-0.06498086556933913,-0.06667026877403259,-0.2920634150505066,-0.018316109777913425,-0.09573706984519958,-0.40558022260665894,-0.038768966795430515,-0.11292213201522827,-0.47166383266448975,-0.04931690275810752,-0.12658250331878662,-0.529045432806015,-0.05603025213025603,-0.012932419776916504,-0.29067277908325195,-0.027999344395027492,0.0169641375541687,-0.42450273036956787,-0.053525691033826206,0.03770798444747925,-0.5063832700252533,-0.06920755013965163,0.05551975965499878,-0.5689153373241425,-0.0753135766103128,0.030913233757019043,-0.2538151741027832,-0.04062347591064963,0.02791684865951538,-0.30054426193237305,-0.0824348042919496,-0.0018355250358581543,-0.2279214859008789,-0.09041728928826842,-0.01740574836730957,-0.17154192924499512,-0.08265798643373046,0.06504696607589722,-0.20155036449432373,-0.05442946881197486,0.045286595821380615,-0.224340558052063,-0.08797410234950576,0.01243513822555542,-0.1714545488357544,-0.08703179761909041,-0.006347835063934326,-0.12543725967407227,-0.07772284850619826,victory
0.0,0.0,0.0,-0.05275911092758179,-0.05014318227767944,-0.01929823916799478,-0.0836288332939148,-0.14415472745895386,-0.03173427891380243,-0.05576068162918091,-0.2155504822731018,-0.04797735672838144,-0.014745622873306274,-0.25992774963378906,-0.06325577062017373,-0.0644310712814331,-0.2950955629348755,-0.015953811373776716,-0.09449595212936401,-0.40638673305511475,-0.03610768404251985,-0.11184149980545044,-0.47102949023246765,-0.04649654265887193,-0.12626725435256958,-0.5280489325523376,-0.05293863874322824,-0.01101180911064148,-0.2920500636100769,-0.027641267072624487,0.019121944904327393,-0.42437875270843506,-0.0532225878203576,0.03909611701965332,-0.5039888918399811,-0.06903552126533441,0.05563277006149292,-0.5641067922115326,-0.0747798891032403,0.03250044584274292,-0.25386929512023926,-0.04206306722409181,0.028672635555267334,-0.2971348762512207,-0.08366983991510324,-0.0010080337524414062,-0.2238721251487732,-0.09140547227508478,-0.017070531845092773,-0.16822707653045654,-0.08330729466325693,0.06601929664611816,-0.2007354497909546,-0.057343112793034834,0.04593557119369507,-0.2240278124809265,-0.08986854415780954,0.01398611068725586,-0.16968202590942383,-0.08762989055759363,-0.004568040370941162,-0.12356698513031006,-0.07735194128400735,victory
0.0,0.0,0.0,-0.05159744620323181,-0.04903531074523926,-0.0239569817237566,-0.08080282807350159,-0.14173322916030884,-0.038660816153139876,-0.049978405237197876,-0.21538257598876953,-0.05606950377449493,-0.008475065231323242,-0.2606980800628662,-0.07204158162102203,-0.06660598516464233,-0.2897997498512268,-0.022195152243227767,-0.09864181280136108,-0.4016822576522827,-0.04484522645697098,-0.11835676431655884,-0.4681719243526459,-0.05683211167678337,-0.13408717513084412,-0.5263015329837799,-0.06432553683742981,-0.012445688247680664,-0.28902268409729004,-0.031717560490221786,0.01384192705154419,-0.4223206639289856,-0.059078484078497695,0.03290116786956787,-0.5046020746231079,-0.07550552790388565,0.04922395944595337,-0.5674062669277191,-0.0819337100289772,0.032100558280944824,-0.2527439594268799,-0.04424242605790596,0.030692756175994873,-0.2961091995239258,-0.08728224342092972,0.002708137035369873,-0.22426044940948486,-0.09477356379255752,-0.012945353984832764,-0.1688433289527893,-0.08647632156834106,0.06680327653884888,-0.20099413394927979,-0.058101243575663375,0.05010706186294556,-0.2231723666191101,-0.09163134848103027,0.01785743236541748,-0.17042827606201172,-0.08961025928482513,-0.002205103635787964,-0.12448310852050781,-0.07946721767410736,victory
0.0,0.0,0.0,-0.053896307945251465,-0.04475593566894531,-0.026369870053770228,-0.08278504014015198,-0.13543933629989624,-0.042119920598509,-0.054722487926483154,-0.20584708452224731,-0.06013350223207681,-0.015318959951400757,-0.25025224685668945,-0.07698510994219987,-0.06921342015266418,-0.29171258211135864,-0.02572209236228673,-0.10285145044326782,-0.404701828956604,-0.04989012365246026,-0.12339669466018677,-0.47425734996795654,-0.06286422570252626,-0.13948312401771545,-0.535792201757431,-0.07101422210240571,-0.014578849077224731,-0.2923588156700134,-0.03490388427877633,0.011852860450744629,-0.4240582585334778,-0.06335661967301576,0.031352102756500244,-0.5084334313869476,-0.08037595112824647,0.047231197357177734,-0.5735110938549042,-0.0872195552756807,0.029248058795928955,-0.2576636075973511,-0.04723400284552781,0.03284424543380737,-0.3004775643348694,-0.09101216156983583,0.006989121437072754,-0.22987300157546997,-0.0982172678878328,-0.008338093757629395,-0.1747138500213623,-0.08971105922961442,0.06237989664077759,-0.20618677139282227,-0.06115132977271287,0.05029100179672241,-0.22527718544006348,-0.09537385066056459,0.022703111171722412,-0.16784846782684326,-0.09279475768113343,0.005547761917114258,-0.11870598793029785,-0.0819606076648256,victory
0.0,0.0,0.0,-0.053754836320877075,-0.04828178882598877,-0.025253073931310155,-0.08128553628921509,-0.14187300205230713,-0.04049852831718681,-0.04820507764816284,-0.2119154930114746,-0.05812662063596008,-0.005085378885269165,-0.2561124563217163,-0.07491986422297714,-0.06980901956558228,-0.2922660708427429,-0.025753998816583135,-0.10350453853607178,-0.40529048442840576,-0.04932387141940353,-0.12377730011940002,-0.47443443536758423,-0.06190413577911613,-0.1390988826751709,-0.5364927053451538,-0.07002474336383102,-0.014921903610229492,-0.29308611154556274,-0.03512239797470329,0.012545347213745117,-0.42508113384246826,-0.06263936279771087,0.03298306465148926,-0.5090795457363129,-0.07918327270505188,0.05009347200393677,-0.5748412013053894,-0.08608253268954513,0.02932816743850708,-0.2586250305175781,-0.047433636770222165,0.03299415111541748,-0.3043760657310486,-0.08994923500773666,0.006809890270233154,-0.23381656408309937,-0.09713466434237716,-0.008322000503540039,-0.1788596510887146,-0.08925501971003769,0.0635039210319519,-0.20766520500183105,-0.061294719264481046,0.05031895637512207,-0.2256702184677124,-0.09536369858739135,0.021228432655334473,-0.16892915964126587,-0.09356581388470886,0.003405928611755371,-0.1206175684928894,-0.08360908894297836,victory
0.0,0.0,0.0,-0.056455016136169434,-0.044252753257751465,-0.03057556361773095,-0.08360469341278076,-0.13347023725509644,-0.04996325955607972,-0.04908028244972229,-0.20376521348953247,-0.07098407805779061,-0.006065964698791504,-0.25150275230407715,-0.09055739403584084,-0.07228010892868042,-0.2966134548187256,-0.031804004170680855,-0.10375836491584778,-0.4122005105018616,-0.06012568012693009,-0.12349975109100342,-0.48407912254333496,-0.07636335254528603,-0.13889852166175842,-0.5495597720146179,-0.08709716559269509,-0.015877515077590942,-0.30069833993911743,-0.040824492879892205,0.01133185625076294,-0.43082743883132935,-0.07202231646397195,0.03231966495513916,-0.514438271522522,-0.09051120788672051,0.04958188533782959,-0.5814429223537445,-0.09870446235754571,0.029971659183502197,-0.26699578762054443,-0.053354380138898705,0.036153316497802734,-0.30927956104278564,-0.0983203476748713,0.010082244873046875,-0.23735159635543823,-0.1045340648374804,-0.006759047508239746,-0.18350160121917725,-0.0959661281190165,0.06637197732925415,-0.2133147120475769,-0.06816279650547585,0.059530675411224365,-0.22958862781524658,-0.10364768416502557,0.030366897583007812,-0.17007726430892944,-0.10108330608227334,0.009280085563659668,-0.12109494209289551,-0.09040773422339043,victory
0.0,0.0,0.0,-0.05321261286735535,-0.044107139110565186,-0.0318522122796594,-0.07770171761512756,-0.13334572315216064,-0.05076399120650876,-0.04064789414405823,-0.20074737071990967,-0.07063657465539563,0.0015413165092468262,-0.24757397174835205,-0.08923118236623395,-0.07103917002677917,-0.297065794467926,-0.03399620625339139,-0.10236132144927979,-0.41443026065826416,-0.060576357423883564,-0.12274014949798584,-0.48653870820999146,-0.07535268786512006,-0.139094740152359,-0.5519082844257355,-0.08554114076457608,-0.013491541147232056,-0.3009501099586487,-0.042110410064083226,0.01428985595703125,-0.43401533365249634,-0.07143154415450681,0.035199105739593506,-0.5174075663089752,-0.08926576051078428,0.05112254619598389,-0.5834587812423706,-0.0978588131364404,0.03238099813461304,-0.2662487030029297,-0.05368108722529996,0.043701112270355225,-0.3134494423866272,-0.09701589915118802,0.01980823278427124,-0.24489754438400269,-0.1042721313532411,0.003232419490814209,-0.1932644248008728,-0.09760471853576291,0.06806468963623047,-0.21292442083358765,-0.06757393899522413,0.06276851892471313,-0.22663986682891846,-0.10307218554578412,0.036136090755462646,-0.16830652952194214,-0.10218269053063977,0.017476797103881836,-0.12118017673492432,-0.09341818514428724,victory
0.0,0.0,0.0,-0.05343872308731079,-0.04685163497924805,-0.028937104549640935,-0.07908952236175537,-0.13792866468429565,-0.046342027765149396,-0.040488749742507935,-0.20388394594192505,-0.06567775962912492,0.004919648170471191,-0.24536347389221191,-0.08366019038521699,-0.07084578275680542,-0.29895538091659546,-0.029296360370153707,-0.10250300168991089,-0.4162774682044983,-0.055074857008094114,-0.1220281720161438,-0.4883164167404175,-0.0690969949778264,-0.1379205584526062,-0.5525709688663483,-0.07788886634671144,-0.012880504131317139,-0.30170440673828125,-0.03808330131732873,0.015108108520507812,-0.4332822859287262,-0.06709282605015687,0.035804152488708496,-0.5176480412483215,-0.08429655937516145,0.051663875579833984,-0.5841243863105774,-0.09123257307373933,0.03382158279418945,-0.26709532737731934,-0.050250505488747876,0.03894776105880737,-0.2969769835472107,-0.09337769953572206,0.015008032321929932,-0.22256535291671753,-0.09959576038681917,-4.035234451293945e-05,-0.1689050793647766,-0.09041452167593889,0.06985938549041748,-0.21438157558441162,-0.06454926488959245,0.0633399486541748,-0.2306307554244995,-0.09673632441126756,0.03591513633728027,-0.17154324054718018,-0.09236299006306581,0.016709983348846436,-0.12273693084716797,-0.08050878850781373,victory
0.0,0.0,0.0,-0.054084718227386475,-0.04854774475097656,-0.03325852261963291,-0.07766720652580261,-0.1416746973991394,-0.052954419274954034,-0.036294788122177124,-0.20962727069854736,-0.07385489972415371,0.011380255222320557,-0.2548912763595581,-0.09275269391122265,-0.06845325231552124,-0.3057482838630676,-0.032381693591503335,-0.10196492075920105,-0.42495179176330566,-0.06094993906202717,-0.1220349669456482,-0.4995858371257782,-0.07615060987058087,-0.13708359003067017,-0.5659019351005554,-0.08543927850308819,-0.008547723293304443,-0.311285138130188,-0.039628966470388605,0.018067240715026855,-0.4391215741634369,-0.07207979144635601,0.03893256187438965,-0.5228232443332672,-0.0907388988334219,0.05617368221282959,-0.5896061956882477,-0.09780519338431759,0.039335012435913086,-0.2787867784500122,-0.05089774238052769,0.04767334461212158,-0.2996942400932312,-0.09716100873532696,0.022798538208007812,-0.2195327877998352,-0.10344666870417996,0.007434427738189697,-0.164087176322937,-0.09300952287497921,0.07645273208618164,-0.2277684211730957,-0.06477746250214977,0.0711895227432251,-0.23518896102905273,-0.09917864086213513,0.04296356439590454,-0.17408788204193115,-0.09595374645772381,0.023279666900634766,-0.12666594982147217,-0.08405248703542156,victory
0.0,0.0,0.0,-0.053570955991744995,-0.04772835969924927,-0.031735331467473316,-0.07833576202392578,-0.14047205448150635,-0.04928750982054453,-0.036244720220565796,-0.20841211080551147,-0.06788360019692163,0.01190108060836792,-0.2535696029663086,-0.08492884477146845,-0.07053542137145996,-0.30643922090530396,-0.029831490195476817,-0.10374647378921509,-0.4245624542236328,-0.055556629500472354,-0.12362062931060791,-0.4987967610359192,-0.06965870847471933,-0.1390886902809143,-0.5649567544460297,-0.07874888618954401,-0.009656906127929688,-0.310891330242157,-0.036791347614610004,0.01713484525680542,-0.44097957015037537,-0.06563402404555063,0.03794240951538086,-0.5261662304401398,-0.08334701200493555,0.053670287132263184,-0.5936092734336853,-0.09104106267460566,0.03782171010971069,-0.2777166962623596,-0.0476325980342267,0.047847092151641846,-0.3044838309288025,-0.0912579639769433,0.024081707000732422,-0.2337719202041626,-0.09996521910198908,0.007296562194824219,-0.18242543935775757,-0.09284811904200296,0.07422572374343872,-0.226568341255188,-0.06082291593321543,0.07099300622940063,-0.23483335971832275,-0.09481465508707743,0.0439605712890625,-0.17399978637695312,-0.09361058165796976,0.024003565311431885,-0.12500536441802979,-0.08407583524950724,victory
0.0,0.0,0.0,-0.05482602119445801,-0.047652482986450195,-0.03599643060084645,-0.07947331666946411,-0.1394219994544983,-0.05703961574550931,-0.036669790744781494,-0.2100275754928589,-0.07849323102351491,0.010985255241394043,-0.25882095098495483,-0.09747280278321568,-0.0708264410495758,-0.30961310863494873,-0.036947772885525865,-0.10447829961776733,-0.42966681718826294,-0.06783471354361836,-0.1251220703125,-0.5070637464523315,-0.08439497747536961,-0.14040851593017578,-0.5757958889007568,-0.09450339623805348,-0.009344398975372314,-0.3190585970878601,-0.042810318107569856,0.016941070556640625,-0.44813624024391174,-0.07731479504224126,0.03889042139053345,-0.5344378054141998,-0.09600115665313069,0.05688643455505371,-0.6017907857894897,-0.1028595949065334,0.03923255205154419,-0.28865134716033936,-0.052921523387396974,0.05187869071960449,-0.3039323091506958,-0.10057503827925984,0.026211798191070557,-0.22351819276809692,-0.10663858153935735,0.008520960807800293,-0.1663435697555542,-0.09580287435170476,0.0771181583404541,-0.23767763376235962,-0.066021502996648,0.07771408557891846,-0.23751002550125122,-0.10218575694676701,0.04844003915786743,-0.175115168094635,-0.10030005225058858,0.025619983673095703,-0.12697356939315796,-0.08899413147088353,victory
0.0,0.0,0.0,-0.054394543170928955,-0.05005788803100586,-0.03612779952231904,-0.07892218232154846,-0.1427951455116272,-0.056798884045520026,-0.03469794988632202,-0.2131701111793518,-0.07805912322942277,0.015231966972351074,-0.2613335847854614,-0.09684093422833939,-0.06780576705932617,-0.3135967254638672,-0.03607593975607415,-0.10148322582244873,-0.4371068775653839,-0.06589808441344758,-0.12221989035606384,-0.5155664682388306,-0.08158192909900208,-0.13756605982780457,-0.5856508314609528,-0.09108531601373215,-0.005991160869598389,-0.3219972252845764,-0.04179784036819001,0.02089524269104004,-0.45358574390411377,-0.07456197715941926,0.04276317358016968,-0.5411435961723328,-0.09239824987594147,0.060291171073913574,-0.6103197932243347,-0.09898906327430268,0.041951119899749756,-0.290060818195343,-0.05197528503481408,0.05470007658004761,-0.30806881189346313,-0.09938843674603959,0.030627429485321045,-0.22872549295425415,-0.10666471846047898,0.013923585414886475,-0.1723042130470276,-0.09660320855323334,0.07865756750106812,-0.23732006549835205,-0.06508360929433366,0.08227109909057617,-0.2421278953552246,-0.10139975823108216,0.053755760192871094,-0.1811320185661316,-0.10029993332568665,0.030741214752197266,-0.13237518072128296,-0.0896251959318306,victory
0.0,0.0,0.0,-0.05518430471420288,-0.055816471576690674,-0.03713806294359756,-0.07503512501716614,-0.15299463272094727,-0.058214771975656276,-0.02563735842704773,-0.22409945726394653,-0.07995512657322479,0.024676144123077393,-0.274042546749115,-0.09914971463837219,-0.06474348902702332,-0.3199012279510498,-0.03510404326476646,-0.09797286987304688,-0.4440460801124573,-0.06572122447647644,-0.11850771307945251,-0.5237499475479126,-0.08238041721739364,-0.13423138856887817,-0.5937906205654144,-0.09246097080864502,-0.0018441081047058105,-0.3260619640350342,-0.041027370323320156,0.026091694831848145,-0.4606454372406006,-0.07521956734814239,0.0471266508102417,-0.5503431558609009,-0.09414016031183792,0.06383883953094482,-0.6207026839256287,-0.10123461805738998,0.047136008739471436,-0.2924964427947998,-0.051763649512906795,0.06164419651031494,-0.3170693516731262,-0.10149136506475998,0.03681713342666626,-0.23604601621627808,-0.10842880182423187,0.019764065742492676,-0.17977374792099,-0.09741899691977096,0.0847591757774353,-0.23857903480529785,-0.06539799593844009,0.09173727035522461,-0.2577970027923584,-0.10258733801998687,0.06323176622390747,-0.1967768669128418,-0.09975895606436325,0.040400028228759766,-0.14817017316818237,-0.08764570527233673,victory
0.0,0.0,0.0,-0.052547842264175415,-0.05341750383377075,-0.03903049252681967,-0.07215133309364319,-0.1458844542503357,-0.06191127024345633,-0.024946779012680054,-0.21782833337783813,-0.08496366835885283,0.024914026260375977,-0.26659905910491943,-0.10511121548466917,-0.06812664866447449,-0.3167612552642822,-0.03816846407704588,-0.10147759318351746,-0.4413979649543762,-0.06933431721978423,-0.12126624584197998,-0.5209941267967224,-0.0863454977398419,-0.135848730802536,-0.5920740365982056,-0.09670994080357787,-0.004453480243682861,-0.32275456190109253,-0.04262759931140181,0.023762166500091553,-0.4555842876434326,-0.07672842986636397,0.04677689075469971,-0.544127494096756,-0.09473337627701994,0.06520527601242065,-0.6154411137104034,-0.1015291998510861,0.04512888193130493,-0.2900066375732422,-0.05191624931745764,0.06016707420349121,-0.3094787001609802,-0.10007989801221129,0.03377717733383179,-0.233159601688385,-0.10638501144700285,0.01445472240447998,-0.17874771356582642,-0.09572615124039885,0.08352214097976685,-0.23739635944366455,-0.06449930764489409,0.09149318933486938,-0.24750608205795288,-0.09969754166655775,0.061866700649261475,-0.18955111503601074,-0.09697372115903136,0.037381768226623535,-0.14289486408233643,-0.08553518004470106,victory
0.0,0.0,0.0,-0.051561981439590454,-0.056248366832733154,-0.0372406484059411,-0.06873804330825806,-0.15720021724700928,-0.05901303677478609,-0.016496121883392334,-0.22708147764205933,-0.0813295931986886,0.03543037176132202,-0.27561360597610474,-0.10134928091088113,-0.058578670024871826,-0.3262398838996887,-0.0366121286026555,-0.08923238515853882,-0.4534199833869934,-0.069382184880169,-0.10971945524215698,-0.5339537262916565,-0.08797875209370432,-0.1260358691215515,-0.6046537756919861,-0.09926919056692896,0.0030898451805114746,-0.3284701704978943,-0.043216226386221024,0.03347289562225342,-0.46821555495262146,-0.07829998596230325,0.056140363216400146,-0.5586068332195282,-0.09790076478043375,0.07437068223953247,-0.6335031688213348,-0.10561633272686777,0.05062150955200195,-0.29075533151626587,-0.0545475126675683,0.06705814599990845,-0.3216904401779175,-0.10449682338753519,0.04235947132110596,-0.24474197626113892,-0.11171619756737527,0.025409996509552002,-0.19125491380691528,-0.10134057863274393,0.08555513620376587,-0.2325373888015747,-0.06882710172453699,0.09415966272354126,-0.2503940463066101,-0.10679809166708765,0.06545758247375488,-0.19288724660873413,-0.10428918315687952,0.042607903480529785,-0.1478734016418457,-0.09246828569689569,victory
0.0,0.0,0.0,-0.05113625526428223,-0.06040990352630615,-0.03905594654622746,-0.06384658813476562,-0.16650205850601196,-0.059172950016886716,-0.005555570125579834,-0.23584336042404175,-0.0800356299454279,0.04891306161880493,-0.2824845314025879,-0.09864872999730778,-0.05691149830818176,-0.3324616551399231,-0.03395108066740704,-0.0850214958190918,-0.4653499722480774,-0.06508108534160328,-0.10285773873329163,-0.5485476553440094,-0.0826800049120493,-0.11748707294464111,-0.6207848191261292,-0.09316849269214345,0.005245506763458252,-0.32921892404556274,-0.040119814949662214,0.039666056632995605,-0.475833922624588,-0.07412825830522252,0.0613405704498291,-0.5698651671409607,-0.0942740172916956,0.07822084426879883,-0.6490295231342316,-0.10215083815398884,0.05138486623764038,-0.2852059602737427,-0.05148054220023823,0.06547504663467407,-0.32403862476348877,-0.10361023552957249,0.03922194242477417,-0.2458447813987732,-0.11327372052016926,0.023457348346710205,-0.19316279888153076,-0.1031531722122736,0.08401268720626831,-0.2215895652770996,-0.06561237134280873,0.09427297115325928,-0.2555845379829407,-0.10471022434774113,0.06460607051849365,-0.19905036687850952,-0.10214735128226948,0.042249977588653564,-0.15373128652572632,-0.08986193247380925,victory
0.0,0.0,0.0,-0.05307433009147644,-0.056956946849823,-0.04181285360942866,-0.0681808590888977,-0.15837162733078003,-0.0633463018585303,-0.01042407751083374,-0.2290998101234436,-0.08504386777173067,0.04324549436569214,-0.27974891662597656,-0.10395662272463824,-0.06210213899612427,-0.3307727575302124,-0.03509663576375033,-0.0907822847366333,-0.46276170015335083,-0.06461588079224612,-0.10831132531166077,-0.5452925860881805,-0.08084394568692232,-0.12217262387275696,-0.617290586233139,-0.09096788400898959,0.0011110901832580566,-0.3323745131492615,-0.03930679122100855,0.03354203701019287,-0.47614240646362305,-0.0722908505250075,0.055648207664489746,-0.5671268999576569,-0.09128043586503054,0.07263851165771484,-0.6423145830631256,-0.09898713762055422,0.04786652326583862,-0.29235851764678955,-0.04915612721930529,0.06384176015853882,-0.3285512924194336,-0.10017376924048449,0.03952467441558838,-0.24844539165496826,-0.10991620803366686,0.023917734622955322,-0.19464778900146484,-0.10067251855622317,0.08112084865570068,-0.23227113485336304,-0.06211273158083941,0.09244853258132935,-0.2611541152000427,-0.10013684416304613,0.06388521194458008,-0.20500540733337402,-0.09944493109475161,0.04159402847290039,-0.16152161359786987,-0.08947132313738848,victory
0.0,0.0,0.0,-0.0531449019908905,-0.06227576732635498,-0.04173227422074888,-0.06326627731323242,-0.1677342653274536,-0.06320264212922666,-0.0032318830490112305,-0.24038100242614746,-0.08489821873740766,0.050290584564208984,-0.29054856300354004,-0.10412266872958753,-0.060115545988082886,-0.3380207419395447,-0.03419016696648214,-0.0874333381652832,-0.47465354204177856,-0.06451640300588224,-0.10405445098876953,-0.5597622990608215,-0.08226481847600553,-0.11765682697296143,-0.6327604949474335,-0.09284789882735822,0.0021361112594604492,-0.33622103929519653,-0.03850798331336591,0.0381583571434021,-0.4835889935493469,-0.07149283610419843,0.05965697765350342,-0.5791329741477966,-0.09259132318334196,0.0763787031173706,-0.6569143533706665,-0.1013623403771362,0.04809457063674927,-0.2941766381263733,-0.04818172402815435,0.06473463773727417,-0.330044686794281,-0.09691822551326368,0.038080692291259766,-0.25489628314971924,-0.10736425988511655,0.02118360996246338,-0.20327842235565186,-0.09887368999557111,0.08054614067077637,-0.233329176902771,-0.061113264636560416,0.08943384885787964,-0.2620089054107666,-0.09605386875705335,0.06114083528518677,-0.20453184843063354,-0.09340734057263944,0.04069620370864868,-0.1594294309616089,-0.08195667736367795,victory
0.0,0.0,0.0,-0.051218628883361816,-0.06313222646713257,-0.04191446018899114,-0.05933278799057007,-0.16868078708648682,-0.06296666798675687,0.0012927651405334473,-0.2391243577003479,-0.08413154718959959,0.05523562431335449,-0.2891616225242615,-0.10289968637312086,-0.05510762333869934,-0.34163546562194824,-0.03475663898075254,-0.08307263255119324,-0.47741174697875977,-0.0659134992727104,-0.10091298818588257,-0.5640407204627991,-0.08393142459476621,-0.11591637134552002,-0.6392639577388763,-0.09490233746851118,0.007021546363830566,-0.341657817363739,-0.03901672450388105,0.04419362545013428,-0.48962485790252686,-0.07255330768907697,0.06600838899612427,-0.5849975645542145,-0.09349233744228513,0.08223605155944824,-0.6652676165103912,-0.10218352166498335,0.05134081840515137,-0.3003762364387512,-0.04885032115066679,0.0715111494064331,-0.33202797174453735,-0.09801151690567167,0.043993234634399414,-0.2574068307876587,-0.10996281442726286,0.0244368314743042,-0.2083480954170227,-0.10274744865978391,0.08188343048095703,-0.23950523138046265,-0.06209946510875852,0.0951162576675415,-0.2560799717903137,-0.09805810538614423,0.06626981496810913,-0.19917196035385132,-0.09840848383987577,0.0428808331489563,-0.15851116180419922,-0.08943518338287504,victory
0.0,0.0,0.0,-0.05047926306724548,-0.06425386667251587,-0.04063669023253169,-0.05919528007507324,-0.1699931025505066,-0.06069410768486705,0.0008375048637390137,-0.24045169353485107,-0.08144146380163875,0.05236339569091797,-0.2921978235244751,-0.09954110709168162,-0.05471527576446533,-0.34526902437210083,-0.031045107069985534,-0.08261442184448242,-0.4812810719013214,-0.061646336588637496,-0.09938168525695801,-0.5678244531154633,-0.07903197583891597,-0.11343935132026672,-0.6433587372303009,-0.08963633504845347,0.007100939750671387,-0.3444138169288635,-0.03662428436018672,0.041544198989868164,-0.4929502606391907,-0.07115744230486598,0.06341564655303955,-0.587595522403717,-0.09217492667175975,0.07980632781982422,-0.6671279072761536,-0.10053425458409038,0.0517810583114624,-0.3016354441642761,-0.04800457683541026,0.06954199075698853,-0.3406912088394165,-0.10102166411616054,0.04506450891494751,-0.26141518354415894,-0.11286865350939479,0.028803884983062744,-0.20965099334716797,-0.10418785539604869,0.08324390649795532,-0.23863250017166138,-0.06237211254574504,0.09623008966445923,-0.26509666442871094,-0.10149498460032191,0.068240225315094,-0.2074071764945984,-0.10150744197107997,0.04619157314300537,-0.16540324687957764,-0.0915027054879829,victory
0.0,0.0,0.0,-0.0502469539642334,-0.06884807348251343,-0.04218278723908497,-0.0562211275100708,-0.1749083399772644,-0.06289897012663914,0.007710397243499756,-0.24329990148544312,-0.08393844115687443,0.06303417682647705,-0.289611279964447,-0.10234867680026127,-0.049274057149887085,-0.347686231136322,-0.03310482847643925,-0.076396644115448,-0.4842928647994995,-0.06404824453545643,-0.09385371208190918,-0.5704777836799622,-0.08257359164906575,-0.10844621062278748,-0.6459614038467407,-0.09402456033183171,0.01298290491104126,-0.3451882004737854,-0.03816354173375203,0.04910832643508911,-0.49540117383003235,-0.07144843685580327,0.07170206308364868,-0.5917724072933197,-0.09311952340556218,0.08987987041473389,-0.6726945638656616,-0.10240006345463826,0.05797457695007324,-0.29988300800323486,-0.04891895028902127,0.07670509815216064,-0.334408164024353,-0.09906951236678196,0.04935532808303833,-0.25864577293395996,-0.11122368919802739,0.030376136302947998,-0.208166241645813,-0.10363329845620228,0.08982300758361816,-0.23378312587738037,-0.06312847781134678,0.10745120048522949,-0.258733332157135,-0.09978891807747914,0.07754981517791748,-0.2026984691619873,-0.09904649752331807,0.05223816633224487,-0.15980714559555054,-0.08896909552765919,victory
0.0,0.0,0.0,-0.048336416482925415,-0.07031726837158203,-0.04038934365962632,-0.05535244941711426,-0.1733623743057251,-0.0598276364908088,0.007293224334716797,-0.23852002620697021,-0.08003735871170647,0.06156325340270996,-0.2863667607307434,-0.09724399031256326,-0.05030396580696106,-0.34593915939331055,-0.02881005362723954,-0.07936406135559082,-0.48136261105537415,-0.05853085921262391,-0.09654706716537476,-0.5672996342182159,-0.07568727762554772,-0.11060202121734619,-0.6430011093616486,-0.08606752337072976,0.012665808200836182,-0.34383827447891235,-0.034204776893602684,0.04673624038696289,-0.49106675386428833,-0.06648777754162438,0.06826722621917725,-0.5863372981548309,-0.08639551282976754,0.08524340391159058,-0.6662132143974304,-0.0943682003126014,0.05780583620071411,-0.29921841621398926,-0.04570015103672631,0.07831871509552002,-0.32581156492233276,-0.09679114402388223,0.05213671922683716,-0.2483515739440918,-0.10901473046396859,0.034107208251953125,-0.19777601957321167,-0.10069077790831216,0.08911013603210449,-0.23387432098388672,-0.06038766310666688,0.10822957754135132,-0.2516714930534363,-0.09746568978880532,0.07881754636764526,-0.19732427597045898,-0.0973666790232528,0.053737640380859375,-0.15646988153457642,-0.08758669675444253,victory
0.0,0.0,0.0,-0.0476495623588562,-0.06991434097290039,-0.0433140698569332,-0.051393330097198486,-0.17534762620925903,-0.06287910823994025,0.014761745929718018,-0.24059617519378662,-0.08223640953474387,0.07190251350402832,-0.2862842082977295,-0.09874447469883307,-0.04577326774597168,-0.34852349758148193,-0.029931012888482655,-0.07414436340332031,-0.4822145700454712,-0.06033842300348624,-0.09160545468330383,-0.5679564476013184,-0.07919456844501838,-0.10572677850723267,-0.6436063051223755,-0.09110964869432792,0.017177343368530273,-0.3461853265762329,-0.033811107625297154,0.05295300483703613,-0.49440091848373413,-0.06551171128921851,0.07601273059844971,-0.5886803567409515,-0.08607216214113578,0.09503358602523804,-0.6691253185272217,-0.09489449148350104,0.06196999549865723,-0.3012511134147644,-0.044015702207616414,0.08643293380737305,-0.3346456289291382,-0.09405822341614112,0.058010101318359375,-0.2571878433227539,-0.10676678304844245,0.03740358352661133,-0.20564484596252441,-0.0995366502302204,0.0941925048828125,-0.23523253202438354,-0.05783939768843993,0.11329233646392822,-0.25246620178222656,-0.09629841928654059,0.08177560567855835,-0.1954144835472107,-0.09784803574257239,0.054450929164886475,-0.15400773286819458,-0.08926712756328925,victory
0.0,0.0,0.0,-0.04652521014213562,-0.06840509176254272,-0.041715514400721077,-0.05534052848815918,-0.17224478721618652,-0.06111899066877413,0.01013273000717163,-0.23872363567352295,-0.08075221676540423,0.06966596841812134,-0.2845951318740845,-0.09746933777046252,-0.043261200189590454,-0.35255706310272217,-0.029075578341007713,-0.07386386394500732,-0.4880010485649109,-0.05842670846891451,-0.09129327535629272,-0.5731357038021088,-0.07638066310596514,-0.10423463582992554,-0.6474379599094391,-0.08765728075218249,0.021371126174926758,-0.3494367003440857,-0.03394908134055186,0.05479443073272705,-0.49719011783599854,-0.06451539743852663,0.07784581184387207,-0.5911788940429688,-0.08388441104602862,0.0974341630935669,-0.668567419052124,-0.09199273634862948,0.06745988130569458,-0.30240029096603394,-0.04505289022040415,0.08346647024154663,-0.33621925115585327,-0.0954169337840085,0.056580960750579834,-0.25834453105926514,-0.10766184378576327,0.039394915103912354,-0.20597058534622192,-0.09994474101972628,0.1005675196647644,-0.23397910594940186,-0.059435382971287254,0.11472839117050171,-0.2607274651527405,-0.09799600441169787,0.08299887180328369,-0.20288658142089844,-0.09794881988477755,0.05731385946273804,-0.15718305110931396,-0.08810158122491885,victory
0.0,0.0,0.0,-0.04887107014656067,-0.06839686632156372,-0.04277986139823042,-0.05787673592567444,-0.17021554708480835,-0.06282421053219878,0.004131495952606201,-0.23701316118240356,-0.08329792172480666,0.060632407665252686,-0.2855885624885559,-0.10038919598628127,-0.04539582133293152,-0.35537606477737427,-0.02767122388650023,-0.07484936714172363,-0.49108991026878357,-0.05616761223245703,-0.09320366382598877,-0.5760963261127472,-0.07313784808684431,-0.1068190336227417,-0.6506307125091553,-0.08375768960286223,0.018817126750946045,-0.3535383343696594,-0.03268886581827246,0.0524144172668457,-0.49987679719924927,-0.06336858720351302,0.0738486647605896,-0.5942037403583527,-0.08293825239707076,0.09163159132003784,-0.6716132164001465,-0.09109268934298598,0.06464892625808716,-0.3069331645965576,-0.04419627637435042,0.0818488597869873,-0.3430684208869934,-0.09530505389739119,0.05441474914550781,-0.2616232633590698,-0.10745908916760527,0.03623539209365845,-0.20743507146835327,-0.09938113243151747,0.09754621982574463,-0.23750585317611694,-0.059076337523947586,0.11249834299087524,-0.26473313570022583,-0.09727663398552977,0.08064991235733032,-0.20637387037277222,-0.0966848716216191,0.05434173345565796,-0.16071337461471558,-0.08646677286196791,victory
0.0,0.0,0.0,-0.048785626888275146,-0.067085862159729,-0.04311247496150372,-0.059281110763549805,-0.1737866997718811,-0.06302432669542668,0.006421804428100586,-0.24203741550445557,-0.08273001713894246,0.06635689735412598,-0.2894660234451294,-0.09940450592182515,-0.050549477338790894,-0.35565298795700073,-0.031218017919286467,-0.07880932092666626,-0.4947202205657959,-0.05967086134694455,-0.09514760971069336,-0.5797668695449829,-0.07650309009693501,-0.10827618837356567,-0.654551088809967,-0.08743967814586995,0.014692544937133789,-0.35307180881500244,-0.03474252997182248,0.050620317459106445,-0.4999784231185913,-0.06541463686369298,0.07338684797286987,-0.5941963195800781,-0.0851686517729604,0.09145158529281616,-0.6728299260139465,-0.09389932407282231,0.06186091899871826,-0.30657094717025757,-0.04436027957342503,0.07790553569793701,-0.33567333221435547,-0.09373030765198109,0.04908555746078491,-0.25866782665252686,-0.10664536012552617,0.030295073986053467,-0.20807862281799316,-0.10011216206692097,0.09561008214950562,-0.239654541015625,-0.0574155817761266,0.10581725835800171,-0.2552816867828369,-0.09566204203508732,0.07337617874145508,-0.1987987756729126,-0.09770496888302205,0.04891407489776611,-0.15796446800231934,-0.0898651997580373,victory
0.0,0.0,0.0,-0.05137646198272705,-0.06798070669174194,-0.04265743421780144,-0.06048592925071716,-0.17492187023162842,-0.06372325050102745,0.0036768317222595215,-0.24101102352142334,-0.08547396140562569,0.06100982427597046,-0.290258526802063,-0.10451531337963615,-0.041619837284088135,-0.36007803678512573,-0.02994687782990013,-0.06716978549957275,-0.49559706449508667,-0.05955492260324036,-0.08279880881309509,-0.5812550485134125,-0.07766661720739876,-0.0944075882434845,-0.6567477583885193,-0.08997144477831398,0.02424699068069458,-0.35681021213531494,-0.03573841529356514,0.060174524784088135,-0.5027358531951904,-0.06761065798269783,0.08202087879180908,-0.5951899886131287,-0.08895992415415321,0.09947413206100464,-0.6736419796943665,-0.09952949660288368,0.07089322805404663,-0.30968552827835083,-0.04780971186625038,0.08853179216384888,-0.3598816990852356,-0.09897167908417259,0.06166499853134155,-0.27987051010131836,-0.11143261867033516,0.044235289096832275,-0.22637921571731567,-0.10528150128590141,0.10390031337738037,-0.23983705043792725,-0.06324370878206764,0.11503750085830688,-0.2710949778556824,-0.10327841269241844,0.08211648464202881,-0.21299493312835693,-0.10472343789803062,0.056005775928497314,-0.16919243335723877,-0.09678561913239037,victory
0.0,0.0,0.0,-0.05103936791419983,-0.06763571500778198,-0.04231698869637057,-0.06078869104385376,-0.17043811082839966,-0.06172375067046687,0.0002294778823852539,-0.2386379837989807,-0.08140505163839862,0.05550849437713623,-0.2933512330055237,-0.09718345164230868,-0.04693412780761719,-0.3606175184249878,-0.025424080555353612,-0.07280707359313965,-0.49877452850341797,-0.05087873025706813,-0.08871516585350037,-0.5844449400901794,-0.06521447061470553,-0.10035070776939392,-0.6586136519908905,-0.07452101319006488,0.018748462200164795,-0.35722219944000244,-0.030039420937214345,0.05702167749404907,-0.5036230385303497,-0.05953428207806155,0.08090436458587646,-0.5965211689472198,-0.0781380242007117,0.09943854808807373,-0.6719489693641663,-0.08588791697195575,0.06511181592941284,-0.3092423677444458,-0.04121375515035197,0.08126312494277954,-0.34631824493408203,-0.091932684768949,0.053749680519104004,-0.2666325569152832,-0.10478872864416644,0.03593689203262329,-0.214219868183136,-0.0976518398421149,0.09769308567047119,-0.2396993637084961,-0.05563450290730998,0.11068791151046753,-0.2627376914024353,-0.09445526509455249,0.07856833934783936,-0.20470958948135376,-0.09604714124373004,0.05381965637207031,-0.16082823276519775,-0.08779081015757129,victory
0.0,0.0,0.0,-0.05120512843132019,-0.07284766435623169,-0.04288298042683891,-0.05791845917701721,-0.18070638179779053,-0.06187306123047165,0.008381307125091553,-0.24799668788909912,-0.08105188759236626,0.06712055206298828,-0.2975727915763855,-0.09686336817412666,-0.04271894693374634,-0.363868772983551,-0.0262274347451239,-0.0691615641117096,-0.5024284720420837,-0.051125531664183654,-0.08404654264450073,-0.5885317325592041,-0.06567727180390648,-0.09486180543899536,-0.6636534929275513,-0.0752924323287516,0.023313701152801514,-0.3577827215194702,-0.030340969210556068,0.06283509731292725,-0.5053266882896423,-0.05842975678115181,0.0862741470336914,-0.6007753908634186,-0.07732220890193275,0.10483700037002563,-0.6779603362083435,-0.08558499219088844,0.07025998830795288,-0.307766318321228,-0.04089067654876999,0.08188396692276001,-0.34482133388519287,-0.08968484552769951,0.05150437355041504,-0.2681170701980591,-0.10301287623315147,0.033467769622802734,-0.2166825532913208,-0.09661794604926399,0.10379678010940552,-0.2369852066040039,-0.05480222927599243,0.11365175247192383,-0.26838380098342896,-0.0922546252813845,0.07995235919952393,-0.21200823783874512,-0.09299406560330681,0.055094778537750244,-0.16711020469665527,-0.08429157139926247,victory
0.0,0.0,0.0,-0.050483137369155884,-0.06808018684387207,-0.039985699857084,-0.06035703420639038,-0.17233657836914062,-0.05869334405144855,-0.00020009279251098633,-0.2404775619506836,-0.07813222547849819,0.05536407232284546,-0.2929856777191162,-0.09410292496761485,-0.04681813716888428,-0.36129283905029297,-0.025347199568955148,-0.07169082760810852,-0.4992285966873169,-0.051096653843728745,-0.08691662549972534,-0.5844280123710632,-0.06521071335157558,-0.0982741117477417,-0.6579633355140686,-0.07403997918447658,0.018247365951538086,-0.3579480051994324,-0.03078741049250766,0.05817580223083496,-0.5037103295326233,-0.06064884578665897,0.08255791664123535,-0.5975916981697083,-0.0795313923605363,0.10153639316558838,-0.6723355948925018,-0.08716846844038173,0.06495380401611328,-0.31065452098846436,-0.042316941822377885,0.07880169153213501,-0.33973777294158936,-0.09247073372682735,0.04960775375366211,-0.26196980476379395,-0.10567144891103908,0.03070622682571411,-0.2104865312576294,-0.098829394484369,0.09842950105667114,-0.24304336309432983,-0.056906039173213685,0.10819387435913086,-0.2606557607650757,-0.09549673488220378,0.07453590631484985,-0.20142006874084473,-0.09708863338312312,0.0489886999130249,-0.15716367959976196,-0.08867136975607082,victory
0.0,0.0,0.0,-0.05194967985153198,-0.07006204128265381,-0.040598345475359565,-0.059568703174591064,-0.1757943034172058,-0.059876421021385795,0.0016731023788452148,-0.24329566955566406,-0.08022418014900268,0.0567474365234375,-0.29375213384628296,-0.09717309616701186,-0.04479259252548218,-0.362515389919281,-0.025001609252853996,-0.06835684180259705,-0.5007555484771729,-0.05077061198846877,-0.0823276937007904,-0.5870270729064941,-0.0656464263071257,-0.09327125549316406,-0.662086546421051,-0.07513901733057082,0.020642757415771484,-0.3588533401489258,-0.030632927568717605,0.06016033887863159,-0.5035566091537476,-0.059726835714741355,0.08381003141403198,-0.599127322435379,-0.0789569034446913,0.10260957479476929,-0.6763572990894318,-0.08746124200717986,0.06751871109008789,-0.3122768998146057,-0.042472073363228446,0.0814443826675415,-0.34900689125061035,-0.09105143092767776,0.052625179290771484,-0.2698969841003418,-0.10291675619976104,0.03458821773529053,-0.21509242057800293,-0.09564174108402312,0.10085660219192505,-0.24478477239608765,-0.057665230261250144,0.11191648244857788,-0.27310001850128174,-0.09450157873527587,0.0793001651763916,-0.21679461002349854,-0.0943169533480841,0.05346393585205078,-0.17051267623901367,-0.08492560081378997,victory
0.0,0.0,0.0,-0.05237472057342529,-0.06929636001586914,-0.040253541907077306,-0.061447352170944214,-0.17515677213668823,-0.059765323539977544,-0.0003299117088317871,-0.24285542964935303,-0.08074776037574338,0.056091904640197754,-0.2954791784286499,-0.09877844109178113,-0.04660657048225403,-0.36216509342193604,-0.024340232377653592,-0.07120728492736816,-0.4987347722053528,-0.050471629490857595,-0.08540371060371399,-0.5844184160232544,-0.06542684837222623,-0.09589642286300659,-0.6588031053543091,-0.07489046408772992,0.01921701431274414,-0.3583846688270569,-0.030531830629115575,0.05843961238861084,-0.5034606456756592,-0.059679824402337545,0.08154350519180298,-0.5984852015972137,-0.07912102295995282,0.09917885065078735,-0.6736629009246826,-0.0876044849956088,0.06636554002761841,-0.31082403659820557,-0.04296104191780614,0.07812356948852539,-0.34877943992614746,-0.09237777396083402,0.050221025943756104,-0.27056366205215454,-0.10559233977437543,0.033853769302368164,-0.21540498733520508,-0.09914614214540052,0.0990094542503357,-0.24263322353363037,-0.05850684224606084,0.10547775030136108,-0.268208384513855,-0.09622745170236158,0.07269066572189331,-0.21026146411895752,-0.09699271573663282,0.0492779016494751,-0.16383522748947144,-0.08815690829396772,victory
0.0,0.0,0.0,-0.052379757165908813,-0.06994956731796265,-0.04155328524154811,-0.061753153800964355,-0.17608338594436646,-0.06102986288112788,-0.0008946061134338379,-0.2449812889099121,-0.08151357275289683,0.05395066738128662,-0.29727452993392944,-0.09863658648771434,-0.04561334848403931,-0.36523008346557617,-0.02409614090663581,-0.06849697232246399,-0.5036436915397644,-0.05001113218111186,-0.08199825882911682,-0.5897988677024841,-0.06484825563472896,-0.09183669090270996,-0.6649414598941803,-0.07435992014450221,0.020007729530334473,-0.3614017963409424,-0.029691646144215156,0.057124197483062744,-0.5055736899375916,-0.05953145426553874,0.08077508211135864,-0.5993472635746002,-0.07835521948379665,0.09935510158538818,-0.6735634803771973,-0.08613976490539699,0.06688416004180908,-0.3144264817237854,-0.04190840226453929,0.08197987079620361,-0.35208165645599365,-0.09406298053306728,0.05500459671020508,-0.2683899998664856,-0.10658810687107234,0.03778928518295288,-0.210828959941864,-0.09874443364185481,0.10010391473770142,-0.2460382580757141,-0.05733084332985072,0.11151820421218872,-0.2724178433418274,-0.09904437911552577,0.07875621318817139,-0.21020978689193726,-0.1007721911076942,0.052465617656707764,-0.16105574369430542,-0.09173030060571818,victory
0.0,0.0,0.0,-0.05321580171585083,-0.07117855548858643,-0.039849649922075514,-0.06350502371788025,-0.17641913890838623,-0.0586218720237639,-0.006262004375457764,-0.2465062141418457,-0.07835227976840997,0.047911107540130615,-0.2970709204673767,-0.09491070340675378,-0.04655611515045166,-0.36248594522476196,-0.023898694471540693,-0.07023113965988159,-0.502494752407074,-0.04834530110758806,-0.08345890045166016,-0.5887675881385803,-0.062400948063555006,-0.09399715065956116,-0.6644064486026764,-0.07079340498250986,0.017720520496368408,-0.35396820306777954,-0.029176465974273924,0.05877244472503662,-0.5031037330627441,-0.05709632466835046,0.08233916759490967,-0.5982682704925537,-0.07516972701353097,0.0993233323097229,-0.673812747001648,-0.08219057302278543,0.0636664628982544,-0.3055669069290161,-0.04046587626737619,0.07641291618347168,-0.3494834303855896,-0.08958736042779947,0.048794567584991455,-0.2763786315917969,-0.10215369592708612,0.0313262939453125,-0.22301894426345825,-0.09428182225030923,0.09668755531311035,-0.2375515103340149,-0.054588086710396055,0.11303573846817017,-0.279501736164093,-0.09008184056085611,0.08331149816513062,-0.22267353534698486,-0.08748972396654153,0.059596240520477295,-0.17152947187423706,-0.07590860109132791,victory
0.0,0.0,0.0,-0.053025782108306885,-0.07280838489532471,-0.038855908190953414,-0.0637667179107666,-0.1784731149673462,-0.05706167010043828,-0.006696164608001709,-0.24717998504638672,-0.07654221517418591,0.04734528064727783,-0.2983124256134033,-0.09261137408589093,-0.04710456728935242,-0.361696720123291,-0.022515674805390518,-0.07074430584907532,-0.5010037124156952,-0.0466071644184467,-0.08422437310218811,-0.5873319208621979,-0.06011485842441289,-0.0950692892074585,-0.6620163023471832,-0.06797622305725781,0.016154825687408447,-0.3529580235481262,-0.027996591976034324,0.05632579326629639,-0.5010746121406555,-0.055636042481410186,0.08007609844207764,-0.5957933366298676,-0.07275775981520383,0.09836530685424805,-0.6690980195999146,-0.07888866377447812,0.06180095672607422,-0.3042689561843872,-0.039583535617339294,0.07250732183456421,-0.34327781200408936,-0.08779508782004086,0.044232308864593506,-0.26970893144607544,-0.09909323764418332,0.027212440967559814,-0.2176230549812317,-0.09032344234560696,0.09434807300567627,-0.23629993200302124,-0.05410984320019452,0.10918784141540527,-0.2768704295158386,-0.08825531018351285,0.07870203256607056,-0.2216983437538147,-0.08489290041302411,0.0544094443321228,-0.17238998413085938,-0.07288406205748288,victory
0.0,0.0,0.0,-0.049130022525787354,-0.06605923175811768,-0.03875218881307774,-0.061072707176208496,-0.1716288924217224,-0.05879402337609463,-0.0049988627433776855,-0.23675084114074707,-0.07973890928565197,0.05068141222000122,-0.278175413608551,-0.09893579958020382,-0.04646524786949158,-0.34782952070236206,-0.03242152733741932,-0.06809616088867188,-0.4851512014865875,-0.060367477964746286,-0.08080875873565674,-0.5696078836917877,-0.07556451288996868,-0.09222456812858582,-0.6445856094360352,-0.08455295292674236,0.015964746475219727,-0.3412896394729614,-0.037882806640254785,0.059474289417266846,-0.48464420437812805,-0.06799721149741345,0.08329075574874878,-0.5757743120193481,-0.08594490019618206,0.09972375631332397,-0.6511994004249573,-0.09317064462243252,0.060954749584198,-0.2973785400390625,-0.048432463687049676,0.07444268465042114,-0.3353061079978943,-0.09705194262801342,0.047241926193237305,-0.26007503271102905,-0.10719288317500286,0.030758678913116455,-0.20674628019332886,-0.09863060144721203,0.09194368124008179,-0.2354697585105896,-0.06180458692847424,0.09933358430862427,-0.2637633681297302,-0.0969829577022665,0.07208120822906494,-0.2028525471687317,-0.09374202219783001,0.053128600120544434,-0.15323954820632935,-0.0821659657174223,victory
0.0,0.0,0.0,-0.04899287223815918,-0.060109734535217285,-0.04336794552943957,-0.0603620707988739,-0.1617223024368286,-0.06656153214714777,-0.005038917064666748,-0.22879552841186523,-0.08988970977804911,0.05040794610977173,-0.2752183675765991,-0.111117598541,-0.044160544872283936,-0.33635222911834717,-0.03629567933819544,-0.06612670421600342,-0.4722283184528351,-0.06650183809540522,-0.07869866490364075,-0.5560028254985809,-0.08405075681946528,-0.08912003040313721,-0.6299838423728943,-0.09481562388680231,0.01745736598968506,-0.32876914739608765,-0.03999459830663454,0.06023216247558594,-0.4712575078010559,-0.07265401346228373,0.08734041452407837,-0.5594635307788849,-0.09237914247057688,0.10733979940414429,-0.635081946849823,-0.10107068432114374,0.0612834095954895,-0.2848359942436218,-0.04922968981406939,0.08034402132034302,-0.33583205938339233,-0.10071472538254511,0.05523496866226196,-0.2575584053993225,-0.11114307207606089,0.039165616035461426,-0.200727641582489,-0.1026853294446255,0.09245896339416504,-0.22174757719039917,-0.061462932206609366,0.10408401489257812,-0.2579392194747925,-0.09924228949091685,0.07471579313278198,-0.19898855686187744,-0.09723032725594294,0.051895320415496826,-0.149819016456604,-0.0865315840914036,victory
0.0,0.0,0.0,-0.046583205461502075,-0.06014823913574219,-0.04178228258820127,-0.05492165684700012,-0.16020452976226807,-0.06410954177113126,0.0003006458282470703,-0.22791272401809692,-0.08661995112629484,0.053578078746795654,-0.27791523933410645,-0.10631722986431669,-0.039593011140823364,-0.33577102422714233,-0.035448853221851095,-0.06037938594818115,-0.47280415892601013,-0.06528210669489454,-0.07253408432006836,-0.5562813878059387,-0.08134464949102949,-0.0822506844997406,-0.6294171214103699,-0.09034235059948514,0.022352933883666992,-0.32956868410110474,-0.0393296594891126,0.063193678855896,-0.4718911945819855,-0.07196196198196958,0.08970952033996582,-0.5621797442436218,-0.09043379902573179,0.10935598611831665,-0.6363133490085602,-0.09703981160851072,0.06697303056716919,-0.2857184410095215,-0.04860162764521192,0.08042526245117188,-0.32191258668899536,-0.09928350925179075,0.05385482311248779,-0.24452728033065796,-0.10879367619486402,0.03689372539520264,-0.1897740364074707,-0.09883429139586042,0.09820938110351562,-0.22394943237304688,-0.06093012571068357,0.10797280073165894,-0.25134944915771484,-0.09805139183731626,0.07699072360992432,-0.19431310892105103,-0.09557464748354505,0.05278587341308594,-0.1469549536705017,-0.08361589193077634,victory
0.0,0.0,0.0,-0.04865798354148865,-0.06552499532699585,-0.03893607636160823,-0.05688583850860596,-0.1625230312347412,-0.05970322122044536,-0.001968979835510254,-0.22569525241851807,-0.08146822978920909,0.05068463087081909,-0.268493115901947,-0.10050742854542705,-0.04135841131210327,-0.33497679233551025,-0.030403278443884574,-0.061015814542770386,-0.4681706428527832,-0.058448107588958464,-0.07240498065948486,-0.5505262017250061,-0.07391702165074321,-0.0813145637512207,-0.6216648817062378,-0.08281609942383739,0.02012050151824951,-0.3307686448097229,-0.03517225911087962,0.060986876487731934,-0.46606361865997314,-0.06636293013758632,0.08939933776855469,-0.5543675720691681,-0.08459268291659328,0.11157602071762085,-0.6262141764163971,-0.09146446515984508,0.06420677900314331,-0.2889014482498169,-0.04536002655692073,0.0803641676902771,-0.3201073408126831,-0.09411684950060817,0.05340099334716797,-0.24208217859268188,-0.1037312500662324,0.03507512807846069,-0.18692666292190552,-0.0943987124151704,0.09562444686889648,-0.22823554277420044,-0.058529534984302245,0.1063157320022583,-0.2518657445907593,-0.0931588612980363,0.07512366771697998,-0.19781720638275146,-0.09092847039170238,0.0494685173034668,-0.1537523865699768,-0.07994577069945308,victory
0.0,0.0,0.0,-0.04614758491516113,-0.061272382736206055,-0.03848409908744088,-0.055868327617645264,-0.15708023309707642,-0.05944000813099137,-0.0047110915184021,-0.22252559661865234,-0.08098227041693917,0.04670977592468262,-0.26408082246780396,-0.09990564989777795,-0.039586663246154785,-0.32886695861816406,-0.03451454895468942,-0.06011146306991577,-0.4579562544822693,-0.06486322986813775,-0.0719064474105835,-0.5389686822891235,-0.08067167061301461,-0.08065140247344971,-0.6103449463844299,-0.08923560636969796,0.022439777851104736,-0.3280797004699707,-0.03840838256212464,0.060014307498931885,-0.4578261375427246,-0.07316528516741982,0.08639514446258545,-0.5456197559833527,-0.09106012689801446,0.10710430145263672,-0.6154167056083679,-0.0965430091592907,0.06877261400222778,-0.29248589277267456,-0.0473004865917801,0.08216452598571777,-0.3052576780319214,-0.0974146972868084,0.053317248821258545,-0.22844398021697998,-0.10563163715335122,0.032399117946624756,-0.17379778623580933,-0.09466239320965997,0.1031295657157898,-0.23889601230621338,-0.05929596978160134,0.11198431253433228,-0.24758422374725342,-0.09424638259145013,0.07916027307510376,-0.18934303522109985,-0.09148132312031976,0.05091702938079834,-0.1430022120475769,-0.07945482688876382,victory
0.0,0.0,0.0,-0.04754176735877991,-0.057699382305145264,-0.038223549855331385,-0.05874189734458923,-0.15323173999786377,-0.058045324069837534,-0.006305992603302002,-0.21779310703277588,-0.07824766276536366,0.0460352897644043,-0.2608194947242737,-0.09592486558614155,-0.0398980975151062,-0.3252677917480469,-0.032604776454547846,-0.0600849986076355,-0.45361292362213135,-0.062203049791435205,-0.07101091742515564,-0.5348972976207733,-0.07800943790135761,-0.07906192541122437,-0.6057286858558655,-0.08693991242108723,0.021471619606018066,-0.3239786624908447,-0.03679506493864437,0.058159470558166504,-0.45710593461990356,-0.06984980045018574,0.08409667015075684,-0.5446378588676453,-0.08808683244643589,0.1042819619178772,-0.6153389513492584,-0.09440866498408695,0.06536883115768433,-0.28600507974624634,-0.04605349166450878,0.08103501796722412,-0.307922899723053,-0.09616027413068196,0.054235994815826416,-0.2334766387939453,-0.10632816342769047,0.03455322980880737,-0.179609477519989,-0.09709310917315861,0.09663450717926025,-0.23010051250457764,-0.05817912532148739,0.10522985458374023,-0.23660534620285034,-0.09593411175666233,0.07355797290802002,-0.17925423383712769,-0.09617806611714741,0.04625856876373291,-0.13376069068908691,-0.08609506873546025,victory
0.0,0.0,0.0,-0.04475569725036621,-0.059075117111206055,-0.037507185392428255,-0.055417776107788086,-0.15509355068206787,-0.05702219312672696,-0.005748271942138672,-0.21899354457855225,-0.07716930811886868,0.044423699378967285,-0.26182591915130615,-0.09503362482075772,-0.03602001070976257,-0.32418352365493774,-0.031092559598732805,-0.056853264570236206,-0.4499701261520386,-0.05969114383344731,-0.06847193837165833,-0.5296264886856079,-0.07544920002703748,-0.07698726654052734,-0.5987708270549774,-0.08442384903912625,0.023626863956451416,-0.3209289312362671,-0.03557375600223622,0.06019383668899536,-0.45197808742523193,-0.06770993178372464,0.08545011281967163,-0.5381794571876526,-0.08566494440322003,0.10513097047805786,-0.6072151064872742,-0.0921204776096829,0.06723660230636597,-0.28282779455184937,-0.04512722571973882,0.07891243696212769,-0.3103185296058655,-0.09422195111994824,0.05428934097290039,-0.2363060712814331,-0.10391655718569837,0.03696703910827637,-0.18255728483200073,-0.09476535176520429,0.0992741584777832,-0.2277337908744812,-0.05748596569185338,0.1070752739906311,-0.24676847457885742,-0.09312553858046613,0.07734191417694092,-0.19062036275863647,-0.09162295018916211,0.052717506885528564,-0.1448022723197937,-0.08089717631821713,victory
0.0,0.0,0.0,-0.04429340362548828,-0.056835711002349854,-0.03674203136773713,-0.05753880739212036,-0.15019887685775757,-0.0558795256337703,-0.010762155055999756,-0.214546799659729,-0.07567516321154244,0.04064971208572388,-0.25647157430648804,-0.09294818693609841,-0.037450313568115234,-0.3175860047340393,-0.02861921468587525,-0.057075828313827515,-0.4415060877799988,-0.0559124646505893,-0.0683700442314148,-0.5194589793682098,-0.07093231731863625,-0.07617610692977905,-0.587083250284195,-0.07992508614273675,0.02117973566055298,-0.31372636556625366,-0.03331528210850365,0.056868791580200195,-0.4418260157108307,-0.06399918699474938,0.08321624994277954,-0.5250304341316223,-0.08191965872259743,0.10485869646072388,-0.5915220677852631,-0.08895518982620843,0.06373947858810425,-0.2750434875488281,-0.04306648278446801,0.07248830795288086,-0.3020349144935608,-0.09069294834347374,0.04757249355316162,-0.2317432165145874,-0.10111060345383294,0.03141969442367554,-0.17979252338409424,-0.0934650784155906,0.09476232528686523,-0.21956831216812134,-0.05562269294472344,0.09813880920410156,-0.2321925163269043,-0.09143955612393029,0.06887292861938477,-0.17682498693466187,-0.09165036285133965,0.04689610004425049,-0.13188636302947998,-0.08263887071819909,victory
0.0,0.0,0.0,-0.046458691358566284,-0.05641072988510132,-0.0377244996723789,-0.06140497326850891,-0.14745378494262695,-0.05919243869158208,-0.013424277305603027,-0.20951879024505615,-0.08091117915483892,0.036251604557037354,-0.2546641230583191,-0.10004067894789159,-0.03836071491241455,-0.31458139419555664,-0.034990952431883215,-0.06039708852767944,-0.4412844479084015,-0.06503085520836294,-0.07302716374397278,-0.5214800536632538,-0.08165435221764028,-0.08120447397232056,-0.5914337038993835,-0.0914458456334728,0.02013343572616577,-0.30890703201293945,-0.039775622158970236,0.05486929416656494,-0.4372677206993103,-0.0728693577346462,0.08143442869186401,-0.522314578294754,-0.09131697294088781,0.10339725017547607,-0.5909393131732941,-0.09828876432749212,0.06263387203216553,-0.26754701137542725,-0.04931412366005361,0.07075083255767822,-0.2934245467185974,-0.09859555688473165,0.04438287019729614,-0.2223336100578308,-0.10734218832823217,0.027754664421081543,-0.1706668734550476,-0.09805881705852926,0.09347569942474365,-0.2094438672065735,-0.06161762130233228,0.09727984666824341,-0.22441720962524414,-0.09870937195393026,0.06567895412445068,-0.16990667581558228,-0.09724071350666463,0.04137074947357178,-0.1257653832435608,-0.08634028312536657,victory
0.0,0.0,0.0,-0.04472741484642029,-0.05699437856674194,-0.036964225927647476,-0.05794587731361389,-0.14576828479766846,-0.058355528274830704,-0.01215854287147522,-0.2091190218925476,-0.08022699818974388,0.03636515140533447,-0.2509891986846924,-0.09913959668045891,-0.03793415427207947,-0.3122254014015198,-0.033324669460114364,-0.05983990430831909,-0.4346218705177307,-0.06260802910691154,-0.07251870632171631,-0.5128355026245117,-0.0790842430389489,-0.08119416236877441,-0.5799765288829803,-0.08896980003481758,0.01920408010482788,-0.30759137868881226,-0.038337885747012024,0.051647722721099854,-0.43174612522125244,-0.0709169091380204,0.07836192846298218,-0.5137012898921967,-0.08900425151949776,0.10105687379837036,-0.5777485966682434,-0.09586970076924217,0.06132984161376953,-0.26723527908325195,-0.04807912872200859,0.07001370191574097,-0.2881949543952942,-0.09457823202973259,0.04345238208770752,-0.22045624256134033,-0.10173049137955559,0.026515185832977295,-0.17100203037261963,-0.09213165507679832,0.09162634611129761,-0.20942455530166626,-0.06092690245276344,0.09587866067886353,-0.2230948805809021,-0.09482109860545052,0.06504309177398682,-0.17225509881973267,-0.0924330012596215,0.04072195291519165,-0.13005048036575317,-0.0815150024092759,victory
0.0,0.0,0.0,-0.04457104206085205,-0.055966854095458984,-0.035013194403859416,-0.057745397090911865,-0.1439613699913025,-0.05477653744003419,-0.013220638036727905,-0.20608818531036377,-0.07512486281177644,0.033316850662231445,-0.2467547059059143,-0.09257047178527955,-0.03799635171890259,-0.3065415620803833,-0.029806533104988375,-0.060579001903533936,-0.42756521701812744,-0.05724887477538232,-0.07328435778617859,-0.5042701661586761,-0.07257316561720017,-0.08166199922561646,-0.5695385932922363,-0.08170266004583482,0.01787698268890381,-0.3029250502586365,-0.0346847988881791,0.0499957799911499,-0.42582643032073975,-0.06490903647920732,0.07348120212554932,-0.5046671032905579,-0.08139787169477586,0.09293413162231445,-0.5645357668399811,-0.08740505876323823,0.05865049362182617,-0.2638867497444153,-0.04428824337503556,0.06892502307891846,-0.28953295946121216,-0.0883405089595044,0.04325234889984131,-0.223824143409729,-0.0947964444973195,0.02631932497024536,-0.17594879865646362,-0.08544990720531587,0.08790868520736694,-0.20762109756469727,-0.05678467007658128,0.09291231632232666,-0.22337836027145386,-0.08864587845584992,0.06272232532501221,-0.17270976305007935,-0.08567378225109223,0.03881925344467163,-0.1312909722328186,-0.07490103246948365,victory
0.0,0.0,0.0,-0.04708731174468994,-0.05691641569137573,-0.03637477718251603,-0.059681832790374756,-0.145538330078125,-0.05664062462705033,-0.011889427900314331,-0.2073642611503601,-0.07726084776180642,0.0354575514793396,-0.24977892637252808,-0.09499780423897164,-0.038909465074539185,-0.30375730991363525,-0.03250461034434693,-0.06002312898635864,-0.425759494304657,-0.059862222149547506,-0.07234793901443481,-0.5025869905948639,-0.07474451847332375,-0.08033585548400879,-0.5693669021129608,-0.0838660035278167,0.0174596905708313,-0.299429714679718,-0.03735426776069062,0.050421953201293945,-0.4220927357673645,-0.06754356957929986,0.07444256544113159,-0.5027762353420258,-0.08368203379171746,0.09417146444320679,-0.5658317506313324,-0.08966113962191002,0.058396339416503906,-0.2588101029396057,-0.04701511524575608,0.06777280569076538,-0.28660792112350464,-0.09187840260523217,0.04158669710159302,-0.21898341178894043,-0.09823283888357537,0.025060296058654785,-0.17126715183258057,-0.08877656198995965,0.08816421031951904,-0.20071130990982056,-0.05965642966287987,0.09378600120544434,-0.2191663384437561,-0.09272730685728447,0.062360942363739014,-0.1695317029953003,-0.09014482386368172,0.037435829639434814,-0.12994545698165894,-0.0796417329456176,victory
0.0,0.0,0.0,-0.04646003246307373,-0.05410277843475342,-0.03510510468885286,-0.05876836180686951,-0.14165157079696655,-0.05547390425607546,-0.015461206436157227,-0.20544177293777466,-0.07623614663287981,0.02707761526107788,-0.24963098764419556,-0.09428879911109789,-0.039670705795288086,-0.303283154964447,-0.03102043004736288,-0.061724960803985596,-0.4207029938697815,-0.05855965906783922,-0.07473281025886536,-0.49652910232543945,-0.07512207621738298,-0.08440163731575012,-0.5618700087070465,-0.08585396701499803,0.015768468379974365,-0.29897987842559814,-0.036758034620731905,0.048110783100128174,-0.42096999287605286,-0.06715873176261766,0.07015329599380493,-0.5003864467144012,-0.08512939805194719,0.08740133047103882,-0.5623757839202881,-0.09316015535995348,0.05630350112915039,-0.25919395685195923,-0.04696450674936159,0.06384128332138062,-0.29714739322662354,-0.08996954107686861,0.040329158306121826,-0.23591399192810059,-0.09580704862281664,0.025507867336273193,-0.19111377000808716,-0.08743076318904741,0.08538615703582764,-0.20165973901748657,-0.06004977146193369,0.08782494068145752,-0.22964072227478027,-0.09118244344398363,0.0603327751159668,-0.18115735054016113,-0.0870430126230417,0.04015094041824341,-0.14043748378753662,-0.07618811273977144,victory
0.0,0.0,0.0,-0.04587849974632263,-0.05491131544113159,-0.031879536325618574,-0.059132784605026245,-0.14584076404571533,-0.04976841759173567,-0.017551660537719727,-0.2088075876235962,-0.06828203004090483,0.025627315044403076,-0.25180745124816895,-0.08499049347130949,-0.041957080364227295,-0.3010873794555664,-0.026836268121883222,-0.06237483024597168,-0.41860103607177734,-0.05190970700471098,-0.07361352443695068,-0.4928814172744751,-0.06710917454449827,-0.08143997192382812,-0.5564586222171783,-0.07700670462338621,0.01129847764968872,-0.29507768154144287,-0.03310649793831999,0.044168949127197266,-0.4169321656227112,-0.06043547343699629,0.06435292959213257,-0.494119793176651,-0.0775839085528105,0.07946747541427612,-0.5550858974456787,-0.08574526708810026,0.05023235082626343,-0.2563747763633728,-0.043592009211465665,0.06089204549789429,-0.3049848675727844,-0.08463181507079298,0.038986146450042725,-0.24937987327575684,-0.0922526935884207,0.025703072547912598,-0.2078007459640503,-0.08625068467347319,0.07757353782653809,-0.20084625482559204,-0.056402924920007536,0.07869607210159302,-0.23052829504013062,-0.08785582285611326,0.053633689880371094,-0.18068641424179077,-0.0852161939093321,0.03702354431152344,-0.1392735242843628,-0.07598745029656584,victory
0.0,0.0,0.0,-0.04654929041862488,-0.053630709648132324,-0.03161536375438345,-0.05993741750717163,-0.14035671949386597,-0.04939015427981985,-0.018431246280670166,-0.20351052284240723,-0.06836221957956923,0.02558797597885132,-0.24741864204406738,-0.08498316103970183,-0.04029273986816406,-0.2975154519081116,-0.02431612307583464,-0.060536742210388184,-0.41242414712905884,-0.04868358591949118,-0.07188570499420166,-0.48518818616867065,-0.06244255820666922,-0.08034777641296387,-0.5473625063896179,-0.07077312315260542,0.012215137481689453,-0.2923986315727234,-0.03110630842303408,0.04485619068145752,-0.41596072912216187,-0.05770170161878241,0.06518816947937012,-0.49427422881126404,-0.07327671194826735,0.08048152923583984,-0.554816871881485,-0.0793314113691963,0.05121564865112305,-0.2518521547317505,-0.04248115638648642,0.057567298412323,-0.2885955572128296,-0.08392350966488493,0.033772289752960205,-0.2271978259086609,-0.0912497549728073,0.020106196403503418,-0.18355965614318848,-0.08347408319269789,0.07875579595565796,-0.19446676969528198,-0.05628326008474005,0.08126252889633179,-0.22077417373657227,-0.08655423516785277,0.05445832014083862,-0.1728695034980774,-0.08356365407263411,0.035556137561798096,-0.13371992111206055,-0.07350602591787947,victory
0.0,0.0,0.0,-0.04671090841293335,-0.05453258752822876,-0.030865284370406698,-0.06083977222442627,-0.14334559440612793,-0.048368408100827764,-0.0204104483127594,-0.20539796352386475,-0.06696719558738096,0.023120075464248657,-0.24885213375091553,-0.08381962658665998,-0.04374781250953674,-0.2971336841583252,-0.024520103575810026,-0.06133061647415161,-0.4128846824169159,-0.048132716434224676,-0.07056140899658203,-0.48497551679611206,-0.061930465268119406,-0.07729080319404602,-0.5469557642936707,-0.07103136064313276,0.009762853384017944,-0.2902417778968811,-0.03139056892894132,0.04341432452201843,-0.4121319055557251,-0.05832887695930822,0.06351634860038757,-0.48871076107025146,-0.07499530793927534,0.078154057264328,-0.5489216446876526,-0.0827027622034393,0.050117284059524536,-0.25070804357528687,-0.04250334458254201,0.053576499223709106,-0.30312007665634155,-0.08376643689177854,0.030371934175491333,-0.24722552299499512,-0.09180067362092359,0.01789352297782898,-0.20654910802841187,-0.08590620638631208,0.07993748784065247,-0.19461721181869507,-0.05574639024041517,0.07504001259803772,-0.22797638177871704,-0.08717628450892789,0.048151761293411255,-0.1786034107208252,-0.08498199166558607,0.03165474534034729,-0.13797062635421753,-0.07618988187812192,victory
0.0,0.0,0.0,-0.048078179359436035,-0.05612444877624512,-0.031551929156762526,-0.062301069498062134,-0.14506655931472778,-0.04907358993170874,-0.020039647817611694,-0.2076776623725891,-0.06767372597334997,0.025113403797149658,-0.24870997667312622,-0.08450148064969198,-0.0424233078956604,-0.29397648572921753,-0.02504164722142832,-0.061419665813446045,-0.4079625606536865,-0.04908497441886084,-0.07199153304100037,-0.4800422191619873,-0.06351241279719488,-0.08009803295135498,-0.5422902703285217,-0.073218164931518,0.010435223579406738,-0.28863340616226196,-0.03143775273440497,0.04196763038635254,-0.4101492166519165,-0.05716662291763441,0.06097167730331421,-0.4853009283542633,-0.07288861085055487,0.07483214139938354,-0.5450036227703094,-0.0804375093090357,0.05003976821899414,-0.24910402297973633,-0.04230496097682135,0.05696290731430054,-0.3037434220314026,-0.08290662426827566,0.0331578254699707,-0.24570292234420776,-0.09052827019570486,0.019363224506378174,-0.20227622985839844,-0.08455534089682715,0.07918637990951538,-0.19160819053649902,-0.055489698390942976,0.07756966352462769,-0.22412270307540894,-0.08722880293009894,0.04893004894256592,-0.17766571044921875,-0.08611541051743643,0.028979599475860596,-0.13837146759033203,-0.07821328748343603,victory
0.0,0.0,0.0,-0.047755688428878784,-0.05438202619552612,-0.03410993525443473,-0.061219215393066406,-0.14222902059555054,-0.05319987246451774,-0.0170021653175354,-0.20616209506988525,-0.07311745369491973,0.028661727905273438,-0.250558078289032,-0.09089226657209792,-0.041067808866500854,-0.29180270433425903,-0.028203688651899483,-0.06007501482963562,-0.4077097773551941,-0.05390390390215316,-0.06968125700950623,-0.48075997829437256,-0.06841746354160705,-0.07603836059570312,-0.5434841215610504,-0.0776205697065393,0.013350367546081543,-0.2862400412559509,-0.033931303859333184,0.044225335121154785,-0.4065667688846588,-0.06233842307386794,0.06305557489395142,-0.4830288290977478,-0.07846418404636779,0.07686924934387207,-0.5432256460189819,-0.08529393756447234,0.054404377937316895,-0.2466558814048767,-0.0443895981615583,0.05797374248504639,-0.2944651246070862,-0.08887818837223449,0.03398430347442627,-0.23046398162841797,-0.09607582920847335,0.020750224590301514,-0.18395400047302246,-0.08806305015144744,0.08542603254318237,-0.18968796730041504,-0.05723498025594154,0.0824546217918396,-0.22172784805297852,-0.09122328096685806,0.05353045463562012,-0.1729763150215149,-0.08966373288689056,0.033511340618133545,-0.13216477632522583,-0.0803928264385263,victory
0.0,0.0,0.0,-0.04651451110839844,-0.05441784858703613,-0.031580880091553354,-0.061031848192214966,-0.14261358976364136,-0.04848198945916238,-0.018402844667434692,-0.20625609159469604,-0.06634699906504693,0.026477426290512085,-0.24879735708236694,-0.08215546216166558,-0.04253500699996948,-0.2880306839942932,-0.023100955219035768,-0.06126925349235535,-0.40083080530166626,-0.04632976259387078,-0.07124710083007812,-0.4715709090232849,-0.06003000195420327,-0.07875657081604004,-0.5326708257198334,-0.0693019589344317,0.009662359952926636,-0.28313082456588745,-0.02903974223232808,0.04048207402229309,-0.40092483162879944,-0.054978586540585184,0.06039533019065857,-0.4743589162826538,-0.07087777163184228,0.07508668303489685,-0.5338029563426971,-0.0784029548922831,0.048319488763809204,-0.24428123235702515,-0.03954520802295747,0.05433639883995056,-0.29226237535476685,-0.08055816198981347,0.03085651993751526,-0.23302972316741943,-0.08811985309517922,0.017249852418899536,-0.18996679782867432,-0.08183364923394265,0.07716426253318787,-0.18804937601089478,-0.05236597339904847,0.07502707839012146,-0.21724331378936768,-0.08376500363743844,0.04818412661552429,-0.17132258415222168,-0.08256976659691873,0.030135303735733032,-0.133664071559906,-0.07460601236022057,victory
0.0,0.0,0.0,-0.046600669622421265,-0.050202250480651855,-0.03319434445620573,-0.060593217611312866,-0.13661503791809082,-0.05141900103808439,-0.019738733768463135,-0.20060813426971436,-0.07003255930067098,0.023778468370437622,-0.24647539854049683,-0.08674542602420843,-0.04339975118637085,-0.2802421450614929,-0.02709981050611532,-0.06148180365562439,-0.3951089382171631,-0.05186703052640951,-0.07136410474777222,-0.4664486050605774,-0.06632331755281484,-0.0778067409992218,-0.5281094610691071,-0.07560844715953863,0.00737878680229187,-0.2765057682991028,-0.03214682635189092,0.03701719641685486,-0.395841121673584,-0.05867112051964796,0.055750638246536255,-0.46979302167892456,-0.0746789425265888,0.06988862156867981,-0.5299644768238068,-0.08222714808107412,0.04433479905128479,-0.24001997709274292,-0.041652951354990364,0.05637505650520325,-0.2925450801849365,-0.08369606729866064,0.03433111310005188,-0.23254704475402832,-0.091322645510445,0.020969361066818237,-0.18818223476409912,-0.08497864004493749,0.07149818539619446,-0.18624091148376465,-0.05343037467719114,0.07305517792701721,-0.21606844663619995,-0.08680357780576742,0.047841817140579224,-0.166487455368042,-0.0859936922443012,0.030428022146224976,-0.12616562843322754,-0.07784772660852468,victory
0.0,0.0,0.0,-0.04672995209693909,-0.05035209655761719,-0.03223344039344056,-0.060187309980392456,-0.13521963357925415,-0.04931661587380631,-0.019872963428497314,-0.19951850175857544,-0.06688223879956467,0.02182099223136902,-0.2458307147026062,-0.08227960866116746,-0.044238537549972534,-0.2833254337310791,-0.024130650872223214,-0.061923444271087646,-0.39726871252059937,-0.04715890910648568,-0.07061493396759033,-0.4689677357673645,-0.060299866909019784,-0.07709035277366638,-0.5295120477676392,-0.06838613104247315,0.007625073194503784,-0.2788453698158264,-0.029034017661444977,0.038004904985427856,-0.3965948224067688,-0.054293447250358895,0.055996447801589966,-0.47011494636535645,-0.06875955414199098,0.06806424260139465,-0.5277728140354156,-0.07461325179957612,0.04584452509880066,-0.24224084615707397,-0.03859303247355683,0.05307331681251526,-0.28744977712631226,-0.08010826360606416,0.0314888060092926,-0.2283022403717041,-0.0877634594979213,0.01862749457359314,-0.18510699272155762,-0.08074543725871308,0.07381686568260193,-0.18884938955307007,-0.0503157387318538,0.07615795731544495,-0.22102832794189453,-0.08250220965766175,0.05066445469856262,-0.17234951257705688,-0.08101693641566499,0.03199931979179382,-0.1314653754234314,-0.07212929528378709,victory
0.0,0.0,0.0,-0.04505935311317444,-0.05004090070724487,-0.03308209113214389,-0.05790513753890991,-0.13547873497009277,-0.051176645675639065,-0.016934633255004883,-0.19883882999420166,-0.06950364343259707,0.02535182237625122,-0.24486380815505981,-0.08596462092731372,-0.04224127531051636,-0.27925825119018555,-0.02755489281747714,-0.06025826930999756,-0.3929474353790283,-0.051883031496743115,-0.07042467594146729,-0.46468913555145264,-0.06612069241140262,-0.07762998342514038,-0.5257726907730103,-0.07523059926364795,0.008094608783721924,-0.2751622200012207,-0.03214713639948741,0.03748345375061035,-0.3926593065261841,-0.05830885178778544,0.055462539196014404,-0.46551603078842163,-0.07407277158830539,0.068947434425354,-0.5244860947132111,-0.08142156980369464,0.044924139976501465,-0.23895233869552612,-0.0411101215276517,0.057020604610443115,-0.28775447607040405,-0.08239282003972903,0.034065067768096924,-0.228277325630188,-0.09003204188678637,0.019965827465057373,-0.1846545934677124,-0.08373535505864993,0.07176488637924194,-0.18599367141723633,-0.05231820500824824,0.07512545585632324,-0.21718984842300415,-0.08465350500677005,0.05020838975906372,-0.1690475344657898,-0.0837005608472623,0.032625794410705566,-0.1292693018913269,-0.07558305642936602,victory
0.0,0.0,0.0,-0.045050978660583496,-0.051037371158599854,-0.03277621972796396,-0.057056725025177,-0.13693350553512573,-0.05094193476674036,-0.01753842830657959,-0.20065385103225708,-0.06955959829923586,0.02473589777946472,-0.24564266204833984,-0.08606090578672365,-0.04417493939399719,-0.2807035446166992,-0.026074167298645534,-0.06178876757621765,-0.394719660282135,-0.05057981792327837,-0.07115468382835388,-0.4662383198738098,-0.06442377898332552,-0.0780358612537384,-0.526692122220993,-0.07285338077184633,0.007499426603317261,-0.27486181259155273,-0.03093064199623541,0.038637369871139526,-0.3922642767429352,-0.058089332612723865,0.056298524141311646,-0.46426278352737427,-0.07293264004823641,0.06855431199073792,-0.521356463432312,-0.0786009523594089,0.04611054062843323,-0.23742586374282837,-0.04035299080845789,0.055176228284835815,-0.28545939922332764,-0.08380086902019457,0.03155800700187683,-0.22325491905212402,-0.08999169054862932,0.01755627989768982,-0.1784701943397522,-0.08117387625810579,0.07465764880180359,-0.18334615230560303,-0.05181221100923494,0.07603946328163147,-0.21944957971572876,-0.08472514334556536,0.050404101610183716,-0.17084825038909912,-0.08169008973476366,0.03251656889915466,-0.13017338514328003,-0.07118462953206972,victory
0.0,0.0,0.0,-0.04615539312362671,-0.05048626661300659,-0.03287544796808106,-0.058234602212905884,-0.13753056526184082,-0.05040288294298989,-0.018272101879119873,-0.20243442058563232,-0.06824174473626954,0.023278653621673584,-0.2484920620918274,-0.08382123658998353,-0.04481595754623413,-0.2823978066444397,-0.025115884343222206,-0.06317198276519775,-0.39626532793045044,-0.04859464565856797,-0.07297313213348389,-0.46907681226730347,-0.06222123602969987,-0.08040174841880798,-0.5300603806972504,-0.07105875710590226,0.006514012813568115,-0.27610981464385986,-0.029902742678359573,0.03695070743560791,-0.3924492597579956,-0.05633409644110543,0.054932355880737305,-0.46427232027053833,-0.07153285245044572,0.0676385760307312,-0.5209785997867584,-0.07807539353711945,0.04507744312286377,-0.23828715085983276,-0.039309467623070304,0.053573429584503174,-0.2863239049911499,-0.0817344779763971,0.030459225177764893,-0.22706866264343262,-0.0885912398491655,0.016790807247161865,-0.1840343475341797,-0.08114384065015656,0.07377135753631592,-0.1842421293258667,-0.05086630905611855,0.07501053810119629,-0.22036319971084595,-0.0837314347420488,0.0489463210105896,-0.17301321029663086,-0.08172980646236283,0.030696451663970947,-0.13286304473876953,-0.0725239808355127,victory
0.0,0.0,0.0,-0.04553231596946716,-0.0489879846572876,-0.03346111111773098,-0.05997714400291443,-0.13321638107299805,-0.05171013854874218,-0.02290242910385132,-0.19837701320648193,-0.07003047176135624,0.018080562353134155,-0.24217283725738525,-0.08592164375318134,-0.046043843030929565,-0.28114426136016846,-0.02704042986465538,-0.06300616264343262,-0.39454177021980286,-0.0506693445934161,-0.07203200459480286,-0.4666616916656494,-0.06417924024594868,-0.07854673266410828,-0.5272459089756012,-0.07262534507049168,0.004317611455917358,-0.27454429864883423,-0.030917825628648643,0.03534093499183655,-0.38832274079322815,-0.057321412940154914,0.05359545350074768,-0.45893263816833496,-0.07158245005143726,0.06686517596244812,-0.5152245759963989,-0.0773419425679549,0.04214683175086975,-0.2376178503036499,-0.03935321279300297,0.049446433782577515,-0.27934277057647705,-0.08080969609750355,0.025875478982925415,-0.2194618582725525,-0.0866207391811713,0.011907368898391724,-0.17681622505187988,-0.07834566988481129,0.06982114911079407,-0.18503427505493164,-0.050096082021127586,0.07299473881721497,-0.22123116254806519,-0.0809473753763541,0.04786226153373718,-0.1748064160346985,-0.07780033208860004,0.02985730767250061,-0.13509231805801392,-0.06794078506959522,victory
0.0,0.0,0.0,-0.04464668035507202,-0.050611019134521484,-0.0319210452785228,-0.058334797620773315,-0.13211065530776978,-0.04939239973327858,-0.02092072367668152,-0.19240409135818481,-0.0670969201078151,0.019472867250442505,-0.23530226945877075,-0.08238071331879837,-0.04461956024169922,-0.2756551504135132,-0.02515023144087536,-0.06165468692779541,-0.38679853081703186,-0.04669322574636681,-0.07043147087097168,-0.4556659460067749,-0.058778846060249634,-0.0774797797203064,-0.5140222907066345,-0.06599447259804947,0.0034398138523101807,-0.2703772783279419,-0.02842268290123684,0.035599321126937866,-0.3828936517238617,-0.05200962850949509,0.05452194809913635,-0.45302122831344604,-0.06466288993260605,0.06768444180488586,-0.5081751346588135,-0.06947078684470398,0.039033085107803345,-0.23619508743286133,-0.03616102540991051,0.04649671912193298,-0.2691114544868469,-0.07368710020682556,0.025986522436141968,-0.2135944962501526,-0.07990431169173462,0.013677746057510376,-0.17388099431991577,-0.07268503436944229,0.06495681405067444,-0.1874455213546753,-0.046306142007324524,0.07295981049537659,-0.21940910816192627,-0.07363284507891876,0.04991665482521057,-0.17396056652069092,-0.07037760445973618,0.032153040170669556,-0.13493704795837402,-0.06111883500716431,victory
0.0,0.0,0.0,-0.0446527898311615,-0.04750543832778931,-0.032228480180833685,-0.057897984981536865,-0.13020074367523193,-0.04899674197110926,-0.019924551248550415,-0.19308656454086304,-0.06573226591024195,0.021009624004364014,-0.23779046535491943,-0.07998962243470942,-0.04432043433189392,-0.2701861262321472,-0.025091751566264975,-0.06176730990409851,-0.3823639154434204,-0.04650683989200388,-0.06991535425186157,-0.45032674074172974,-0.058015353134010184,-0.07587495446205139,-0.5076674222946167,-0.06459971805486475,0.003822535276412964,-0.2664759159088135,-0.028057861229513037,0.03604757785797119,-0.3811671733856201,-0.05169562538537775,0.05489856004714966,-0.45225298404693604,-0.06428558667573725,0.0680355429649353,-0.5078314244747162,-0.06875267913017069,0.03895527124404907,-0.2331860065460205,-0.03545471568975245,0.04638493061065674,-0.2699539065361023,-0.0742898910251597,0.026112854480743408,-0.21201372146606445,-0.08052924563560282,0.014462888240814209,-0.1704598069190979,-0.07278468002948557,0.0646827220916748,-0.18492460250854492,-0.045148703357313025,0.07215893268585205,-0.21728414297103882,-0.07470393469009196,0.04943889379501343,-0.16909676790237427,-0.07192992707166468,0.032285332679748535,-0.12825167179107666,-0.06238371049437319,victory
0.0,0.0,0.0,-0.044067442417144775,-0.05015331506729126,-0.031007427608187754,-0.05852922797203064,-0.13086098432540894,-0.04810227442305859,-0.023385167121887207,-0.1929808259010315,-0.06523950014036473,0.016612350940704346,-0.23710757493972778,-0.07972569379728611,-0.04546540975570679,-0.2686085104942322,-0.02531646366935547,-0.06225776672363281,-0.37760090827941895,-0.04596909496706303,-0.07099324464797974,-0.44454705715179443,-0.057033806925232966,-0.07750585675239563,-0.5013581812381744,-0.06336111191433247,0.001774907112121582,-0.26217466592788696,-0.028467560072954257,0.033536434173583984,-0.3739992380142212,-0.05132647964876469,0.05121016502380371,-0.4430437684059143,-0.06259476754587467,0.06384772062301636,-0.4968305826187134,-0.06614048395078953,0.03662151098251343,-0.22723901271820068,-0.035892512535269816,0.04155158996582031,-0.26124560832977295,-0.07300103071850117,0.02076280117034912,-0.20505011081695557,-0.07755327585857685,0.010025709867477417,-0.16565752029418945,-0.06874490145366963,0.061815738677978516,-0.17809557914733887,-0.04554283607524212,0.06924629211425781,-0.21613025665283203,-0.0721673107497054,0.04664069414138794,-0.17165642976760864,-0.06744327012222584,0.03044348955154419,-0.13266557455062866,-0.05687443528097447,victory
0.0,0.0,0.0,-0.04469600319862366,-0.04752349853515625,-0.030801111087271238,-0.05998322367668152,-0.12646269798278809,-0.04788154661662247,-0.025572478771209717,-0.18782556056976318,-0.0649320699275222,0.012776345014572144,-0.2323949933052063,-0.0796066887677398,-0.047263145446777344,-0.2691744565963745,-0.023912429064580465,-0.06662875413894653,-0.3723028898239136,-0.044849283248254324,-0.07652828097343445,-0.4373367428779602,-0.05736889243132737,-0.08358195424079895,-0.49261370301246643,-0.0651609666646209,0.0009780526161193848,-0.26351702213287354,-0.02732004709548619,0.030325591564178467,-0.37296080589294434,-0.04992872402078774,0.04784846305847168,-0.4409506320953369,-0.06281600072986748,0.06020832061767578,-0.49466443061828613,-0.06836182549602654,0.03601628541946411,-0.2292696237564087,-0.03503774404532578,0.047672390937805176,-0.26918190717697144,-0.07191380038864281,0.02866309881210327,-0.21481937170028687,-0.07803603187210228,0.016314804553985596,-0.17415088415145874,-0.0713250257075515,0.060972392559051514,-0.17984896898269653,-0.04489957839257386,0.0678335428237915,-0.2125554084777832,-0.07301793918020394,0.04584747552871704,-0.16785180568695068,-0.07049444243318703,0.02877175807952881,-0.12839019298553467,-0.06177312806255486,victory
0.0,0.0,0.0,-0.043390899896621704,-0.045195698738098145,-0.029712251025216574,-0.05823853611946106,-0.12727755308151245,-0.0456126859513688,-0.02073270082473755,-0.18944239616394043,-0.06160251853145837,0.02080434560775757,-0.23119211196899414,-0.0758849090067315,-0.045187801122665405,-0.26416438817977905,-0.02495897990741014,-0.06359905004501343,-0.3677524924278259,-0.046703488203661436,-0.07316944003105164,-0.4321100413799286,-0.059508231106178755,-0.08005410432815552,-0.4868914783000946,-0.06753069964327096,0.002642691135406494,-0.2607104182243347,-0.0290607852963376,0.03160303831100464,-0.3737030625343323,-0.05166771319784402,0.04838651418685913,-0.4432935416698456,-0.06504497733988046,0.06099724769592285,-0.4987275302410126,-0.07108454463161706,0.03765147924423218,-0.22766733169555664,-0.03716875297106981,0.05057889223098755,-0.2682800889015198,-0.07410105374731302,0.029282033443450928,-0.2139807939529419,-0.08150824216284036,0.01599264144897461,-0.17339986562728882,-0.07599954363979577,0.06255662441253662,-0.17954492568969727,-0.04732363727964639,0.06721353530883789,-0.20722615718841553,-0.07714418378748178,0.04365742206573486,-0.16105639934539795,-0.0764981662956643,0.0261877179145813,-0.12224650382995605,-0.06911239084877252,victory
0.0,0.0,0.0,-0.0444166362285614,-0.047925472259521484,-0.02948619404889996,-0.059766143560409546,-0.12781411409378052,-0.04551329443313534,-0.023595094680786133,-0.19067442417144775,-0.06183055767871792,0.017019569873809814,-0.23402035236358643,-0.07591416666366513,-0.04870152473449707,-0.26459383964538574,-0.021946484018940282,-0.06760454177856445,-0.368072509765625,-0.04227018335916455,-0.07816383242607117,-0.4327320158481598,-0.05428232977249081,-0.08567267656326294,-0.48791423439979553,-0.06169387305237706,-0.000745922327041626,-0.26071202754974365,-0.02549747170962746,0.02735501527786255,-0.3712894916534424,-0.04714005792595799,0.04413938522338867,-0.4417725205421448,-0.0596910005257314,0.056994497776031494,-0.4977768659591675,-0.06500014642335827,0.03482389450073242,-0.2280179262161255,-0.03322645628907139,0.04450792074203491,-0.26723384857177734,-0.06885820606805737,0.023083090782165527,-0.21233630180358887,-0.07449149319984372,0.010145902633666992,-0.17142659425735474,-0.06748723963357861,0.06076866388320923,-0.1806672215461731,-0.04311611855484898,0.06551998853683472,-0.2124115228652954,-0.0703019125209039,0.04286324977874756,-0.16845488548278809,-0.06747672686435635,0.026283323764801025,-0.13004279136657715,-0.05853043103672917,victory
0.0,0.0,0.0,-0.04632943868637085,-0.044908881187438965,-0.030842494089142747,-0.06412649154663086,-0.12103712558746338,-0.04853171655906863,-0.029585331678390503,-0.18433314561843872,-0.06606621840967364,0.009254097938537598,-0.23120540380477905,-0.08127329299225039,-0.05145922303199768,-0.2636614441871643,-0.024491408709423013,-0.06946417689323425,-0.3657664656639099,-0.045853728298084206,-0.07967597246170044,-0.4292828440666199,-0.058497505132095284,-0.08651295304298401,-0.48427054286003113,-0.06635826626791186,-0.002734661102294922,-0.26062822341918945,-0.027951629701988168,0.02581164240837097,-0.3715217709541321,-0.050537915769950814,0.04186508059501648,-0.44211259484291077,-0.06377474019302554,0.05392375588417053,-0.49887773394584656,-0.06965045431627459,0.03350290656089783,-0.22853124141693115,-0.03561580354346461,0.044315844774246216,-0.268860787153244,-0.07235186347736544,0.023564964532852173,-0.21269243955612183,-0.07835415551437563,0.010353058576583862,-0.17137259244918823,-0.07166979262603945,0.06042930483818054,-0.18158471584320068,-0.04540855238212771,0.062245696783065796,-0.21199846267700195,-0.07332993844522662,0.03957125544548035,-0.16580432653427124,-0.0706449056602878,0.023039013147354126,-0.12709784507751465,-0.06180149862541384,victory
0.0,0.0,0.0,-0.04426252841949463,-0.04412800073623657,-0.029284774491657117,-0.06062832474708557,-0.12375444173812866,-0.04527556447135339,-0.025700807571411133,-0.18789929151535034,-0.06143598181949983,0.014869004487991333,-0.23010611534118652,-0.07568402884351144,-0.05088108777999878,-0.2615337371826172,-0.024475420991052488,-0.06848278641700745,-0.3644101619720459,-0.04588947368608842,-0.07862588763237,-0.4280042052268982,-0.05773246211754213,-0.08651012182235718,-0.4827965199947357,-0.06481499520884881,-0.002553880214691162,-0.2599439024925232,-0.028584103265870908,0.025643587112426758,-0.3718429207801819,-0.0513877860997809,0.042436838150024414,-0.441257119178772,-0.06421536503182779,0.054627060890197754,-0.4956740438938141,-0.06933499423610101,0.03369748592376709,-0.22893065214157104,-0.03661836607204805,0.044178903102874756,-0.26304417848587036,-0.07356763182031045,0.022813737392425537,-0.2058008909225464,-0.07979860452758203,0.00926479697227478,-0.16445660591125488,-0.07289182690726648,0.05979949235916138,-0.18336647748947144,-0.04668289346443544,0.06180351972579956,-0.20814931392669678,-0.07517078814851175,0.03982621431350708,-0.1601913571357727,-0.07287715671407113,0.02423691749572754,-0.12068814039230347,-0.06402603087769876,victory
0.0,0.0,0.0,-0.044315725564956665,-0.045453667640686035,-0.028164442655224775,-0.05954629182815552,-0.1269911527633667,-0.0433724280712795,-0.022824078798294067,-0.19212126731872559,-0.05904647896863935,0.01765674352645874,-0.2344568371772766,-0.0728584733126354,-0.049682050943374634,-0.2644834518432617,-0.021292898830552076,-0.0669916570186615,-0.3670242428779602,-0.04131562451698301,-0.07722118496894836,-0.4310332238674164,-0.05268442819692609,-0.08505409955978394,-0.4850645065307617,-0.05959095622279165,-0.0008325278759002686,-0.2611839175224304,-0.02600885185279367,0.02664133906364441,-0.374270498752594,-0.048009393763322805,0.04259529709815979,-0.4434736669063568,-0.061071811270494436,0.05446740984916687,-0.49645471572875977,-0.06646147931792257,0.0359366238117218,-0.2288060188293457,-0.0346332546589565,0.04625120759010315,-0.2679980993270874,-0.07114460880734441,0.02494904398918152,-0.21201211214065552,-0.07754935885645864,0.011916577816009521,-0.17087632417678833,-0.07092971171118734,0.06257101893424988,-0.18237048387527466,-0.045115044367094015,0.06436857581138611,-0.21328246593475342,-0.07285428608633993,0.042008012533187866,-0.16607391834259033,-0.06995362604834554,0.026758641004562378,-0.12594807147979736,-0.06090035105921743,victory
0.0,0.0,0.0,-0.043944478034973145,-0.04890787601470947,-0.030391365418097394,-0.05733686685562134,-0.13067716360092163,-0.04653094162966909,-0.019047439098358154,-0.1952412724494934,-0.06288806920673551,0.02237004041671753,-0.2377949357032776,-0.07715666120674314,-0.04896405339241028,-0.2631518840789795,-0.0229746067317933,-0.06496527791023254,-0.36766284704208374,-0.04405509134556951,-0.07431775331497192,-0.4324251413345337,-0.05585046684171857,-0.08144611120223999,-0.48721742630004883,-0.06276807015564145,-0.00013074278831481934,-0.2605646252632141,-0.026485249528548138,0.029428601264953613,-0.373340904712677,-0.0490321350636691,0.046723783016204834,-0.44322705268859863,-0.0616959614100665,0.05946832895278931,-0.497783899307251,-0.06652042841341199,0.036450326442718506,-0.22863179445266724,-0.03423084890272321,0.0482444167137146,-0.266679048538208,-0.07168409799959363,0.02613687515258789,-0.20796209573745728,-0.07744216745521726,0.012498944997787476,-0.16579300165176392,-0.0696934965791911,0.06308841705322266,-0.18208801746368408,-0.04405988206889333,0.0669218897819519,-0.2136070728302002,-0.07233897423174085,0.044687509536743164,-0.16673165559768677,-0.06898194378044309,0.029291510581970215,-0.1275310516357422,-0.059162778908273594,victory
0.0,0.0,0.0,-0.04492837190628052,-0.04826730489730835,-0.03014538102951292,-0.058538615703582764,-0.13071274757385254,-0.0455781225224996,-0.020294219255447388,-0.19635796546936035,-0.06128694900479559,0.02071899175643921,-0.24179625511169434,-0.07472679057326559,-0.04904112219810486,-0.2649375796318054,-0.020005273084905184,-0.06500384211540222,-0.369076132774353,-0.03976425194349531,-0.0745897889137268,-0.4335309565067291,-0.051033679779436625,-0.08193549513816833,-0.4881402254104614,-0.05771045425143484,-0.00041359663009643555,-0.2620835304260254,-0.023515209939148463,0.02859419584274292,-0.3750770688056946,-0.045053951825764216,0.045350730419158936,-0.4450724124908447,-0.05755199902858976,0.05759364366531372,-0.4987747073173523,-0.062358919914629496,0.03557091951370239,-0.2294498085975647,-0.031474892433550394,0.04592090845108032,-0.2692680358886719,-0.06898614802565817,0.02512657642364502,-0.2100658416748047,-0.07509451397862676,0.012763112783432007,-0.16768109798431396,-0.06748627164569143,0.06186872720718384,-0.18263304233551025,-0.04142074325289968,0.06592381000518799,-0.2181767225265503,-0.07014104762282614,0.04411947727203369,-0.17003577947616577,-0.06694223025050405,0.02889770269393921,-0.12928736209869385,-0.057162844028141535,victory
0.0,0.0,0.0,-0.04571801424026489,-0.04900157451629639,-0.030718310656084213,-0.05937567353248596,-0.13151401281356812,-0.04675523276819149,-0.020183473825454712,-0.19565248489379883,-0.06290308843745152,0.021004468202590942,-0.24118274450302124,-0.07691331665409962,-0.05070832371711731,-0.2642958164215088,-0.022060374649299774,-0.06623393297195435,-0.3696252703666687,-0.0427244649399654,-0.07539042830467224,-0.4344460964202881,-0.05435925062192837,-0.08243745565414429,-0.4893935024738312,-0.06116009588731686,-0.002089858055114746,-0.2618979811668396,-0.02514651502860943,0.02829262614250183,-0.37452971935272217,-0.047495876358880196,0.045707255601882935,-0.4445735216140747,-0.06038472514046589,0.05836322903633118,-0.49954408407211304,-0.06541263769759098,0.034122616052627563,-0.23037463426589966,-0.03258267502678791,0.04456707835197449,-0.2676287889480591,-0.0702106327880756,0.023410409688949585,-0.20866668224334717,-0.07657464306248585,0.010681331157684326,-0.16664671897888184,-0.06920788894785801,0.060692042112350464,-0.1846308708190918,-0.04207688655151287,0.06390514969825745,-0.21685314178466797,-0.07072523693932453,0.04193112254142761,-0.16917794942855835,-0.06782246093644062,0.026786893606185913,-0.12984347343444824,-0.05829608525527874,victory
0.0,0.0,0.0,-0.04560965299606323,-0.04787003993988037,-0.029465286502556864,-0.06018638610839844,-0.12832653522491455,-0.046205604890303675,-0.023560792207717896,-0.19241076707839966,-0.06332997835608012,0.017230600118637085,-0.23769640922546387,-0.07820317007036692,-0.04691389203071594,-0.2635711431503296,-0.02294684059353358,-0.0632234513759613,-0.36825883388519287,-0.0438946843835879,-0.07257160544395447,-0.43253540992736816,-0.05592616132827288,-0.07934942841529846,-0.48761245608329773,-0.06331612772675044,0.0009256899356842041,-0.2599824070930481,-0.0269935191366244,0.03060963749885559,-0.3722172975540161,-0.049334237793402735,0.0477013885974884,-0.44064322113990784,-0.06235409013362414,0.060739725828170776,-0.49381497502326965,-0.06809217340679652,0.03597673773765564,-0.22737765312194824,-0.03514604128332621,0.046632200479507446,-0.2658423185348511,-0.07144362337322718,0.024344533681869507,-0.20868360996246338,-0.0771336690280009,0.010926514863967896,-0.16711783409118652,-0.070262609491067,0.06147715449333191,-0.18070858716964722,-0.04539999968739039,0.0654134452342987,-0.21311014890670776,-0.07292192287178523,0.042944639921188354,-0.16698837280273438,-0.07006057209702021,0.02691468596458435,-0.12817513942718506,-0.0612260089013148,victory
0.0,0.0,0.0,-0.04557892680168152,-0.04610443115234375,-0.03174603468244186,-0.06022536754608154,-0.12536609172821045,-0.04791496804421058,-0.02298024296760559,-0.1907232403755188,-0.06383816263144126,0.016589760780334473,-0.23996543884277344,-0.077293166131426,-0.050367534160614014,-0.26507213711738586,-0.020422178492594867,-0.06645217537879944,-0.36864417791366577,-0.040131037295509486,-0.07526031136512756,-0.43294838070869446,-0.05185247322981468,-0.08174344897270203,-0.4872809052467346,-0.059176211417366176,-0.0011554360389709473,-0.2619895339012146,-0.023309444249321132,0.027424901723861694,-0.37388765811920166,-0.04440029820864311,0.043812841176986694,-0.4430784583091736,-0.05735766625468841,0.05522856116294861,-0.4964633584022522,-0.06310141196911445,0.03478309512138367,-0.22895854711532593,-0.03092748409574142,0.047094911336898804,-0.271214097738266,-0.06804234644835105,0.026130765676498413,-0.21556013822555542,-0.07586073240702262,0.012510985136032104,-0.1753326654434204,-0.07034580519859901,0.060767918825149536,-0.18127936124801636,-0.04064503422443977,0.06527599692344666,-0.2138439416885376,-0.07040708622400871,0.04245677590370178,-0.16698378324508667,-0.06968690565292945,0.025391966104507446,-0.12808871269226074,-0.06214662006561866,victory
0.0,0.0,0.0,-0.044899165630340576,-0.046854257583618164,-0.03235855253262798,-0.05897095799446106,-0.12690305709838867,-0.049649126099780005,-0.02156299352645874,-0.19168829917907715,-0.06661878825946133,0.018273472785949707,-0.23858827352523804,-0.08134110571666042,-0.04991710186004639,-0.2639743685722351,-0.025005453469589156,-0.0658380389213562,-0.3670508861541748,-0.046641695516541404,-0.0754222571849823,-0.43112829327583313,-0.05910193847341816,-0.08246681094169617,-0.485732764005661,-0.06678904147668163,-0.0007120370864868164,-0.2604483962059021,-0.027941177802517814,0.02851104736328125,-0.3723273277282715,-0.05106076897902767,0.04498887062072754,-0.44166454672813416,-0.06481932403369228,0.05721843242645264,-0.4969652593135834,-0.07093763651175777,0.03572428226470947,-0.227367103099823,-0.03524199055357258,0.04810220003128052,-0.2664472162723541,-0.07345096321625988,0.024870991706848145,-0.2094508409500122,-0.08082418443484585,0.01015421748161316,-0.1687750220298767,-0.07476811410708706,0.061886608600616455,-0.17938494682312012,-0.04471295254154484,0.0651313066482544,-0.20896059274673462,-0.07442268283887188,0.04196655750274658,-0.16299176216125488,-0.07316401155514995,0.025527238845825195,-0.1256016492843628,-0.06518019290490429,victory
0.0,0.0,0.0,-0.04510006308555603,-0.047590672969818115,-0.030007819384820777,-0.06069463491439819,-0.12752193212509155,-0.04626998372424396,-0.02503100037574768,-0.19242626428604126,-0.06271752409685405,0.016075462102890015,-0.23685026168823242,-0.0769548311089352,-0.050483912229537964,-0.2626152038574219,-0.021048863158114273,-0.06611162424087524,-0.3664278984069824,-0.04150589995134624,-0.07536885142326355,-0.4306491017341614,-0.05333194576252254,-0.08242133259773254,-0.48519372940063477,-0.06053203038919719,-0.0018116533756256104,-0.25908154249191284,-0.024711883366592247,0.027539163827896118,-0.37163108587265015,-0.0467663972829655,0.043332189321517944,-0.4410553574562073,-0.05994269691456111,0.054805487394332886,-0.4946419298648834,-0.06559103421915324,0.03459694981575012,-0.22691118717193604,-0.03268064253080638,0.04516121745109558,-0.26896393299102783,-0.06959273360718043,0.02359601855278015,-0.21389555931091309,-0.07626732133377345,0.010750561952590942,-0.1732192039489746,-0.06976362012375148,0.06126084923744202,-0.180719792842865,-0.04260714046705516,0.06276020407676697,-0.2148110270500183,-0.07040162079084666,0.04067918658256531,-0.16874617338180542,-0.06754108957994731,0.02616378664970398,-0.12971961498260498,-0.05857805602300914,victory
0.0,0.0,0.0,-0.04515126347541809,-0.047252118587493896,-0.02960166216610105,-0.060283780097961426,-0.12946569919586182,-0.044713158838135314,-0.022995591163635254,-0.19462066888809204,-0.05994226851282747,0.017612069845199585,-0.23847222328186035,-0.07314841889558465,-0.05134272575378418,-0.2629051208496094,-0.020954162560087752,-0.06701681017875671,-0.3667920231819153,-0.0408885672014776,-0.07650741934776306,-0.43072396516799927,-0.05224872820792825,-0.08399179577827454,-0.4852336049079895,-0.05917929180679948,-0.0027508139610290527,-0.26045918464660645,-0.024503326721173835,0.02604237198829651,-0.37261947989463806,-0.04602646895466478,0.042911916971206665,-0.4410855174064636,-0.0586127422076288,0.055219799280166626,-0.49452829360961914,-0.06376748972354562,0.033811360597610474,-0.2287294864654541,-0.03227916427670152,0.04485848546028137,-0.26808983087539673,-0.06943296336351068,0.023776501417160034,-0.21064132452011108,-0.07611936771093042,0.01085275411605835,-0.16937845945358276,-0.0694643899124685,0.060574501752853394,-0.1823490858078003,-0.041966576806885314,0.06283888220787048,-0.2141101360321045,-0.07098863714156778,0.04066857695579529,-0.16619330644607544,-0.0686399310153547,0.02542385458946228,-0.126745343208313,-0.05975018881974847,victory
0.0,0.0,0.0,-0.04600009322166443,-0.04948633909225464,-0.02868357600920035,-0.06226012110710144,-0.12838149070739746,-0.0448707279031737,-0.02704554796218872,-0.19256925582885742,-0.06179647634081675,0.014061063528060913,-0.23652178049087524,-0.07637080664090945,-0.052440524101257324,-0.2600792646408081,-0.019118850327060954,-0.06900647282600403,-0.3632109463214874,-0.03864785025172068,-0.07882815599441528,-0.4261651635169983,-0.04975588733606173,-0.08611953258514404,-0.4799075722694397,-0.05624686667971446,-0.004797995090484619,-0.25779980421066284,-0.023069040126131313,0.02434137463569641,-0.3691919445991516,-0.04435616845540835,0.03962096571922302,-0.43842220306396484,-0.056438555217312114,0.05107572674751282,-0.49178311228752136,-0.06100712085418536,0.03174552321434021,-0.2273465394973755,-0.03131431455068423,0.03772589564323425,-0.2674294412136078,-0.0669606190388663,0.016367197036743164,-0.20933997631072998,-0.07212331259898974,0.004960298538208008,-0.16715949773788452,-0.06428482497386767,0.05953821539878845,-0.18292772769927979,-0.041544859505222576,0.05980291962623596,-0.2212224006652832,-0.06679359192304446,0.037708669900894165,-0.175090491771698,-0.06193748975448443,0.02381882071495056,-0.1351301670074463,-0.05163717756323649,victory
0.0,0.0,0.0,-0.044228196144104004,-0.04713684320449829,-0.026168942761273684,-0.05999511480331421,-0.12995123863220215,-0.0399221557496503,-0.02524086833000183,-0.1940639615058899,-0.05426689268335849,0.014341533184051514,-0.23676753044128418,-0.06679573686108142,-0.04666617512702942,-0.26121047139167786,-0.018272146892400087,-0.06445175409317017,-0.3633843660354614,-0.03651594401583225,-0.0752350389957428,-0.4258560240268707,-0.04686453969463855,-0.0836476981639862,-0.4787135720252991,-0.05319449709043056,0.00021904706954956055,-0.25698548555374146,-0.02294450470492393,0.027181953191757202,-0.36979568004608154,-0.042808041286320986,0.04072675108909607,-0.43615102767944336,-0.05483125181183368,0.051243335008621216,-0.48750707507133484,-0.05996004523024112,0.03572222590446472,-0.22518020868301392,-0.031439476024957,0.04525354504585266,-0.26896992325782776,-0.06631572575554401,0.02420523762702942,-0.21507495641708374,-0.07314302803263217,0.01261436939239502,-0.1750868558883667,-0.0673533308623746,0.06164631247520447,-0.1800519824028015,-0.04149571092114002,0.06095972657203674,-0.21513259410858154,-0.06808221371159107,0.03874930739402771,-0.1692277193069458,-0.06533680142149478,0.02505311369895935,-0.13006305694580078,-0.05689201907500774,victory
0.0,0.0,0.0,-0.04445639252662659,-0.04725879430770874,-0.02668413959844429,-0.060233354568481445,-0.12982386350631714,-0.04000658981902916,-0.024994641542434692,-0.19525116682052612,-0.05392844297392685,0.014197856187820435,-0.24053871631622314,-0.06578514792425949,-0.05095338821411133,-0.26124921441078186,-0.015582139347031898,-0.06774067878723145,-0.36310479044914246,-0.033283696253135986,-0.07807311415672302,-0.4249427914619446,-0.04342605986101944,-0.08636122941970825,-0.47714850306510925,-0.04958794333441574,-0.0033966004848480225,-0.25841379165649414,-0.019883570004537887,0.02513819932937622,-0.37039655447006226,-0.039417565543487854,0.03962552547454834,-0.43748947978019714,-0.051361267198160476,0.05031991004943848,-0.4891381561756134,-0.05624954469902832,0.032500624656677246,-0.22704827785491943,-0.028288480568960495,0.04228353500366211,-0.2707443833351135,-0.06324967809422333,0.021119236946105957,-0.21590447425842285,-0.06943927772744019,0.009428292512893677,-0.17566341161727905,-0.06299500234825928,0.05930328369140625,-0.1819339394569397,-0.038334742863014526,0.05900198221206665,-0.21683555841445923,-0.06509199805958588,0.03725200891494751,-0.1703696846961975,-0.06177353926403839,0.024285733699798584,-0.1316189169883728,-0.05268918045265991,victory
0.0,0.0,0.0,-0.043946415185928345,-0.047994017601013184,-0.027844705130860348,-0.05996370315551758,-0.12941569089889526,-0.04332833408932402,-0.0287531316280365,-0.1946345567703247,-0.05933254256467535,0.009278029203414917,-0.2406526803970337,-0.07315683781723692,-0.04952901601791382,-0.2594394087791443,-0.02006348825614168,-0.06533938646316528,-0.3636930584907532,-0.03994518935303404,-0.07426777482032776,-0.42648953199386597,-0.050974708493754406,-0.0813683569431305,-0.4798569679260254,-0.057440564479634304,-0.0025103390216827393,-0.2557476758956909,-0.024198199134275455,0.026683956384658813,-0.3684372901916504,-0.045778636332556744,0.041561275720596313,-0.4347337484359741,-0.058110326971814175,0.05246272683143616,-0.4872437119483948,-0.06312356561045362,0.033350855112075806,-0.22511494159698486,-0.03234751194338514,0.039778441190719604,-0.2696460485458374,-0.06832691698889448,0.018235504627227783,-0.21403026580810547,-0.0740317222438307,0.006878763437271118,-0.17317336797714233,-0.06706000536303236,0.060074180364608765,-0.18101030588150024,-0.042227842356965084,0.056593745946884155,-0.21680253744125366,-0.06866600781302168,0.034290164709091187,-0.1710842251777649,-0.06484733193735792,0.02156546711921692,-0.1322808861732483,-0.05544112294535353,victory
0.0,0.0,0.0,-0.04556840658187866,-0.04889237880706787,-0.02845796589224392,-0.062482744455337524,-0.13038378953933716,-0.044061007168579636,-0.03277713060379028,-0.19693124294281006,-0.060499495085764465,0.005492806434631348,-0.24091744422912598,-0.07448584046630913,-0.051195740699768066,-0.26186683773994446,-0.01784203779368454,-0.06565523147583008,-0.36467450857162476,-0.03674860503940636,-0.07401260733604431,-0.4274238348007202,-0.047203133073139725,-0.08046594262123108,-0.4794379472732544,-0.053371219154882965,-0.00480237603187561,-0.2575684189796448,-0.021828662794519005,0.02504107356071472,-0.36863571405410767,-0.04265602138309532,0.03977343440055847,-0.43516790866851807,-0.05455328729419762,0.050380200147628784,-0.4862608015537262,-0.0592297894921785,0.03057125210762024,-0.22508376836776733,-0.03010435980229431,0.03507682681083679,-0.2737288475036621,-0.06591850724487358,0.01418331265449524,-0.21689850091934204,-0.07173895296125465,0.003944098949432373,-0.17468339204788208,-0.06463629957704597,0.05659255385398865,-0.17840474843978882,-0.040215356465864716,0.05362561345100403,-0.21699148416519165,-0.06719332393674904,0.030824750661849976,-0.17255163192749023,-0.06436477061777168,0.01687440276145935,-0.13350486755371094,-0.055450359549809036,victory
0.0,0.0,0.0,-0.045141398906707764,-0.04989612102508545,-0.02804498482504414,-0.06142917275428772,-0.13099312782287598,-0.04370156969883965,-0.031697094440460205,-0.19766581058502197,-0.06020372282722519,0.004982560873031616,-0.24373549222946167,-0.07444010224202202,-0.052051544189453125,-0.26027122139930725,-0.018673914633779987,-0.06545642018318176,-0.3631325364112854,-0.03787143077710198,-0.07341951131820679,-0.4263349175453186,-0.048679749630480273,-0.08001309633255005,-0.47930583357810974,-0.05523093711593674,-0.005279600620269775,-0.2562107443809509,-0.022545241899877055,0.02643507719039917,-0.3673103451728821,-0.04340460073211716,0.04226130247116089,-0.4332491159439087,-0.05541517879822777,0.05334329605102539,-0.48479387164115906,-0.06051763068893479,0.03066152334213257,-0.22457855939865112,-0.030556685440330966,0.03532707691192627,-0.2743569612503052,-0.06567114885905312,0.013691812753677368,-0.21909892559051514,-0.07128626402476357,0.0027763843536376953,-0.17759603261947632,-0.06462144400933312,0.05785036087036133,-0.1790701150894165,-0.04039961766460465,0.05434143543243408,-0.216833233833313,-0.06656036820271538,0.030880212783813477,-0.17401647567749023,-0.06359748836615609,0.016721367835998535,-0.1361730694770813,-0.0550152316317849,victory
0.0,0.0,0.0,-0.04392686486244202,-0.05378764867782593,-0.022004236941654653,-0.060742855072021484,-0.13643985986709595,-0.03540494992347476,-0.03221508860588074,-0.19907015562057495,-0.05109626754136798,0.0076615214347839355,-0.23479968309402466,-0.06512927963348147,-0.04638215899467468,-0.2612294554710388,-0.014356728186328382,-0.0602891743183136,-0.362537682056427,-0.031833488037307234,-0.067676842212677,-0.4236043691635132,-0.04124405189367053,-0.07359582185745239,-0.47440505027770996,-0.046697917868812056,-0.0012242794036865234,-0.2538595199584961,-0.02104989021034953,0.029027193784713745,-0.3638898730278015,-0.04060221045227763,0.04566356539726257,-0.42912447452545166,-0.05188557459922549,0.0581912100315094,-0.4792102575302124,-0.05625152542205569,0.034012168645858765,-0.22080165147781372,-0.031248414432127447,0.03688672184944153,-0.26768597960472107,-0.06406830950589892,0.013904094696044922,-0.21294140815734863,-0.06927607162805316,0.002203643321990967,-0.1706441044807434,-0.062288794209678144,0.059931546449661255,-0.17526131868362427,-0.04288291140409228,0.054346054792404175,-0.21126621961593628,-0.0657034884295058,0.03008994460105896,-0.17196744680404663,-0.06167281373353717,0.015647709369659424,-0.13565713167190552,-0.05261964305253741,victory
0.0,0.0,0.0,-0.04395341873168945,-0.05197334289550781,-0.021427496033197713,-0.061115652322769165,-0.13451915979385376,-0.034442850085383725,-0.0357205867767334,-0.1985812783241272,-0.049496617796307874,0.00042960047721862793,-0.23955672979354858,-0.062477626534587216,-0.0467393696308136,-0.2594330608844757,-0.0140154489077986,-0.06007498502731323,-0.3607208728790283,-0.03055656950402863,-0.06697669625282288,-0.4206947088241577,-0.03913845557201512,-0.07196316123008728,-0.47090134024620056,-0.04416830155480511,-0.0012958347797393799,-0.2507627010345459,-0.020860400678998303,0.026825129985809326,-0.36225956678390503,-0.039811038108950925,0.042715609073638916,-0.42801231145858765,-0.05149008396494992,0.05527222156524658,-0.4784465730190277,-0.056467142584210706,0.0338132381439209,-0.21619254350662231,-0.030965293454414677,0.03408324718475342,-0.2654367685317993,-0.06314693081606038,0.008976161479949951,-0.21321403980255127,-0.06865279811847813,-0.0042448341846466064,-0.17186027765274048,-0.06242585617530949,0.05982482433319092,-0.17011255025863647,-0.04236064914096005,0.05004000663757324,-0.2064686417579651,-0.06540722835291035,0.023977011442184448,-0.17040467262268066,-0.06212943110097058,0.008370459079742432,-0.1364002823829651,-0.05385472688305981,victory
0.0,0.0,0.0,-0.043855488300323486,-0.051464736461639404,-0.02257541662248741,-0.06057333946228027,-0.13310152292251587,-0.03599998077544342,-0.03603971004486084,-0.19871258735656738,-0.051224385408488615,-0.0009742379188537598,-0.2428538203239441,-0.06415968856009613,-0.047341108322143555,-0.2570553123950958,-0.01357579419556032,-0.06189560890197754,-0.35869067907333374,-0.03022430932315956,-0.06948858499526978,-0.4186062216758728,-0.03875568604263435,-0.07508239150047302,-0.46877148747444153,-0.0434841001609243,-0.0023425519466400146,-0.24994897842407227,-0.019593528492180212,0.025213688611984253,-0.36106276512145996,-0.03886300793084274,0.040296733379364014,-0.42687898874282837,-0.050342545864907606,0.05170494318008423,-0.4776873290538788,-0.05484240969809662,0.03220927715301514,-0.21729934215545654,-0.02912628000768791,0.03183013200759888,-0.26664668321609497,-0.06209598949345718,0.007821381092071533,-0.21323853731155396,-0.06750970801505218,-0.004486978054046631,-0.17112523317337036,-0.060780362246362074,0.05794107913970947,-0.17304879426956177,-0.03999566754492889,0.048760950565338135,-0.21110081672668457,-0.0631182911077417,0.023744285106658936,-0.1736878752708435,-0.05944086706432472,0.009002715349197388,-0.13870513439178467,-0.05071174821051727,victory
0.0,0.0,0.0,-0.04507887363433838,-0.050730884075164795,-0.022372172761777165,-0.06168341636657715,-0.13261020183563232,-0.03546535744152379,-0.03633806109428406,-0.19825512170791626,-0.0504344493039639,-0.0012083649635314941,-0.24292528629302979,-0.06323907299719167,-0.04870489239692688,-0.25601550936698914,-0.012522509869256737,-0.06354400515556335,-0.3571317791938782,-0.029264643404701474,-0.07093679904937744,-0.41749048233032227,-0.03799430056295705,-0.0761333703994751,-0.4683751165866852,-0.0429707184322865,-0.0036078691482543945,-0.2502792179584503,-0.01863118595264268,0.02387794852256775,-0.3622492551803589,-0.03815871625027967,0.039145976305007935,-0.42765432596206665,-0.0497778370865376,0.050907284021377563,-0.4771375358104706,-0.054185391951421025,0.031341999769210815,-0.2185404896736145,-0.02831466271362615,0.03063240647315979,-0.26705485582351685,-0.06182492672286344,0.006730318069458008,-0.21293526887893677,-0.06743572427711797,-0.005351155996322632,-0.1705729365348816,-0.060608179856160405,0.05783030390739441,-0.17515701055526733,-0.0393100693710835,0.04768374562263489,-0.21138286590576172,-0.06335615142069173,0.0227547287940979,-0.1713402271270752,-0.06000726445398641,0.008414030075073242,-0.1349545121192932,-0.051225257653811695,victory
0.0,0.0,0.0,-0.043583035469055176,-0.05007439851760864,-0.023718657322319814,-0.060874342918395996,-0.13134437799453735,-0.03787073714295275,-0.03530105948448181,-0.19708603620529175,-0.053446503706368276,0.00019314885139465332,-0.24183309078216553,-0.06684383971253283,-0.04912388324737549,-0.2560749053955078,-0.01611480151871092,-0.06416046619415283,-0.3564925193786621,-0.03405633417526133,-0.0724828839302063,-0.4166870713233948,-0.043711616076620885,-0.07868155837059021,-0.4675254821777344,-0.049376262702139684,-0.004038423299789429,-0.25010251998901367,-0.021702152095826932,0.021995455026626587,-0.36180174350738525,-0.042036736734303304,0.03672918677330017,-0.42760705947875977,-0.05393962038317568,0.04820433259010315,-0.4788232147693634,-0.05880423856535799,0.03125163912773132,-0.21801942586898804,-0.030815858744176694,0.032237499952316284,-0.2671647369861603,-0.0646456725672806,0.009178459644317627,-0.2138805389404297,-0.0700867496208275,-0.00276339054107666,-0.1717631220817566,-0.06340403331080324,0.05828085541725159,-0.17369776964187622,-0.041347524501475164,0.04960086941719055,-0.2112542986869812,-0.06566136551657564,0.02530604600906372,-0.17224657535552979,-0.062253492303284474,0.01082804799079895,-0.13600778579711914,-0.05359486339250452,victory
0.0,0.0,0.0,-0.04446476697921753,-0.04992556571960449,-0.02422910685857005,-0.061295777559280396,-0.13110947608947754,-0.03844964820166297,-0.03568631410598755,-0.19750380516052246,-0.05408260914703078,3.457069396972656e-05,-0.24338370561599731,-0.0674344891609735,-0.05047804117202759,-0.255870521068573,-0.015679563760954807,-0.06503960490226746,-0.35720229148864746,-0.03355823773165412,-0.0730004608631134,-0.4175792634487152,-0.04296916666646666,-0.07901212573051453,-0.46833768486976624,-0.04834981578608222,-0.005149751901626587,-0.2509891986846924,-0.021024021685320804,0.021522581577301025,-0.36151257157325745,-0.04123822170515723,0.03647565841674805,-0.4271121025085449,-0.053030657947260806,0.04779094457626343,-0.4774743318557739,-0.05772177818437285,0.02984410524368286,-0.22001081705093384,-0.030059225291211078,0.030458271503448486,-0.2674822211265564,-0.06374931278844542,0.007825285196304321,-0.2141571044921875,-0.06953984442372985,-0.003954708576202393,-0.17236387729644775,-0.0631329560579843,0.056495845317840576,-0.17678022384643555,-0.04061052519102759,0.04804873466491699,-0.21202242374420166,-0.06502037438770003,0.023900926113128662,-0.17202669382095337,-0.062157477617461154,0.0093764066696167,-0.1353919506072998,-0.05384682807346053,victory
0.0,0.0,0.0,-0.045496731996536255,-0.048046648502349854,-0.027115070068759906,-0.06213882565498352,-0.12877553701400757,-0.04226478076867579,-0.03635743260383606,-0.1966068148612976,-0.05855407825998782,-0.0017715990543365479,-0.24382168054580688,-0.07213597632340907,-0.05502629280090332,-0.2537279427051544,-0.016071534523291575,-0.07095864415168762,-0.3558915853500366,-0.03520487881593226,-0.08001059293746948,-0.41727763414382935,-0.04559182263307093,-0.08712536096572876,-0.4687793552875519,-0.051378871121926295,-0.009696096181869507,-0.2514125406742096,-0.020460371667070376,0.015229642391204834,-0.36387723684310913,-0.04191984496407031,0.029222041368484497,-0.4317340552806854,-0.054009972879214274,0.039850085973739624,-0.4843621850013733,-0.05840215719632624,0.026010483503341675,-0.22166091203689575,-0.02905571162096976,0.028106242418289185,-0.27025216817855835,-0.06469794250421046,0.00845801830291748,-0.2126796841621399,-0.06963656730346202,-0.0010582506656646729,-0.1687367558479309,-0.06161270923308848,0.053582578897476196,-0.17819195985794067,-0.03947358093552111,0.04841962456703186,-0.21577298641204834,-0.06493861860923289,0.025813430547714233,-0.17321789264678955,-0.06098284460000514,0.01201358437538147,-0.1348435878753662,-0.05123744420103549,victory
0.0,0.0,0.0,-0.045079708099365234,-0.04546624422073364,-0.02673027337550593,-0.06301698088645935,-0.1262611746788025,-0.04134843730389548,-0.03564167022705078,-0.19394314289093018,-0.05676844202935172,-0.0007461607456207275,-0.24143433570861816,-0.06987375625431014,-0.05674833059310913,-0.25197798013687134,-0.01869828672170115,-0.07240259647369385,-0.354850172996521,-0.03754262485563231,-0.08139711618423462,-0.41649436950683594,-0.04751255967676116,-0.08893203735351562,-0.46795305609703064,-0.05314452433049155,-0.011241018772125244,-0.25031420588493347,-0.022847850332254893,0.015000075101852417,-0.3622968792915344,-0.043757351571912295,0.027964472770690918,-0.42813748121261597,-0.05513855301796866,0.03713327646255493,-0.4786251485347748,-0.05928422370016051,0.02504873275756836,-0.2215747833251953,-0.03088551060318423,0.02757441997528076,-0.26784083247184753,-0.06566215165912581,0.008321166038513184,-0.21076112985610962,-0.07046672561227751,-0.0007764697074890137,-0.16803550720214844,-0.0628870115524478,0.05350559949874878,-0.17921334505081177,-0.040639667297000415,0.047830283641815186,-0.2157997488975525,-0.06591304251014662,0.026701807975769043,-0.17149031162261963,-0.06186943360626174,0.015137016773223877,-0.1328403353691101,-0.05232127987801505,victory
0.0,0.0,0.0,-0.04470604658126831,-0.04546236991882324,-0.02608389634252717,-0.0625045895576477,-0.12790465354919434,-0.04013065475584199,-0.03579103946685791,-0.19646388292312622,-0.055076888237010735,-0.0014587342739105225,-0.24457114934921265,-0.06779381114603211,-0.0560055673122406,-0.25489047169685364,-0.01644760597110917,-0.07184544205665588,-0.3568362593650818,-0.03490320074917008,-0.08070489764213562,-0.4182441830635071,-0.04498673084736993,-0.08793559670448303,-0.4692481458187103,-0.05075581226111581,-0.010389775037765503,-0.25205254554748535,-0.02109652239442994,0.014444470405578613,-0.3642365336418152,-0.04171141091347863,0.027624309062957764,-0.42968249320983887,-0.053600179437410134,0.037442564964294434,-0.4799690246582031,-0.058183508399736183,0.026019752025604248,-0.22244375944137573,-0.029702410507809418,0.029748201370239258,-0.2700015604496002,-0.0644688777959459,0.011102378368377686,-0.21431171894073486,-0.07004078704477479,0.0020062625408172607,-0.1725761890411377,-0.06310985464216401,0.054276227951049805,-0.17981266975402832,-0.03993891406418015,0.048232197761535645,-0.21652793884277344,-0.0656806104219072,0.027248144149780273,-0.17156320810317993,-0.06214286241294076,0.01557275652885437,-0.13235700130462646,-0.05291174579025437,victory
0.0,0.0,0.0,-0.045038044452667236,-0.043576598167419434,-0.02870528247041193,-0.06347191333770752,-0.12314915657043457,-0.044135252347416554,-0.034714728593826294,-0.19138610363006592,-0.05946123447102991,0.000364154577255249,-0.2414548397064209,-0.07252888973636118,-0.06067812442779541,-0.2529008984565735,-0.0218437447754809,-0.07462131977081299,-0.3565831482410431,-0.04119460876864878,-0.08196398615837097,-0.41904115676879883,-0.05158041637224642,-0.08892574906349182,-0.47117879986763,-0.05754088830036608,-0.013901978731155396,-0.25187331438064575,-0.024844481012053166,0.01177331805229187,-0.3645341992378235,-0.045572242101854954,0.02525237202644348,-0.4292164444923401,-0.05695656906647173,0.033707112073898315,-0.47842931747436523,-0.06137711401862589,0.023291558027267456,-0.22416383028030396,-0.03177299570126024,0.02822050452232361,-0.26802340149879456,-0.06625105287713495,0.010414749383926392,-0.21486228704452515,-0.07203060235661951,0.0005752742290496826,-0.17471575736999512,-0.0656485691277453,0.052359193563461304,-0.18313395977020264,-0.040497286578840885,0.04846283793449402,-0.21660423278808594,-0.06633418645543543,0.02899274230003357,-0.17126023769378662,-0.06321935947818247,0.01734897494316101,-0.13208067417144775,-0.054433843454546604,victory
0.0,0.0,0.0,-0.047102779150009155,-0.046664297580718994,-0.029454295396874386,-0.065066397190094,-0.1275855302810669,-0.04490852436430259,-0.034235477447509766,-0.19683313369750977,-0.06058278015262886,0.0031164586544036865,-0.24522358179092407,-0.0739590719938974,-0.06475815176963806,-0.25545257329940796,-0.019181867003510433,-0.07959997653961182,-0.35968437790870667,-0.038693205326865154,-0.08840897679328918,-0.4225447177886963,-0.04947914636142059,-0.09610435366630554,-0.47466087341308594,-0.05557186236984535,-0.017573505640029907,-0.25527918338775635,-0.022108455061982113,0.006676584482192993,-0.36735406517982483,-0.04279595693952842,0.018376260995864868,-0.4334019124507904,-0.05458322620398803,0.026635974645614624,-0.4849972426891327,-0.058978550940821606,0.020610839128494263,-0.22753554582595825,-0.029363333121011692,0.026312321424484253,-0.2694842517375946,-0.06406449979550644,0.00567626953125,-0.2116994857788086,-0.06971341079480453,-0.005239933729171753,-0.17083531618118286,-0.06270570015914245,0.05067649483680725,-0.1855393648147583,-0.03863051241643234,0.048655539751052856,-0.21948587894439697,-0.06399174487597747,0.028627842664718628,-0.17343157529830933,-0.06037180951244636,0.01731136441230774,-0.13583284616470337,-0.05098875319964691,victory
0.0,0.0,0.0,-0.04734054207801819,-0.04461944103240967,-0.03009165292422722,-0.06670805811882019,-0.12616676092147827,-0.04615549025874088,-0.03720930218696594,-0.1980123519897461,-0.06210752604346226,-0.0003845393657684326,-0.25014692544937134,-0.07545809475521992,-0.06645229458808899,-0.256222665309906,-0.01935776723365734,-0.08143219351768494,-0.36174336075782776,-0.038087677488135796,-0.08956760168075562,-0.4244258403778076,-0.04838575450520466,-0.09692877531051636,-0.4758240878582001,-0.05428858501653622,-0.019169121980667114,-0.2561560273170471,-0.021485880294846993,0.006249904632568359,-0.3686302900314331,-0.04154104767184208,0.01837173104286194,-0.4336503744125366,-0.05269200382571171,0.02557864785194397,-0.48403066396713257,-0.05709037957529972,0.01876208186149597,-0.22974950075149536,-0.028055683055924874,0.02348145842552185,-0.2743057310581207,-0.062224250564383965,0.005035370588302612,-0.21859973669052124,-0.06798527417521427,-0.004724293947219849,-0.17778617143630981,-0.06169509542922924,0.04947218298912048,-0.19006812572479248,-0.03666923595409344,0.04695466160774231,-0.22613632678985596,-0.061917014697598916,0.027437657117843628,-0.17867016792297363,-0.05875894082527111,0.015961259603500366,-0.13911527395248413,-0.050181314626740914,victory
0.0,0.0,0.0,-0.046719253063201904,-0.04452383518218994,-0.029163453247406323,-0.06388908624649048,-0.12407684326171875,-0.04417249512300714,-0.03294280171394348,-0.194197416305542,-0.05959953692183717,0.0006576776504516602,-0.24755072593688965,-0.07250394251570924,-0.06590762734413147,-0.2577779293060303,-0.016005796831109365,-0.08305597305297852,-0.3598872423171997,-0.03435401570425256,-0.09352684020996094,-0.4218619763851166,-0.0448965313695453,-0.10127216577529907,-0.4733238220214844,-0.05096550610289796,-0.019023030996322632,-0.25984591245651245,-0.018985200192787488,0.001802295446395874,-0.3706907331943512,-0.038590304072954495,0.012170165777206421,-0.43763887882232666,-0.050586815442898114,0.02021336555480957,-0.4895133376121521,-0.05544730227813943,0.019287049770355225,-0.23358154296875,-0.026474372934558232,0.02673584222793579,-0.2735059857368469,-0.06067321773991807,0.007222622632980347,-0.21378380060195923,-0.06652645346150621,-0.003360837697982788,-0.17103540897369385,-0.059882830347874005,0.049991726875305176,-0.1928039789199829,-0.03609620359168275,0.05015122890472412,-0.22542667388916016,-0.06178918060288652,0.030672073364257812,-0.17714011669158936,-0.058791491653778394,0.018824875354766846,-0.1376253366470337,-0.049883894141771634,victory
0.0,0.0,0.0,-0.047660887241363525,-0.041025519371032715,-0.032051042104171756,-0.06648147106170654,-0.11819541454315186,-0.047805309677528385,-0.03630191087722778,-0.18896633386611938,-0.06301593073646927,-0.0035154521465301514,-0.2446209192276001,-0.07526530363600159,-0.07184171676635742,-0.255512535572052,-0.01900169291536713,-0.08921229839324951,-0.3597429394721985,-0.037126578772472385,-0.10015186667442322,-0.4229709506034851,-0.0474688489083519,-0.10952672362327576,-0.4757055342197418,-0.05348030515949631,-0.024302750825881958,-0.2603967785835266,-0.02016281188468838,-0.005765080451965332,-0.37321916222572327,-0.03923829310576821,0.002381235361099243,-0.44157856702804565,-0.05060073771517182,0.006469786167144775,-0.49270129203796387,-0.0552653674129715,0.014123886823654175,-0.23630642890930176,-0.026101142549919132,0.01943269371986389,-0.2757844924926758,-0.05994463005106354,0.004670560359954834,-0.22008782625198364,-0.06660793014805222,-0.004134654998779297,-0.1786043643951416,-0.060857795560764316,0.045193761587142944,-0.19765114784240723,-0.034401599699663166,0.048009008169174194,-0.23185068368911743,-0.06009848454039002,0.031151264905929565,-0.18305009603500366,-0.05810969733636284,0.019820421934127808,-0.1420181393623352,-0.05025898703377152,victory
0.0,0.0,0.0,-0.0469476580619812,-0.03877675533294678,-0.032608179915484925,-0.06541988253593445,-0.11639493703842163,-0.04912010820561363,-0.03209078311920166,-0.184844970703125,-0.06510338054948761,0.002209186553955078,-0.23860085010528564,-0.07872191684299423,-0.06917423009872437,-0.25465357303619385,-0.023573814499911805,-0.08788526058197021,-0.35909098386764526,-0.04310801120453789,-0.09926018118858337,-0.42293161153793335,-0.05436563359552338,-0.109076589345932,-0.4762297570705414,-0.061326580662068864,-0.021414875984191895,-0.2601936459541321,-0.025278920847711106,-0.0038615167140960693,-0.37149709463119507,-0.04507500918560936,0.003829270601272583,-0.43816515803337097,-0.056573710012969514,0.007011532783508301,-0.48992863297462463,-0.06203503774457886,0.016418635845184326,-0.23666751384735107,-0.0316653461938472,0.024103224277496338,-0.27747824788093567,-0.06535497920566513,0.00969243049621582,-0.22039133310317993,-0.07193016128593399,4.780292510986328e-05,-0.17884588241577148,-0.0670122192984195,0.0461583137512207,-0.19802439212799072,-0.040621711481151124,0.050063252449035645,-0.23005306720733643,-0.06688444184118225,0.033631980419158936,-0.18005281686782837,-0.06585122512632324,0.021426498889923096,-0.1390475630760193,-0.05926496403270676,victory
0.0,0.0,0.0,-0.04701286554336548,-0.04024553298950195,-0.03398854179187083,-0.06578636169433594,-0.11753666400909424,-0.051060332785084483,-0.03329792618751526,-0.1866363286972046,-0.06726205242676997,0.0008997023105621338,-0.24163532257080078,-0.08040208263201976,-0.07282754778862,-0.25296342372894287,-0.023667215238049266,-0.0907658040523529,-0.35885244607925415,-0.04345267904801631,-0.10208383202552795,-0.4229641556739807,-0.054312146137192485,-0.11151209473609924,-0.47659510374069214,-0.06048509372277522,-0.025338709354400635,-0.25864458084106445,-0.024286511222555873,-0.006720811128616333,-0.37109410762786865,-0.04441179973883891,0.000513911247253418,-0.4394132196903229,-0.055150094310477016,0.00409969687461853,-0.49126172065734863,-0.05920221177740359,0.013264596462249756,-0.2346341609954834,-0.029772666151359317,0.020095765590667725,-0.27219846844673157,-0.06396645201249385,0.005682766437530518,-0.21246808767318726,-0.06867033136887812,-0.002498716115951538,-0.17084026336669922,-0.06127901269002223,0.04387146234512329,-0.19510936737060547,-0.037956586907341716,0.04892188310623169,-0.22828662395477295,-0.06331375880046153,0.032622337341308594,-0.17891830205917358,-0.060195672194197414,0.02143770456314087,-0.1396915316581726,-0.05145046008630061,victory
0.0,0.0,0.0,-0.046616703271865845,-0.039120495319366455,-0.03391586881286912,-0.06464764475822449,-0.11578899621963501,-0.05088860806233697,-0.030748456716537476,-0.1847531795501709,-0.0669078480840426,0.0030237138271331787,-0.2383739948272705,-0.08026573326594644,-0.07211488485336304,-0.25378280878067017,-0.025273403936694194,-0.09007701277732849,-0.35795852541923523,-0.045683800095389415,-0.10158836841583252,-0.4226159155368805,-0.05760485198504739,-0.11192655563354492,-0.47682061791419983,-0.06492581483132653,-0.023712724447250366,-0.2598496079444885,-0.026260812619398166,-0.007162719964981079,-0.37263619899749756,-0.046770228856871654,3.3080577850341797e-06,-0.441709041595459,-0.05860337879664712,0.0028563737869262695,-0.4963843524456024,-0.0640457373500567,0.015200942754745483,-0.23598068952560425,-0.031956142598460247,0.0237027108669281,-0.27280592918395996,-0.0656147327662211,0.009030193090438843,-0.2160397171974182,-0.07187982913262658,-0.0009139180183410645,-0.17560714483261108,-0.06638387855298333,0.0455799400806427,-0.19704753160476685,-0.04040401321060472,0.05085727572441101,-0.22640365362167358,-0.06582790132767968,0.03433838486671448,-0.17969101667404175,-0.06446463134295755,0.021659106016159058,-0.14231592416763306,-0.05754002075798326,victory
0.0,0.0,0.0,-0.045962631702423096,-0.03750121593475342,-0.032466522513459495,-0.06432604789733887,-0.11350703239440918,-0.04919544523818331,-0.030701398849487305,-0.18177223205566406,-0.06539148381216364,0.0037497282028198242,-0.23501592874526978,-0.07927557369930582,-0.06877398490905762,-0.25273609161376953,-0.025909383876751235,-0.08595383167266846,-0.35841822624206543,-0.04710033824903803,-0.09684252738952637,-0.4237655997276306,-0.05931316232545214,-0.1064378023147583,-0.4796014130115509,-0.0668203561590417,-0.020656555891036987,-0.2587167024612427,-0.028050680740307143,-0.005066722631454468,-0.37198588252067566,-0.04973512431843119,0.0022858381271362305,-0.441999614238739,-0.06233108705146151,0.005794525146484375,-0.49782508611679077,-0.06824419191343623,0.017254769802093506,-0.23487049341201782,-0.034628133385012916,0.027161359786987305,-0.27237313985824585,-0.07002272000772791,0.011442065238952637,-0.21323484182357788,-0.07675924441082316,0.0009191632270812988,-0.1694313883781433,-0.07112832656366663,0.04617255926132202,-0.19657695293426514,-0.04373474335534411,0.05120664834976196,-0.22286522388458252,-0.07126050731403666,0.034015536308288574,-0.1741521954536438,-0.07082328489286738,0.02100163698196411,-0.1339435577392578,-0.06408191761238413,victory
0.0,0.0,0.0,-0.04641696810722351,-0.03770923614501953,-0.03386192565858437,-0.06477782130241394,-0.11429744958877563,-0.05134328624308182,-0.030467987060546875,-0.1825631856918335,-0.06783678179681374,0.0044606029987335205,-0.23703545331954956,-0.08189292049110009,-0.06879359483718872,-0.2517548203468323,-0.0276368668496616,-0.08738699555397034,-0.3581241965293884,-0.04954572564065529,-0.09798449277877808,-0.4237670302391052,-0.062323016878963244,-0.10714337229728699,-0.4800311326980591,-0.06995267963111473,-0.020666688680648804,-0.25816911458969116,-0.028920406308770907,-0.004372239112854004,-0.3718118369579315,-0.050715436992049945,0.003397136926651001,-0.4414820075035095,-0.06267458742559029,0.006723850965499878,-0.49725186824798584,-0.06786551123559548,0.017017632722854614,-0.23465007543563843,-0.03474494611918999,0.024973362684249878,-0.27307939529418945,-0.07070598548352791,0.012098819017410278,-0.21356910467147827,-0.07633872872293068,0.003863900899887085,-0.17026448249816895,-0.06954400783479286,0.04622688889503479,-0.19563204050064087,-0.043182341215015185,0.05182561278343201,-0.22519350051879883,-0.07131141966283394,0.036590903997421265,-0.17472749948501587,-0.06972008740603997,0.02501395344734192,-0.13317906856536865,-0.06172486191690041,victory
0.0,0.0,0.0,-0.046713411808013916,-0.037866175174713135,-0.033453730994551734,-0.06495118141174316,-0.11365151405334473,-0.05073874642857845,-0.032269179821014404,-0.18111813068389893,-0.06703522627958591,0.0008168816566467285,-0.2372252345085144,-0.08059834515461262,-0.07071620225906372,-0.25122684240341187,-0.026676893362491683,-0.08830821514129639,-0.359509140253067,-0.04716536229261692,-0.09727036952972412,-0.425088107585907,-0.05852913310536678,-0.10470631718635559,-0.48067423701286316,-0.06519613986620243,-0.02261027693748474,-0.25695496797561646,-0.028059354180186347,-0.004728466272354126,-0.37172403931617737,-0.04885053833731945,0.004652440547943115,-0.4414744973182678,-0.06030021806964214,0.009445130825042725,-0.495956152677536,-0.06521525060543354,0.014980614185333252,-0.2326812744140625,-0.03392274876841839,0.022382676601409912,-0.27082157135009766,-0.06825336640486057,0.008487999439239502,-0.2123427391052246,-0.07369229024061497,-0.000770866870880127,-0.17045611143112183,-0.06733345811971958,0.04414105415344238,-0.19355326890945435,-0.042432388419001654,0.050086259841918945,-0.22312045097351074,-0.06920116966375645,0.034198641777038574,-0.17308145761489868,-0.06749953156122501,0.02166372537612915,-0.13275974988937378,-0.05984079291829403,victory
0.0,0.0,0.0,-0.04726278781890869,-0.037531137466430664,-0.03287116191182804,-0.06630992889404297,-0.11428439617156982,-0.049404968831879614,-0.03437995910644531,-0.18158918619155884,-0.06495752311144543,-0.0011483430862426758,-0.23693209886550903,-0.07788021988068294,-0.07094651460647583,-0.2546285390853882,-0.025121086601359366,-0.0881720781326294,-0.3618849515914917,-0.04460999495182705,-0.09746873378753662,-0.4273756146430969,-0.05545847243462276,-0.10564520955085754,-0.4828871488571167,-0.06191929182801914,-0.02288907766342163,-0.2600136399269104,-0.026441333208424567,-0.0049627721309661865,-0.37412577867507935,-0.04626130438242626,0.004300475120544434,-0.4422683119773865,-0.056998228047234534,0.008485555648803711,-0.49520057439804077,-0.06154455370102596,0.014625728130340576,-0.23616266250610352,-0.032340945068938254,0.021962881088256836,-0.27163785696029663,-0.06631858027373028,0.008045196533203125,-0.21435248851776123,-0.07268518335018825,-0.0013714432716369629,-0.17298978567123413,-0.06711095697079372,0.04338175058364868,-0.1984694004058838,-0.040816911820513724,0.04910838603973389,-0.2258237600326538,-0.06777255362663936,0.03302508592605591,-0.17489475011825562,-0.06712895757351589,0.020152568817138672,-0.13396084308624268,-0.060369954768759726,victory
0.0,0.0,0.0,-0.04677879810333252,-0.04093557596206665,-0.03227390737094993,-0.06569680571556091,-0.11861789226531982,-0.04865846798577422,-0.035048454999923706,-0.18618077039718628,-0.06431784123935813,-0.001582026481628418,-0.24104487895965576,-0.07737341911354179,-0.06830504536628723,-0.2539926767349243,-0.02392473273732776,-0.08502039313316345,-0.3611440658569336,-0.04251361653962249,-0.09402638673782349,-0.42534536123275757,-0.052469141937876884,-0.10192862153053284,-0.4794498085975647,-0.058162946410561744,-0.021242409944534302,-0.2569197416305542,-0.025402957730079834,0.0001150965690612793,-0.37127816677093506,-0.04444888249793166,0.009071409702301025,-0.4394601583480835,-0.0543733017221939,0.013033151626586914,-0.4918988347053528,-0.058263868250037376,0.015679538249969482,-0.2316880226135254,-0.03142159447827453,0.023591220378875732,-0.2726394534111023,-0.06537762672462577,0.00799548625946045,-0.21271127462387085,-0.07055376113214606,-0.0021066367626190186,-0.16994601488113403,-0.06386277467765922,0.044257402420043945,-0.19245398044586182,-0.03985739887514228,0.04884827136993408,-0.2277977466583252,-0.06655548156061286,0.032148540019989014,-0.17605137825012207,-0.06417435795822257,0.019633769989013672,-0.13378643989562988,-0.0560268202499401,victory
0.0,0.0,0.0,-0.04578331112861633,-0.039539217948913574,-0.029686982705811715,-0.06540349125862122,-0.1172378659248352,-0.046917228921870446,-0.03650680184364319,-0.18278926610946655,-0.06427637390754626,-0.0024110078811645508,-0.2330399751663208,-0.07972999565265582,-0.06229308247566223,-0.2530374526977539,-0.027755121662835336,-0.07814601063728333,-0.36487677693367004,-0.049336261078337884,-0.08429273962974548,-0.4319693446159363,-0.06001655288002894,-0.08817994594573975,-0.48776882886886597,-0.06577367983720706,-0.015687137842178345,-0.2529730200767517,-0.03158061109445498,0.0070181190967559814,-0.36717090010643005,-0.0554176969077389,0.019015520811080933,-0.4348680377006531,-0.06706869505308077,0.02718082070350647,-0.48742714524269104,-0.07110047243497775,0.020750194787979126,-0.2257978916168213,-0.03913544766567156,0.027437299489974976,-0.2662074565887451,-0.07700800798795626,0.009520620107650757,-0.2031632661819458,-0.08160770587585375,-0.0011833906173706055,-0.1590813398361206,-0.07358009271285937,0.048373788595199585,-0.18446815013885498,-0.048572930469731546,0.04832014441490173,-0.21474283933639526,-0.07803609870336459,0.028435617685317993,-0.16069060564041138,-0.07503847680948184,0.014497429132461548,-0.11793571710586548,-0.06559958212039874,victory
0.0,0.0,0.0,-0.04582560062408447,-0.03721588850021362,-0.031174350235346537,-0.06639978289604187,-0.11142009496688843,-0.048066829967979174,-0.03910332918167114,-0.17831695079803467,-0.064720650840286,-0.006046712398529053,-0.2294411063194275,-0.07937064551163076,-0.061321914196014404,-0.25543761253356934,-0.026998579207543116,-0.07568562030792236,-0.3657172620296478,-0.04742439248013852,-0.08183816075325012,-0.43168509006500244,-0.05775764368820546,-0.08648127317428589,-0.4878823459148407,-0.0635130383853948,-0.013901948928833008,-0.2567524313926697,-0.029658958021286708,0.010082721710205078,-0.3711816370487213,-0.05138705827641843,0.021672427654266357,-0.4384229779243469,-0.061916580129150134,0.028539299964904785,-0.49077579379081726,-0.0656516828422582,0.022667109966278076,-0.23114341497421265,-0.036387948024753314,0.02761232852935791,-0.2716750502586365,-0.07324576162147878,0.00964200496673584,-0.21040594577789307,-0.07856948458004354,-0.000684201717376709,-0.16596704721450806,-0.07135671161461232,0.050116658210754395,-0.1914549469947815,-0.04518654354262708,0.04889184236526489,-0.2212427854537964,-0.07487191044140218,0.02831786870956421,-0.16644024848937988,-0.07293213688183187,0.013967394828796387,-0.12137150764465332,-0.06439976923513768,victory
0.0,0.0,0.0,-0.04434904456138611,-0.04224175214767456,-0.027590620441117153,-0.06379297375679016,-0.12418371438980103,-0.04379785164979921,-0.03339749574661255,-0.18993878364562988,-0.06051878362683283,0.004647582769393921,-0.23385703563690186,-0.07594101235059725,-0.05300816893577576,-0.25916236639022827,-0.027897891698160038,-0.06653669476509094,-0.36820676922798157,-0.049954333452262745,-0.07075521349906921,-0.43396952748298645,-0.060765304712333545,-0.07354685664176941,-0.48806047439575195,-0.06702614679721819,-0.005946815013885498,-0.25463318824768066,-0.032984067795553074,0.020499497652053833,-0.3725626468658447,-0.05780330404428469,0.035911232233047485,-0.438610315322876,-0.07047947600273119,0.04783716797828674,-0.48970362544059753,-0.07520128145603167,0.03118327260017395,-0.22318118810653687,-0.04129899769810663,0.03630158305168152,-0.2716776132583618,-0.07981351122049318,0.013956636190414429,-0.2133440375328064,-0.08604081079153048,0.001919865608215332,-0.17023342847824097,-0.07924666359809862,0.058700889348983765,-0.1777663230895996,-0.05112956568387972,0.05174776911735535,-0.2055826187133789,-0.08169777050403582,0.026740163564682007,-0.15675973892211914,-0.08070056989578234,0.01133623719215393,-0.11700332164764404,-0.07272278621582018,victory
0.0,0.0,0.0,-0.04300752282142639,-0.04056471586227417,-0.026397127875327442,-0.06560611724853516,-0.12154197692871094,-0.04232706151270804,-0.04008147120475769,-0.1882946491241455,-0.05920384845995841,-0.004438579082489014,-0.23345571756362915,-0.07447135097646651,-0.05043184757232666,-0.25832635164260864,-0.027162596800565098,-0.06017178297042847,-0.36837607622146606,-0.04941961190962729,-0.06295692920684814,-0.4350707530975342,-0.05995048976802764,-0.06374859809875488,-0.4900350570678711,-0.0660044366803163,-0.003496408462524414,-0.2509497404098511,-0.03293579093480048,0.024590253829956055,-0.36709409952163696,-0.058499891528128956,0.040948569774627686,-0.43319207429885864,-0.0709807465162271,0.05428117513656616,-0.4841320514678955,-0.0754026437487596,0.0335044264793396,-0.21788948774337769,-0.04184174186849532,0.03492051362991333,-0.2655717730522156,-0.08112046516799865,0.009797871112823486,-0.20219957828521729,-0.08510066218042311,-0.0027032196521759033,-0.15557897090911865,-0.07621211952829299,0.06047290563583374,-0.17208462953567505,-0.05226028732323584,0.046816885471343994,-0.19808322191238403,-0.0832965264406198,0.020111680030822754,-0.14979863166809082,-0.08140498793983397,0.005603313446044922,-0.11145472526550293,-0.07237867660188613,victory
0.0,0.0,0.0,-0.04249584674835205,-0.04203689098358154,-0.02436964195874225,-0.06408652663230896,-0.12102526426315308,-0.03830265235808383,-0.038817763328552246,-0.1853712797164917,-0.05383041110542308,-0.003387540578842163,-0.2271939516067505,-0.06789797899034511,-0.047687530517578125,-0.2596808969974518,-0.02101643365529071,-0.05693140625953674,-0.3666544556617737,-0.04083516058233272,-0.059541672468185425,-0.4312964081764221,-0.05034067836311351,-0.06019008159637451,-0.48419317603111267,-0.055718302547006715,-0.0018267035484313965,-0.2506754994392395,-0.027000348835258592,0.025281965732574463,-0.36403805017471313,-0.049902036606340516,0.040555715560913086,-0.4296508729457855,-0.062035735516815294,0.053423285484313965,-0.4797208607196808,-0.06654326227214824,0.033958375453948975,-0.21640270948410034,-0.03628067654278766,0.03588217496871948,-0.262972891330719,-0.07377791759279262,0.010927319526672363,-0.20323455333709717,-0.0801643764665414,-0.0014960765838623047,-0.1572885513305664,-0.0732194518735696,0.05972367525100708,-0.16971319913864136,-0.04688296821620952,0.04805898666381836,-0.19325077533721924,-0.07668090966251384,0.02035754919052124,-0.1481425166130066,-0.0766027828743745,0.004645854234695435,-0.1102825403213501,-0.0692199429562379,victory
0.0,0.0,0.0,-0.04268863797187805,-0.041630446910858154,-0.024215182811531122,-0.0642051100730896,-0.12293368577957153,-0.03707856737128168,-0.03831988573074341,-0.1862303614616394,-0.051662128940733965,-0.001687854528427124,-0.2263914942741394,-0.0648744446789351,-0.0471862256526947,-0.2610839903354645,-0.019041695222767885,-0.05620494484901428,-0.36856377124786377,-0.038682006821545656,-0.05832818150520325,-0.43355560302734375,-0.04804052092185884,-0.057430773973464966,-0.4864189624786377,-0.05319709383002191,-0.0007127821445465088,-0.2540014386177063,-0.02511279150894552,0.02610069513320923,-0.36827701330184937,-0.047586311176928575,0.04064643383026123,-0.4366306662559509,-0.06006396986595064,0.053819239139556885,-0.48801693320274353,-0.06470932491174608,0.035730957984924316,-0.22097551822662354,-0.03466177411428362,0.03784757852554321,-0.2688031792640686,-0.07217573054185777,0.011378347873687744,-0.20903551578521729,-0.07972919620624452,-0.001988142728805542,-0.16270041465759277,-0.07339730538478761,0.06154000759124756,-0.17480862140655518,-0.04556806810251146,0.04672342538833618,-0.19460457563400269,-0.07631764240613848,0.018673479557037354,-0.14813685417175293,-0.07771028257957369,0.003608614206314087,-0.11023521423339844,-0.07104734011045366,victory
0.0,0.0,0.0,-0.04296049475669861,-0.04245626926422119,-0.02509966849953571,-0.0642591118812561,-0.12390172481536865,-0.039217471924132496,-0.038795530796051025,-0.1909087896347046,-0.05484445377857128,-0.002941608428955078,-0.2365817427635193,-0.06874453261167446,-0.04792678356170654,-0.25948816537857056,-0.019804391857690007,-0.05730411410331726,-0.3671770691871643,-0.04034626841217914,-0.059714555740356445,-0.4318799078464508,-0.049967173334664494,-0.05933558940887451,-0.4849399924278259,-0.05493297412664333,-0.002110600471496582,-0.2514657974243164,-0.02575775406927505,0.024431347846984863,-0.3673338294029236,-0.04929379358560482,0.03970056772232056,-0.4347551465034485,-0.06157261117965618,0.053543269634246826,-0.48596546053886414,-0.06555810555488506,0.03407144546508789,-0.21768105030059814,-0.035288650390214116,0.033702552318573,-0.26507681608200073,-0.07450719907552639,0.008130252361297607,-0.20360076427459717,-0.08087521031171718,-0.0034314095973968506,-0.15721088647842407,-0.07291966661483684,0.06011772155761719,-0.1709464192390442,-0.04610991090208927,0.045625150203704834,-0.19892972707748413,-0.07727164014846721,0.01752161979675293,-0.150787353515625,-0.07652850433856884,0.0026904642581939697,-0.11081540584564209,-0.06793893113405147,victory
0.0,0.0,0.0,-0.04210752248764038,-0.04097771644592285,-0.02362938094540823,-0.06466814875602722,-0.12094098329544067,-0.03694744836195696,-0.039891570806503296,-0.18762588500976562,-0.05193887333973635,-0.004540354013442993,-0.2333241105079651,-0.0654304293881296,-0.04792070388793945,-0.2583015561103821,-0.018672556240403537,-0.056225866079330444,-0.3648332953453064,-0.0376412538777231,-0.05843344330787659,-0.42873457074165344,-0.04625700469716776,-0.058206140995025635,-0.4812316596508026,-0.050778605599248294,-0.0019792020320892334,-0.2511255145072937,-0.024571870077693347,0.02505353093147278,-0.3653765022754669,-0.04641887228592623,0.04037097096443176,-0.43199440836906433,-0.057972346056544666,0.05377581715583801,-0.482146292924881,-0.061877310831391696,0.034152477979660034,-0.21902179718017578,-0.033844013322436695,0.0338992178440094,-0.2649381160736084,-0.07102464567526567,0.007779031991958618,-0.2055126428604126,-0.07821009736164797,-0.005000650882720947,-0.1593901515007019,-0.07163636069401491,0.060479551553726196,-0.17511415481567383,-0.04429915230377901,0.04492899775505066,-0.19682395458221436,-0.07437949310644854,0.01628473401069641,-0.14980566501617432,-0.07504930775269258,0.0005200207233428955,-0.110617995262146,-0.06794742922886599,victory
0.0,0.0,0.0,-0.04249805212020874,-0.0423397421836853,-0.023120261729786762,-0.06514400243759155,-0.12156450748443604,-0.0364127531657914,-0.0425054132938385,-0.18730783462524414,-0.05149747058851517,-0.00791826844215393,-0.23296934366226196,-0.06511048227650917,-0.04664689302444458,-0.2582797408103943,-0.018207257614562877,-0.055241912603378296,-0.3644372820854187,-0.0369458459327916,-0.05833354592323303,-0.42829975485801697,-0.04579048603875435,-0.05907335877418518,-0.48121973872184753,-0.05079200491411484,-0.0014543235301971436,-0.2509536147117615,-0.02456302382154263,0.024906545877456665,-0.3651134669780731,-0.046053703875372776,0.04010513424873352,-0.4317573308944702,-0.057863499970267185,0.053713589906692505,-0.4819255769252777,-0.062353286893198856,0.03420570492744446,-0.21829813718795776,-0.03421264886958397,0.03358623385429382,-0.26970580220222473,-0.07088178396327294,0.007186174392700195,-0.21205919981002808,-0.0781973600397805,-0.005608260631561279,-0.16606450080871582,-0.0722396746288041,0.0603615939617157,-0.1734033226966858,-0.04503724351627625,0.04389670491218567,-0.19675803184509277,-0.0753696560869912,0.015180081129074097,-0.1504996418952942,-0.07652583718402184,-0.0004088878631591797,-0.11095523834228516,-0.06996565312249459,victory
0.0,0.0,0.0,-0.04213783144950867,-0.03947341442108154,-0.025017544186596297,-0.06624621152877808,-0.11833244562149048,-0.03961777084219875,-0.04407760500907898,-0.18674874305725098,-0.0558857037936491,-0.007939666509628296,-0.2331365942955017,-0.07030326642740192,-0.05066794157028198,-0.2558082044124603,-0.019422228938822172,-0.05982935428619385,-0.36258840560913086,-0.03986356549609127,-0.06136155128479004,-0.4266319274902344,-0.049239614537839316,-0.060450226068496704,-0.4789014160633087,-0.053930533609275244,-0.004775315523147583,-0.24951231479644775,-0.025196099213246725,0.02124607563018799,-0.36408746242523193,-0.049011850288991354,0.03583097457885742,-0.43162983655929565,-0.061117132685069464,0.04828500747680664,-0.48320212960243225,-0.06475909569013538,0.03152453899383545,-0.21810269355773926,-0.03456096493351879,0.030085086822509766,-0.2655484080314636,-0.07388850071180286,0.005093127489089966,-0.2024807333946228,-0.08003059544313373,-0.006817460060119629,-0.15402060747146606,-0.0716487593268198,0.058286070823669434,-0.17428529262542725,-0.045230892977599524,0.0428546667098999,-0.1992296576499939,-0.07612450190532627,0.015128731727600098,-0.15152043104171753,-0.07579654224861088,-0.00037470459938049316,-0.11148226261138916,-0.06736340143430652,victory
0.0,0.0,0.0,-0.04357552528381348,-0.04321068525314331,-0.02398258700407041,-0.0690748393535614,-0.1244392991065979,-0.03837046466207994,-0.046078771352767944,-0.19368761777877808,-0.05467386982775224,-0.007313162088394165,-0.23594987392425537,-0.069168355980878,-0.05317226052284241,-0.25541308522224426,-0.02035087227261556,-0.06338107585906982,-0.36362677812576294,-0.04054484210348619,-0.06523382663726807,-0.4272128939628601,-0.049696714350943694,-0.06558939814567566,-0.4795070290565491,-0.054144722143178114,-0.007269710302352905,-0.248695969581604,-0.026154148126011023,0.02005627751350403,-0.36426371335983276,-0.04935333571768297,0.03493216633796692,-0.4307568073272705,-0.06066173754072679,0.04689660668373108,-0.48231226205825806,-0.0635766356382419,0.029940277338027954,-0.21717464923858643,-0.03523496977425111,0.02327534556388855,-0.2610081732273102,-0.07223699680901063,-0.0012094676494598389,-0.19824552536010742,-0.07681974462605012,-0.011080622673034668,-0.1512259840965271,-0.06752242586946977,0.05796578526496887,-0.17339396476745605,-0.04576867512798799,0.04067501425743103,-0.20062172412872314,-0.07293997398949159,0.01318773627281189,-0.15610402822494507,-0.07044652543402208,-0.0008574128150939941,-0.11833012104034424,-0.06094111941195024,victory
0.0,0.0,0.0,-0.04520252346992493,-0.04283803701400757,-0.02324325140568817,-0.07113334536552429,-0.12422138452529907,-0.037670063935252074,-0.05208992958068848,-0.19302469491958618,-0.05391234826299751,-0.016286492347717285,-0.2373860478401184,-0.06825566958639229,-0.05682554841041565,-0.25385192036628723,-0.020160474963518027,-0.06844091415405273,-0.3619541525840759,-0.03967923965308273,-0.0713767409324646,-0.42461520433425903,-0.04808140467855537,-0.072590172290802,-0.4760490953922272,-0.05182625647637451,-0.010429412126541138,-0.24836888909339905,-0.026039819382162932,0.014134824275970459,-0.3643794655799866,-0.0494449391588887,0.028121232986450195,-0.43067699670791626,-0.06065620031210983,0.03950679302215576,-0.48191192746162415,-0.06317444067451561,0.027062296867370605,-0.21942418813705444,-0.034949469529124144,0.017851591110229492,-0.26118820905685425,-0.07177867662164772,-0.006462663412094116,-0.19806253910064697,-0.07575680237266624,-0.016559839248657227,-0.14971059560775757,-0.06590354364368523,0.05502021312713623,-0.17935872077941895,-0.045179541371794585,0.03529447317123413,-0.20529842376708984,-0.07145009856674278,0.00935506820678711,-0.15913867950439453,-0.06778449486944282,-0.003037482500076294,-0.1193886399269104,-0.05735265757891739,victory
0.0,0.0,0.0,-0.044865697622299194,-0.04344046115875244,-0.021029115144642674,-0.07186967134475708,-0.1245110034942627,-0.03420631815913566,-0.05295881628990173,-0.19217133522033691,-0.04954870273593315,-0.016338050365447998,-0.23482894897460938,-0.06318938215497383,-0.055478066205978394,-0.2553134560585022,-0.01797043574276813,-0.06747832894325256,-0.36271411180496216,-0.03612954025390991,-0.07130584120750427,-0.4250496029853821,-0.043877067465814434,-0.07399153709411621,-0.4760146141052246,-0.04757312541130432,-0.010402828454971313,-0.2492707371711731,-0.024690593082937085,0.014746010303497314,-0.3649943768978119,-0.046187850136789166,0.028040051460266113,-0.4301830530166626,-0.05667366315844902,0.038552165031433105,-0.48076489567756653,-0.05936006685021766,0.025873184204101562,-0.2197650671005249,-0.034304330546888195,0.018582642078399658,-0.2621108591556549,-0.06894329418662437,-0.00590929388999939,-0.20116502046585083,-0.07336815675023445,-0.016035765409469604,-0.15415048599243164,-0.06490752329352745,0.05264127254486084,-0.17896264791488647,-0.04516645004275688,0.034093379974365234,-0.20230931043624878,-0.07086332370761284,0.007201731204986572,-0.15758520364761353,-0.0684346057963694,-0.006345510482788086,-0.11920785903930664,-0.05950536807301887,victory
0.0,0.0,0.0,-0.0469532310962677,-0.04378402233123779,-0.019350437280081678,-0.07529988884925842,-0.12555301189422607,-0.03217473609402077,-0.05910906195640564,-0.19236618280410767,-0.0474629996533622,-0.02556300163269043,-0.23496025800704956,-0.06132851896836655,-0.057903409004211426,-0.25240111351013184,-0.01865278912737267,-0.07094940543174744,-0.35848280787467957,-0.03698829172208207,-0.07676577568054199,-0.4197920262813568,-0.0454817822392215,-0.07993116974830627,-0.471040815114975,-0.050268433820747305,-0.012695550918579102,-0.2478284239768982,-0.02644661983504193,0.009111076593399048,-0.36477193236351013,-0.048572428357147146,0.021203428506851196,-0.4325553774833679,-0.06059893948986428,0.03262481093406677,-0.4855026304721832,-0.06502414105489152,0.024803906679153442,-0.21952199935913086,-0.0366091689284076,0.01635882258415222,-0.26884788274765015,-0.07064441202237504,-0.010946810245513916,-0.21012157201766968,-0.0751845946724643,-0.02345690131187439,-0.1623874306678772,-0.06775729713990586,0.053499966859817505,-0.17950552701950073,-0.047931704502843786,0.030936866998672485,-0.20268011093139648,-0.07385874895408051,0.0035513341426849365,-0.1599077582359314,-0.07197910903050797,-0.009744822978973389,-0.12207823991775513,-0.06378951279475586,victory
0.0,0.0,0.0,-0.04663795232772827,-0.04493284225463867,-0.018820803192340918,-0.07469338178634644,-0.12635618448257446,-0.031419796449029036,-0.058620989322662354,-0.19210946559906006,-0.04694396401652057,-0.023625433444976807,-0.233894944190979,-0.06084313760408122,-0.05698367953300476,-0.25142577290534973,-0.01563597242244441,-0.07237908244132996,-0.3588324785232544,-0.033827805471503325,-0.07794523239135742,-0.42040032148361206,-0.04181707794674594,-0.08098426461219788,-0.4710426330566406,-0.04556317771681506,-0.012461334466934204,-0.246315598487854,-0.023529983636819907,0.006906569004058838,-0.3620266318321228,-0.045946264219367094,0.018213778734207153,-0.42912423610687256,-0.05756767610915858,0.028167158365249634,-0.4804360270500183,-0.06079841176875789,0.02454814314842224,-0.21809148788452148,-0.03408963377484042,0.011916428804397583,-0.2600873112678528,-0.06868308554300029,-0.012290090322494507,-0.19991540908813477,-0.07311035464414317,-0.021799474954605103,-0.15235233306884766,-0.0644922308147784,0.05265328288078308,-0.17858624458312988,-0.045767465186202116,0.030285626649856567,-0.2039819359779358,-0.07037473986753184,0.003191232681274414,-0.15969890356063843,-0.06703564296373088,-0.010255575180053711,-0.12020176649093628,-0.05749847884186465,victory
0.0,0.0,0.0,-0.04658356308937073,-0.04512321949005127,-0.017439156404861933,-0.0750117301940918,-0.1275530457496643,-0.02888340093863917,-0.058118462562561035,-0.19448846578598022,-0.043627956516274935,-0.02384883165359497,-0.23502373695373535,-0.057051231718787676,-0.058833956718444824,-0.2508400082588196,-0.01509600561780644,-0.07448562979698181,-0.3611835837364197,-0.0331287771530242,-0.0796046257019043,-0.4257621169090271,-0.04061152935696555,-0.08255153894424438,-0.47833940386772156,-0.0436522565848918,-0.014451533555984497,-0.2462732195854187,-0.02350557186377955,0.004766345024108887,-0.3630586862564087,-0.045822972065934664,0.015290439128875732,-0.43139034509658813,-0.0570414938099475,0.023604273796081543,-0.4829375743865967,-0.05963312239123297,0.022762000560760498,-0.21867692470550537,-0.03442876563144637,0.009018659591674805,-0.2589412331581116,-0.0696382239527793,-0.013081014156341553,-0.19781064987182617,-0.07444705963803244,-0.021138668060302734,-0.14939755201339722,-0.06551198065949393,0.05113482475280762,-0.17994534969329834,-0.04623746276570273,0.02929145097732544,-0.2083660364151001,-0.0706797108121009,0.0025042593479156494,-0.16422003507614136,-0.06693179310036612,-0.01119503378868103,-0.12406247854232788,-0.05692796186281157,victory
0.0,0.0,0.0,-0.0475020706653595,-0.04467993974685669,-0.018044235076729365,-0.07636424899101257,-0.12392854690551758,-0.02991025697809846,-0.06213870644569397,-0.19153070449829102,-0.045278848972145624,-0.02896520495414734,-0.2342146635055542,-0.0592920499704519,-0.062339723110198975,-0.25103873014450073,-0.012312943007771082,-0.07931515574455261,-0.3553360104560852,-0.029678946252886362,-0.08540201187133789,-0.41449666023254395,-0.037463636960808344,-0.08897876739501953,-0.46437138319015503,-0.040775054957691736,-0.017908304929733276,-0.24745500087738037,-0.020430391546312876,0.0029416680335998535,-0.3651868999004364,-0.041373273249689646,0.011864900588989258,-0.4330466389656067,-0.052451180186096735,0.018634557723999023,-0.4843425154685974,-0.05531330582124383,0.019204795360565186,-0.22044962644577026,-0.031479934122387476,0.006170690059661865,-0.2658489942550659,-0.0663035715780893,-0.016124367713928223,-0.20521193742752075,-0.07215790998560578,-0.024036288261413574,-0.15644943714141846,-0.0640750880203882,0.04839742183685303,-0.1826501488685608,-0.04343727033955247,0.027292251586914062,-0.21420526504516602,-0.06761757087332398,0.00047531723976135254,-0.17001742124557495,-0.0644877980313936,-0.013182491064071655,-0.12890750169754028,-0.05513891380650193,victory
0.0,0.0,0.0,-0.04630813002586365,-0.04087764024734497,-0.01963329013665316,-0.07539242506027222,-0.11974364519119263,-0.03177453089733717,-0.06063678860664368,-0.1896291971206665,-0.04659875739594099,-0.028469115495681763,-0.23569762706756592,-0.05991177518149016,-0.06320419907569885,-0.24827539920806885,-0.013430482486683104,-0.07909023761749268,-0.3501383364200592,-0.030338228458958838,-0.08668738603591919,-0.4085896611213684,-0.03829929862399695,-0.09242305159568787,-0.4582057595252991,-0.04229183007259962,-0.019262194633483887,-0.24712049961090088,-0.020722097495990965,-0.0010114014148712158,-0.3665313422679901,-0.04096834991355536,0.0074402689933776855,-0.4356342554092407,-0.05239141617198584,0.014209657907485962,-0.48763829469680786,-0.056002015958029006,0.018033236265182495,-0.22128725051879883,-0.030981265718537543,0.00797542929649353,-0.267934650182724,-0.0653791565098345,-0.014348268508911133,-0.20921432971954346,-0.07197147492547629,-0.023877710103988647,-0.16186773777008057,-0.06500210497756598,0.04753944277763367,-0.1843355894088745,-0.042211170087057326,0.02885761857032776,-0.21530920267105103,-0.06743750605960486,0.0035618245601654053,-0.16957414150238037,-0.06535076979776022,-0.010131537914276123,-0.12745827436447144,-0.056853892991739485,victory
0.0,0.0,0.0,-0.04658275842666626,-0.042113542556762695,-0.019806035786530174,-0.0760587751865387,-0.12133610248565674,-0.032186334013601936,-0.06105402112007141,-0.19219517707824707,-0.04732785466279665,-0.026747167110443115,-0.23650723695755005,-0.060598392963072456,-0.06275787949562073,-0.24906957149505615,-0.012859508387407459,-0.07967478036880493,-0.35155367851257324,-0.029733064576646484,-0.08694559335708618,-0.4097870886325836,-0.03743827435340563,-0.09255796670913696,-0.458199679851532,-0.04107292088832537,-0.018690496683120728,-0.24724870920181274,-0.020079608067533172,6.556510925292969e-05,-0.365123450756073,-0.0405620457526652,0.008336633443832397,-0.43298739194869995,-0.051809259682556785,0.014265745878219604,-0.48437726497650146,-0.05494853946532885,0.018585532903671265,-0.22103315591812134,-0.030373162582179702,0.006046682596206665,-0.26353326439857483,-0.06441963556375185,-0.015162795782089233,-0.20236355066299438,-0.06993349733915011,-0.023040354251861572,-0.15467143058776855,-0.06183374020423571,0.047897666692733765,-0.18395793437957764,-0.04180558118190447,0.027542978525161743,-0.21305382251739502,-0.0656571695503203,0.002298027276992798,-0.16820192337036133,-0.0626112306412665,-0.010918289422988892,-0.12760961055755615,-0.05341184976663271,victory
0.0,0.0,0.0,-0.047386765480041504,-0.04141956567764282,-0.019712743128479815,-0.07614657282829285,-0.1199759840965271,-0.031661879981697894,-0.06037446856498718,-0.18878048658370972,-0.046356719697655535,-0.02841702103614807,-0.23487287759780884,-0.05953478139156232,-0.06457385420799255,-0.24873310327529907,-0.012426812912167406,-0.0809781551361084,-0.3483286499977112,-0.029275814781726694,-0.08919098973274231,-0.40600287914276123,-0.03738573264593015,-0.09538879990577698,-0.45506468415260315,-0.0414802960705174,-0.02029690146446228,-0.24854403734207153,-0.019598164374770022,-0.0018548369407653809,-0.3655884265899658,-0.03990921449178586,0.005699515342712402,-0.4339224100112915,-0.05170207541698346,0.011448651552200317,-0.485302209854126,-0.055482999200762606,0.016964226961135864,-0.22332584857940674,-0.02983579669410119,0.006369233131408691,-0.26629993319511414,-0.06406213786715398,-0.014604449272155762,-0.205693781375885,-0.07071212377661595,-0.0228348970413208,-0.15751737356185913,-0.06366401609295735,0.046341270208358765,-0.18725836277008057,-0.04110557284468541,0.026094704866409302,-0.21399414539337158,-0.06591473963374028,0.0010209083557128906,-0.1674426794052124,-0.0637963831078423,-0.01184055209159851,-0.12576985359191895,-0.05522513833159337,victory
0.0,0.0,0.0,-0.04739728569984436,-0.04127800464630127,-0.01934873104454482,-0.07632216811180115,-0.1187981367111206,-0.03131806455911601,-0.0621238648891449,-0.18826955556869507,-0.04600971915186847,-0.030123353004455566,-0.23429280519485474,-0.05923277862729037,-0.06573885679244995,-0.2481313943862915,-0.012097352895750646,-0.08376890420913696,-0.34683099389076233,-0.028739118728651647,-0.09219983220100403,-0.4042767286300659,-0.03672715627016032,-0.09895482659339905,-0.4526750445365906,-0.04072833411754573,-0.02185797691345215,-0.24837267398834229,-0.019162995520844106,-0.0028739571571350098,-0.3657049238681793,-0.0388447938150307,0.004581183195114136,-0.4330647587776184,-0.050070762414350156,0.009747594594955444,-0.48346129059791565,-0.05353545002998317,0.015215665102005005,-0.22386306524276733,-0.029264580238475446,0.005372881889343262,-0.2681194841861725,-0.06251464017094577,-0.01692807674407959,-0.2086600661277771,-0.06895964570702517,-0.02625405788421631,-0.1605404019355774,-0.06204820402325595,0.04456087946891785,-0.18840289115905762,-0.040422320145978574,0.02485176920890808,-0.21293598413467407,-0.06457634993256534,0.0008416473865509033,-0.1665937304496765,-0.06272229530276263,-0.01079210638999939,-0.12511122226715088,-0.05445564516247714,victory
0.0,0.0,0.0,-0.04811674356460571,-0.04141801595687866,-0.019907111087150042,-0.07544007897377014,-0.11799103021621704,-0.0319617835518784,-0.06169205904006958,-0.18711954355239868,-0.04659118481845326,-0.0335521399974823,-0.2364301085472107,-0.05970910915107197,-0.06771895289421082,-0.24719911813735962,-0.011490869120962088,-0.0853131115436554,-0.345805823802948,-0.02776701726884312,-0.09434643387794495,-0.4034586548805237,-0.03599346780151791,-0.1016552746295929,-0.4517347812652588,-0.040215827309793895,-0.023934006690979004,-0.24660301208496094,-0.018332853698439067,-0.0047307610511779785,-0.3639588952064514,-0.03750692658991284,0.0025741755962371826,-0.4314386248588562,-0.0488079597887463,0.007737398147583008,-0.4813423454761505,-0.052662446880049174,0.01347339153289795,-0.22115164995193481,-0.02837487288684315,0.005605757236480713,-0.2708261013031006,-0.0615534109708733,-0.016109436750411987,-0.213004469871521,-0.06839192264646954,-0.025403320789337158,-0.16555511951446533,-0.062178358220762675,0.04392552375793457,-0.18464785814285278,-0.03941386171550221,0.026412665843963623,-0.2159755825996399,-0.06378867828220791,0.0023391246795654297,-0.17049133777618408,-0.06180664502949185,-0.009841978549957275,-0.12856388092041016,-0.05371001713842816,victory
0.0,0.0,0.0,-0.049911707639694214,-0.04141044616699219,-0.02174087917791212,-0.07787907123565674,-0.11814481019973755,-0.03476217879341448,-0.06439054012298584,-0.1894007921218872,-0.04990913464115465,-0.035659998655319214,-0.24416619539260864,-0.06294273330257738,-0.07344290614128113,-0.24702030420303345,-0.011620298273726348,-0.09145507216453552,-0.3466448485851288,-0.027844871640070323,-0.10017454624176025,-0.40414324402809143,-0.03568548081801737,-0.10713067650794983,-0.4522877037525177,-0.03947282700227106,-0.02931797504425049,-0.2477816939353943,-0.01735371468947733,-0.007656395435333252,-0.36514484882354736,-0.03673588229702318,1.0281801223754883e-05,-0.4332805573940277,-0.04781653477238024,0.004606723785400391,-0.4844052493572235,-0.051105016156896,0.00822514295578003,-0.22328519821166992,-0.026593043714626674,-0.0018285512924194336,-0.26985204219818115,-0.06015243126438463,-0.02206060290336609,-0.2096097469329834,-0.06639630837725008,-0.02943551540374756,-0.16307330131530762,-0.05928895740197504,0.03948315978050232,-0.18754518032073975,-0.03701846419261301,0.020191222429275513,-0.21669358015060425,-0.061494761392339115,-0.003359556198120117,-0.1693657636642456,-0.05939874170707071,-0.014651834964752197,-0.12832903861999512,-0.05091064913557375,victory
0.0,0.0,0.0,-0.048748910427093506,-0.04083251953125,-0.018554795539557745,-0.07792168855667114,-0.11977529525756836,-0.029327671981036474,-0.06365251541137695,-0.18885022401809692,-0.04256971553581934,-0.0352206826210022,-0.2405439019203186,-0.0544217750491498,-0.07074737548828125,-0.2513512969017029,-0.010652271105527689,-0.08992880582809448,-0.3513166010379791,-0.024865318095862676,-0.0993441641330719,-0.40921086072921753,-0.03148145229238253,-0.10719442367553711,-0.4571826457977295,-0.0351172275902627,-0.026954561471939087,-0.2508993148803711,-0.01806524582821112,-0.006070554256439209,-0.36975306272506714,-0.035633593803822805,0.001075059175491333,-0.4352360963821411,-0.04613633454459887,0.004997730255126953,-0.4823152422904968,-0.04979461059588175,0.010457128286361694,-0.22563862800598145,-0.028536034754097273,0.004388332366943359,-0.278186559677124,-0.06161271408814173,-0.019374370574951172,-0.22181278467178345,-0.07022799179571848,-0.031188160181045532,-0.17586755752563477,-0.0658249221803544,0.040937066078186035,-0.18846023082733154,-0.03968916834014635,0.023678719997406006,-0.22065550088882446,-0.06603598222750406,-0.0015364289283752441,-0.1734054684638977,-0.06636623666304331,-0.015216141939163208,-0.13074302673339844,-0.060072917497336675,victory
0.0,0.0,0.0,-0.05039355158805847,-0.043068766593933105,-0.019172379006590745,-0.07808607816696167,-0.12137019634246826,-0.030538237844552896,-0.06088486313819885,-0.18954426050186157,-0.04442668818398943,-0.03226214647293091,-0.2398177981376648,-0.05687956624194612,-0.07371848821640015,-0.24779808521270752,-0.012053322237875363,-0.09271395206451416,-0.34746894240379333,-0.027399868895258805,-0.10314777493476868,-0.4054907560348511,-0.03490655608936777,-0.11190581321716309,-0.45379990339279175,-0.03887992091938486,-0.03005048632621765,-0.2484404444694519,-0.018734741215553186,-0.010024398565292358,-0.3657616972923279,-0.037013394017662904,-0.002336740493774414,-0.43300557136535645,-0.047700309385504625,0.002606630325317383,-0.4824765622615814,-0.05145026855632295,0.00719141960144043,-0.2238559126853943,-0.028450296451296708,0.0006710290908813477,-0.27322933077812195,-0.06052530669137468,-0.01989075541496277,-0.21585965156555176,-0.06722645573779573,-0.02914777398109436,-0.17013347148895264,-0.06148064993783464,0.03821033239364624,-0.18751907348632812,-0.03910092004105081,0.022189438343048096,-0.22127217054367065,-0.06268462650939455,-0.0014325082302093506,-0.1763952374458313,-0.06059898175760736,-0.014183878898620605,-0.13554424047470093,-0.05285197981163492,victory
0.0,0.0,0.0,-0.05013582110404968,-0.04174697399139404,-0.017681448679013556,-0.07835835218429565,-0.11865365505218506,-0.02850909992639572,-0.06500968337059021,-0.184944748878479,-0.042352396022124594,-0.03986796736717224,-0.2336127758026123,-0.05501263118867428,-0.07285112142562866,-0.25036776065826416,-0.011466714512152976,-0.09361514449119568,-0.3493340313434601,-0.02645315691415817,-0.10455432534217834,-0.40730035305023193,-0.033956787507577246,-0.11336532235145569,-0.4557223320007324,-0.03844666756276638,-0.02944236993789673,-0.25031208992004395,-0.019684079061789816,-0.009942024946212769,-0.36781466007232666,-0.03811155534867794,-0.0012179911136627197,-0.43310242891311646,-0.04880678183917553,0.004550725221633911,-0.4800941050052643,-0.05287964544777424,0.007565110921859741,-0.22446590662002563,-0.0308089879858926,0.0023429393768310547,-0.28407007455825806,-0.0634812181401685,-0.01812136173248291,-0.22676950693130493,-0.07029473684315235,-0.02833789587020874,-0.17911511659622192,-0.06506325207237751,0.038282543420791626,-0.18542945384979248,-0.0427127806055978,0.023303955793380737,-0.22331947088241577,-0.06775981835608036,-0.0012481510639190674,-0.17853224277496338,-0.06659438363794834,-0.015757054090499878,-0.1363874077796936,-0.05961362920288593,victory
0.0,0.0,0.0,-0.04984918236732483,-0.041857898235321045,-0.020073204635821185,-0.07696858048439026,-0.11867398023605347,-0.03199716411455711,-0.06170198321342468,-0.1859130859375,-0.04615511499270042,-0.03601527214050293,-0.23651546239852905,-0.05897322423680862,-0.07357048988342285,-0.2510834336280823,-0.01351144011988481,-0.09365183115005493,-0.3482895493507385,-0.02886896520777782,-0.10466301441192627,-0.4057402014732361,-0.03699620939715942,-0.1136418879032135,-0.4545460343360901,-0.0421205399177893,-0.029609233140945435,-0.2512217164039612,-0.020662363021813235,-0.009474724531173706,-0.367217481136322,-0.038901918902240595,0.000573575496673584,-0.43185269832611084,-0.04981664322241386,0.007325679063796997,-0.4794273376464844,-0.05443400271161636,0.0077540576457977295,-0.22477376461029053,-0.030891730784617266,0.006315857172012329,-0.2834323048591614,-0.06327108047827323,-0.014035165309906006,-0.2266945242881775,-0.07001867644413551,-0.025463014841079712,-0.1804797649383545,-0.06514426074846824,0.038429588079452515,-0.1849387288093567,-0.042103213592611155,0.025567620992660522,-0.22202253341674805,-0.06712324671372016,0.0031612813472747803,-0.17597883939743042,-0.06576050572022041,-0.010023415088653564,-0.1339280605316162,-0.05881193779333671,victory
0.0,0.0,0.0,-0.05011048913002014,-0.042135417461395264,-0.019589745134055647,-0.07598108053207397,-0.1198035478591919,-0.03067543978983167,-0.060025960206985474,-0.18671977519989014,-0.04411773259931806,-0.035431355237960815,-0.23753422498703003,-0.05621279279881719,-0.07321470975875854,-0.25181853771209717,-0.012128330461621317,-0.09412062168121338,-0.3491525650024414,-0.026839318379700217,-0.10539811849594116,-0.40643665194511414,-0.03451459731155637,-0.11460477113723755,-0.4547883868217468,-0.03920724119240049,-0.029184162616729736,-0.252186119556427,-0.019344254091322455,-0.009301692247390747,-0.3674110174179077,-0.037076464548647436,0.0002086162567138672,-0.43184539675712585,-0.04766898106032613,0.006579160690307617,-0.47905170917510986,-0.051959669843256506,0.00776141881942749,-0.2254769206047058,-0.029691456511557135,0.005878329277038574,-0.28384485840797424,-0.062292030706942114,-0.013866543769836426,-0.22659361362457275,-0.06948244820529226,-0.024638473987579346,-0.1804567575454712,-0.06469049553567174,0.037992238998413086,-0.18501996994018555,-0.04092305774980787,0.026063263416290283,-0.22407788038253784,-0.0666061962693334,0.002617180347442627,-0.17749840021133423,-0.06559587518864873,-0.012017250061035156,-0.13450616598129272,-0.05869457001978162,victory
0.0,0.0,0.0,-0.04966551065444946,-0.04287731647491455,-0.020426677629131973,-0.07490649819374084,-0.12248027324676514,-0.03137122476078957,-0.05610880255699158,-0.18931317329406738,-0.04426239067294091,-0.029629647731781006,-0.23974287509918213,-0.0556142219302842,-0.07354170083999634,-0.2545924782752991,-0.011142295874435604,-0.09341871738433838,-0.3517494797706604,-0.024705037563819587,-0.10411351919174194,-0.409071683883667,-0.031827602624673546,-0.11330106854438782,-0.45636653900146484,-0.03597756484128922,-0.029249727725982666,-0.2534712553024292,-0.017551124185104072,-0.007219821214675903,-0.3677796721458435,-0.033339407384175956,0.002272963523864746,-0.43171995878219604,-0.04284266763903588,0.007552832365036011,-0.4772465229034424,-0.0464318209288308,0.007920503616333008,-0.22584515810012817,-0.027347335681099594,0.0062011778354644775,-0.27955347299575806,-0.05846015372850388,-0.01235288381576538,-0.2253912091255188,-0.06597235807754487,-0.022266656160354614,-0.18186378479003906,-0.06156804421522111,0.038421958684921265,-0.18529635667800903,-0.03808989012219399,0.027562469244003296,-0.22614747285842896,-0.06240324312426537,0.0053375959396362305,-0.17974382638931274,-0.06068970644452065,-0.007937520742416382,-0.13656359910964966,-0.0535056033132264,victory
0.0,0.0,0.0,-0.05055522918701172,-0.04370701313018799,-0.02101764799550665,-0.07609772682189941,-0.12376821041107178,-0.031967127411519414,-0.05739712715148926,-0.19165575504302979,-0.044737981348191624,-0.0322115421295166,-0.24427253007888794,-0.05589630240098131,-0.07431519031524658,-0.25379204750061035,-0.011303582875882512,-0.0941694974899292,-0.3520006537437439,-0.025175386755620366,-0.10531032085418701,-0.40925079584121704,-0.032439322858010655,-0.11488839983940125,-0.45678022503852844,-0.03649049037591112,-0.030120104551315308,-0.2530953884124756,-0.01725207054511202,-0.00896310806274414,-0.36834245920181274,-0.03303350293532503,8.475780487060547e-05,-0.4337155818939209,-0.042732590525304204,0.005133867263793945,-0.4808565080165863,-0.046466147242938405,0.006953626871109009,-0.22622758150100708,-0.02669428074256075,0.0043645501136779785,-0.27964624762535095,-0.058003877936755543,-0.013959616422653198,-0.22682064771652222,-0.06610588142171991,-0.023597657680511475,-0.18445634841918945,-0.062061981945191746,0.03759342432022095,-0.18652278184890747,-0.03710538306728495,0.026319682598114014,-0.22800761461257935,-0.06155450799957407,0.004056662321090698,-0.18149054050445557,-0.06006008544460428,-0.009021520614624023,-0.13816028833389282,-0.05305056804314745,victory
0.0,0.0,0.0,-0.04871648550033569,-0.03821885585784912,-0.025938352684647725,-0.07376617193222046,-0.11502313613891602,-0.039091969023616,-0.056859880685806274,-0.18510466814041138,-0.05284466419664113,-0.03260087966918945,-0.2418287992477417,-0.06477481697049825,-0.07593786716461182,-0.25271332263946533,-0.015467492046923326,-0.0947999656200409,-0.35249754786491394,-0.03059469174888818,-0.10475340485572815,-0.4113880395889282,-0.038840020190150426,-0.11309489607810974,-0.459369421005249,-0.043837348113925145,-0.03127843141555786,-0.25421810150146484,-0.01957843091634004,-0.00946056842803955,-0.3695720136165619,-0.03617194865194051,-0.0005006194114685059,-0.43350520730018616,-0.04657596919980733,0.0034024715423583984,-0.47849148511886597,-0.051226018111378835,0.005509912967681885,-0.22910833358764648,-0.027715811620623754,0.006791293621063232,-0.28904440999031067,-0.060366688410908864,-0.009967178106307983,-0.24221330881118774,-0.0707353187009403,-0.020066112279891968,-0.2033098340034485,-0.06896614853587835,0.035699665546417236,-0.1901049017906189,-0.037119923274190114,0.025728583335876465,-0.2289782166481018,-0.06472834024873464,0.005585521459579468,-0.18126839399337769,-0.06643556628671377,-0.006146132946014404,-0.1371515393257141,-0.06178041000214307,victory
0.0,0.0,0.0,-0.049854278564453125,-0.04254567623138428,-0.02503387025478787,-0.073629230260849,-0.12255978584289551,-0.03768849513414807,-0.05344510078430176,-0.19323980808258057,-0.05101641408089108,-0.02554142475128174,-0.2472791075706482,-0.06235019258144803,-0.07803383469581604,-0.2561085820198059,-0.014695471626851031,-0.09576457738876343,-0.35840141773223877,-0.029573952322039077,-0.10517746210098267,-0.41817399859428406,-0.03746161750439114,-0.11368277668952942,-0.46648693084716797,-0.041878403638634154,-0.03214293718338013,-0.2567811608314514,-0.018782652457389304,-0.009792476892471313,-0.37365907430648804,-0.03457788518551297,-0.0008255839347839355,-0.4384554326534271,-0.04412003374579854,0.002976924180984497,-0.48490869998931885,-0.0479549220848412,0.00649377703666687,-0.2307925820350647,-0.02682140423837609,0.005040585994720459,-0.2850183844566345,-0.057965257679256865,-0.013113081455230713,-0.23769187927246094,-0.06703206292274899,-0.023239850997924805,-0.19946736097335815,-0.06418632856491513,0.03862360119819641,-0.19110149145126343,-0.03618783271792836,0.03028509020805359,-0.23325884342193604,-0.06107982388618893,0.00940626859664917,-0.1883845329284668,-0.06065191469076581,-0.0029778778553009033,-0.14656907320022583,-0.054657222245964476,victory
0.0,0.0,0.0,-0.04875621199607849,-0.04367983341217041,-0.025627928289509327,-0.07190614938735962,-0.1264147162437439,-0.037737844946718724,-0.05014869570732117,-0.19815587997436523,-0.050220666888094456,-0.020346343517303467,-0.2517249584197998,-0.06115851408515027,-0.07598364353179932,-0.25869739055633545,-0.014805178592837365,-0.09366095066070557,-0.36101990938186646,-0.02902358627591184,-0.1026395857334137,-0.4209877848625183,-0.037138658079243214,-0.11119312047958374,-0.4700019359588623,-0.04215535006198934,-0.030655592679977417,-0.2586696147918701,-0.01870932100985101,-0.007161080837249756,-0.3766440451145172,-0.032620767566299946,0.003302246332168579,-0.44002896547317505,-0.04140327355537465,0.008198708295822144,-0.485248863697052,-0.045432193639612706,0.007805913686752319,-0.23187631368637085,-0.02671170836958936,0.009555041790008545,-0.29418471455574036,-0.05558477199349454,-0.006442934274673462,-0.25983375310897827,-0.06517917892608693,-0.015506833791732788,-0.23257648944854736,-0.06421231708202413,0.040023207664489746,-0.19001448154449463,-0.03618066615138105,0.03292328119277954,-0.236083984375,-0.06002230426940969,0.01237255334854126,-0.19193243980407715,-0.05944130054388097,0.00046575069427490234,-0.15003710985183716,-0.05424989617142728,victory
0.0,0.0,0.0,-0.04925963282585144,-0.044881999492645264,-0.02465404395030646,-0.07327419519424438,-0.12783098220825195,-0.03759897511469035,-0.05123963952064514,-0.1991392970085144,-0.05166919168101458,-0.01940363645553589,-0.2508828639984131,-0.06361693155037074,-0.07527267932891846,-0.2590246796607971,-0.015021231137382074,-0.09371381998062134,-0.3616974353790283,-0.030570618920194192,-0.10408255457878113,-0.42146748304367065,-0.038546286635266824,-0.1132693886756897,-0.4704555869102478,-0.0429757462071052,-0.02996036410331726,-0.2595272660255432,-0.019154779724942728,-0.006450951099395752,-0.37527772784233093,-0.03556443762050776,0.003557950258255005,-0.43894606828689575,-0.04416651662455706,0.009621083736419678,-0.4861045181751251,-0.047094211094247385,0.008612751960754395,-0.2335224747657776,-0.027241164930330797,0.007675290107727051,-0.28235629200935364,-0.05829362209902911,-0.011381596326828003,-0.22553026676177979,-0.06409946840273051,-0.020334571599960327,-0.18268579244613647,-0.05835179250703959,0.04042142629623413,-0.193942129611969,-0.03692337509261279,0.032755494117736816,-0.23421138525009155,-0.06019828107224612,0.011759579181671143,-0.1886134147644043,-0.057425938658582254,0.0005105137825012207,-0.14814138412475586,-0.049632039033042474,victory
0.0,0.0,0.0,-0.049903035163879395,-0.043978214263916016,-0.024898983802927432,-0.07381138205528259,-0.130571186542511,-0.036648607146275936,-0.05087539553642273,-0.20384001731872559,-0.04921159733487457,-0.020120084285736084,-0.2565991282463074,-0.05989041764689773,-0.0777842104434967,-0.2609320878982544,-0.013568009514642654,-0.09467080235481262,-0.3633544147014618,-0.02910939630521625,-0.10429427027702332,-0.4241781234741211,-0.03769045163346618,-0.11336663365364075,-0.47377917170524597,-0.042734662335647045,-0.03175070881843567,-0.2618103623390198,-0.017620027330053745,-0.0060558319091796875,-0.3774792551994324,-0.03386609469009727,0.005280494689941406,-0.4413299262523651,-0.042832030248177944,0.010972768068313599,-0.4887222945690155,-0.04614808995677322,0.007528930902481079,-0.23584920167922974,-0.02573059339476913,0.01089826226234436,-0.2880139648914337,-0.057222666483653484,-0.005880236625671387,-0.23571330308914185,-0.06347040299726814,-0.014892011880874634,-0.1960323452949524,-0.05834448177768081,0.040412694215774536,-0.1951935887336731,-0.035381017517579494,0.0346929132938385,-0.23507601022720337,-0.06057219792558044,0.014671474695205688,-0.18706387281417847,-0.05812347893072456,0.0031078457832336426,-0.14523380994796753,-0.05037349675251335,victory
0.0,0.0,0.0,-0.0493314266204834,-0.039904654026031494,-0.027055722273757965,-0.0737353265285492,-0.12362325191497803,-0.0407586419804602,-0.05125263333320618,-0.19748175144195557,-0.05474806445079139,-0.021870702505111694,-0.25343090295791626,-0.06666349487738898,-0.07845684885978699,-0.25868844985961914,-0.01837753000097564,-0.09564504027366638,-0.36219751834869385,-0.035551766477396995,-0.10538658499717712,-0.4237874150276184,-0.04474347325401595,-0.11425089836120605,-0.47388994693756104,-0.050126405976584465,-0.03233858942985535,-0.2603222131729126,-0.021852374620607407,-0.007295876741409302,-0.3772813081741333,-0.03992698582248977,0.004306197166442871,-0.44142240285873413,-0.04906957092123321,0.010767340660095215,-0.4891791045665741,-0.052335972510149986,0.007124423980712891,-0.23466098308563232,-0.029356316275766403,0.00947427749633789,-0.2880329489707947,-0.06284136193232825,-0.00594821572303772,-0.2320786714553833,-0.06815279888348869,-0.013271182775497437,-0.19076234102249146,-0.062028917096426994,0.04082399606704712,-0.19360065460205078,-0.03847820179896644,0.03442835807800293,-0.23416292667388916,-0.06550637500720313,0.015289068222045898,-0.18335437774658203,-0.06274255233245185,0.004776060581207275,-0.1401524543762207,-0.05440469699340156,victory
0.0,0.0,0.0,-0.04854610562324524,-0.03929013013839722,-0.02862966323021965,-0.07165884971618652,-0.1207970380783081,-0.043272583575287626,-0.04723283648490906,-0.1917772889137268,-0.057558785022536085,-0.017453283071517944,-0.2479296326637268,-0.07023118698720054,-0.07620558142662048,-0.25988274812698364,-0.021006430329123305,-0.09352445602416992,-0.3623759150505066,-0.03916556277994232,-0.10322773456573486,-0.4242241382598877,-0.049635964275637434,-0.11235210299491882,-0.47500038146972656,-0.056233896703759,-0.029523074626922607,-0.2615983486175537,-0.024152817965784834,-0.005766332149505615,-0.37765657901763916,-0.04290223011497574,0.005820572376251221,-0.441195011138916,-0.053507773966828154,0.011551380157470703,-0.4879622459411621,-0.05832933524374084,0.009816467761993408,-0.23673617839813232,-0.03137420380238609,0.014471888542175293,-0.29342228174209595,-0.06527330243710594,-0.00039327144622802734,-0.24767887592315674,-0.07353360468272285,-0.009529918432235718,-0.21213114261627197,-0.07055917644623833,0.04323172569274902,-0.19649386405944824,-0.040228578091898726,0.03626132011413574,-0.2323678731918335,-0.06911055261019783,0.016553640365600586,-0.18116134405136108,-0.06897010171536522,0.004137396812438965,-0.13706278800964355,-0.06293610000733452,victory
0.0,0.0,0.0,-0.049384474754333496,-0.041367948055267334,-0.027110775993321568,-0.07198971509933472,-0.12356698513031006,-0.04091063334152523,-0.046365886926651,-0.19446808099746704,-0.05520619271800342,-0.016001880168914795,-0.24839997291564941,-0.06752581341669384,-0.07429161667823792,-0.26091039180755615,-0.017309505553100735,-0.09188249707221985,-0.3637298047542572,-0.034437639699433475,-0.10248687863349915,-0.42552369832992554,-0.043973872498725086,-0.11227336525917053,-0.4762803018093109,-0.04967275826737705,-0.027975022792816162,-0.2625393271446228,-0.02088806970522228,-0.004755496978759766,-0.37868356704711914,-0.038875455097411304,0.00627821683883667,-0.44336408376693726,-0.04861307336494747,0.012517601251602173,-0.49116382002830505,-0.05235468788549724,0.011052161455154419,-0.23675888776779175,-0.028594050617073208,0.013829618692398071,-0.2880624830722809,-0.06168185739323917,-0.0009490251541137695,-0.23126626014709473,-0.06752114935324016,-0.008650064468383789,-0.18814295530319214,-0.06178533105656925,0.04348781704902649,-0.19572007656097412,-0.03806527151272121,0.03907206654548645,-0.23379546403884888,-0.06450414849922481,0.02018633484840393,-0.1830441951751709,-0.06205557851598087,0.008415639400482178,-0.1396327018737793,-0.053993912474368244,victory
0.0,0.0,0.0,-0.04975810647010803,-0.03998368978500366,-0.02862292676979905,-0.07272997498512268,-0.12102764844894409,-0.04279044046813851,-0.04648387432098389,-0.19270199537277222,-0.05674017742092019,-0.015150457620620728,-0.24668747186660767,-0.06896289959365731,-0.07506623864173889,-0.2613835334777832,-0.020220510287231264,-0.09266471862792969,-0.3652374744415283,-0.03793428242022401,-0.1029374897480011,-0.42811745405197144,-0.0480532959085167,-0.11293286085128784,-0.48009511828422546,-0.054450889674967584,-0.027331888675689697,-0.2634342312812805,-0.023314913360422906,-0.004969358444213867,-0.37933164834976196,-0.04136212318951493,0.006733596324920654,-0.44414031505584717,-0.05184487029725915,0.01264902949333191,-0.4918886423110962,-0.05666516870076066,0.01199612021446228,-0.23753678798675537,-0.030530558524674234,0.017780691385269165,-0.2890591025352478,-0.06353533044273263,0.0027910172939300537,-0.24184465408325195,-0.07194556072170144,-0.007389575242996216,-0.20430690050125122,-0.06909207776004678,0.044606298208236694,-0.1961095929145813,-0.03954160362297898,0.04110404849052429,-0.22847002744674683,-0.067421314863509,0.021576792001724243,-0.17904263734817505,-0.06760088130647546,0.007820188999176025,-0.13622832298278809,-0.061908898500746545,victory
0.0,0.0,0.0,-0.04994174838066101,-0.04070866107940674,-0.029672324144314643,-0.07156813144683838,-0.11963266134262085,-0.04430739530272376,-0.044561564922332764,-0.19121593236923218,-0.05824416824526679,-0.013433516025543213,-0.2467396855354309,-0.07050521247930419,-0.07513755559921265,-0.26276135444641113,-0.021966298528980133,-0.09247326850891113,-0.36764395236968994,-0.039469405495594856,-0.10252803564071655,-0.4308101534843445,-0.04958863505072486,-0.11241918802261353,-0.48360809683799744,-0.05622971379108321,-0.02604803442955017,-0.26508378982543945,-0.024812466883133766,-0.004272431135177612,-0.38255026936531067,-0.042717493557404396,0.007459282875061035,-0.44822168350219727,-0.0537551599080075,0.012955665588378906,-0.496288925409317,-0.05923556485123527,0.013557195663452148,-0.23833107948303223,-0.03174965404815566,0.02060180902481079,-0.2913382649421692,-0.06449158810920608,0.006346285343170166,-0.25038623809814453,-0.07483887993640792,-0.004184156656265259,-0.21681225299835205,-0.07392730885095489,0.04549586772918701,-0.19520539045333862,-0.040479927741955635,0.043226003646850586,-0.22504252195358276,-0.06858458691186797,0.023455023765563965,-0.17691707611083984,-0.07029190235681426,0.00894463062286377,-0.13481426239013672,-0.06606008433647048,victory
0.0,0.0,0.0,-0.049382925033569336,-0.04274308681488037,-0.030246322503217016,-0.06988677382469177,-0.12260198593139648,-0.04591832076562241,-0.04020768404006958,-0.19287031888961792,-0.0611192560697873,-0.007823288440704346,-0.24841487407684326,-0.07426243042004899,-0.07147592306137085,-0.26330703496932983,-0.02318682101918057,-0.08905038237571716,-0.36828696727752686,-0.04195814346326188,-0.09952151775360107,-0.43147245049476624,-0.0522790751363118,-0.10883384943008423,-0.48515602946281433,-0.05849525099051789,-0.022665709257125854,-0.2653345465660095,-0.025980483269222532,-0.0006018877029418945,-0.38260823488235474,-0.045628321817048345,0.011153936386108398,-0.4490467607975006,-0.05676336725605324,0.0179634690284729,-0.49963638186454773,-0.0614922470356305,0.016409456729888916,-0.23833918571472168,-0.032896918704636846,0.022204875946044922,-0.28084543347358704,-0.06791727011454896,0.006141722202301025,-0.2263011932373047,-0.0757807618881543,-0.004254966974258423,-0.18542629480361938,-0.07126598571790055,0.04704093933105469,-0.19609689712524414,-0.041738496621974264,0.04727351665496826,-0.22769033908843994,-0.069636327674516,0.028131842613220215,-0.17718791961669922,-0.06871834908974961,0.014080524444580078,-0.1341646909713745,-0.06166868050945595,victory
0.0,0.0,0.0,-0.05039733648300171,-0.04133957624435425,-0.030293739176045165,-0.07130986452102661,-0.12392300367355347,-0.04506866704548429,-0.03854864835739136,-0.19342511892318726,-0.059182670673976645,-0.0038244426250457764,-0.24598020315170288,-0.07133776392663549,-0.07367092370986938,-0.26128846406936646,-0.022801485619197592,-0.0915045440196991,-0.3676929473876953,-0.041146592012296423,-0.10210338234901428,-0.4315115213394165,-0.05113313417757581,-0.11167854070663452,-0.4858371317386627,-0.056932584157834754,-0.024465471506118774,-0.2638443112373352,-0.024851393661151633,-0.003753870725631714,-0.3798672556877136,-0.04427642445887159,0.0071815550327301025,-0.4481894373893738,-0.05514015328014921,0.013229787349700928,-0.500996857881546,-0.05937143485869001,0.01492464542388916,-0.2384556531906128,-0.0309870827558143,0.022358715534210205,-0.2752528190612793,-0.06587989326442312,0.006761223077774048,-0.21739256381988525,-0.07307798858607839,-0.0033921897411346436,-0.17442768812179565,-0.06754249032462667,0.04578280448913574,-0.19890373945236206,-0.03909412469590734,0.04538482427597046,-0.22509080171585083,-0.06719890680039953,0.026985764503479004,-0.17026358842849731,-0.06573403324807714,0.014177858829498291,-0.1254900097846985,-0.05780614238108228,victory
0.0,0.0,0.0,-0.04806336760520935,-0.038036465644836426,-0.03211885845217921,-0.0684327483177185,-0.11380445957183838,-0.04914060389552333,-0.038618892431259155,-0.18189597129821777,-0.06467358549986102,-0.004998117685317993,-0.23543471097946167,-0.07836719384346225,-0.07173040509223938,-0.26349353790283203,-0.0313484423414252,-0.089133620262146,-0.3707408308982849,-0.05213022386584498,-0.09933137893676758,-0.4357282221317291,-0.06294678678665377,-0.10863068699836731,-0.4912465810775757,-0.06955659916553714,-0.021182984113693237,-0.26723653078079224,-0.03357365509424426,0.001067817211151123,-0.38563016057014465,-0.054737874920704144,0.014151036739349365,-0.4516982138156891,-0.06599870106134631,0.020866334438323975,-0.5016855597496033,-0.07080517491255023,0.018027782440185547,-0.24088215827941895,-0.03946820055995204,0.028374433517456055,-0.27978384494781494,-0.07422525962743975,0.012658655643463135,-0.2316611409187317,-0.082929936851599,0.0007458925247192383,-0.19477051496505737,-0.07981600394401767,0.04695737361907959,-0.19756382703781128,-0.047449865992405194,0.048126161098480225,-0.21320080757141113,-0.07590546240959384,0.02950841188430786,-0.1629270315170288,-0.07669091006670214,0.015339374542236328,-0.1218215823173523,-0.07107645055208422,victory
0.0,0.0,0.0,-0.04880651831626892,-0.037687838077545166,-0.03260377199717368,-0.07002240419387817,-0.11560332775115967,-0.049228621286829366,-0.038425058126449585,-0.18428319692611694,-0.06431382672258223,-0.003960132598876953,-0.23816049098968506,-0.0774526871866783,-0.07313737273216248,-0.2634286880493164,-0.029229994503339185,-0.09149229526519775,-0.37131696939468384,-0.04933408798046912,-0.10166078805923462,-0.43625950813293457,-0.06002412886687125,-0.11131095886230469,-0.49125242233276367,-0.0662614755458435,-0.022594094276428223,-0.26694202423095703,-0.03042316773303355,-0.000395357608795166,-0.38361138105392456,-0.05061735363074149,0.011817336082458496,-0.44985315203666687,-0.06118627415366973,0.017147958278656006,-0.5010839700698853,-0.06541077570386733,0.01670384407043457,-0.24182963371276855,-0.03560011984177436,0.02422785758972168,-0.27777040004730225,-0.0700613908595642,0.009055733680725098,-0.22525691986083984,-0.07800935731597747,-0.002080380916595459,-0.1859174370765686,-0.07390576378770675,0.046776533126831055,-0.20150142908096313,-0.042955593777378454,0.04703044891357422,-0.2198689579963684,-0.07111870275207366,0.028861045837402344,-0.16642582416534424,-0.07104526237912978,0.015071749687194824,-0.12324821949005127,-0.06456681863733138,victory
0.0,0.0,0.0,-0.04815453290939331,-0.03773266077041626,-0.03326241682896125,-0.06849867105484009,-0.11506754159927368,-0.05084676678904998,-0.03784298896789551,-0.1833127737045288,-0.06692476208934295,-0.0033428966999053955,-0.23699337244033813,-0.08090443547496307,-0.07267266511917114,-0.2650659680366516,-0.0316751339627217,-0.09012001752853394,-0.374489426612854,-0.053142618496508476,-0.09995722770690918,-0.4402680993080139,-0.06439486529359328,-0.10874524712562561,-0.4962928295135498,-0.07118438567647445,-0.021767467260360718,-0.2687969207763672,-0.0334061720562886,0.0024606287479400635,-0.38709989190101624,-0.05532476316818702,0.01568317413330078,-0.45333200693130493,-0.06664833064803588,0.022399723529815674,-0.5045995116233826,-0.07135939236411559,0.01748502254486084,-0.2425704002380371,-0.039011843611092445,0.02791464328765869,-0.28010472655296326,-0.07429215695390212,0.011228501796722412,-0.22633570432662964,-0.0814899840546559,-0.001017540693283081,-0.18661105632781982,-0.0769407042456578,0.046654701232910156,-0.1999874711036682,-0.046940215040535804,0.048694908618927,-0.21561557054519653,-0.075549479682536,0.029727816581726074,-0.16361325979232788,-0.07538511987456786,0.015255928039550781,-0.12291032075881958,-0.06885965551862228,victory
0.0,0.0,0.0,-0.04874590039253235,-0.0395084023475647,-0.03326966506779172,-0.06924235820770264,-0.11761289834976196,-0.05075693396270253,-0.03776383399963379,-0.18607240915298462,-0.0667782415205238,-0.002137303352355957,-0.23916488885879517,-0.08062687409460523,-0.07153111696243286,-0.268349289894104,-0.030676145901679774,-0.08872115612030029,-0.3780496120452881,-0.051727036809325,-0.0986177921295166,-0.44462865591049194,-0.06310527664959409,-0.107352614402771,-0.5016303956508636,-0.07025753599941709,-0.020711630582809448,-0.27172034978866577,-0.03259143126547315,0.004670679569244385,-0.3903213441371918,-0.05404220414698102,0.018599390983581543,-0.456784725189209,-0.06562024248182752,0.025995910167694092,-0.5082263946533203,-0.07088149232208707,0.018162965774536133,-0.24510914087295532,-0.03850185391843297,0.030927181243896484,-0.2842121422290802,-0.07352307332098462,0.013523101806640625,-0.23238694667816162,-0.08135558558046796,0.00031936168670654297,-0.19378215074539185,-0.07757516098558881,0.046856462955474854,-0.20210856199264526,-0.0467621114605663,0.0519985556602478,-0.22190582752227783,-0.07521477979958036,0.03308820724487305,-0.17186039686203003,-0.07541490239441373,0.017847120761871338,-0.13172316551208496,-0.06947722179234006,victory
0.0,0.0,0.0,-0.04825440049171448,-0.03974020481109619,-0.03325909722514098,-0.06815707683563232,-0.11768651008605957,-0.0516611446804518,-0.03515827655792236,-0.1859886646270752,-0.06868605289525931,0.000901639461517334,-0.24047929048538208,-0.08376909766263907,-0.06714987754821777,-0.2672332525253296,-0.03308511126704161,-0.08484727144241333,-0.37819093465805054,-0.05505825925536101,-0.09472253918647766,-0.4446203112602234,-0.06679145965642874,-0.10249549150466919,-0.5022037625312805,-0.0742567402488703,-0.016237378120422363,-0.2694997787475586,-0.03570953730411475,0.008829742670059204,-0.3905288577079773,-0.0583013740546221,0.023457050323486328,-0.4579510986804962,-0.07075776133603995,0.032391905784606934,-0.5100016891956329,-0.07678913298911993,0.02187877893447876,-0.2416728138923645,-0.04213304046459143,0.03501945734024048,-0.284628689289093,-0.07843656066722815,0.016576051712036133,-0.23406893014907837,-0.08717370007104819,0.002949953079223633,-0.1961308717727661,-0.08421955976552908,0.049860596656799316,-0.19733965396881104,-0.05076567429966872,0.05492347478866577,-0.21883028745651245,-0.08085854325361197,0.03479641675949097,-0.16727805137634277,-0.08180642101831381,0.018620848655700684,-0.12557905912399292,-0.0764227655894274,victory
0.0,0.0,0.0,-0.04829135537147522,-0.040800511837005615,-0.03386390649802706,-0.06744000315666199,-0.11923384666442871,-0.05258411609656832,-0.033428072929382324,-0.18717718124389648,-0.06984378093011401,0.0033663511276245117,-0.24088025093078613,-0.08484612845904849,-0.06570672988891602,-0.2678292989730835,-0.033666171814275,-0.08231264352798462,-0.38030770421028137,-0.056165736849379755,-0.09184786677360535,-0.44775325059890747,-0.06823473864324114,-0.09952446818351746,-0.5062925517559052,-0.07578161054379962,-0.014671623706817627,-0.2699306607246399,-0.03584620797164462,0.011256873607635498,-0.38955754041671753,-0.05859472298152468,0.026793181896209717,-0.45770514011383057,-0.0708765580607178,0.036786019802093506,-0.5110457241535187,-0.07665330612189791,0.023401379585266113,-0.2420198917388916,-0.041899376298260904,0.03641390800476074,-0.28068992495536804,-0.07794543051250002,0.01798027753829956,-0.22599661350250244,-0.08505574309356234,0.004616528749465942,-0.18574053049087524,-0.0806000202251198,0.05123656988143921,-0.19806599617004395,-0.05037854307420275,0.05641961097717285,-0.21820223331451416,-0.08003089272506259,0.03633725643157959,-0.16746044158935547,-0.08006947928197405,0.020079314708709717,-0.12681490182876587,-0.07373013042933962,victory
0.0,0.0,0.0,-0.04734623432159424,-0.04017728567123413,-0.03384787970361458,-0.06640946865081787,-0.11868613958358765,-0.05212576323327767,-0.032033056020736694,-0.1867033839225769,-0.06910625481185662,0.005282163619995117,-0.23830920457839966,-0.08372700595435845,-0.06563231348991394,-0.2698020935058594,-0.03226158031401383,-0.08082711696624756,-0.3811500072479248,-0.054716371085021365,-0.08973872661590576,-0.44943541288375854,-0.06699579590139138,-0.09692433476448059,-0.5078223049640656,-0.07468662792024361,-0.013727009296417236,-0.27165424823760986,-0.034478277053210604,0.011756032705307007,-0.3907220959663391,-0.057520963336799014,0.027344733476638794,-0.4600486755371094,-0.07023644083318459,0.03752812743186951,-0.5141374468803406,-0.0762025826531385,0.025429517030715942,-0.24335205554962158,-0.04067349442419754,0.0408768355846405,-0.2807731330394745,-0.07715172701654183,0.022253304719924927,-0.22618651390075684,-0.08455525719699608,0.008298665285110474,-0.185053288936615,-0.07989849531230675,0.05379202961921692,-0.19929558038711548,-0.049319382842156756,0.0586417019367218,-0.21804070472717285,-0.07909287893352257,0.03828814625740051,-0.16881614923477173,-0.07934215300855385,0.021888643503189087,-0.12805896997451782,-0.07294855647859322,victory
0.0,0.0,0.0,-0.04693317413330078,-0.04255545139312744,-0.03354526021843185,-0.0650164783000946,-0.12334585189819336,-0.05248774298792114,-0.027983665466308594,-0.19137340784072876,-0.0704258725917839,0.011779576539993286,-0.24322599172592163,-0.0861329928911232,-0.060276031494140625,-0.26792818307876587,-0.03275739857321014,-0.07592520117759705,-0.3807293176651001,-0.055747316119720836,-0.08472198247909546,-0.4491797089576721,-0.06811313786869277,-0.09142062067985535,-0.5077447891235352,-0.07569858887558212,-0.009662419557571411,-0.2682746946811676,-0.035320811805775065,0.01687660813331604,-0.3883538544178009,-0.05917256781225433,0.0330062210559845,-0.4580983519554138,-0.07192861744528045,0.044415563344955444,-0.5122826099395752,-0.07764374175434341,0.02829602360725403,-0.23872721195220947,-0.041835007158567805,0.04083821177482605,-0.27616646885871887,-0.07949403384094467,0.02164056897163391,-0.21693378686904907,-0.0858319223797821,0.008988171815872192,-0.17378824949264526,-0.07983926394348373,0.05626139044761658,-0.19402849674224854,-0.05071254157786598,0.06039711833000183,-0.21826189756393433,-0.08129736491804351,0.03964921832084656,-0.16616690158843994,-0.080446523515036,0.02378222346305847,-0.12370961904525757,-0.07291051456098785,victory
0.0,0.0,0.0,-0.046621859073638916,-0.04213845729827881,-0.03411151972557036,-0.06338188052177429,-0.12372809648513794,-0.053135828496465365,-0.025401562452316284,-0.19137293100357056,-0.07089677584315268,0.013758867979049683,-0.24371618032455444,-0.08629661184693305,-0.05830508470535278,-0.27059662342071533,-0.03380426895762412,-0.07243207097053528,-0.38513505458831787,-0.05770773571873633,-0.08013260364532471,-0.45488691329956055,-0.07067290079737631,-0.08590516448020935,-0.5147570967674255,-0.07883207631255118,-0.00693240761756897,-0.2713271677494049,-0.03653120753313033,0.020468711853027344,-0.39179864525794983,-0.061884419442662875,0.03821629285812378,-0.4629759192466736,-0.07587728780652014,0.050794780254364014,-0.5201002359390259,-0.08253406864548651,0.03090047836303711,-0.24211859703063965,-0.04316283521200148,0.044670701026916504,-0.281200110912323,-0.08148934823418585,0.024648189544677734,-0.22481673955917358,-0.08814732116604773,0.010399460792541504,-0.18366777896881104,-0.0826854718937966,0.05840831995010376,-0.196624755859375,-0.052288455338725726,0.06418663263320923,-0.21962213516235352,-0.08336067330981223,0.04275500774383545,-0.16941887140274048,-0.08292080593253104,0.025346577167510986,-0.12911850214004517,-0.07584261280442206,victory
0.0,0.0,0.0,-0.04722476005554199,-0.04207122325897217,-0.03623713778574711,-0.06485983729362488,-0.12235504388809204,-0.05790936427433735,-0.026874661445617676,-0.188837468624115,-0.07817469762881046,0.014672160148620605,-0.23860043287277222,-0.09607004599888569,-0.05790990591049194,-0.2688155174255371,-0.03972117455919033,-0.0694887638092041,-0.38771647214889526,-0.06633955465872532,-0.07468414306640625,-0.45950812101364136,-0.0804871566804195,-0.07849687337875366,-0.5212127864360809,-0.08893542217333561,-0.0063148438930511475,-0.26827070116996765,-0.04194360824544674,0.023726344108581543,-0.390694260597229,-0.06954682098944431,0.04228711128234863,-0.46334296464920044,-0.08352785038073307,0.05529838800430298,-0.5228861272335052,-0.08971932010967976,0.03187662363052368,-0.23811256885528564,-0.04806628303845173,0.04372376203536987,-0.2761704921722412,-0.08808528112490421,0.02316141128540039,-0.21759188175201416,-0.09369460718949085,0.009361237287521362,-0.17500191926956177,-0.08667272554953342,0.05978429317474365,-0.19240176677703857,-0.05682622494418865,0.06534749269485474,-0.21749484539031982,-0.08816255109627491,0.0439685583114624,-0.16904419660568237,-0.08666483538468128,0.026980578899383545,-0.12936687469482422,-0.07839630769808537,victory
0.0,0.0,0.0,-0.046965330839157104,-0.04275178909301758,-0.035252478765869455,-0.06381881237030029,-0.12366396188735962,-0.056171309995079355,-0.024488061666488647,-0.18701833486557007,-0.0759306110912803,0.018183737993240356,-0.23254626989364624,-0.09370799441876443,-0.056212157011032104,-0.2717772424221039,-0.0390149921649936,-0.06680426001548767,-0.3895653486251831,-0.06527444054427178,-0.071266770362854,-0.4607536792755127,-0.07938183178248437,-0.07425561547279358,-0.5216963589191437,-0.08807768006863625,-0.004229456186294556,-0.27021434903144836,-0.04172584493699105,0.027735143899917603,-0.3917626440525055,-0.0691746034199241,0.04866638779640198,-0.46301689743995667,-0.08358462979140313,0.06364640593528748,-0.5207273066043854,-0.09025336136164697,0.03387889266014099,-0.23929744958877563,-0.04820066769661935,0.05144140124320984,-0.2786270081996918,-0.08759138067307504,0.029579371213912964,-0.22187697887420654,-0.0942937218123916,0.012969493865966797,-0.17987686395645142,-0.08847618182244332,0.06132271885871887,-0.19249534606933594,-0.05719528798999818,0.06903073191642761,-0.2132595181465149,-0.08849854101481469,0.04654356837272644,-0.16569942235946655,-0.08818072904887231,0.027350038290023804,-0.12690198421478271,-0.08098711897673638,victory
0.0,0.0,0.0,-0.04771074652671814,-0.04341626167297363,-0.03459020227961673,-0.06607607007026672,-0.12464052438735962,-0.055458723463345905,-0.025818079710006714,-0.18777596950531006,-0.07527693257503643,0.018104583024978638,-0.2339518666267395,-0.09296283022337093,-0.056479811668395996,-0.27465397119522095,-0.038167490519811054,-0.0663478672504425,-0.39152270555496216,-0.06411369041376247,-0.0701926052570343,-0.46272188425064087,-0.0783653099911703,-0.07277557253837585,-0.522963672876358,-0.08731148288421764,-0.00407823920249939,-0.27227532863616943,-0.04134037987165584,0.02991536259651184,-0.3945211172103882,-0.06849536196165218,0.05121991038322449,-0.4669477343559265,-0.08311698482208385,0.06598970293998718,-0.5263859331607819,-0.09009018436842098,0.034244149923324585,-0.24031847715377808,-0.04825939879589214,0.051414817571640015,-0.27912524342536926,-0.08682393924169673,0.02917274832725525,-0.22465872764587402,-0.0935146500247015,0.012140899896621704,-0.18410086631774902,-0.08799670533113613,0.06191036105155945,-0.19184499979019165,-0.05775073439650669,0.07064250111579895,-0.2142696976661682,-0.08814705804758205,0.048135071992874146,-0.16910439729690552,-0.08764883027248516,0.02856186032295227,-0.13157176971435547,-0.08058006957941188,victory
0.0,0.0,0.0,-0.04798036813735962,-0.0454370379447937,-0.03453585752862409,-0.06472229957580566,-0.1277967095375061,-0.05544830733555273,-0.02380254864692688,-0.19118928909301758,-0.07546393820661024,0.02035561203956604,-0.23708689212799072,-0.09345688173192457,-0.05577969551086426,-0.2737302780151367,-0.03796463334577993,-0.06498175859451294,-0.39151352643966675,-0.0641281927527757,-0.06858637928962708,-0.46262723207473755,-0.07825161018985227,-0.07126876711845398,-0.5230815410614014,-0.08674194911139921,-0.003661423921585083,-0.27098461985588074,-0.04084527367371038,0.03170117735862732,-0.39403611421585083,-0.06767951944488004,0.05290326476097107,-0.4667327404022217,-0.08183193454163984,0.06717059016227722,-0.5268316268920898,-0.08830308416503385,0.0343610942363739,-0.2393627166748047,-0.047499983251270805,0.04965206980705261,-0.27798277139663696,-0.08572218069451765,0.02741667628288269,-0.22321826219558716,-0.09205398210900739,0.011058896780014038,-0.18282020092010498,-0.08603480705636457,0.062097638845443726,-0.19205540418624878,-0.056727624178108726,0.07087835669517517,-0.21627169847488403,-0.08605891713517622,0.048511236906051636,-0.17132771015167236,-0.0846878538431497,0.029306918382644653,-0.13382232189178467,-0.07695635655539945,victory
0.0,0.0,0.0,-0.047693073749542236,-0.04626578092575073,-0.03488944290671725,-0.06278648972511292,-0.1302918791770935,-0.05559028877411265,-0.020555973052978516,-0.19374233484268188,-0.07540564058814425,0.023702293634414673,-0.24096381664276123,-0.09320808766875643,-0.05480611324310303,-0.276164710521698,-0.03743839083705325,-0.06204184889793396,-0.3948487639427185,-0.06374095200095553,-0.06464049220085144,-0.46606606245040894,-0.07760241447482485,-0.06639635562896729,-0.5270054042339325,-0.08598572580609698,-0.0030174851417541504,-0.27329105138778687,-0.04027388809714694,0.03365650773048401,-0.3959513306617737,-0.067840797887186,0.05599704384803772,-0.46817895770072937,-0.0824676734069385,0.07169875502586365,-0.5281217396259308,-0.08909827290568728,0.03446611762046814,-0.2412216067314148,-0.046965403542856166,0.0512596070766449,-0.27907097339630127,-0.0866735485056438,0.028677672147750854,-0.22109127044677734,-0.09327094076667208,0.012408196926116943,-0.17998778820037842,-0.08698807476554293,0.06170353293418884,-0.19351178407669067,-0.056176094398836085,0.07061365246772766,-0.21497267484664917,-0.08723171620164294,0.047336429357528687,-0.16876846551895142,-0.08672931610141177,0.027326852083206177,-0.13209587335586548,-0.0792689007381,victory
0.0,0.0,0.0,-0.04817754030227661,-0.04580491781234741,-0.03641710274320076,-0.06448891758918762,-0.1279047727584839,-0.05849716283779571,-0.02132326364517212,-0.18990689516067505,-0.07937965386014412,0.024299830198287964,-0.23559540510177612,-0.09819495521884392,-0.053492069244384766,-0.27528607845306396,-0.04056974716883133,-0.06083369255065918,-0.39478421211242676,-0.06726062141757438,-0.06329232454299927,-0.46589189767837524,-0.0810533150325341,-0.06499633193016052,-0.5272582173347473,-0.08929654054742286,-0.0011314749717712402,-0.27206456661224365,-0.04253603361945579,0.03693893551826477,-0.3943764567375183,-0.07043000154595802,0.05963680148124695,-0.4654735326766968,-0.08451983921628425,0.07512077689170837,-0.5248417258262634,-0.09074596159558723,0.03639373183250427,-0.23998433351516724,-0.04838124134045074,0.05041429400444031,-0.2777656614780426,-0.08855916403632591,0.027811139822006226,-0.21920359134674072,-0.09513478570084999,0.011828899383544922,-0.17804527282714844,-0.0886650293360276,0.06395909190177917,-0.19293153285980225,-0.056807263124994734,0.07291129231452942,-0.21678131818771362,-0.08807893686395118,0.048876017332077026,-0.17016500234603882,-0.08767312609057853,0.02795460820198059,-0.1323433518409729,-0.08025905333857963,victory
0.0,0.0,0.0,-0.048767924308776855,-0.04671001434326172,-0.03626949901916987,-0.06430113315582275,-0.12865883111953735,-0.057591395482802454,-0.020703226327896118,-0.1906512975692749,-0.07775608266928202,0.024454116821289062,-0.2374609112739563,-0.09550771679022318,-0.05245518684387207,-0.27805259823799133,-0.037835499301934306,-0.05987107753753662,-0.39775264263153076,-0.06367787535526759,-0.06264719367027283,-0.4690805673599243,-0.07691310162880427,-0.06476783752441406,-0.5297071039676666,-0.08471911217310435,-0.00010332465171813965,-0.274873286485672,-0.03960875611045367,0.03777146339416504,-0.3954933285713196,-0.06689981932976252,0.06002765893936157,-0.46650591492652893,-0.0808023196015597,0.07558250427246094,-0.5251557230949402,-0.0866917353425265,0.03700345754623413,-0.2424778938293457,-0.045484395727896754,0.05281168222427368,-0.27573710680007935,-0.0845121424947024,0.0295560359954834,-0.2162216305732727,-0.09059961701967723,0.01310575008392334,-0.176211416721344,-0.08382101918795115,0.06354808807373047,-0.19488853216171265,-0.05410338754990107,0.07326024770736694,-0.21437668800354004,-0.08417603935339457,0.04844522476196289,-0.16756188869476318,-0.0835009347949267,0.026935040950775146,-0.13176953792572021,-0.07597190703489787,victory
0.0,0.0,0.0,-0.04886636137962341,-0.04609566926956177,-0.0361112624578368,-0.06514495611190796,-0.12891435623168945,-0.05711032153891438,-0.021746695041656494,-0.1905595064163208,-0.07691428886579388,0.023866772651672363,-0.23653852939605713,-0.0946316279642474,-0.05427464842796326,-0.2788664996623993,-0.03752986790465229,-0.061316102743148804,-0.39950209856033325,-0.06291231589244717,-0.06444993615150452,-0.4722430109977722,-0.07641658263133877,-0.06729960441589355,-0.5345007479190826,-0.08461418079065197,-0.0015056431293487549,-0.27516841888427734,-0.03902596311496609,0.03671222925186157,-0.3950997591018677,-0.06521522329973095,0.05927091836929321,-0.46440625190734863,-0.07839756535219067,0.07458043098449707,-0.5224006175994873,-0.08419951127694958,0.036374807357788086,-0.24343961477279663,-0.04464136140273922,0.05085986852645874,-0.27978429198265076,-0.08337339090036266,0.02892124652862549,-0.22031927108764648,-0.08931734489129894,0.01382899284362793,-0.17903244495391846,-0.08259838150667065,0.0644451379776001,-0.19798022508621216,-0.05293957592772358,0.07226884365081787,-0.2215348482131958,-0.08308567928003185,0.04878091812133789,-0.17380541563034058,-0.08225290553497189,0.029132425785064697,-0.1360524296760559,-0.07469900773691052,victory
0.0,0.0,0.0,-0.04869842529296875,-0.04697418212890625,-0.03647548002732037,-0.06427633762359619,-0.12745743989944458,-0.05789376092684506,-0.019752144813537598,-0.18849700689315796,-0.07821362508070706,0.02525860071182251,-0.23486030101776123,-0.09649322224390744,-0.05227881669998169,-0.2807009816169739,-0.03796723154914616,-0.05952748656272888,-0.3992026448249817,-0.0636559207512164,-0.0619317889213562,-0.4706714153289795,-0.07725542081129788,-0.06393611431121826,-0.5321341454982758,-0.08561094147694348,0.0007054507732391357,-0.27608972787857056,-0.03977867258322476,0.039490699768066406,-0.39580458402633667,-0.0664349426103854,0.06216561794281006,-0.465394526720047,-0.08019254399073361,0.07736974954605103,-0.5226746797561646,-0.08633340937626599,0.038059890270233154,-0.24208414554595947,-0.04574909848702191,0.05354791879653931,-0.2780657708644867,-0.08458180768025159,0.03172492980957031,-0.21911108493804932,-0.0911716450525546,0.01681971549987793,-0.1787002682685852,-0.08502917034161328,0.06452673673629761,-0.19363707304000854,-0.05444644061458348,0.07216119766235352,-0.21247106790542603,-0.08473613155615567,0.04818069934844971,-0.1648690104484558,-0.08461952996981381,0.028839468955993652,-0.1283550262451172,-0.07768829954397916,victory
0.0,0.0,0.0,-0.04696837067604065,-0.04614442586898804,-0.03628908813612952,-0.06306076049804688,-0.12680745124816895,-0.05783108965175643,-0.01919695734977722,-0.18882524967193604,-0.07842333958166137,0.025847017765045166,-0.23602813482284546,-0.09698748186843886,-0.05018723011016846,-0.28241246938705444,-0.03852121130245223,-0.05825313925743103,-0.4026230573654175,-0.06469842389839187,-0.061702996492385864,-0.4753658175468445,-0.07853602961318984,-0.06450468301773071,-0.5382173955440521,-0.08687351987379088,0.0027701854705810547,-0.277508020401001,-0.04078120336549773,0.0415613055229187,-0.39875108003616333,-0.0679235045673181,0.06473410129547119,-0.4692261815071106,-0.08183594391363158,0.08043861389160156,-0.525982141494751,-0.08777387783544555,0.04027080535888672,-0.24258500337600708,-0.047152783429794454,0.05560660362243652,-0.27707651257514954,-0.08745369658487334,0.033445656299591064,-0.21705913543701172,-0.09449579164999022,0.018351495265960693,-0.17441481351852417,-0.0879728455902864,0.06635624170303345,-0.19319987297058105,-0.05612764478343024,0.07449239492416382,-0.214111328125,-0.08773991808908477,0.0504879355430603,-0.16527020931243896,-0.08756069437282576,0.03085958957672119,-0.1257108449935913,-0.08001988724487319,victory
0.0,0.0,0.0,-0.04664662480354309,-0.04650521278381348,-0.03640741728639796,-0.06310820579528809,-0.1264265775680542,-0.059011238295795465,-0.022109925746917725,-0.18746894598007202,-0.08090511583185389,0.021836310625076294,-0.23409008979797363,-0.10056392722225382,-0.05002748966217041,-0.2829805612564087,-0.040067406971218134,-0.058643341064453125,-0.4050370454788208,-0.06751662366485789,-0.06220021843910217,-0.47853294014930725,-0.08185895406103327,-0.06451937556266785,-0.5417900085449219,-0.09023497127390101,0.002765178680419922,-0.2772175073623657,-0.04305719457960322,0.04208710789680481,-0.3989238142967224,-0.07169724129533961,0.06667974591255188,-0.47094523906707764,-0.08607478313541606,0.08424773812294006,-0.528921365737915,-0.0920071961770077,0.040992408990859985,-0.24194186925888062,-0.05013825990653231,0.05476608872413635,-0.27431637048721313,-0.09124757968282893,0.032075852155685425,-0.21445566415786743,-0.09754826002216532,0.01665511727333069,-0.172448992729187,-0.09018443398571208,0.06809219717979431,-0.19274288415908813,-0.05992254116034701,0.07574108242988586,-0.2143493890762329,-0.09098955117559626,0.05163052678108215,-0.16699528694152832,-0.089576190937521,0.031435996294021606,-0.12874525785446167,-0.08109845839834406,victory
0.0,0.0,0.0,-0.04775330424308777,-0.047015368938446045,-0.03800729214378862,-0.06495648622512817,-0.12675130367279053,-0.061578276745763105,-0.02362695336341858,-0.1874040961265564,-0.08419021888801126,0.021217167377471924,-0.23387181758880615,-0.1042522706014779,-0.051423728466033936,-0.2856147885322571,-0.04144678934642343,-0.06040516495704651,-0.40804916620254517,-0.06900581642219095,-0.06439456343650818,-0.4825756549835205,-0.0836890108806756,-0.06691506505012512,-0.5464051961898804,-0.0925209216696885,0.001860201358795166,-0.27936121821403503,-0.04377162008711366,0.04137217998504639,-0.39982208609580994,-0.07264337613412408,0.06650322675704956,-0.4721936881542206,-0.08718273713418512,0.08515608310699463,-0.5312060713768005,-0.09339084400960473,0.04059040546417236,-0.24348902702331543,-0.05033612176009683,0.054653942584991455,-0.2751370370388031,-0.09125699772664575,0.030504465103149414,-0.21419936418533325,-0.09677170886823205,0.014567077159881592,-0.17301619052886963,-0.08896139933892755,0.06829017400741577,-0.1934891939163208,-0.05983808561393289,0.07666212320327759,-0.21796292066574097,-0.09041500016280679,0.051959097385406494,-0.1714145541191101,-0.08845404460259942,0.03138512372970581,-0.13438642024993896,-0.07972979470321206,victory
0.0,0.0,0.0,-0.04871702194213867,-0.04696303606033325,-0.03856765285553365,-0.06603744626045227,-0.1275072693824768,-0.061713023040908865,-0.023851633071899414,-0.1886070966720581,-0.08353913754643827,0.021763771772384644,-0.2359587550163269,-0.10280420065345197,-0.052379757165908813,-0.2872275412082672,-0.04145366877736478,-0.061443030834198,-0.4097744822502136,-0.06789398372592359,-0.06636744737625122,-0.4838380217552185,-0.08193747878493696,-0.06997624039649963,-0.5482363700866699,-0.09068039983930021,0.0015155673027038574,-0.28280794620513916,-0.04283522248687177,0.04221925139427185,-0.4029711186885834,-0.0706998798293057,0.06834033131599426,-0.47443947196006775,-0.08471416116179853,0.08746114373207092,-0.5327805876731873,-0.09081375033082395,0.039940327405929565,-0.2486708164215088,-0.04847327053965955,0.05645361542701721,-0.2798704206943512,-0.08849504769267469,0.03155842423439026,-0.21855831146240234,-0.09441825926722913,0.014002054929733276,-0.17690157890319824,-0.08729796290816694,0.06745287775993347,-0.2002430558204651,-0.05711085901083379,0.0766012966632843,-0.2199695110321045,-0.0875441226405087,0.051777392625808716,-0.17255300283432007,-0.08652168691577344,0.030634552240371704,-0.13558369874954224,-0.07868134409608274,victory
0.0,0.0,0.0,-0.04884710907936096,-0.04885643720626831,-0.038013350189544326,-0.06540340185165405,-0.130068838596344,-0.061446737469054824,-0.023340582847595215,-0.19072961807250977,-0.08392884579382098,0.021859467029571533,-0.2379264235496521,-0.10405264046869434,-0.05226540565490723,-0.2868964672088623,-0.04127109047851718,-0.06141054630279541,-0.40918397903442383,-0.06819413599453128,-0.06627529859542847,-0.48322683572769165,-0.08258150515041507,-0.06985703110694885,-0.54752117395401,-0.09146586802683032,0.0014320611953735352,-0.2816733121871948,-0.04331237074813998,0.04234796762466431,-0.40345990657806396,-0.07136369493684924,0.06812453269958496,-0.47539326548576355,-0.08593282100639499,0.08690828084945679,-0.5343363583087921,-0.09250185635767139,0.04010212421417236,-0.2465226650238037,-0.049515876890041,0.05454307794570923,-0.28061607480049133,-0.08974038061580814,0.030101001262664795,-0.21984344720840454,-0.09590395537099994,0.013480186462402344,-0.17841190099716187,-0.08896680918417132,0.06808686256408691,-0.19727104902267456,-0.05858810243091739,0.07607018947601318,-0.2211695909500122,-0.08875330534658588,0.05135136842727661,-0.1743788719177246,-0.08716701713285602,0.031021595001220703,-0.1372801661491394,-0.07900850471935428,victory
0.0,0.0,0.0,-0.05020785331726074,-0.04697072505950928,-0.03839672973367669,-0.06780204176902771,-0.12972688674926758,-0.061410515215129635,-0.02504754066467285,-0.18989843130111694,-0.08305206393811204,0.021247297525405884,-0.23578369617462158,-0.1021801406702707,-0.05448561906814575,-0.28677719831466675,-0.04177566861721971,-0.06402483582496643,-0.40891170501708984,-0.06832580512377717,-0.06962937116622925,-0.4829949736595154,-0.08222950493905046,-0.07435888051986694,-0.5476919114589691,-0.0908583799562166,-0.0006344914436340332,-0.2828366160392761,-0.043016164209575436,0.04200443625450134,-0.40396836400032043,-0.07073587423178651,0.06922575831413269,-0.4744514226913452,-0.084137241002054,0.08863726258277893,-0.5321073234081268,-0.08980404084536531,0.03808489441871643,-0.2489587664604187,-0.04844636341545083,0.05437782406806946,-0.28115373849868774,-0.08832747733208635,0.030327290296554565,-0.21982669830322266,-0.09349107986304261,0.013447731733322144,-0.17810344696044922,-0.08589913194987275,0.0663314163684845,-0.20061826705932617,-0.056830576266975186,0.07573691010475159,-0.2209373116493225,-0.08710644638154008,0.05130013823509216,-0.17337238788604736,-0.0853763321599672,0.030674129724502563,-0.1365397572517395,-0.07704670226189592,victory
0.0,0.0,0.0,-0.048402100801467896,-0.04858464002609253,-0.03621234353062164,-0.06445285677909851,-0.1311739683151245,-0.059027872787680735,-0.021272003650665283,-0.19054114818572998,-0.0810517257022525,0.025223851203918457,-0.2350367307662964,-0.1010363658833171,-0.04870602488517761,-0.2888708710670471,-0.04208353142615806,-0.05968233942985535,-0.4082300066947937,-0.06927715595242034,-0.0660473108291626,-0.48186859488487244,-0.08361722882267486,-0.07120400667190552,-0.5463736653327942,-0.09265222008701812,0.004331648349761963,-0.2828598618507385,-0.044929865555729975,0.04729276895523071,-0.40363091230392456,-0.07330689187523376,0.07439941167831421,-0.475092351436615,-0.08779092486378204,0.09387320280075073,-0.5343751311302185,-0.09441446121212493,0.041814982891082764,-0.24651938676834106,-0.051503520266976466,0.05809175968170166,-0.2814909815788269,-0.0915807520913745,0.033673107624053955,-0.2221754789352417,-0.09778412039753448,0.016908586025238037,-0.17981475591659546,-0.09123769010778915,0.06793391704559326,-0.19509053230285645,-0.060832913773026576,0.07704228162765503,-0.21302521228790283,-0.09171652402159225,0.052182555198669434,-0.16642343997955322,-0.09106917287584793,0.0317225456237793,-0.12853610515594482,-0.083555359201398,victory
0.0,0.0,0.0,-0.047174304723739624,-0.04839295148849487,-0.03592241576922106,-0.06337538361549377,-0.1322665810585022,-0.058376826560618156,-0.021332621574401855,-0.1912292242050171,-0.08005967385184931,0.025112271308898926,-0.23484909534454346,-0.09949554151904749,-0.04842698574066162,-0.28892815113067627,-0.042722985363127464,-0.05986583232879639,-0.41113942861557007,-0.07036641634118723,-0.06585541367530823,-0.48577970266342163,-0.08420069909703898,-0.07033246755599976,-0.5512598752975464,-0.09261437154424357,0.005582273006439209,-0.28270605206489563,-0.045653641438605064,0.05019032955169678,-0.40248632431030273,-0.075392190581681,0.07876580953598022,-0.4737786650657654,-0.08961990124595332,0.0994763970375061,-0.5323707759380341,-0.09534857071054148,0.04359006881713867,-0.24675291776657104,-0.0522385688782947,0.05986672639846802,-0.27658528089523315,-0.09324301428210902,0.033022522926330566,-0.21606069803237915,-0.09817584998023676,0.014158546924591064,-0.17505228519439697,-0.09012402988088297,0.07016497850418091,-0.1961541771888733,-0.06157141945374178,0.07851409912109375,-0.21073192358016968,-0.09252139574897456,0.05181199312210083,-0.16431522369384766,-0.09086070603740382,0.02939826250076294,-0.12887215614318848,-0.08225461489570307,victory
0.0,0.0,0.0,-0.04686540365219116,-0.049990177154541016,-0.03523245497814287,-0.0630347728729248,-0.13490545749664307,-0.05739376365414728,-0.020690709352493286,-0.1937936544418335,-0.0790066909717666,0.025908589363098145,-0.23828154802322388,-0.0985328671263801,-0.04665505886077881,-0.293414831161499,-0.04141978963485826,-0.057883262634277344,-0.4158666729927063,-0.06886531084052194,-0.06371799111366272,-0.49047404527664185,-0.08291291862002481,-0.06766349077224731,-0.5558964312076569,-0.09170628755560983,0.008357226848602295,-0.2858284115791321,-0.04510759606233705,0.053574442863464355,-0.40589848160743713,-0.07434387176505197,0.0823361873626709,-0.4785611033439636,-0.08904736905566324,0.10343241691589355,-0.5383168756961823,-0.0955043476747619,0.04706084728240967,-0.24767011404037476,-0.052419748597060334,0.06319105625152588,-0.28249436616897583,-0.09336518167725671,0.034951746463775635,-0.22323483228683472,-0.09883361726275552,0.015202999114990234,-0.18232297897338867,-0.09157815992108453,0.07368254661560059,-0.19402897357940674,-0.06235576837531198,0.07926368713378906,-0.2095775008201599,-0.09410214095584024,0.05062836408615112,-0.1638193130493164,-0.09289056479207147,0.027154982089996338,-0.12869161367416382,-0.08468970327845682,victory
0.0,0.0,0.0,-0.0454326868057251,-0.04950588941574097,-0.03635796530409152,-0.060436517000198364,-0.13260579109191895,-0.05968330426378543,-0.020014643669128418,-0.1924787163734436,-0.08247962964935596,0.025913715362548828,-0.236133873462677,-0.10295672340555484,-0.045585453510284424,-0.2930365204811096,-0.042856652273371765,-0.056354373693466187,-0.41444116830825806,-0.07191757483644778,-0.06206580996513367,-0.4892001748085022,-0.08696134014292056,-0.0656963586807251,-0.5541865229606628,-0.09619930012388522,0.008713692426681519,-0.28494781255722046,-0.046716399474576065,0.05387312173843384,-0.40670621395111084,-0.07825030012293155,0.08392906188964844,-0.4797775149345398,-0.09425382687015826,0.10668951272964478,-0.5392330884933472,-0.10109882427616412,0.047057926654815674,-0.24588769674301147,-0.054247412814333984,0.06434333324432373,-0.27894067764282227,-0.09704970939321811,0.036398231983184814,-0.2189132571220398,-0.10232469810409839,0.016750335693359375,-0.17767083644866943,-0.09418984873457248,0.07323431968688965,-0.19138860702514648,-0.06448128445310886,0.0806351900100708,-0.20760858058929443,-0.0962891988293677,0.053571879863739014,-0.16219007968902588,-0.09424596650762851,0.031164467334747314,-0.12702572345733643,-0.0851546414033919,victory
0.0,0.0,0.0,-0.046075671911239624,-0.049359917640686035,-0.036823446677146876,-0.0614142119884491,-0.1322157382965088,-0.0601843472580299,-0.020208239555358887,-0.1923924684524536,-0.08288279064100834,0.025691092014312744,-0.23700207471847534,-0.1033892545859203,-0.04484838247299194,-0.2935863435268402,-0.043366878108201945,-0.05473163723945618,-0.4149971902370453,-0.07255577929419132,-0.060109466314315796,-0.4901154041290283,-0.08817653991383168,-0.06371954083442688,-0.5561476647853851,-0.09801690913838002,0.010030210018157959,-0.2859882712364197,-0.04701490961116406,0.05523693561553955,-0.4070417582988739,-0.07823010422390553,0.08555537462234497,-0.4795883595943451,-0.09416432567041966,0.10831212997436523,-0.5384108424186707,-0.10129778720539662,0.0482330322265625,-0.2471696138381958,-0.05438812710445973,0.06675821542739868,-0.2831888198852539,-0.09700484462183567,0.04008239507675171,-0.22333651781082153,-0.10218616463345143,0.02081221342086792,-0.18122398853302002,-0.09427305944365116,0.07407307624816895,-0.19281381368637085,-0.06452929116886708,0.0818096399307251,-0.21101880073547363,-0.09700167067450138,0.05486029386520386,-0.16492778062820435,-0.09520044811171147,0.03176474571228027,-0.12838953733444214,-0.08629199750822636,victory
0.0,0.0,0.0,-0.04835325479507446,-0.04789936542510986,-0.038158373128794665,-0.06466811895370483,-0.13163715600967407,-0.061557726156138415,-0.021273702383041382,-0.19359171390533447,-0.08395394791307353,0.025983452796936035,-0.23792070150375366,-0.1038330804223051,-0.048120081424713135,-0.292243093252182,-0.04400602091493511,-0.05829060077667236,-0.41480815410614014,-0.07295747209730052,-0.0637197196483612,-0.4895203113555908,-0.08814375210943126,-0.06750938296318054,-0.5553925335407257,-0.09763231981935405,0.0068550705909729,-0.28521835803985596,-0.046680965613745684,0.05208486318588257,-0.4043341875076294,-0.07792072851600551,0.08235371112823486,-0.47709912061691284,-0.09323049445094966,0.10481852293014526,-0.5373020172119141,-0.09969223399104976,0.04491901397705078,-0.24691522121429443,-0.05326610539498233,0.06023061275482178,-0.2765725255012512,-0.09579119194688701,0.032200515270233154,-0.21491801738739014,-0.10042940188589,0.012848526239395142,-0.17377346754074097,-0.09188246835412883,0.071003258228302,-0.19251596927642822,-0.06286966909112834,0.0774962306022644,-0.2091105580329895,-0.09520018954219722,0.04953110218048096,-0.16166460514068604,-0.09317758042755031,0.026521384716033936,-0.12553530931472778,-0.08405273516120815,victory
0.0,0.0,0.0,-0.04849395155906677,-0.049326300621032715,-0.03622850964291047,-0.06623300909996033,-0.13402551412582397,-0.05861773157937478,-0.024737149477005005,-0.19457238912582397,-0.08018474469406556,0.02215084433555603,-0.23687320947647095,-0.09948510865194748,-0.05034506320953369,-0.29436028003692627,-0.043027928122114645,-0.06111547350883484,-0.416334331035614,-0.07087796370012711,-0.06660187244415283,-0.49038416147232056,-0.08525117675287675,-0.0708470344543457,-0.5563032031059265,-0.0941335950277562,0.004323750734329224,-0.2880035638809204,-0.0458569731794114,0.049116045236587524,-0.40763288736343384,-0.07537312249166916,0.07845696806907654,-0.47920334339141846,-0.08922163585646103,0.09958687424659729,-0.5385036766529083,-0.09468780646545838,0.04290619492530823,-0.2512253522872925,-0.052352188178133474,0.057492583990097046,-0.277626097202301,-0.09314061144812058,0.03084835410118103,-0.21527338027954102,-0.09773891607744645,0.012421578168869019,-0.17285317182540894,-0.08938639054520081,0.06994983553886414,-0.19897907972335815,-0.06176043117864083,0.07663974165916443,-0.2100464105606079,-0.09295664916260193,0.04873201251029968,-0.16127800941467285,-0.09111511150820206,0.02545669674873352,-0.1237955093383789,-0.08218628356678437,victory
0.0,0.0,0.0,-0.04797488451004028,-0.04566293954849243,-0.037621592214406974,-0.06788575649261475,-0.12783247232437134,-0.06139857419401551,-0.029112040996551514,-0.1886385679244995,-0.08400744669705773,0.016290605068206787,-0.23305940628051758,-0.1043733926919117,-0.05259254574775696,-0.29410362243652344,-0.04645866998106385,-0.06431463360786438,-0.4160098135471344,-0.07580962502032662,-0.07014048099517822,-0.4904065430164337,-0.09069808297425652,-0.07387465238571167,-0.556206077337265,-0.09962943666249657,0.0024140775203704834,-0.2879936695098877,-0.04917621709972764,0.04604619741439819,-0.4084993898868561,-0.08028135173589135,0.07578897476196289,-0.4795907735824585,-0.09472607546121026,0.09755444526672363,-0.5378683805465698,-0.10026608877450371,0.04159802198410034,-0.25150859355926514,-0.05551752545505906,0.058438897132873535,-0.27729254961013794,-0.0983890416529789,0.03364306688308716,-0.21435678005218506,-0.10368935488730813,0.016095221042633057,-0.17060840129852295,-0.09539851271182442,0.06863892078399658,-0.19910353422164917,-0.06465656780272866,0.07467186450958252,-0.20718538761138916,-0.09732156716853524,0.04821974039077759,-0.15614187717437744,-0.09573810272485161,0.02636706829071045,-0.1166955828666687,-0.0866407650020733,victory
0.0,0.0,0.0,-0.049263209104537964,-0.04758375883102417,-0.03498619727901087,-0.06824713945388794,-0.13137227296829224,-0.05670099638513193,-0.028744250535964966,-0.19298487901687622,-0.07785597376636133,0.015455752611160278,-0.23757535219192505,-0.09703887932113275,-0.051801055669784546,-0.29743123054504395,-0.0404741980891572,-0.0637127161026001,-0.41764557361602783,-0.06773716889432535,-0.06992527842521667,-0.49182838201522827,-0.08272080801538095,-0.07471626996994019,-0.5563904047012329,-0.09234110944083795,0.003643631935119629,-0.2906534671783447,-0.04469020225218401,0.04547080397605896,-0.41232025623321533,-0.07347129218391046,0.07185086607933044,-0.4857083559036255,-0.08895903013757334,0.0910094678401947,-0.5451503992080688,-0.09624810449889765,0.04344186186790466,-0.25214260816574097,-0.05248250372818575,0.05898621678352356,-0.28598713874816895,-0.09307165376952753,0.03193506598472595,-0.2290874719619751,-0.1001556881528245,0.012822926044464111,-0.1881474256515503,-0.09435646168998346,0.07068964838981628,-0.19717109203338623,-0.06284824691823587,0.07354161143302917,-0.21266555786132812,-0.09472058646491632,0.04449525475502014,-0.1652507781982422,-0.09417705915979013,0.020735472440719604,-0.1268599033355713,-0.08659436486772165,victory
0.0,0.0,0.0,-0.049742043018341064,-0.04533028602600098,-0.03623449531130518,-0.06849449872970581,-0.13062411546707153,-0.05708371949128832,-0.028779536485671997,-0.19350296258926392,-0.07694117453627314,0.015837013721466064,-0.23790502548217773,-0.09483576294712748,-0.054549992084503174,-0.2938021421432495,-0.03973958370022501,-0.06893470883369446,-0.41352027654647827,-0.06623519685797419,-0.07608798146247864,-0.48801136016845703,-0.08078851279549326,-0.08153563737869263,-0.5525358319282532,-0.09031460907988276,0.0017161369323730469,-0.2890174388885498,-0.04291624304585184,0.04106244444847107,-0.4115604758262634,-0.07059928503565516,0.06649056077003479,-0.48484426736831665,-0.08553419735960688,0.08474108576774597,-0.5438723564147949,-0.09286106851629938,0.04173502326011658,-0.2529449462890625,-0.05000773173503603,0.06092998385429382,-0.28821492195129395,-0.09051791307263102,0.03401443362236023,-0.2293594479560852,-0.09798005697064127,0.013624340295791626,-0.18694984912872314,-0.09270737048916544,0.06898882985115051,-0.20100218057632446,-0.05976368960671152,0.07299885153770447,-0.2150455117225647,-0.09251457181505884,0.04549625515937805,-0.16393697261810303,-0.09292453256182398,0.023017972707748413,-0.12363302707672119,-0.08626240220598902,victory
0.0,0.0,0.0,-0.04959666728973389,-0.044623613357543945,-0.033800368754896226,-0.07024633884429932,-0.13255226612091064,-0.05244862809661299,-0.03003782033920288,-0.19531452655792236,-0.07008236795547873,0.01586204767227173,-0.23785388469696045,-0.08620206415537268,-0.054075658321380615,-0.29158276319503784,-0.03796471804264456,-0.06999102234840393,-0.41143807768821716,-0.06227271035197646,-0.07729396224021912,-0.48467665910720825,-0.07519345134380728,-0.0828501284122467,-0.5483996272087097,-0.08389887362602622,0.0014251172542572021,-0.2872598171234131,-0.041883701084884706,0.038716286420822144,-0.4116942286491394,-0.06737732291105658,0.06399360299110413,-0.4851255416870117,-0.08139296769979865,0.08188328146934509,-0.5429508686065674,-0.08850099295261771,0.040957242250442505,-0.2517927885055542,-0.049385869501861634,0.05761846899986267,-0.2926703989505768,-0.08849609792116553,0.03413131833076477,-0.23978108167648315,-0.09784043729189307,0.016340523958206177,-0.19920307397842407,-0.09485380500439078,0.06797489523887634,-0.20008236169815063,-0.05921752899769217,0.06882283091545105,-0.2147241234779358,-0.09312749802950293,0.04154863953590393,-0.16138023138046265,-0.09548811763409049,0.0197298526763916,-0.1178368330001831,-0.09056479632738501,victory
0.0,0.0,0.0,-0.049619317054748535,-0.04596453905105591,-0.03373304452833281,-0.06828397512435913,-0.13438475131988525,-0.052114211731520754,-0.02674335241317749,-0.19870030879974365,-0.0699462823205863,0.01779910922050476,-0.24326980113983154,-0.08638952743348227,-0.05588328838348389,-0.2901729345321655,-0.03582952987488852,-0.06982266902923584,-0.4093989133834839,-0.06152557652529822,-0.0767526626586914,-0.4830675721168518,-0.07499975036915885,-0.08210936188697815,-0.546749085187912,-0.08340957086619483,-0.0009584128856658936,-0.2857504189014435,-0.04001900997099028,0.03315114974975586,-0.41050615906715393,-0.0672137669855033,0.05598104000091553,-0.4866804778575897,-0.08211670141753302,0.07300519943237305,-0.5482850670814514,-0.08879592340525733,0.03955930471420288,-0.2505303621292114,-0.047957741432753664,0.0558968186378479,-0.28657013177871704,-0.08979839902457343,0.028958141803741455,-0.22546494007110596,-0.09886836331423865,0.009386450052261353,-0.18064451217651367,-0.09379345249470816,0.06764179468154907,-0.19913440942764282,-0.058116269075242144,0.06481730937957764,-0.20801270008087158,-0.09316935461100684,0.03602474927902222,-0.153797447681427,-0.09492394398984061,0.014672517776489258,-0.1114121675491333,-0.08838276635941611,victory
0.0,0.0,0.0,-0.048142820596694946,-0.04308587312698364,-0.03391172571622292,-0.069835364818573,-0.1274726390838623,-0.05318073763095299,-0.03231394290924072,-0.19221603870391846,-0.07146319581710259,0.011759012937545776,-0.23602551221847534,-0.08842590285979668,-0.05593937635421753,-0.2860812842845917,-0.039525831328262484,-0.06977799534797668,-0.4062857925891876,-0.06548480524264733,-0.07620549201965332,-0.4794839024543762,-0.07896391882144371,-0.0816926658153534,-0.5426001846790314,-0.0873386023803846,-0.0010544657707214355,-0.2818225920200348,-0.04340550510727326,0.032420217990875244,-0.40923458337783813,-0.06990513040267388,0.053270161151885986,-0.48663443326950073,-0.08445837183438698,0.06757408380508423,-0.5480340421199799,-0.09134793861352364,0.03980839252471924,-0.24758422374725342,-0.05072789473973671,0.05516475439071655,-0.28603583574295044,-0.09055653049193779,0.028766155242919922,-0.23428267240524292,-0.10088602288209358,0.008664637804031372,-0.19392716884613037,-0.09795693887912194,0.06880152225494385,-0.19730406999588013,-0.06024782566868225,0.06424540281295776,-0.20499175786972046,-0.09386497570716301,0.0344843864440918,-0.15361201763153076,-0.09643048627816597,0.01180177927017212,-0.11204928159713745,-0.09130276574336449,victory
0.0,0.0,0.0,-0.04827558994293213,-0.044226765632629395,-0.03369447159292349,-0.06956976652145386,-0.12989091873168945,-0.053075059677382797,-0.030982255935668945,-0.19600236415863037,-0.07192737552048811,0.012952625751495361,-0.24160611629486084,-0.08922436031224379,-0.05511528253555298,-0.2885989546775818,-0.03686070012571463,-0.06952905654907227,-0.4082562327384949,-0.0630804667127336,-0.07604888081550598,-0.4819769263267517,-0.07690478059174666,-0.08145061135292053,-0.544957846403122,-0.08518525155903944,-0.0006569921970367432,-0.28406572341918945,-0.04102104100110182,0.03238189220428467,-0.41053447127342224,-0.06859942468526015,0.052941322326660156,-0.4881019592285156,-0.08352183493497023,0.06728893518447876,-0.550189733505249,-0.0898916194093431,0.04027324914932251,-0.24977535009384155,-0.048868458147069305,0.051423609256744385,-0.2865867018699646,-0.09039818438412794,0.025294959545135498,-0.22771954536437988,-0.09926332476260313,0.007118433713912964,-0.18381458520889282,-0.09382513853432783,0.06946516036987305,-0.19982337951660156,-0.05891255604745993,0.06412678956985474,-0.21589964628219604,-0.09246439429642805,0.035599350929260254,-0.16319769620895386,-0.09301199706914076,0.014957338571548462,-0.1204448938369751,-0.08561353328349242,victory
0.0,0.0,0.0,-0.04788780212402344,-0.04522371292114258,-0.03208398289723391,-0.06888166069984436,-0.1307050585746765,-0.05054512463254923,-0.030877500772476196,-0.19538193941116333,-0.06872960768384928,0.014084845781326294,-0.23765653371810913,-0.08590741298837656,-0.05564787983894348,-0.2867909073829651,-0.036719879430961555,-0.07108622789382935,-0.4063339829444885,-0.062611772042942,-0.07862609624862671,-0.47896429896354675,-0.07610891602678294,-0.08514243364334106,-0.5420055687427521,-0.08417843125505442,-0.0009188652038574219,-0.2830764949321747,-0.041493019384574836,0.03248465061187744,-0.41059988737106323,-0.06800097815437312,0.05323237180709839,-0.48862016201019287,-0.08262758545322413,0.0677269697189331,-0.551030695438385,-0.08906234644098276,0.040000736713409424,-0.24916839599609375,-0.049665244591665214,0.04966294765472412,-0.2864363193511963,-0.08988194755954737,0.025034010410308838,-0.23079770803451538,-0.09989003680391306,0.008509963750839233,-0.18866753578186035,-0.09595423035068507,0.06934934854507446,-0.1997777819633484,-0.059905560982656425,0.06163930892944336,-0.20905375480651855,-0.09303014568729395,0.03265678882598877,-0.15556657314300537,-0.09450507007284159,0.012223005294799805,-0.11250436305999756,-0.0881922825400352,victory
0.0,0.0,0.0,-0.0481109619140625,-0.04402381181716919,-0.03250307148249476,-0.06917649507522583,-0.13033556938171387,-0.05103266170175402,-0.03242674469947815,-0.19787728786468506,-0.06915003737361758,0.01088017225265503,-0.24266833066940308,-0.08599220147283404,-0.05724892020225525,-0.2879040837287903,-0.03588161548526614,-0.07404971122741699,-0.4078960418701172,-0.06148043578417628,-0.08202242851257324,-0.4804707169532776,-0.07480321755559771,-0.08883392810821533,-0.5427389144897461,-0.08267652174384921,-0.0024022459983825684,-0.28391796350479126,-0.04051331361682742,0.02985095977783203,-0.4129992127418518,-0.06736408850105136,0.05049866437911987,-0.49094051122665405,-0.08217235585601657,0.06472623348236084,-0.5522545874118805,-0.0884368412748131,0.03908795118331909,-0.24967366456985474,-0.048602341915682246,0.049344778060913086,-0.29065394401550293,-0.08992258390338748,0.024361073970794678,-0.23503941297531128,-0.09946890851409762,0.0071350932121276855,-0.19256716966629028,-0.09478890081794589,0.06888061761856079,-0.19982177019119263,-0.058663285578802515,0.06162834167480469,-0.21462684869766235,-0.09276136686952441,0.03291398286819458,-0.160381019115448,-0.09345051577241748,0.012593656778335571,-0.11613088846206665,-0.08619294246585696,victory
0.0,0.0,0.0,-0.04795914888381958,-0.04457670450210571,-0.031089159073133033,-0.07044070959091187,-0.13116496801376343,-0.04963564348389582,-0.03584331274032593,-0.19653719663619995,-0.06839549762179331,0.008180767297744751,-0.23872464895248413,-0.08582815003563837,-0.05703583359718323,-0.28202754259109497,-0.03622869622876124,-0.07525783777236938,-0.4031040072441101,-0.061883153738278907,-0.08367803692817688,-0.47454118728637695,-0.07413678091933207,-0.09072455763816833,-0.5362222492694855,-0.08077175390889124,-0.002802550792694092,-0.2785692811012268,-0.0407325498478599,0.03134763240814209,-0.4063691198825836,-0.068242693664331,0.05273032188415527,-0.4841514229774475,-0.08184646290709452,0.067840576171875,-0.5451629459857941,-0.08665686321427302,0.038184285163879395,-0.24641495943069458,-0.048529127957124274,0.04350930452346802,-0.27811771631240845,-0.08998143148590998,0.018976449966430664,-0.21559685468673706,-0.09757318568398432,0.0043885111808776855,-0.1687830686569214,-0.09045072120596842,0.06801283359527588,-0.200031578540802,-0.05827221867610888,0.05718964338302612,-0.21201300621032715,-0.0907610229866691,0.029058754444122314,-0.1558983325958252,-0.08981745910813288,0.010605007410049438,-0.10979294776916504,-0.0809913001673408,victory
0.0,0.0,0.0,-0.04807034134864807,-0.04448068141937256,-0.03161394558088659,-0.07043963670730591,-0.1310352087020874,-0.05054507366554617,-0.03538796305656433,-0.19678837060928345,-0.06949168405668615,0.008149951696395874,-0.24065721035003662,-0.08692778608934759,-0.056688278913497925,-0.28502357006073,-0.03634752295153021,-0.07501327991485596,-0.4048483967781067,-0.06251718810932516,-0.08339908719062805,-0.4769108295440674,-0.07542790434496283,-0.08985596895217896,-0.5382660627365112,-0.08264313600199102,-0.0019024312496185303,-0.28090521693229675,-0.0411264557315576,0.03153568506240845,-0.40824955701828003,-0.0694327276124227,0.05257308483123779,-0.4854544997215271,-0.08409467301504492,0.06818133592605591,-0.5455983877182007,-0.08957835248844503,0.039660871028900146,-0.2469887137413025,-0.049193758137391796,0.04788672924041748,-0.2812940776348114,-0.09116997531788229,0.020618200302124023,-0.21949678659439087,-0.09871444068090796,0.0036762654781341553,-0.17276692390441895,-0.09156131706373571,0.06922966241836548,-0.1979932188987732,-0.059194396801160565,0.058280766010284424,-0.21049880981445312,-0.09206303171055197,0.029364705085754395,-0.1568155288696289,-0.09096416793005346,0.01043027639389038,-0.1128695011138916,-0.08188331834213614,victory
0.0,0.0,0.0,-0.047641485929489136,-0.04270064830780029,-0.03277286243371691,-0.06950801610946655,-0.12762755155563354,-0.05147911336950983,-0.0338844358921051,-0.1951196789741516,-0.06982116502456392,0.008762121200561523,-0.24145615100860596,-0.08658848059110369,-0.05748423933982849,-0.2854747474193573,-0.035461251705214636,-0.07442459464073181,-0.4050670862197876,-0.060906880616471426,-0.0823839008808136,-0.47638648748397827,-0.07352022182874407,-0.0891568660736084,-0.5370097160339355,-0.08060102266006197,-0.002474546432495117,-0.28264889121055603,-0.03950969603590693,0.03132012486457825,-0.4102023243904114,-0.06664895367555346,0.05317428708076477,-0.4868212938308716,-0.08098472011022295,0.06844028830528259,-0.5469718277454376,-0.08646021139554705,0.03880360722541809,-0.24914228916168213,-0.047109616070315496,0.04693397879600525,-0.2847195267677307,-0.08858873796395983,0.022848695516586304,-0.22588568925857544,-0.09758451682262148,0.0070462822914123535,-0.18231350183486938,-0.09196239066056933,0.0684756338596344,-0.1999046802520752,-0.056705315678641455,0.06081905961036682,-0.2118391990661621,-0.09048021686010088,0.032120317220687866,-0.1572284698486328,-0.09103055399589266,0.011309146881103516,-0.11322617530822754,-0.08335810255937304,victory
0.0,0.0,0.0,-0.048703521490097046,-0.043916940689086914,-0.03184421373822488,-0.07081717252731323,-0.13235318660736084,-0.0500387029192666,-0.034236758947372437,-0.20119816064834595,-0.06806934638240136,0.010805666446685791,-0.24635934829711914,-0.08477745963551797,-0.05914711952209473,-0.2848106324672699,-0.03545562936284341,-0.07662180066108704,-0.40436801314353943,-0.06075420243956842,-0.08472183346748352,-0.4753943979740143,-0.07320429398038186,-0.09182092547416687,-0.5364972949028015,-0.08025332553603448,-0.004263192415237427,-0.28229257464408875,-0.03980606062629022,0.030681103467941284,-0.41154515743255615,-0.06675583882548608,0.053183287382125854,-0.4883717894554138,-0.08061663819768228,0.06860312819480896,-0.5482618808746338,-0.08581435693719186,0.03725668787956238,-0.2496715784072876,-0.04756388826586999,0.04463997483253479,-0.287900447845459,-0.08917511267878808,0.020944744348526,-0.22828525304794312,-0.09774917377450265,0.005728363990783691,-0.18329477310180664,-0.09174272431351937,0.0675378143787384,-0.20150631666183472,-0.05722562982060708,0.05997738242149353,-0.21748501062393188,-0.09122040136077203,0.032298535108566284,-0.1624627709388733,-0.09133051349141397,0.012770920991897583,-0.11678463220596313,-0.08329302085854806,victory
0.0,0.0,0.0,-0.047653377056121826,-0.04286926984786987,-0.032002775483817913,-0.07026833295822144,-0.12911152839660645,-0.05008990552374826,-0.03589978814125061,-0.19779926538467407,-0.06779127057740197,0.006624490022659302,-0.24432045221328735,-0.08416587349125848,-0.058924466371536255,-0.2861882746219635,-0.03569438915798173,-0.07750275731086731,-0.404073566198349,-0.06039091806957231,-0.08609843254089355,-0.4746837317943573,-0.0729142823452662,-0.09341809153556824,-0.535798966884613,-0.0804850557083796,-0.004120320081710815,-0.2838498055934906,-0.03989480298110948,0.03135877847671509,-0.41035783290863037,-0.06591764327237115,0.054400086402893066,-0.48441821336746216,-0.07965424891659723,0.07003241777420044,-0.5415920317173004,-0.08535822715708719,0.03708237409591675,-0.2507224678993225,-0.04749646272608743,0.046851396560668945,-0.28920483589172363,-0.08771696921536432,0.022967815399169922,-0.23299038410186768,-0.09669771280238137,0.006359219551086426,-0.19027066230773926,-0.09208467092463479,0.06733155250549316,-0.201593816280365,-0.05709893118688569,0.06122714281082153,-0.21358722448349,-0.09084180977293954,0.03301316499710083,-0.15910077095031738,-0.09203192826458917,0.011868000030517578,-0.11433947086334229,-0.08534964408823953,victory
0.0,0.0,0.0,-0.047683656215667725,-0.042562663555145264,-0.032786339455128655,-0.06946244835853577,-0.12831610441207886,-0.05084662877845858,-0.03505799174308777,-0.19667142629623413,-0.06832803779172991,0.007039546966552734,-0.2442048192024231,-0.08446331315565203,-0.059372276067733765,-0.28427180647850037,-0.03501081460046862,-0.07688912749290466,-0.4024995267391205,-0.05905715742039774,-0.08519679307937622,-0.47279947996139526,-0.07110583775568102,-0.09250161051750183,-0.5333890616893768,-0.07820006453323458,-0.00424078106880188,-0.2817677855491638,-0.038374520771981224,0.03164747357368469,-0.4071308374404907,-0.063673153453351,0.054908543825149536,-0.48067736625671387,-0.07697565101909731,0.07044568657875061,-0.5367172658443451,-0.08234892778921221,0.037129372358322144,-0.24921059608459473,-0.04528564208078478,0.04627928137779236,-0.28700172901153564,-0.08501092337894534,0.02320215106010437,-0.23056381940841675,-0.09402497851181124,0.007606238126754761,-0.18742811679840088,-0.08945965760278796,0.06734219193458557,-0.20134449005126953,-0.05421407141614054,0.060943394899368286,-0.2135142683982849,-0.08745586120414828,0.03328534960746765,-0.1572386622428894,-0.08832426362562273,0.013325333595275879,-0.11132049560546875,-0.08146014057922457,victory
0.0,0.0,0.0,-0.04865041375160217,-0.04234623908996582,-0.031423924384455404,-0.07036566734313965,-0.1312432885169983,-0.048160077897648534,-0.034658849239349365,-0.19996404647827148,-0.06449367281589957,0.008029907941818237,-0.24545449018478394,-0.07957541373167487,-0.059433043003082275,-0.2849928140640259,-0.034019032386879644,-0.07782706618309021,-0.403199702501297,-0.05739131372962447,-0.08650484681129456,-0.47395187616348267,-0.06898990449104758,-0.09422728419303894,-0.5341451168060303,-0.07600136276874991,-0.003863722085952759,-0.28174474835395813,-0.03807185393367263,0.032359421253204346,-0.40636247396469116,-0.06302350935135337,0.0550379753112793,-0.4797288775444031,-0.07644646045361014,0.07011699676513672,-0.5357759594917297,-0.08206040587816688,0.03759729862213135,-0.24775421619415283,-0.04553539109025451,0.048757195472717285,-0.28550809621810913,-0.08465572622213813,0.024752259254455566,-0.23168432712554932,-0.09427499946747275,0.00836557149887085,-0.19002032279968262,-0.09039999720249625,0.06703287363052368,-0.19824838638305664,-0.054913570998053274,0.059678077697753906,-0.20783507823944092,-0.08766780224237891,0.031110703945159912,-0.15496563911437988,-0.0893569382706687,0.010533571243286133,-0.1116400957107544,-0.08335633006487342,victory
0.0,0.0,0.0,-0.049829334020614624,-0.04428344964981079,-0.03143841212397547,-0.07142359018325806,-0.13337725400924683,-0.04828265120988817,-0.03733506798744202,-0.20162731409072876,-0.06483954375391932,0.004644274711608887,-0.24821490049362183,-0.08011972343331308,-0.06053045392036438,-0.2860293984413147,-0.03176814874416323,-0.078998863697052,-0.4026806354522705,-0.05456734260326357,-0.08787256479263306,-0.4725491404533386,-0.0661339256704423,-0.09562242031097412,-0.5326944291591644,-0.07300926929121943,-0.005449533462524414,-0.2830449342727661,-0.03599380140906305,0.03129392862319946,-0.40864601731300354,-0.060425227487144184,0.05422258377075195,-0.4817690849304199,-0.07352867161637278,0.06942296028137207,-0.5371697843074799,-0.07865323310500116,0.035652995109558105,-0.24970757961273193,-0.043731531107482624,0.04415595531463623,-0.2922518253326416,-0.0833104494751069,0.020806968212127686,-0.23675674200057983,-0.09189696049099894,0.005267292261123657,-0.19381707906723022,-0.08684645777350397,0.06532740592956543,-0.2005414366722107,-0.05334481408601732,0.058967649936676025,-0.21828073263168335,-0.08664916639929743,0.031498849391937256,-0.16118431091308594,-0.0866172555626008,0.012043178081512451,-0.11334145069122314,-0.07887151276474924,victory
0.0,0.0,0.0,-0.04933324456214905,-0.04392141103744507,-0.031116575490386822,-0.07118633389472961,-0.13360774517059326,-0.04842484791174684,-0.037243008613586426,-0.20245593786239624,-0.06598758373752389,0.0050505101680755615,-0.24850749969482422,-0.08192482266917978,-0.060029178857803345,-0.28483816981315613,-0.03164784659043107,-0.079306960105896,-0.40231961011886597,-0.055739194642455914,-0.08833962678909302,-0.4725727140903473,-0.06766763005748544,-0.09572255611419678,-0.533239483833313,-0.07456477407708917,-0.005478531122207642,-0.2828245162963867,-0.03624186341062341,0.030743300914764404,-0.40702366828918457,-0.06300925139680658,0.05498117208480835,-0.48029762506484985,-0.07677297715440545,0.07237142324447632,-0.5364295840263367,-0.08170369688764367,0.03511059284210205,-0.2504986524581909,-0.044372141848953106,0.044157445430755615,-0.28524336218833923,-0.08565919522538934,0.020824074745178223,-0.22012794017791748,-0.0919362348724917,0.005961239337921143,-0.1721501350402832,-0.08400022659793649,0.06416851282119751,-0.20283305644989014,-0.054535661380441525,0.05930805206298828,-0.21756595373153687,-0.08780842695728097,0.03322809934616089,-0.15915781259536743,-0.08620470438495431,0.015006005764007568,-0.11146223545074463,-0.07664081130519662,victory
0.0,0.0,0.0,-0.04850411415100098,-0.043637633323669434,-0.031460713517390104,-0.06981712579727173,-0.13460952043533325,-0.048839792531452986,-0.036034733057022095,-0.20486372709274292,-0.0665605439958199,0.005613595247268677,-0.25163841247558594,-0.0823054238376244,-0.059927135705947876,-0.2861477732658386,-0.03129393599601826,-0.08006298542022705,-0.4021334648132324,-0.05616099379631123,-0.08959466218948364,-0.47290143370628357,-0.06848186991783223,-0.09673610329627991,-0.5329039692878723,-0.07541316739889226,-0.005692929029464722,-0.2825397849082947,-0.03581544376584134,0.02951592206954956,-0.4067492187023163,-0.06452875576587758,0.05396115779876709,-0.48250964283943176,-0.07958706460567555,0.07313281297683716,-0.5413479208946228,-0.08480952672334752,0.03537720441818237,-0.24833953380584717,-0.04394971944066128,0.0465046763420105,-0.28160640597343445,-0.08706524960371098,0.020961403846740723,-0.21423739194869995,-0.09339207403036198,0.005205124616622925,-0.16556406021118164,-0.08443571619363865,0.06483727693557739,-0.19891107082366943,-0.054036624651871534,0.059017062187194824,-0.21435129642486572,-0.08718925706716618,0.03064030408859253,-0.15997648239135742,-0.08514621100994191,0.010905742645263672,-0.11622768640518188,-0.07490544758411488,victory
0.0,0.0,0.0,-0.049357444047927856,-0.04554849863052368,-0.030219759088708997,-0.07062587141990662,-0.13464456796646118,-0.04728626389498913,-0.03919452428817749,-0.20786607265472412,-0.0651672140180608,-0.0015808045864105225,-0.25876474380493164,-0.08069566939468586,-0.06259512901306152,-0.28632214665412903,-0.025794909563614965,-0.08392566442489624,-0.3991445302963257,-0.049281141948654295,-0.09469085931777954,-0.46816515922546387,-0.061700049084379316,-0.10251167416572571,-0.526330441236496,-0.06868876073951924,-0.009850859642028809,-0.28247523307800293,-0.03123293932969773,0.02203547954559326,-0.40786486864089966,-0.05845430423016751,0.04600769281387329,-0.484930157661438,-0.07383685116167271,0.06618005037307739,-0.5441475808620453,-0.07939695124025548,0.03104501962661743,-0.24676597118377686,-0.04052924294467175,0.038951992988586426,-0.2850392162799835,-0.08259757165308201,0.01458805799484253,-0.21844875812530518,-0.08911639754171574,0.0006739199161529541,-0.17007118463516235,-0.08033559028501713,0.06134819984436035,-0.19610333442687988,-0.05168528411979878,0.05558544397354126,-0.22328084707260132,-0.08331101689930165,0.028138399124145508,-0.17280006408691406,-0.08024584804172719,0.010013103485107422,-0.13055676221847534,-0.06953302327985966,victory
0.0,0.0,0.0,-0.050620585680007935,-0.04479813575744629,-0.028135842695860447,-0.07505211234092712,-0.13394391536712646,-0.04357512021067578,-0.049222081899642944,-0.21068912744522095,-0.06012106785181004,-0.015025734901428223,-0.2637774348258972,-0.07406438240411717,-0.06635421514511108,-0.2867511510848999,-0.02140809321406323,-0.08948880434036255,-0.39814502000808716,-0.042346742987660946,-0.10133424401283264,-0.4657968282699585,-0.05334229493143994,-0.11050015687942505,-0.5228336751461029,-0.05945689329507786,-0.014164179563522339,-0.28445687890052795,-0.027141188323525967,0.01530158519744873,-0.41131043434143066,-0.051995870709447445,0.037174880504608154,-0.4869374632835388,-0.06559027829769093,0.05486339330673218,-0.5431672036647797,-0.06975336471202809,0.02693277597427368,-0.2506895065307617,-0.036736791074304165,0.030829668045043945,-0.29186636209487915,-0.07672815868261296,0.007416397333145142,-0.22324424982070923,-0.08196292915943104,-0.005530238151550293,-0.17298614978790283,-0.07232463458183247,0.05813443660736084,-0.2023811936378479,-0.0481180670261665,0.0514797568321228,-0.23376727104187012,-0.077620321005611,0.024635791778564453,-0.18300265073776245,-0.07351650395992237,0.006751269102096558,-0.1401541829109192,-0.062196125328568996,victory
0.0,0.0,0.0,-0.049890488386154175,-0.0442582368850708,-0.027032205224259087,-0.07493710517883301,-0.13451212644577026,-0.04176000817142267,-0.0494556725025177,-0.21083754301071167,-0.05773181407175798,-0.01560935378074646,-0.26458126306533813,-0.07135706706367273,-0.06596866250038147,-0.2881265878677368,-0.021390701964719483,-0.08868440985679626,-0.40043824911117554,-0.04147736294589777,-0.09980610013008118,-0.4677259922027588,-0.05166151313505907,-0.10847443342208862,-0.5239885151386261,-0.05733242942415018,-0.014208853244781494,-0.28492429852485657,-0.027436645090801903,0.015954405069351196,-0.41399335861206055,-0.05147267816983003,0.03758499026298523,-0.48936089873313904,-0.06513521386705179,0.055580705404281616,-0.5445985794067383,-0.069757874444349,0.02641955018043518,-0.2503306269645691,-0.03711292459092874,0.030616849660873413,-0.29384544491767883,-0.07645699693284769,0.007067352533340454,-0.22980886697769165,-0.08331910087190408,-0.005455762147903442,-0.1823919415473938,-0.07546218051038522,0.05660155415534973,-0.20123493671417236,-0.048340815440042206,0.051238566637039185,-0.2348107099533081,-0.07831082059465189,0.02452126145362854,-0.1846798062324524,-0.07564106895051737,0.006882786750793457,-0.14141350984573364,-0.06568783088050623,victory
0.0,0.0,0.0,-0.0509515106678009,-0.04910463094711304,-0.02900168885861376,-0.0758870542049408,-0.13833916187286377,-0.04380228025291899,-0.05397513508796692,-0.21658575534820557,-0.059537712758526595,-0.019193261861801147,-0.27363038063049316,-0.07207265151117781,-0.07124394178390503,-0.2842009663581848,-0.01719957431231478,-0.09549474716186523,-0.39494752883911133,-0.03475713757251242,-0.10660147666931152,-0.4603651762008667,-0.04335132268641928,-0.11466377973556519,-0.5153207182884216,-0.04766549569939116,-0.019710123538970947,-0.28261759877204895,-0.020605476847038062,0.008788317441940308,-0.4093097746372223,-0.041930254822716506,0.026488661766052246,-0.48312273621559143,-0.053402371978506835,0.04039347171783447,-0.536424994468689,-0.056381978368506225,0.02161175012588501,-0.2509998679161072,-0.0283434095737789,0.020456016063690186,-0.29387325048446655,-0.06524722678040007,-0.003500223159790039,-0.22953033447265625,-0.07127803218935469,-0.015599459409713745,-0.18214792013168335,-0.06265213740442732,0.054155170917510986,-0.20702219009399414,-0.03790093985770682,0.046427249908447266,-0.2457539439201355,-0.06346713406418303,0.020089447498321533,-0.19942468404769897,-0.05950037789915541,0.0036704540252685547,-0.15943747758865356,-0.049253989284977706,victory
0.0,0.0,0.0,-0.05279293656349182,-0.052095651626586914,-0.023267644173529334,-0.07659164071083069,-0.14440107345581055,-0.03595999506774206,-0.05325612425804138,-0.2213658094406128,-0.05096578849020261,-0.01746910810470581,-0.2745528817176819,-0.06330700469675321,-0.07188042998313904,-0.28371864557266235,-0.010881794332590289,-0.09606760740280151,-0.3916996717453003,-0.02704149176838655,-0.10698187351226807,-0.4547685980796814,-0.03544525680604238,-0.11480739712715149,-0.5071959495544434,-0.040028310096886344,-0.021083950996398926,-0.28239917755126953,-0.017276891223218627,0.006905883550643921,-0.40711432695388794,-0.037413603342201895,0.02357909083366394,-0.47970128059387207,-0.04920260486665029,0.03731778264045715,-0.5326007306575775,-0.05289343622985143,0.020325571298599243,-0.251518189907074,-0.02758169983985681,0.021092087030410767,-0.29725030064582825,-0.06223676604690809,-0.0033489465713500977,-0.23152506351470947,-0.06732823205652494,-0.01585337519645691,-0.18249648809432983,-0.059047735012200064,0.05336681008338928,-0.20743048191070557,-0.03942843032541532,0.04482570290565491,-0.2451111078262329,-0.063248912519839,0.018188685178756714,-0.19900184869766235,-0.05847106007399816,0.001240849494934082,-0.15912997722625732,-0.048203314370539374,victory
0.0,0.0,0.0,-0.053894221782684326,-0.05549997091293335,-0.021178381376955713,-0.0757962167263031,-0.14823007583618164,-0.03290646695444366,-0.05191147327423096,-0.2244093418121338,-0.04764893078157684,-0.01700267195701599,-0.27737146615982056,-0.06005325713107368,-0.06932723522186279,-0.2833371162414551,-0.0076857347498275885,-0.09327799081802368,-0.39005348086357117,-0.02247514002868911,-0.10478752851486206,-0.4531261622905731,-0.030377931752298082,-0.11341452598571777,-0.5056610703468323,-0.034697932981941904,-0.019745826721191406,-0.2809198498725891,-0.01521134083071729,0.008815884590148926,-0.40644267201423645,-0.03358392962167045,0.023994028568267822,-0.4788350760936737,-0.045147774600479806,0.035989582538604736,-0.5300970673561096,-0.049035066598150934,0.020837724208831787,-0.24914878606796265,-0.02658041180023929,0.020074844360351562,-0.29973629117012024,-0.06033023991534492,-0.004732221364974976,-0.23768997192382812,-0.06676092171022674,-0.017414122819900513,-0.189214825630188,-0.05961068146774551,0.05303752422332764,-0.2044324278831482,-0.03920936011621734,0.045067787170410156,-0.25186485052108765,-0.061977008217070306,0.01806563138961792,-0.20765292644500732,-0.05709404670545837,0.00041300058364868164,-0.16501206159591675,-0.04709136658260604,victory
0.0,0.0,0.0,-0.053855687379837036,-0.054962098598480225,-0.021361418972560386,-0.07618659734725952,-0.14880424737930298,-0.032519348869868736,-0.051849037408828735,-0.22628527879714966,-0.04658089668566845,-0.01721370220184326,-0.2807953357696533,-0.05821116731578968,-0.07096725702285767,-0.28360122442245483,-0.007015828016051273,-0.09435531497001648,-0.3906759023666382,-0.02129739985878132,-0.10590201616287231,-0.4537195563316345,-0.028676296557136993,-0.11447063088417053,-0.5065927505493164,-0.032596514533111076,-0.02113431692123413,-0.2820645272731781,-0.014113310697325687,0.008364945650100708,-0.4063746929168701,-0.0318054230612006,0.02343001961708069,-0.47902360558509827,-0.04280165673310421,0.035238116979599,-0.5316154360771179,-0.04626675040537975,0.019449084997177124,-0.2510277032852173,-0.025157173137017708,0.01836588978767395,-0.2995367646217346,-0.058649443994113426,-0.00628429651260376,-0.23580950498580933,-0.06457267046982906,-0.018344849348068237,-0.18753409385681152,-0.05694120467717312,0.05168989300727844,-0.20698750019073486,-0.03751696364099644,0.044351547956466675,-0.25375235080718994,-0.060247790972539406,0.01767173409461975,-0.20840305089950562,-0.05513618604356907,0.000648796558380127,-0.16600793600082397,-0.044865359525033455,victory
0.0,0.0,0.0,-0.0540502667427063,-0.05623340606689453,-0.021497594058473624,-0.07614225149154663,-0.14961236715316772,-0.033828269556124724,-0.050009697675704956,-0.22611302137374878,-0.04919646666940025,-0.013430148363113403,-0.2772044241428375,-0.062455549702008284,-0.0699511170387268,-0.28404712677001953,-0.0092694860472875,-0.09343132376670837,-0.3913500905036926,-0.025471988931258238,-0.10536953806877136,-0.45504698157310486,-0.03464496122296623,-0.11431068181991577,-0.5083676874637604,-0.03996992097791008,-0.020365655422210693,-0.28148961067199707,-0.01683745147283844,0.009329438209533691,-0.4051045775413513,-0.035776764020283736,0.02465227246284485,-0.47712016105651855,-0.047657061234076536,0.037327200174331665,-0.5304223001003265,-0.05205303417142204,0.020280271768569946,-0.24957215785980225,-0.02820936018224529,0.02096650004386902,-0.3004527986049652,-0.06164473281796745,-0.00452229380607605,-0.2367161512374878,-0.06663237126167587,-0.016667187213897705,-0.1882258653640747,-0.05878521116073898,0.052615731954574585,-0.2038072943687439,-0.041058897837956465,0.044979244470596313,-0.2504046559333801,-0.06383174271877579,0.018623679876327515,-0.20553869009017944,-0.05818726854022316,0.0028553009033203125,-0.16350722312927246,-0.04761037217076591,victory
0.0,0.0,0.0,-0.05379560589790344,-0.05391430854797363,-0.022882817100537522,-0.07567828893661499,-0.14803189039230347,-0.03485644028688739,-0.05089661478996277,-0.22623968124389648,-0.049471733879101976,-0.015242397785186768,-0.27957406640052795,-0.06174744458104442,-0.0715230405330658,-0.2843654751777649,-0.007930536541891797,-0.09422868490219116,-0.39145946502685547,-0.02357102164233993,-0.10558474063873291,-0.4553385376930237,-0.03225509242321323,-0.11450150609016418,-0.5084009766578674,-0.0371701808383591,-0.02137741446495056,-0.28234654664993286,-0.014525709461224778,0.007745593786239624,-0.4065372347831726,-0.033164875369323,0.023526817560195923,-0.4787251651287079,-0.04488990248347591,0.035690754652023315,-0.5314443409442902,-0.04895435438658069,0.019820481538772583,-0.2512223720550537,-0.025227432858002885,0.021811753511428833,-0.30391964316368103,-0.05937613339330028,-0.002363830804824829,-0.24039316177368164,-0.06514659688974689,-0.014894872903823853,-0.19158875942230225,-0.05749991328622173,0.052707284688949585,-0.20676225423812866,-0.03739366845394443,0.04469946026802063,-0.250732421875,-0.06092081011439632,0.01931789517402649,-0.2041703462600708,-0.05593902410174678,0.0038049817085266113,-0.16192978620529175,-0.045618766706240876,victory
0.0,0.0,0.0,-0.05298459529876709,-0.0524827241897583,-0.02524560152767208,-0.07635590434074402,-0.14399826526641846,-0.03968204393265751,-0.05097898840904236,-0.22126281261444092,-0.0560794456231406,-0.01086968183517456,-0.2714119553565979,-0.07033033876894024,-0.07096883654594421,-0.2805858552455902,-0.015606830112915304,-0.09396329522132874,-0.39015889167785645,-0.033377284400444296,-0.1052854061126709,-0.45548295974731445,-0.0429903103339484,-0.11430603265762329,-0.5096465349197388,-0.048456629954557684,-0.02070474624633789,-0.27825409173965454,-0.021443313204031256,0.008521407842636108,-0.4042595624923706,-0.04189865126488712,0.024773508310317993,-0.47715848684310913,-0.05429963602898624,0.037237733602523804,-0.5295385420322418,-0.05897994919894245,0.020438700914382935,-0.2474966049194336,-0.031144630380254057,0.024473100900650024,-0.2977709174156189,-0.06607722698925045,-0.0003648698329925537,-0.2377825379371643,-0.07306434422014263,-0.014169692993164062,-0.1898059844970703,-0.0665331727194598,0.052643030881881714,-0.20369338989257812,-0.04239544107792881,0.04619839787483215,-0.2459477186203003,-0.06641815810678509,0.021626919507980347,-0.20062625408172607,-0.06239833145616558,0.0060905516147613525,-0.15783345699310303,-0.05299018903849628,victory
0.0,0.0,0.0,-0.053758710622787476,-0.048663198947906494,-0.0255754912486168,-0.07629081606864929,-0.14087152481079102,-0.03906370012367688,-0.049437493085861206,-0.21817034482955933,-0.05397834686840497,-0.01423385739326477,-0.26991426944732666,-0.06687891168797933,-0.06968772411346436,-0.28614550828933716,-0.016792491658577546,-0.0918404757976532,-0.3965817391872406,-0.0346981814345213,-0.10366329550743103,-0.4629155397415161,-0.04481168521846257,-0.11384651064872742,-0.5179084241390228,-0.05090428201759778,-0.01906353235244751,-0.28250429034233093,-0.02301514020467721,0.009231030941009521,-0.41139817237854004,-0.04336655943001233,0.025746464729309082,-0.4852502942085266,-0.05590029118860684,0.03807032108306885,-0.5384965240955353,-0.06094521714652501,0.021590888500213623,-0.24864202737808228,-0.033033393903622255,0.025205612182617188,-0.30539965629577637,-0.06854152364934407,0.0038706958293914795,-0.24945968389511108,-0.07608566863740407,-0.007636994123458862,-0.20446491241455078,-0.07048593147004567,0.052955687046051025,-0.20055550336837769,-0.04457225336039983,0.04721122980117798,-0.245106041431427,-0.07139304710830174,0.022946536540985107,-0.19737571477890015,-0.0684026597281786,0.0077661871910095215,-0.15314888954162598,-0.05955438373888455,victory
0.0,0.0,0.0,-0.05271214246749878,-0.04726231098175049,-0.02767793817531583,-0.07507753372192383,-0.13534432649612427,-0.042671309617276165,-0.048831015825271606,-0.21092432737350464,-0.05872608145784852,-0.01567116379737854,-0.26338738203048706,-0.0727484727473211,-0.06813469529151917,-0.28753846883773804,-0.021803973075861904,-0.0914497971534729,-0.4001914858818054,-0.041549114343638394,-0.10420623421669006,-0.46823644638061523,-0.05185594951819894,-0.11472594738006592,-0.5256440341472626,-0.057599251923079464,-0.016060978174209595,-0.28431689739227295,-0.027513036337609265,0.011789828538894653,-0.4133202135562897,-0.04967149889182565,0.02792796492576599,-0.48664143681526184,-0.062305303123707745,0.04015818238258362,-0.5402548909187317,-0.06669646298598764,0.025532037019729614,-0.24982678890228271,-0.03694375028919694,0.029282063245773315,-0.2964234948158264,-0.0751593614191961,0.005992889404296875,-0.23388200998306274,-0.08293212002229211,-0.006302952766418457,-0.18633711338043213,-0.07631286775779245,0.05674883723258972,-0.20095300674438477,-0.0479197668106508,0.050120264291763306,-0.23479509353637695,-0.0769797766776037,0.02358683943748474,-0.18310582637786865,-0.07447138970803735,0.007624298334121704,-0.1383662223815918,-0.06504509395074365,victory
0.0,0.0,0.0,-0.05170091986656189,-0.04711294174194336,-0.02927231307171496,-0.07541930675506592,-0.13664883375167847,-0.044804467661606395,-0.04919204115867615,-0.2135741114616394,-0.06107526536129626,-0.01394835114479065,-0.2662702798843384,-0.07479394490860614,-0.06952628493309021,-0.2851811945438385,-0.02330566833757075,-0.09249106049537659,-0.3999030292034149,-0.04438926543139132,-0.10423910617828369,-0.46852487325668335,-0.05505904446386012,-0.11407667398452759,-0.5263059437274933,-0.06064521039866122,-0.017362236976623535,-0.282953143119812,-0.02786742041848811,0.010004520416259766,-0.4110853970050812,-0.05151312316797885,0.027355492115020752,-0.48506176471710205,-0.06365638489864978,0.0406307578086853,-0.5399890840053558,-0.06706372912071856,0.02419102191925049,-0.24996137619018555,-0.03640959675453814,0.02721625566482544,-0.2893407642841339,-0.07531298215531024,0.00485682487487793,-0.22284460067749023,-0.08082062269591006,-0.006878077983856201,-0.1747145652770996,-0.07174527163647326,0.05579930543899536,-0.20222514867782593,-0.046821533544289196,0.050689518451690674,-0.2355048656463623,-0.07484430338286074,0.02524811029434204,-0.18314772844314575,-0.07024379338167819,0.008970469236373901,-0.1391005516052246,-0.05902486930631312,victory
0.0,0.0,0.0,-0.051117002964019775,-0.044983506202697754,-0.02877262662480007,-0.07467013597488403,-0.13106447458267212,-0.044996459589697224,-0.04642927646636963,-0.20146483182907104,-0.06193578298518787,-0.010232895612716675,-0.24987661838531494,-0.07712417896220813,-0.06676185131072998,-0.28691565990448,-0.02856975290308128,-0.08982637524604797,-0.40160030126571655,-0.051485054747558934,-0.10223418474197388,-0.471624493598938,-0.06301572229097019,-0.1128949224948883,-0.5320817530155182,-0.06947559173534046,-0.013221681118011475,-0.28640303015708923,-0.034068499313093525,0.015328079462051392,-0.4122682809829712,-0.0591704850954784,0.03368273377418518,-0.4859098792076111,-0.07209665383527408,0.04688557982444763,-0.5423941612243652,-0.07627844865749012,0.02849152684211731,-0.254460871219635,-0.043033350811697346,0.03533485531806946,-0.2871108651161194,-0.08296696151921878,0.012220710515975952,-0.22038155794143677,-0.0896446933908237,-0.0016968846321105957,-0.17098736763000488,-0.08177175428102146,0.05921712517738342,-0.20657402276992798,-0.05380866731832157,0.053733617067337036,-0.2225637435913086,-0.08420658166835437,0.02692916989326477,-0.16750633716583252,-0.08185461218783985,0.00838819146156311,-0.12221360206604004,-0.07205469216535221,victory
0.0,0.0,0.0,-0.049852192401885986,-0.04184389114379883,-0.0302158790969429,-0.07505440711975098,-0.12612664699554443,-0.047106255903202054,-0.04562678933143616,-0.19195401668548584,-0.06386543916102028,-0.006472349166870117,-0.2370976209640503,-0.07933120535250282,-0.06518086791038513,-0.2828735113143921,-0.033995033367830274,-0.08922222256660461,-0.4006241261959076,-0.057359819426494596,-0.10166415572166443,-0.4715600609779358,-0.06897743897076225,-0.11156734824180603,-0.5327673852443695,-0.07614952431555366,-0.010563194751739502,-0.28183674812316895,-0.039055963172870634,0.01782730221748352,-0.40948766469955444,-0.06349446730251884,0.03648868203163147,-0.48388293385505676,-0.07664492087002373,0.050070494413375854,-0.5409855842590332,-0.0821892406189022,0.031290918588638306,-0.24893349409103394,-0.047296823128419874,0.04022291302680969,-0.29133230447769165,-0.08609037952061271,0.01689407229423523,-0.23553252220153809,-0.09492592619295692,0.0020414888858795166,-0.19221794605255127,-0.09061010287638283,0.06131693720817566,-0.19944912195205688,-0.05734220252867317,0.05175700783729553,-0.20777440071105957,-0.08988880471821403,0.024686962366104126,-0.1534852385520935,-0.09082780139084434,0.006887942552566528,-0.10991775989532471,-0.08422464983101463,victory
0.0,0.0,0.0,-0.049979567527770996,-0.04037982225418091,-0.033054632728465094,-0.07638981938362122,-0.11934912204742432,-0.053937228058941855,-0.04611995816230774,-0.18055933713912964,-0.07441521588481237,-0.007631629705429077,-0.22751444578170776,-0.09320435080445577,-0.06435331702232361,-0.2813226878643036,-0.04070426676190664,-0.08941516280174255,-0.3988618850708008,-0.06833136979258825,-0.10269397497177124,-0.47070515155792236,-0.0827713847509699,-0.11275789141654968,-0.5329040586948395,-0.09147054109490682,-0.010127365589141846,-0.2802567481994629,-0.045321100985177054,0.020148903131484985,-0.4063491225242615,-0.07415373030818273,0.04089429974555969,-0.4838166832923889,-0.0894830838195162,0.05697718262672424,-0.5448007881641388,-0.09604173306144048,0.03143146634101868,-0.247147798538208,-0.05316780287540723,0.03868338465690613,-0.2821824550628662,-0.09331911954797079,0.01380079984664917,-0.22294920682907104,-0.10061001185096075,-0.001758962869644165,-0.1786852478981018,-0.09479516897118856,0.062262922525405884,-0.1974521279335022,-0.06328137371457387,0.051256924867630005,-0.20343756675720215,-0.09491364810384084,0.023731976747512817,-0.15115368366241455,-0.09447988275206853,0.005847126245498657,-0.11078733205795288,-0.08673855069793035,victory
0.0,0.0,0.0,-0.050382912158966064,-0.040003418922424316,-0.03385803998156689,-0.07698860764503479,-0.1195114254951477,-0.05494261682673596,-0.04196539521217346,-0.1771460771560669,-0.07537352443381451,0.0008449554443359375,-0.22000163793563843,-0.09427480549260281,-0.06542623043060303,-0.27815407514572144,-0.043359869724952205,-0.09022945165634155,-0.39532673358917236,-0.07101209611340664,-0.10412731766700745,-0.4676482081413269,-0.08583098054572247,-0.11516273021697998,-0.5310956239700317,-0.09536417723342083,-0.010176479816436768,-0.2782716751098633,-0.04745188132568501,0.02111077308654785,-0.401738703250885,-0.07567379773303173,0.04257047176361084,-0.4797157049179077,-0.09099945575638912,0.05872231721878052,-0.5421538650989532,-0.09835580140992306,0.03189939260482788,-0.2461722493171692,-0.05464610979601048,0.04194915294647217,-0.2753187417984009,-0.09231723249598645,0.01724952459335327,-0.21760094165802002,-0.09887648523493908,0.0008527636528015137,-0.17407286167144775,-0.09375421852513455,0.0628657341003418,-0.19778913259506226,-0.06451641172810696,0.05422687530517578,-0.1958003044128418,-0.09427404553338192,0.028182029724121094,-0.14535033702850342,-0.09397854060574673,0.011276394128799438,-0.10684335231781006,-0.08712592125579022,victory
0.0,0.0,0.0,-0.04953819513320923,-0.03943490982055664,-0.034044851746330096,-0.07528302073478699,-0.11674439907073975,-0.05560393744326575,-0.04154801368713379,-0.17389023303985596,-0.07637609281755431,-0.00035253167152404785,-0.21792972087860107,-0.09574585893369658,-0.06421178579330444,-0.2758878469467163,-0.04462447875357611,-0.08912703394889832,-0.393501341342926,-0.07285677381969435,-0.10296455025672913,-0.4664827883243561,-0.08791604378438933,-0.1134721040725708,-0.5303212702274323,-0.09746680894113524,-0.00879204273223877,-0.2758808732032776,-0.049027481313714816,0.021258145570755005,-0.4006134867668152,-0.07756312676883681,0.04213818907737732,-0.4795546531677246,-0.09329093733049376,0.057970672845840454,-0.542708694934845,-0.10090088584638579,0.033390432596206665,-0.24313414096832275,-0.05646875241018279,0.04386910796165466,-0.27435553073883057,-0.09491962679840071,0.018880337476730347,-0.2194194197654724,-0.1024245593807791,0.0017724037170410156,-0.1773613691329956,-0.09791877606130583,0.06400159001350403,-0.1938907504081726,-0.06642307081438048,0.0554560124874115,-0.1931634545326233,-0.09717425444341643,0.02901872992515564,-0.14380401372909546,-0.097347256924877,0.011192649602890015,-0.10532927513122559,-0.09070528038955672,victory
0.0,0.0,0.0,-0.04934346675872803,-0.03890788555145264,-0.03496170539750665,-0.07450160384178162,-0.12006425857543945,-0.05558003235950082,-0.037015289068222046,-0.18060964345932007,-0.07498245064510911,0.0051712095737457275,-0.22812384366989136,-0.09274247411980241,-0.06792521476745605,-0.28015047311782837,-0.04348816100849717,-0.09237441420555115,-0.3980899453163147,-0.07168147091164201,-0.10596108436584473,-0.47207576036453247,-0.0868065742064914,-0.1162365972995758,-0.537118136882782,-0.096446753780981,-0.011319518089294434,-0.283689022064209,-0.04712324712767213,0.0211409330368042,-0.4078964591026306,-0.07563731197609513,0.04421132802963257,-0.48745834827423096,-0.09163197253241151,0.06140708923339844,-0.5522149503231049,-0.09910155956043809,0.03156161308288574,-0.25269800424575806,-0.053935990970273906,0.04499334096908569,-0.2767069339752197,-0.09253858153118699,0.02085024118423462,-0.21972209215164185,-0.10021381203426927,0.00377577543258667,-0.17868125438690186,-0.0954503131319484,0.06196814775466919,-0.20411771535873413,-0.06344479445709794,0.05775713920593262,-0.1978331208229065,-0.0951923963834247,0.03250288963317871,-0.14813005924224854,-0.09623544041409104,0.014342188835144043,-0.11204415559768677,-0.08975559596314042,victory
0.0,0.0,0.0,-0.05047792196273804,-0.0413854718208313,-0.03305282251017161,-0.07549166679382324,-0.12344104051589966,-0.053168931911159234,-0.03759816288948059,-0.18222105503082275,-0.07277384207623072,0.005570828914642334,-0.22803235054016113,-0.09101415232794352,-0.06665965914726257,-0.28478753566741943,-0.041695771674085336,-0.0926467776298523,-0.40281587839126587,-0.06952655122654505,-0.1074976921081543,-0.47672539949417114,-0.08480929390566416,-0.11884376406669617,-0.5418598353862762,-0.09478763298170634,-0.009996980428695679,-0.28613007068634033,-0.04677294374482699,0.022050917148590088,-0.4113653898239136,-0.07473531917707987,0.043280959129333496,-0.49127551913261414,-0.0908514539994485,0.05930161476135254,-0.5567633807659149,-0.09888253168242045,0.03268229961395264,-0.2526586651802063,-0.05496732697861262,0.04660314321517944,-0.28196418285369873,-0.09306243614332743,0.01936662197113037,-0.22613942623138428,-0.10108274773733683,3.6090612411499023e-05,-0.18570172786712646,-0.09697051898615427,0.06267452239990234,-0.20111334323883057,-0.06573313281910487,0.06094920635223389,-0.20001250505447388,-0.09677681879179545,0.03377562761306763,-0.15216511487960815,-0.09779562608378001,0.013647675514221191,-0.11633974313735962,-0.09175418869631358,victory
0.0,0.0,0.0,-0.051511794328689575,-0.044173479080200195,-0.03350054898601229,-0.07518705725669861,-0.1287236213684082,-0.05316730642061884,-0.03483706712722778,-0.18750035762786865,-0.07244571351748164,0.009553104639053345,-0.23104333877563477,-0.0906497766945904,-0.06571415066719055,-0.28865599632263184,-0.03989958071451838,-0.09159782528877258,-0.4055558443069458,-0.06737703138333018,-0.10656431317329407,-0.4795113205909729,-0.08304768854122813,-0.11818137764930725,-0.5447354018688202,-0.0935656657193249,-0.00868949294090271,-0.28853368759155273,-0.04527391174178774,0.02073875069618225,-0.4149938225746155,-0.0727873077366894,0.04028645157814026,-0.49508893489837646,-0.08909305238466914,0.05455544590950012,-0.5612790882587433,-0.09769409203272517,0.03418394923210144,-0.2537645101547241,-0.054152463165337394,0.04932025074958801,-0.29424822330474854,-0.09418063664179499,0.024605661630630493,-0.2392106056213379,-0.10368771904450114,0.0065482258796691895,-0.197959303855896,-0.1003766512249058,0.06474301218986511,-0.2009716033935547,-0.06541736477356608,0.06293860077857971,-0.20957446098327637,-0.09882254951935465,0.03539040684700012,-0.16113358736038208,-0.10093279981356318,0.014455944299697876,-0.12296509742736816,-0.09559422784786875,victory
0.0,0.0,0.0,-0.05111271142959595,-0.04145926237106323,-0.036263344673386655,-0.07591259479522705,-0.1218300461769104,-0.057696757702103696,-0.03837043046951294,-0.1858973503112793,-0.07812491977023228,0.005440324544906616,-0.23541706800460815,-0.09707550132083043,-0.06805279850959778,-0.2857915759086609,-0.042329413680306516,-0.09167537093162537,-0.4032000005245209,-0.07088530236291035,-0.10538807511329651,-0.4769017696380615,-0.08674597167777165,-0.11662188172340393,-0.5417203307151794,-0.09687479758071049,-0.011165469884872437,-0.28683942556381226,-0.04658612781571492,0.018240153789520264,-0.41475212574005127,-0.07486075335549458,0.03728902339935303,-0.49586156010627747,-0.09061008864449605,0.049899518489837646,-0.5628763437271118,-0.09836208993004902,0.03193950653076172,-0.25317299365997314,-0.05464971238183125,0.04456496238708496,-0.2930893898010254,-0.09626965397404774,0.022377431392669678,-0.23837947845458984,-0.10610912912892445,0.005949676036834717,-0.19699501991271973,-0.10249190205144032,0.0632619857788086,-0.2013777494430542,-0.0652314516286765,0.05983316898345947,-0.21012556552886963,-0.10032414072560414,0.031846582889556885,-0.15831232070922852,-0.10266054594325169,0.00995492935180664,-0.11650753021240234,-0.09702340686129673,victory
0.0,0.0,0.0,-0.05075705051422119,-0.03901195526123047,-0.03526747837003086,-0.07759937644004822,-0.11937624216079712,-0.05615507676537845,-0.042730629444122314,-0.1829410195350647,-0.07598550110395763,-0.0009500086307525635,-0.23034191131591797,-0.09436414628561351,-0.06872254610061646,-0.28245043754577637,-0.04346841811474178,-0.09387746453285217,-0.4005846381187439,-0.07123236595924709,-0.10831138491630554,-0.4737675189971924,-0.08622622727688167,-0.12010154128074646,-0.5382935702800751,-0.0959237390690646,-0.012227654457092285,-0.2839033007621765,-0.04733124613102291,0.017430871725082397,-0.41161438822746277,-0.07528267293508861,0.035967081785202026,-0.491219699382782,-0.0902147689395747,0.04880759119987488,-0.5558614730834961,-0.09740828215416286,0.030843764543533325,-0.25221776962280273,-0.05467507853444431,0.04150417447090149,-0.2897166609764099,-0.09507243573006008,0.016650110483169556,-0.23290687799453735,-0.10368884592588756,-0.0004886090755462646,-0.19036239385604858,-0.09949606149729107,0.06269189715385437,-0.2026488184928894,-0.06446836381491039,0.05446091294288635,-0.20798015594482422,-0.09810193120773647,0.025352925062179565,-0.15583521127700806,-0.09969112514789913,0.004562258720397949,-0.11484360694885254,-0.09378788857992504,victory
0.0,0.0,0.0,-0.05114266276359558,-0.04148954153060913,-0.03557241855355642,-0.07537588477134705,-0.12264382839202881,-0.05635303406211278,-0.03777444362640381,-0.18647772073745728,-0.07614423854442975,0.005669832229614258,-0.23447537422180176,-0.09484518839212797,-0.06569850444793701,-0.2826809287071228,-0.04222526921125791,-0.09131485223770142,-0.40021461248397827,-0.06977924479338071,-0.10626265406608582,-0.4739783704280853,-0.0851192004809036,-0.1181754469871521,-0.5391955673694611,-0.09525751842352292,-0.009328722953796387,-0.2846917510032654,-0.04646631105038068,0.02043411135673523,-0.41371431946754456,-0.07378477377983472,0.03913119435310364,-0.49466538429260254,-0.08905336035581968,0.05189219117164612,-0.5595071017742157,-0.09674604756924055,0.033169060945510864,-0.2525622248649597,-0.054377285374130224,0.04644361138343811,-0.297656774520874,-0.0952713690528526,0.022019177675247192,-0.24278312921524048,-0.10517494155260465,0.004606962203979492,-0.19989937543869019,-0.10199581606480024,0.06427010893821716,-0.2023335099220276,-0.06466188056560895,0.058141082525253296,-0.2135910987854004,-0.09976358486505887,0.029686838388442993,-0.15981078147888184,-0.10213726533743284,0.009320229291915894,-0.1158221960067749,-0.09670831782909772,victory
0.0,0.0,0.0,-0.05203750729560852,-0.043547093868255615,-0.030901185711286416,-0.07743582129478455,-0.12683624029159546,-0.04838770209755694,-0.04335343837738037,-0.18897080421447754,-0.0657217684289435,-0.0016042888164520264,-0.23280775547027588,-0.08205733030047213,-0.0687166154384613,-0.28526079654693604,-0.03535621567573344,-0.09506845474243164,-0.40165239572525024,-0.06023503049220835,-0.11022809147834778,-0.47457411885261536,-0.07406141190733706,-0.12305748462677002,-0.5384263694286346,-0.0829986143013457,-0.01225331425666809,-0.28608065843582153,-0.04087802722062861,0.016756027936935425,-0.4133147597312927,-0.06528798817601,0.03441771864891052,-0.49358418583869934,-0.07958783536162173,0.0462401807308197,-0.5572588741779327,-0.08677830128874575,0.030630499124526978,-0.25410938262939453,-0.04979029252137934,0.04022380709648132,-0.2936112880706787,-0.08655502973999774,0.0160505473613739,-0.2432122826576233,-0.09554607747998034,-0.0005490779876708984,-0.20404869318008423,-0.09249604075159823,0.06158474087715149,-0.20460659265518188,-0.06091238885130679,0.053571850061416626,-0.21406787633895874,-0.09096401511635577,0.02547869086265564,-0.1618105173110962,-0.09106994002070223,0.005664050579071045,-0.11938744783401489,-0.08485780238117968,victory
0.0,0.0,0.0,-0.0509972870349884,-0.04293304681777954,-0.03045372187796147,-0.0760502815246582,-0.12590575218200684,-0.04808006889822991,-0.04198145866394043,-0.18834394216537476,-0.06560365192297013,-0.0008282959461212158,-0.23217719793319702,-0.08231309137943299,-0.0664217472076416,-0.2823069095611572,-0.03664048842790635,-0.09385648369789124,-0.39687955379486084,-0.06089738838079484,-0.10936859250068665,-0.4674905240535736,-0.07393727533224137,-0.12181660532951355,-0.5301474928855896,-0.08253219805362733,-0.010517805814743042,-0.2824660539627075,-0.041938737851410224,0.0187702476978302,-0.4102017283439636,-0.06661481491926224,0.037905484437942505,-0.4882444143295288,-0.08065580658319504,0.05200079083442688,-0.549485594034195,-0.0873617761552623,0.03189888596534729,-0.24931710958480835,-0.0502601646602443,0.041388362646102905,-0.2905542850494385,-0.08771436743143113,0.014899373054504395,-0.23524218797683716,-0.0965596892655185,-0.0027852654457092285,-0.19243890047073364,-0.09295687161090882,0.062623530626297,-0.19959884881973267,-0.06053388945463212,0.0522630512714386,-0.20794075727462769,-0.09187036834362061,0.02332863211631775,-0.1550508737564087,-0.09260187379720719,0.0035930275917053223,-0.11224192380905151,-0.08633167378309281,victory
0.0,0.0,0.0,-0.053494423627853394,-0.04684019088745117,-0.028365942688765244,-0.0782594084739685,-0.13217461109161377,-0.04543510921496363,-0.043178707361221313,-0.19371795654296875,-0.06374797694581957,-0.002178966999053955,-0.2360432744026184,-0.0808660956491849,-0.06581082940101624,-0.28359395265579224,-0.030717338474573808,-0.09434184432029724,-0.39721453189849854,-0.054257028775396066,-0.11091214418411255,-0.46694889664649963,-0.06647433065074893,-0.12410774827003479,-0.5283820033073425,-0.07401955597299548,-0.011504977941513062,-0.28262871503829956,-0.037034605668964105,0.018557965755462646,-0.4084702730178833,-0.06299598984617205,0.03940829634666443,-0.4870920181274414,-0.07693546734947176,0.05565574765205383,-0.5484664440155029,-0.08229543738264056,0.03025314211845398,-0.2487754225730896,-0.04654213138121577,0.03287729620933533,-0.2841932773590088,-0.0858491855134389,0.006637543439865112,-0.21644413471221924,-0.09172222487825366,-0.008868575096130371,-0.16765230894088745,-0.08391895614761324,0.06187286972999573,-0.19848304986953735,-0.057953023390950875,0.05040279030799866,-0.216483473777771,-0.08862051837343188,0.021866708993911743,-0.1605740785598755,-0.08568346969980212,0.0033008158206939697,-0.11567556858062744,-0.07568012647527667,victory
0.0,0.0,0.0,-0.05272561311721802,-0.04459583759307861,-0.02623447740705842,-0.07893818616867065,-0.12871986627578735,-0.04240498842926854,-0.04670855402946472,-0.19056689739227295,-0.05976115690799588,-0.006488621234893799,-0.23255807161331177,-0.07629860343666905,-0.06629416346549988,-0.2812011241912842,-0.03231444733472699,-0.09419363737106323,-0.3967909812927246,-0.05591771902771825,-0.10965883731842041,-0.46679580211639404,-0.06762775929900045,-0.12186673283576965,-0.5289377272129059,-0.07482795568438405,-0.011931657791137695,-0.28086113929748535,-0.03972401621075505,0.016891390085220337,-0.40995725989341736,-0.06530995818110341,0.036875128746032715,-0.4885108172893524,-0.07888696493836278,0.052311062812805176,-0.550690084695816,-0.0842044890138709,0.030549287796020508,-0.2477433681488037,-0.049772357216795626,0.03280198574066162,-0.2895122170448303,-0.08860112132759923,0.006079763174057007,-0.22831618785858154,-0.09584340604277486,-0.009765625,-0.18237245082855225,-0.08968429418536061,0.06212806701660156,-0.19742798805236816,-0.06137447582813138,0.04808378219604492,-0.21085989475250244,-0.09227353485556478,0.019318848848342896,-0.1565169095993042,-0.0906679198357665,0.0013225972652435303,-0.11237621307373047,-0.08195527049036855,victory
0.0,0.0,0.0,-0.05219027400016785,-0.04526394605636597,-0.026175575051752276,-0.07952070236206055,-0.1319810152053833,-0.04153447197779769,-0.04828411340713501,-0.1968928575515747,-0.05878943922027702,-0.007161468267440796,-0.23978495597839355,-0.07506189839944,-0.06582817435264587,-0.28338468074798584,-0.027405684534755892,-0.0943930447101593,-0.39731565117836,-0.0499449630270874,-0.11029466986656189,-0.46718189120292664,-0.06113781007036323,-0.12304031848907471,-0.5283054709434509,-0.06759975450142974,-0.01261836290359497,-0.2825257182121277,-0.03461841465934867,0.016165316104888916,-0.4111049771308899,-0.06003607781633491,0.03523722290992737,-0.49013882875442505,-0.0734689344654953,0.050285547971725464,-0.5507497489452362,-0.07793448464974517,0.02871301770210266,-0.24926751852035522,-0.044945124257651514,0.029127806425094604,-0.2875644564628601,-0.08519091056689376,0.002334773540496826,-0.2184230089187622,-0.09199339496001357,-0.012258291244506836,-0.16728907823562622,-0.08389952378377075,0.05944511294364929,-0.20064300298690796,-0.056838307250586695,0.04679277539253235,-0.22126466035842896,-0.08801233368023986,0.018021613359451294,-0.16536283493041992,-0.08560507344111556,-9.652972221374512e-05,-0.1189497709274292,-0.07551749395236129,victory
0.0,0.0,0.0,-0.052381694316864014,-0.043474793434143066,-0.025865134849652804,-0.07985109090805054,-0.12884104251861572,-0.04014209012638048,-0.050676047801971436,-0.19387614727020264,-0.05585695157895998,-0.012598037719726562,-0.23968547582626343,-0.070543133720264,-0.06936854124069214,-0.2861440181732178,-0.025913083061084308,-0.09797993302345276,-0.3975141644477844,-0.046849117680892505,-0.11395317316055298,-0.4660607576370239,-0.0567206005300136,-0.12632298469543457,-0.5260246396064758,-0.06258621166597322,-0.015145570039749146,-0.2865927815437317,-0.03303779388915018,0.011895149946212769,-0.41355013847351074,-0.056955040499076404,0.030664831399917603,-0.49051928520202637,-0.0698954547489734,0.04552379250526428,-0.5492534935474396,-0.07435295830617861,0.02720889449119568,-0.25296080112457275,-0.04328542302499727,0.031598955392837524,-0.29140448570251465,-0.08360254119287447,0.005381345748901367,-0.22396016120910645,-0.09248655389200167,-0.010499149560928345,-0.1736823320388794,-0.0863027806128116,0.058339089155197144,-0.20289570093154907,-0.05478246237288431,0.04474511742591858,-0.21273821592330933,-0.08756233851562456,0.016015678644180298,-0.15553170442581177,-0.08772882918964342,-0.002629607915878296,-0.10957735776901245,-0.07958173106561617,victory
0.0,0.0,0.0,-0.053380221128463745,-0.043415844440460205,-0.024873806970106216,-0.08186197280883789,-0.12861591577529907,-0.03883251255928144,-0.05493098497390747,-0.19055551290512085,-0.05410390427886114,-0.017933517694473267,-0.23305952548980713,-0.06877335986672506,-0.06949096918106079,-0.28623801469802856,-0.02772784500001535,-0.0987948477268219,-0.396284282207489,-0.04841662278948888,-0.11511567234992981,-0.4644436538219452,-0.058583964468823524,-0.1278042197227478,-0.5237827599048615,-0.06532812944232091,-0.01504865288734436,-0.28557491302490234,-0.03569571009455785,0.011047333478927612,-0.41360658407211304,-0.05960042110262975,0.029793739318847656,-0.4900274872779846,-0.07337672344027624,0.04488515853881836,-0.5478212535381317,-0.07918248406230077,0.02803778648376465,-0.25168830156326294,-0.046383806379424186,0.03336578607559204,-0.3008353114128113,-0.08557871809779272,0.006420344114303589,-0.24311238527297974,-0.0958888687807189,-0.011072516441345215,-0.19743317365646362,-0.09222994080363378,0.06035584211349487,-0.20097112655639648,-0.0581989147382842,0.04490780830383301,-0.21175503730773926,-0.0914715611058341,0.01506495475769043,-0.15648514032363892,-0.09338214329062566,-0.0043125152587890625,-0.11080670356750488,-0.08721467188178167,victory
0.0,0.0,0.0,-0.053220272064208984,-0.04467415809631348,-0.024271875111764984,-0.08141657710075378,-0.13221460580825806,-0.03737148777992161,-0.05341443419456482,-0.19911432266235352,-0.05213266746551426,-0.01555854082107544,-0.24395805597305298,-0.06594126807004841,-0.06918060779571533,-0.288227915763855,-0.023343147201842385,-0.09837615489959717,-0.3977777659893036,-0.042498761279887276,-0.11463972926139832,-0.4648761749267578,-0.05179472030550869,-0.12749943137168884,-0.523317962884903,-0.057832469655579644,-0.015259027481079102,-0.28819406032562256,-0.031036138026422577,0.011558681726455688,-0.4152986407279968,-0.05345095829517277,0.030659228563308716,-0.49116116762161255,-0.06648766384870441,0.04590073227882385,-0.5478196144104004,-0.07162672416717442,0.027294248342514038,-0.2545347213745117,-0.041700193150347786,0.03128138184547424,-0.29993510246276855,-0.0800285501912299,0.004039645195007324,-0.23839563131332397,-0.09023896740228565,-0.013109534978866577,-0.19033348560333252,-0.08617609129697712,0.05919608473777771,-0.20465052127838135,-0.053546806289261895,0.04552456736564636,-0.21563565731048584,-0.086055779321498,0.015368163585662842,-0.16002553701400757,-0.08804585175067814,-0.004218429327011108,-0.11386501789093018,-0.08180625127107533,victory
0.0,0.0,0.0,-0.05178743600845337,-0.04644620418548584,-0.02203252192623495,-0.08030512928962708,-0.1337590217590332,-0.03443193461782812,-0.053204864263534546,-0.19815540313720703,-0.048928689472745646,-0.015612810850143433,-0.2410995364189148,-0.06264060761816381,-0.06703925132751465,-0.287542462348938,-0.0234583674747455,-0.09658405184745789,-0.39735525846481323,-0.04256010081655859,-0.1130756139755249,-0.4640021324157715,-0.051340982579063166,-0.12572777271270752,-0.5221265554428101,-0.056835115217040766,-0.013426780700683594,-0.28624796867370605,-0.03212273892052053,0.01323118805885315,-0.4129803776741028,-0.05454143535382627,0.0316888689994812,-0.48826396465301514,-0.06719046112186788,0.04694706201553345,-0.5453974008560181,-0.07195735003836035,0.028965413570404053,-0.25164490938186646,-0.04342580240256666,0.03178197145462036,-0.2922394871711731,-0.08137758847362875,0.0031238794326782227,-0.23080980777740479,-0.09122485693580984,-0.014562040567398071,-0.18474024534225464,-0.08693075951225637,0.06038832664489746,-0.20099401473999023,-0.055696759634088266,0.04701089859008789,-0.21188783645629883,-0.08707398947365164,0.01442214846611023,-0.15864574909210205,-0.08837984528429388,-0.007738471031188965,-0.1150173544883728,-0.08190725769884466,victory
0.0,0.0,0.0,-0.05089810490608215,-0.04714912176132202,-0.021887054193541644,-0.07836565375328064,-0.13415497541427612,-0.034446075085327266,-0.05128350853919983,-0.2001240849494934,-0.049161340567991374,-0.014324039220809937,-0.24464702606201172,-0.06303906765930378,-0.06727474927902222,-0.28525471687316895,-0.02363364164881432,-0.0961814820766449,-0.39501845836639404,-0.04324139234773838,-0.11232921481132507,-0.4617966413497925,-0.05210000229232037,-0.12459608912467957,-0.5200974941253662,-0.05739288357250416,-0.013347655534744263,-0.2843896150588989,-0.032287537578270076,0.013318449258804321,-0.410960853099823,-0.055161024901792644,0.031724780797958374,-0.48630428314208984,-0.06801469949238026,0.046997398138046265,-0.5433064103126526,-0.07269386527292454,0.029487699270248413,-0.2499564290046692,-0.043491050127670405,0.030789464712142944,-0.2869594097137451,-0.08170554367058003,0.002732515335083008,-0.22405946254730225,-0.09098600921385014,-0.014082461595535278,-0.17707407474517822,-0.08593861338846409,0.0613960325717926,-0.19972240924835205,-0.055631935123130916,0.04689326882362366,-0.2104063630104065,-0.08644976792089665,0.014952272176742554,-0.1579982042312622,-0.0868555563425275,-0.006590098142623901,-0.1147603988647461,-0.07959089008323872,victory
0.0,0.0,0.0,-0.05139794945716858,-0.04672366380691528,-0.02142036361362898,-0.07809054851531982,-0.13585132360458374,-0.03380510052409136,-0.0512065589427948,-0.20297324657440186,-0.048653384947442646,-0.01517784595489502,-0.24926018714904785,-0.06234573786821329,-0.0671938955783844,-0.28559499979019165,-0.021779286020660038,-0.09655392169952393,-0.3960375189781189,-0.04177790349092447,-0.11294093728065491,-0.462776780128479,-0.05100782429542505,-0.1252007782459259,-0.5212139189243317,-0.056308040672206516,-0.013752520084381104,-0.2840801477432251,-0.030960245334767933,0.013530552387237549,-0.4114086329936981,-0.05506507148709261,0.03332570195198059,-0.48852384090423584,-0.06861864989366495,0.05027088522911072,-0.5477744340896606,-0.0732409751948353,0.028921931982040405,-0.24885648488998413,-0.04272446995344126,0.02854248881340027,-0.28395676612854004,-0.08191199814643824,0.0009137988090515137,-0.21602153778076172,-0.08907472556199991,-0.014513075351715088,-0.16688448190689087,-0.08156241690483057,0.06043735146522522,-0.19782394170761108,-0.055517157816552754,0.047451943159103394,-0.2166782021522522,-0.08590784882869684,0.017146676778793335,-0.16336268186569214,-0.08356023048725092,-0.0024932026863098145,-0.11895114183425903,-0.07376600270833933,victory
0.0,0.0,0.0,-0.05294826626777649,-0.046235084533691406,-0.022902628924327928,-0.07988536357879639,-0.13454967737197876,-0.035922552045065004,-0.05074411630630493,-0.20154041051864624,-0.05105700581856354,-0.01255333423614502,-0.2459946870803833,-0.06488995492048844,-0.0678410530090332,-0.28225475549697876,-0.023121955390649873,-0.09629637002944946,-0.3929332494735718,-0.04320562868900879,-0.11195775866508484,-0.45984482765197754,-0.05218908428736313,-0.12433695793151855,-0.517884224653244,-0.05687004565783127,-0.014565736055374146,-0.28094708919525146,-0.030994443740326005,0.013252943754196167,-0.40771183371543884,-0.05497602238841637,0.03320121765136719,-0.4846426248550415,-0.06762477993555649,0.049638986587524414,-0.5432186424732208,-0.07119672238417252,0.02755683660507202,-0.24720191955566406,-0.04163971408792122,0.025246500968933105,-0.27544111013412476,-0.08048007875271423,-0.0002123117446899414,-0.20624560117721558,-0.08741799979992493,-0.013665765523910522,-0.15767228603363037,-0.0792635852057515,0.0592159628868103,-0.19907504320144653,-0.053488342608886796,0.04641503095626831,-0.2156793475151062,-0.08229455589838608,0.017597109079360962,-0.16125869750976562,-0.07918928801603897,-0.0006887912750244141,-0.1170240044593811,-0.0688609504658757,victory
0.0,0.0,0.0,-0.052244335412979126,-0.045862674713134766,-0.02279911403746837,-0.07938235998153687,-0.13353967666625977,-0.03612836850078338,-0.05086711049079895,-0.20130062103271484,-0.05147069719822639,-0.012594789266586304,-0.24639415740966797,-0.06529596475155586,-0.06951716542243958,-0.27934765815734863,-0.024042668093159136,-0.09796473383903503,-0.3907586336135864,-0.044353235785081324,-0.11337205767631531,-0.4576423168182373,-0.053400147978379664,-0.12566840648651123,-0.5158998072147369,-0.05813413140566581,-0.01658952236175537,-0.27790749073028564,-0.031601343576028285,0.011572778224945068,-0.40393394231796265,-0.0558356608191275,0.03277933597564697,-0.4808778166770935,-0.0684449898937487,0.050181031227111816,-0.5404716730117798,-0.07207010713608497,0.025548338890075684,-0.24428284168243408,-0.04180762198956245,0.022036254405975342,-0.27086496353149414,-0.08023743358643287,-0.002923041582107544,-0.2024914026260376,-0.08650398281605476,-0.01587584614753723,-0.15460634231567383,-0.0780296998956942,0.05773895978927612,-0.19645601511001587,-0.053254504028871,0.04519003629684448,-0.2138824462890625,-0.08149165687353843,0.01668405532836914,-0.16207659244537354,-0.07797885713370079,-0.001616835594177246,-0.11919540166854858,-0.06747052100689643,victory
0.0,0.0,0.0,-0.052375078201293945,-0.04363006353378296,-0.02225255831370987,-0.08025544881820679,-0.12976014614105225,-0.03517251326928772,-0.05295470356941223,-0.1957041621208191,-0.05005412041435875,-0.014714330434799194,-0.2385748028755188,-0.06380112706909813,-0.0687083899974823,-0.2790917158126831,-0.02349672517965473,-0.09768116474151611,-0.38851258158683777,-0.04331835224519409,-0.11342304944992065,-0.4547017216682434,-0.052511135630709305,-0.12584838271141052,-0.5123502314090729,-0.057673061781031265,-0.015673577785491943,-0.2781108617782593,-0.031123035170537605,0.01141124963760376,-0.4031912088394165,-0.054327222101790085,0.03197073936462402,-0.4794616103172302,-0.06731595336685814,0.0490608811378479,-0.5380840599536896,-0.07174033164272942,0.02644723653793335,-0.24507254362106323,-0.04129286348114647,0.02668100595474243,-0.2732616662979126,-0.07821041583309807,0.0009389221668243408,-0.20694196224212646,-0.08545167981873192,-0.013644963502883911,-0.15907317399978638,-0.07860915600548424,0.05801969766616821,-0.19802504777908325,-0.05265169828425087,0.044895291328430176,-0.20912331342697144,-0.0806166180897776,0.016301453113555908,-0.15613079071044922,-0.07846702127943672,-0.001978546380996704,-0.1135023832321167,-0.06937171011458076,victory
0.0,0.0,0.0,-0.0520821213722229,-0.04323822259902954,-0.022994543468882966,-0.07901886105537415,-0.12718510627746582,-0.03654521801166766,-0.0532284677028656,-0.19418036937713623,-0.052071650555660653,-0.017789721488952637,-0.2397637963294983,-0.06638388433151476,-0.06932729482650757,-0.27808666229248047,-0.023953643670608926,-0.09871718287467957,-0.38766270875930786,-0.044281207999517846,-0.11469176411628723,-0.4546049237251282,-0.05361685999326937,-0.1270856261253357,-0.5130398273468018,-0.05892518632703059,-0.01611560583114624,-0.2790915369987488,-0.03169822045259707,0.011466413736343384,-0.40403690934181213,-0.05572620876722567,0.03233605623245239,-0.4797009825706482,-0.06873736627989047,0.04899239540100098,-0.537945568561554,-0.07298355647020571,0.025929510593414307,-0.2469584345817566,-0.0421053739696049,0.026151180267333984,-0.2806631326675415,-0.08053050287657015,0.0013651549816131592,-0.21365821361541748,-0.08782743760042422,-0.01263388991355896,-0.16513609886169434,-0.08075826712541812,0.057555556297302246,-0.19930672645568848,-0.05369035624556773,0.04471242427825928,-0.2124042510986328,-0.08352895178489916,0.015487611293792725,-0.15848541259765625,-0.08203425355844729,-0.003782510757446289,-0.114635169506073,-0.07302914657287829,victory
0.0,0.0,0.0,-0.053156107664108276,-0.04609912633895874,-0.022609278978848124,-0.07973802089691162,-0.13367724418640137,-0.035651980387115145,-0.04995843768119812,-0.1996614933013916,-0.05042688031687703,-0.010872036218643188,-0.2436397671699524,-0.06407247339382138,-0.06743618845939636,-0.27968543767929077,-0.02426268574788537,-0.09692537784576416,-0.38919797539711,-0.044184865849160815,-0.11289063096046448,-0.45507967472076416,-0.05360189680948224,-0.12551161646842957,-0.5127737522125244,-0.05908336346044507,-0.01438555121421814,-0.27927327156066895,-0.031867193477296496,0.012914717197418213,-0.40491512417793274,-0.05482260738506284,0.03389313817024231,-0.4798986315727234,-0.06775691960945096,0.051018327474594116,-0.5374928712844849,-0.0724015593995091,0.02713969349861145,-0.24596267938613892,-0.04204566632404294,0.027759522199630737,-0.2791793942451477,-0.07866066549911466,0.0014580190181732178,-0.21633684635162354,-0.08676192020072904,-0.01408529281616211,-0.17098450660705566,-0.0810772762168881,0.05840417742729187,-0.19769877195358276,-0.05342762772932019,0.04718092083930969,-0.2117728590965271,-0.08177775745286908,0.01761433482170105,-0.15970110893249512,-0.08061546687974896,-0.002248823642730713,-0.11699259281158447,-0.07250192617073026,victory
0.0,0.0,0.0,-0.05331185460090637,-0.045082151889801025,-0.023410605161416242,-0.07858261466026306,-0.1322321891784668,-0.035900233208167265,-0.047769904136657715,-0.1988885998725891,-0.04988637742303581,-0.00928691029548645,-0.24329888820648193,-0.06267674070500107,-0.06831756234169006,-0.2815992832183838,-0.02276214015387268,-0.09736478328704834,-0.38943052291870117,-0.04166057881616325,-0.1126737892627716,-0.4553476572036743,-0.05060127180718155,-0.12412828207015991,-0.5133067667484283,-0.0560480411043045,-0.014556467533111572,-0.28281688690185547,-0.029800597473013113,0.014182209968566895,-0.40735718607902527,-0.05219862040780754,0.03575623035430908,-0.48119062185287476,-0.06490271341704101,0.053224265575408936,-0.5373378992080688,-0.06934299123190613,0.026967763900756836,-0.25054383277893066,-0.03958538350366325,0.03153562545776367,-0.2841222882270813,-0.07628778171442718,0.004920512437820435,-0.22195708751678467,-0.08487422567509384,-0.01133739948272705,-0.17627573013305664,-0.07951760840319366,0.058068931102752686,-0.20228159427642822,-0.050604911415803144,0.04817759990692139,-0.21277552843093872,-0.07940216910742492,0.019178271293640137,-0.15935206413269043,-0.07874494594238968,8.654594421386719e-05,-0.11560344696044922,-0.07088286232851715,victory
0.0,0.0,0.0,-0.05209389328956604,-0.045344769954681396,-0.024593604191636587,-0.07777377963066101,-0.13295888900756836,-0.03835230639526799,-0.04779845476150513,-0.20103180408477783,-0.05356200358221486,-0.009926199913024902,-0.24667978286743164,-0.067259218006825,-0.06690713763237,-0.2811588644981384,-0.025172661452984357,-0.09504777193069458,-0.3897401988506317,-0.045546952098106885,-0.11017361283302307,-0.45562589168548584,-0.05521314537475064,-0.12164393067359924,-0.5134844183921814,-0.06093507206389859,-0.013455957174301147,-0.2817493677139282,-0.03202769851634457,0.014580011367797852,-0.40642422437667847,-0.05563995188424542,0.035591691732406616,-0.48067307472229004,-0.06865353456089451,0.052715033292770386,-0.5375628173351288,-0.07315628549406483,0.027777403593063354,-0.2487751841545105,-0.04170189744183972,0.031565338373184204,-0.2792859673500061,-0.07900257727453663,0.005271494388580322,-0.2135654091835022,-0.08619506975958302,-0.01060590147972107,-0.16641944646835327,-0.07953296920607045,0.058205217123031616,-0.20008724927902222,-0.05284184908816769,0.0494246780872345,-0.2095014452934265,-0.08149557134458973,0.020814210176467896,-0.1564895510673523,-0.07995849421570256,0.0015113353729248047,-0.11413770914077759,-0.07129811814377263,victory
0.0,0.0,0.0,-0.05166596174240112,-0.04265701770782471,-0.027022710107985404,-0.0775727927684784,-0.1295446753501892,-0.04167706895691481,-0.04780671000480652,-0.20132553577423096,-0.05750503767353621,-0.009730726480484009,-0.24859881401062012,-0.07149823758823004,-0.07046869397163391,-0.28019529581069946,-0.024975651913109687,-0.0979224145412445,-0.3887467086315155,-0.046505201645913985,-0.11317673325538635,-0.4549235701560974,-0.05727152157646742,-0.1251237392425537,-0.5125887393951416,-0.06359221790057745,-0.017099976539611816,-0.2823371887207031,-0.030880199783268836,0.01236000657081604,-0.4069522023200989,-0.05573283512217131,0.03376784920692444,-0.4825693368911743,-0.06914687160474386,0.050922542810440063,-0.540968120098114,-0.0735638514540824,0.024288207292556763,-0.25060468912124634,-0.04009048644525137,0.03136327862739563,-0.2805686593055725,-0.0794300139330062,0.00566709041595459,-0.21158277988433838,-0.08597683165294256,-0.009771674871444702,-0.1622997522354126,-0.07800724361163702,0.055069535970687866,-0.2021988034248352,-0.051016718187156584,0.04897347092628479,-0.21245646476745605,-0.08159686628800955,0.02105352282524109,-0.15819841623306274,-0.07981719825488653,0.0022707879543304443,-0.11521095037460327,-0.07031062994224158,victory
